CID,BDATE,GEN
NASAW00011000,1971-10-06,Male
NASAW00011001,1976-05-10,Male
NASAW00011002,1971-02-09,Male
NASAW00011003,1973-08-14,Female
NASAW00011004,1979-08-05,Female
NASAW00011005,1976-08-01,Male
NASAW00011006,1976-12-02,Female
NASAW00011007,1969-11-06,Male
NASAW00011008,1975-07-04,Female
NASAW00011009,1969-09-29,Male
NASAW00011010,1969-08-05,Female
NASAW00011011,1969-05-03,Male
NASAW00011012,1979-01-14,Female
NASAW00011013,1979-08-03,Male
NASAW00011014,1973-11-06,Female
NASAW00011015,1984-08-26,Female
NASAW00011016,1984-10-25,Male
NASAW00011017,1949-12-24,Female
NASAW00011018,1955-10-06,Male
NASAW00011019,1983-09-04,Male
NASAW00011020,1984-03-19,Male
NASAW00011021,1984-03-02,Female
NASAW00011022,1984-04-10,Female
NASAW00011023,1984-04-09,Female
NASAW00011024,1984-03-16,Female
NASAW00011025,1951-06-22,Female
NASAW00011026,1951-10-01,Female
NASAW00011027,1952-06-05,Female
NASAW00011028,1951-10-09,Female
NASAW00011029,1952-06-19,Female
NASAW00011030,1958-02-18,Female
NASAW00011031,1953-02-18,Female
NASAW00011032,1952-12-08,Female
NASAW00011033,1958-09-19,Female
NASAW00011034,1952-12-16,Female
NASAW00011035,1953-08-23,Female
NASAW00011036,1984-06-16,Female
NASAW00011037,1983-05-27,Female
NASAW00011038,1953-09-20,Female
NASAW00011039,1954-06-16,  
NASAW00011040,1983-01-29, 
NASAW00011041,1983-04-15, 
NASAW00011042,1982-12-11,Female
NASAW00011043,1981-08-23,Female
NASAW00011044,1954-11-21,Female
NASAW00011045,1955-11-16,Female
NASAW00011046,1955-09-19,Female
NASAW00011047,1955-08-27,Female
NASAW00011048,1956-05-21,Female
NASAW00011049,1986-01-15,Female
NASAW00011050,1957-03-06,Female
NASAW00011051,1957-01-31,Female
NASAW00011052,1957-02-03,Female
NASAW00011053,1986-02-17,Female
NASAW00011054,1957-09-07,Female
NASAW00011055,1957-09-02,M 
NASAW00011056,1958-10-01,F 
NASAW00011057,1970-04-07,Female
NASAW00011058,1965-04-23,Female
NASAW00011059,1959-09-29,Female
NASAW00011060,1959-09-14,Female
NASAW00011061,1976-02-20,Male
NASAW00011062,1981-03-01,Male
NASAW00011063,1980-10-04,Female
NASAW00011064,1981-06-05,Male
NASAW00011065,1979-04-08,Female
NASAW00011066,1979-05-27,Female
NASAW00011067,1982-03-25,Male
NASAW00011068,1966-09-19,Female
NASAW00011069,1966-09-17,Female
NASAW00011070,1960-10-02,Male
NASAW00011071,1960-12-23,Female
NASAW00011072,1960-08-05,Female
NASAW00011073,1962-02-11,Female
NASAW00011074,1962-02-25,Male
NASAW00011075,1963-05-16,Female
NASAW00011076,1963-01-10,Male
NASAW00011077,1963-03-19,Female
NASAW00011078,1985-01-06,Female
NASAW00011079,1970-03-07,Male
NASAW00011080,1965-01-13,Male
NASAW00011081,1972-01-21,Female
NASAW00011082,1972-02-01,Female
NASAW00011083,1977-03-11,Female
NASAW00011084,1963-03-12,Male
NASAW00011085,1963-01-16,Female
NASAW00011086,1963-06-22,Male
NASAW00011087,1963-04-02,Female
NASAW00011088,1963-05-25,Male
NASAW00011089,1962-08-05,Female
NASAW00011090,1968-12-13,Male
NASAW00011091,1962-10-02,Male
NASAW00011092,1972-11-02,Female
NASAW00011093,1978-09-06,Female
NASAW00011094,1967-09-29,Male
NASAW00011095,1968-02-29,Male
NASAW00011096,1968-02-07,Male
NASAW00011097,1972-10-23,Male
NASAW00011098,1966-10-29,Female
NASAW00011099,1966-09-05,Male
NASAW00011100,1966-03-15,Female
NASAW00011101,1970-11-05,Female
NASAW00011102,1970-10-19,Female
NASAW00011103,1981-04-12,Female
NASAW00011104,1975-03-08,Male
NASAW00011105,1970-06-27,Female
NASAW00011106,1970-03-11,Male
NASAW00011107,1976-03-04,Female
NASAW00011108,1969-01-10,Female
NASAW00011109,1980-04-30,Male
NASAW00011110,1967-12-04,Male
NASAW00011111,1967-08-23,Female
NASAW00011112,1968-03-08,Female
NASAW00011113,1973-02-17,Male
NASAW00011114,1967-11-25,Female
NASAW00011115,1967-08-12,Male
NASAW00011116,1979-04-02,Male
NASAW00011117,1966-08-21,Female
NASAW00011118,1962-12-31,Male
NASAW00011119,1940-10-07,Male
NASAW00011120,1942-02-06,Female
NASAW00011121,1966-05-18,Male
NASAW00011122,1965-09-30,Male
NASAW00011123,1965-12-18,Male
NASAW00011124,1968-07-23,Male
NASAW00011125,1961-10-06,Female
NASAW00011126,1954-10-05,Male
NASAW00011127,1981-04-19,Female
NASAW00011128,1981-06-03,Female
NASAW00011129,1981-02-01,Female
NASAW00011130,1985-07-05,Female
NASAW00011131,1985-09-09,Female
NASAW00011132,1986-04-25,Female
NASAW00011133,1986-03-08,Female
NASAW00011134,1957-02-22,Male
NASAW00011135,1985-05-02,Male
NASAW00011136,1984-04-24,Female
NASAW00011137,1984-01-17,Female
NASAW00011138,1984-03-14,Female
NASAW00011139,1949-11-05,Female
NASAW00011140,1982-08-11,Male
NASAW00011141,1982-12-19,F
NASAW00011142,1983-02-11,M
NASAW00011143,1982-08-04,Male
NASAW00011144,1985-03-08,Male
NASAW00011145,1985-06-06,Female
NASAW00011146,1945-02-22,Female
NASAW00011147,1944-08-04,Male
NASAW00011148,1947-02-13,Male
NASAW00011149,1946-10-18,Male
NASAW00011150,1946-09-12,Male
NASAW00011151,1947-08-25,Female
NASAW00011152,1981-07-09,Male
NASAW00011153,1981-12-21,Female
NASAW00011154,1982-02-18,Female
NASAW00011155,1981-07-25,Male
NASAW00011156,1981-08-06,Female
NASAW00011157,1980-12-08,Female
NASAW00011158,1981-04-06,Male
NASAW00011159,1981-03-16,Female
NASAW00011160,1979-07-08,Male
NASAW00011161,1979-10-20,Female
NASAW00011162,1979-09-02,Male
NASAW00011163,1980-06-18,Male
NASAW00011164,1979-11-02,Male
NASAW00011165,1979-01-15,Female
NASAW00011166,1977-10-22,Female
NASAW00011167,1978-01-29,Female
NASAW00011168,1973-11-12,Male
NASAW00011169,1973-12-20,Male
NASAW00011170,1973-08-04,Female
NASAW00011171,1978-10-05,Male
NASAW00011172,1973-05-20,Female
NASAW00011173,1973-02-28,Female
NASAW00011174,1973-01-09,Male
NASAW00011175,1968-09-01,Male
NASAW00011176,1979-01-21,Male
NASAW00011177,1948-01-01,Male
NASAW00011178,1954-08-20,Male
NASAW00011179,1959-12-08,Female
NASAW00011180,1948-07-01,Female
NASAW00011181,1960-02-01,Male
NASAW00011182,1950-02-22,Female
NASAW00011183,1950-01-12,Female
NASAW00011184,1955-11-13,Female
NASAW00011185,1950-04-07,Female
NASAW00011186,1949-11-18,Female
NASAW00011187,1949-08-21,Female
NASAW00011188,1950-03-06,Female
NASAW00011189,1950-01-12,Male
NASAW00011190,1949-12-20,Male
NASAW00011191,1951-06-17,Female
NASAW00011192,1951-03-13,Male
NASAW00011193,1950-08-13,Male
NASAW00011194,1950-12-08,Female
NASAW00011195,1951-08-10,Female
NASAW00011196,1951-12-05,Male
NASAW00011197,1951-12-16,Female
NASAW00011198,1952-05-25,Female
NASAW00011199,1957-11-02,Female
NASAW00011200,1953-05-21,Male
NASAW00011201,1953-02-14,Female
NASAW00011202,1958-08-22,Female
NASAW00011203,1959-08-18,Male
NASAW00011204,1953-11-29,Female
NASAW00011205,1954-01-21,Female
NASAW00011206,1954-03-24,Male
NASAW00011207,1954-01-16,Female
NASAW00011208,1953-08-03,Female
NASAW00011209,1953-07-12,Female
NASAW00011210,1953-12-06,Male
NASAW00011211,1960-10-08,Female
NASAW00011212,1955-05-05,Female
NASAW00011213,1954-11-11,Female
NASAW00011214,1955-05-07,Male
NASAW00011215,1961-06-17,Female
NASAW00011216,1955-11-17,Female
NASAW00011217,1955-08-11,Female
NASAW00011218,1961-09-07,Female
NASAW00011219,1956-05-31,Male
NASAW00011220,1961-02-19,Female
NASAW00011221,1955-12-08,Male
NASAW00011222,1956-02-14,Female
NASAW00011223,1957-03-15,Female
NASAW00011224,1957-03-05,Female
NASAW00011225,1962-02-12,Female
NASAW00011226,1962-09-23,Female
NASAW00011227,1962-08-08,Male
NASAW00011228,1956-10-16,Female
NASAW00011229,1957-06-01,Male
NASAW00011230,1956-09-30,Female
NASAW00011231,1963-11-11,Male
NASAW00011232,1958-03-27,Female
NASAW00011233,1963-09-06,Male
NASAW00011234,1958-05-19,Female
NASAW00011235,1957-08-07,Male
NASAW00011236,1957-09-02,Male
NASAW00011237,1964-03-22,Male
NASAW00011238,1964-02-07,Female
NASAW00011239,1969-10-02,Female
NASAW00011240,1964-06-09,Female
NASAW00011241,1974-04-06,Female
NASAW00011242,1963-05-11,Male
NASAW00011243,1963-04-08,Female
NASAW00011244,1968-11-22,Female
NASAW00011245,1962-04-26,Male
NASAW00011246,1962-04-08,Female
NASAW00011247,1961-12-04,Female
NASAW00011248,1966-03-22,Male
NASAW00011249,1966-07-09,Female
NASAW00011250,1966-03-08,Female
NASAW00011251,1938-01-01,Male
NASAW00011252,1937-12-05,Male
NASAW00011253,1949-08-24,Male
NASAW00011254,1938-08-31,Male
NASAW00011255,1938-10-02,Male
NASAW00011256,1939-03-20,Female
NASAW00011257,2050-07-06,Female
NASAW00011258,1938-12-26,Male
NASAW00011259,1970-09-24,Female
NASAW00011260,1976-04-08,Female
NASAW00011261,1970-10-22,Female
NASAW00011262,1975-05-01,Female
NASAW00011263,1970-03-11,Female
NASAW00011264,1969-12-15,Male
NASAW00011265,1970-01-10,Female
NASAW00011266,1969-11-02,Female
NASAW00011267,1975-09-29,Male
NASAW00011268,1969-10-31,Female
NASAW00011269,1975-10-10,Male
NASAW00011270,1975-05-01,Male
NASAW00011271,1969-12-03,Female
NASAW00011272,1962-05-10,Female
NASAW00011273,1962-03-31,Male
NASAW00011274,1939-10-10,Male
NASAW00011275,1939-07-18,Female
NASAW00011276,1974-09-15,Female
NASAW00011277,1968-12-07,Male
NASAW00011278,1969-02-16,Male
NASAW00011279,1974-09-08,Female
NASAW00011280,1969-02-17,Male
NASAW00011281,1974-10-06,Female
NASAW00011282,1967-07-16,Male
NASAW00011283,1968-04-24,Male
NASAW00011284,1967-09-24,Female
NASAW00011285,1973-03-15,Male
NASAW00011286,1967-08-31,Male
NASAW00011287,1966-07-16,Male
NASAW00011288,1978-03-12,Female
NASAW00011289,1972-03-03,Female
NASAW00011290,1972-08-14,Female
NASAW00011291,1972-05-01,Female
NASAW00011292,1967-05-05,Male
NASAW00011293,1960-11-23,Male
NASAW00011294,1961-03-02,Male
NASAW00011295,1959-11-13,Female
NASAW00011296,1941-04-05,Female
NASAW00011297,1940-08-01,Male
NASAW00011298,1940-08-30,Male
NASAW00011299,1941-09-29,Male
NASAW00011300,1965-08-31,Male
NASAW00011301,1965-12-07,Male
NASAW00011302,1971-12-09,Male
NASAW00011303,1966-04-10,Female
NASAW00011304,1971-03-14,Female
NASAW00011305,1965-12-17,Male
NASAW00011306,1965-12-20,Male
NASAW00011307,1965-10-31,Male
NASAW00011308,1959-09-02,Male
NASAW00011309,1959-12-10,Female
NASAW00011310,1964-07-05,Female
NASAW00011311,1959-02-21,Female
NASAW00011312,1958-10-01,Female
NASAW00011313,1958-08-27,Male
NASAW00011314,1970-06-16,Female
NASAW00011315,1959-03-31,Female
NASAW00011316,1959-05-17,Male
NASAW00011317,1963-09-14,Female
NASAW00011318,1958-04-25,Female
NASAW00011319,1948-04-23,Female
NASAW00011320,1942-12-24,Female
NASAW00011321,1944-01-05,Male
NASAW00011322,1943-09-12,Female
NASAW00011323,1943-12-18,Male
NASAW00011324,1944-11-10,Male
NASAW00011325,1944-12-29,Male
NASAW00011326,1944-12-23,Male
NASAW00011327,1945-09-01,Male
NASAW00011328,1945-06-30,Male
NASAW00011329,1946-01-22,Male
NASAW00011330,1945-11-10,Male
NASAW00011331,1974-01-03,Female
NASAW00011332,1968-04-02,Female
NASAW00011333,1968-01-07,Female
NASAW00011334,1966-09-19,Female
NASAW00011335,1977-12-18,Female
NASAW00011336,1973-03-08,Male
NASAW00011337,1967-03-21,Male
NASAW00011338,1972-08-06,Male
NASAW00011339,1967-01-05,Male
NASAW00011340,1947-04-03,Female
NASAW00011341,1942-02-18,Male
NASAW00011342,1973-03-07,Male
NASAW00011343,1975-03-09,Male
NASAW00011344,1963-01-21,Female
NASAW00011345,1962-09-09,Female
NASAW00011346,1966-05-18,Female
NASAW00011347,1972-06-17,Male
NASAW00011348,1961-03-21,Male
NASAW00011349,1965-08-30,Female
NASAW00011350,1942-07-14,Female
NASAW00011351,1950-04-02,Female
NASAW00011352,1945-09-04,Male
NASAW00011353,1946-12-09,Female
NASAW00011354,1947-08-23,Female
NASAW00011355,1948-06-26,Male
NASAW00011356,1985-11-24,Male
NASAW00011357,1984-09-19,Male
NASAW00011358,1984-05-10,Female
NASAW00011359,1984-03-03,Male
NASAW00011360,1984-01-30,Male
NASAW00011361,1982-10-26,Female
NASAW00011362,1983-05-11,Male
NASAW00011363,1983-04-19,Male
NASAW00011364,1985-03-22,Female
NASAW00011365,1984-12-06,Female
NASAW00011366,1985-04-23,Female
NASAW00011367,1984-08-21,Male
NASAW00011368,1984-05-24,Male
NASAW00011369,1984-02-01,Female
NASAW00011370,1983-09-29,Female
NASAW00011371,1983-11-24,Female
NASAW00011372,1983-11-12,Female
NASAW00011373,1954-09-16,Female
NASAW00011374,1948-12-25,Male
NASAW00011375,1948-11-05,Male
NASAW00011376,1948-12-07,Male
NASAW00011377,1966-08-23,Male
NASAW00011378,1965-11-19,Female
NASAW00011379,1976-05-13,Male
NASAW00011380,1964-08-29,Male
NASAW00011381,1970-08-18,Female
NASAW00011382,1974-07-15,Male
NASAW00011383,1966-02-25,Female
NASAW00011384,1971-10-13,Female
NASAW00011385,1971-08-08,Male
NASAW00011386,1971-11-02,Female
NASAW00011387,1964-11-29,Female
NASAW00011388,1965-01-20,Male
NASAW00011389,1981-04-20,Male
NASAW00011390,1976-04-17,Female
NASAW00011391,1976-06-25,Female
NASAW00011392,1981-02-03,Male
NASAW00011393,1974-07-17,Male
NASAW00011394,1975-04-22,Male
NASAW00011395,1976-04-16,Female
NASAW00011396,1975-04-04,Male
NASAW00011397,1974-12-02,Female
NASAW00011398,1975-03-09,Male
NASAW00011399,1975-02-01,Female
NASAW00011400,1980-04-15,Male
NASAW00011401,1975-02-23,Female
NASAW00011402,1975-05-20,Female
NASAW00011403,1980-01-06,Female
NASAW00011404,1957-06-30,Female
NASAW00011405,1957-08-16,Female
NASAW00011406,1957-12-31,Female
NASAW00011407,1957-09-30,Male
NASAW00011408,1964-05-10,Male
NASAW00011409,1979-03-02,Female
NASAW00011410,2042-02-22,Male
NASAW00011411,1959-08-12,Male
NASAW00011412,1959-10-07,Female
NASAW00011413,1959-10-13,Female
NASAW00011414,1959-09-15,Male
NASAW00011415,1949-12-03,Male
NASAW00011416,1950-09-16,Female
NASAW00011417,1950-08-26,Female
NASAW00011418,1950-08-09,Male
NASAW00011419,1950-08-18,Male
NASAW00011420,1952-01-09,Male
NASAW00011421,1952-01-16,Female
NASAW00011422,1952-02-29,Male
NASAW00011423,1960-05-04,Female
NASAW00011424,1964-12-03,Female
NASAW00011425,1965-08-02,Female
NASAW00011426,1959-04-01,Male
NASAW00011427,1959-06-17,Female
NASAW00011428,1959-02-19,Female
NASAW00011429,1958-01-13,Male
NASAW00011430,1957-09-21,Female
NASAW00011431,1974-10-20,Male
NASAW00011432,1957-03-10,Female
NASAW00011433,1957-03-01,Male
NASAW00011434,1962-05-02,Male
NASAW00011435,1955-09-03,Female
NASAW00011436,1956-03-17,Female
NASAW00011437,1955-06-16,Male
NASAW00011438,1955-04-13,Female
NASAW00011439,1953-11-14,Female
NASAW00011440,1953-03-26,Male
NASAW00011441,1952-12-09,Female
NASAW00011442,1953-05-13,Male
NASAW00011443,1981-11-19,Female
NASAW00011444,1981-10-26,Female
NASAW00011445,1980-01-18,Female
NASAW00011446,1980-02-09,Female
NASAW00011447,1980-02-13,Female
NASAW00011448,1980-10-25,Male
NASAW00011449,1980-08-01,Male
NASAW00011450,1981-05-11,Male
NASAW00011451,1980-05-08,Male
NASAW00011452,1979-05-05,Female
NASAW00011453,1984-08-17,Male
NASAW00011454,1979-10-20,Female
NASAW00011455,1979-10-19,Male
NASAW00011456,1980-01-05,Male
NASAW00011457,1978-11-18,Female
NASAW00011458,1978-10-03,Female
NASAW00011459,1978-04-12,Female
NASAW00011460,1983-10-04,Male
NASAW00011461,1977-09-22,Male
NASAW00011462,1977-07-18,Female
NASAW00011463,1977-09-09,Female
NASAW00011464,1977-05-15,Male
NASAW00011465,1976-08-18,Male
NASAW00011466,1977-01-30,Male
NASAW00011467,1975-04-06,Male
NASAW00011468,1980-12-15,Female
NASAW00011469,1978-10-14,Male
NASAW00011470,1979-03-25,Male
NASAW00011471,1979-03-25,Female
NASAW00011472,1968-09-30,Male
NASAW00011473,1986-01-30,Female
NASAW00011474,1985-08-21,Male
NASAW00011475,1984-04-07,Male
NASAW00011476,1980-05-16,Female
NASAW00011477,1984-06-21,Male
NASAW00011478,1984-02-22,Male
NASAW00011479,1978-10-20,Male
NASAW00011480,1984-03-07,Female
NASAW00011481,1978-11-20,Female
NASAW00011482,1978-01-16,Female
NASAW00011483,1983-05-19,Male
NASAW00011484,1983-03-03,Male
NASAW00011485,1978-02-04,Male
NASAW00011486,1982-05-21,Female
NASAW00011487,1977-01-05,Female
NASAW00011488,1977-03-20,Male
NASAW00011489,1976-09-03,Female
NASAW00011490,1976-07-05,Male
NASAW00011491,1982-04-02,Male
NASAW00011492,1982-11-15,Male
NASAW00011493,1976-05-31,Female
NASAW00011494,1976-01-25,Male
NASAW00011495,1977-03-03,Male
NASAW00011496,1976-04-15,Male
NASAW00011497,1981-11-22,Female
NASAW00011498,1979-07-15,Male
NASAW00011499,1980-05-13,Male
NASAW00011500,1980-03-17,Female
NASAW00011501,1981-01-03,Female
NASAW00011502,1980-09-03,Male
NASAW00011503,1936-04-11,Male
NASAW00011504,1936-10-17,Female
NASAW00011505,1972-01-04,Female
NASAW00011506,1971-11-14,Male
NASAW00011507,1972-05-19,Female
NASAW00011508,1972-01-04,Female
NASAW00011509,1964-07-22,Female
NASAW00011510,1959-01-10,Male
NASAW00011511,1964-06-10,Male
NASAW00011512,1976-08-05,Female
NASAW00011513,1965-09-23,Female
NASAW00011514,1965-04-16,Male
NASAW00011515,1959-08-25,Female
NASAW00011516,1976-10-13,Female
NASAW00011517,1959-12-18,Female
NASAW00011518,1960-11-06,Male
NASAW00011519,1960-09-13,Male
NASAW00011520,1960-10-08,Female
NASAW00011521,1977-12-01,Female
NASAW00011522,1972-06-17,Male
NASAW00011523,1962-02-07,Male
NASAW00011524,1961-07-22,Female
NASAW00011525,1961-07-08,Female
NASAW00011526,1973-01-30,Female
NASAW00011527,1961-12-02,Female
NASAW00011528,1968-08-15,Female
NASAW00011529,1963-05-16,Male
NASAW00011530,1963-01-23,Male
NASAW00011531,1962-07-07,Female
NASAW00011532,1962-08-26,Female
NASAW00011533,1968-07-17,Female
NASAW00011534,1964-05-12,Male
NASAW00011535,1963-12-31,Male
NASAW00011536,1969-04-13,Male
NASAW00011537,1963-09-21,Male
NASAW00011538,1965-02-24,Female
NASAW00011539,1970-08-18,Male
NASAW00011540,1970-01-24,Male
NASAW00011541,1964-10-09,Male
NASAW00011542,1979-09-07,Male
NASAW00011543,1973-08-16,Female
NASAW00011544,1979-05-04,Male
NASAW00011545,1973-09-22,Male
NASAW00011546,1973-09-11,Female
NASAW00011547,1979-03-05,Female
NASAW00011548,1974-04-11,Male
NASAW00011549,1979-09-03,Female
NASAW00011550,1979-08-05,Female
NASAW00011551,2050-05-21,Male
NASAW00011552,1972-11-23,Male
NASAW00011553,1973-03-08,Female
NASAW00011554,1932-03-27,Female
NASAW00011555,1937-07-04,Female
NASAW00011556,1972-11-10,Male
NASAW00011557,1972-07-14,Female
NASAW00011558,1973-02-18,Male
NASAW00011559,1978-12-12,Male
NASAW00011560,1978-08-09,Female
NASAW00011561,1972-01-21,Female
NASAW00011562,2038-10-17,Male
NASAW00011563,1971-08-01,Male
NASAW00011564,1972-01-09,Male
NASAW00011565,1971-12-30,Male
NASAW00011566,1973-03-01,Female
NASAW00011567,1978-09-19,Female
NASAW00011568,1972-04-21,Female
NASAW00011569,1977-05-06,Male
NASAW00011570,1971-07-22,Female
NASAW00011571,1971-11-15,Male
NASAW00011572,1977-03-11,Male
NASAW00011573,1976-11-11,Female
NASAW00011574,1971-01-14,Female
NASAW00011575,1970-10-19,Male
NASAW00011576,1970-08-10,Male
NASAW00011577,1971-04-21,Female
NASAW00011578,1970-05-08,Female
NASAW00011579,1981-02-13,Male
NASAW00011580,1939-03-12,Male
NASAW00011581,2045-03-03,Female
NASAW00011582,1974-04-09,Female
NASAW00011583,1971-03-26,Female
NASAW00011584,1971-05-22,Male
NASAW00011585,1976-03-04,Female
NASAW00011586,1971-06-14,Male
NASAW00011587,1975-10-18,Male
NASAW00011588,1970-01-11,Female
NASAW00011589,1975-05-01,Female
NASAW00011590,1980-04-12,Female
NASAW00011591,1968-11-12,Female
NASAW00011592,1984-03-03,Male
NASAW00011593,1982-09-22,Male
NASAW00011594,1985-05-03,Male
NASAW00011595,1984-12-29,Male
NASAW00011596,1969-03-02,Male
NASAW00011597,1983-08-06,Female
NASAW00011598,1983-12-30,Female
NASAW00011599,1983-03-16,Female
NASAW00011600,1982-10-05,Female
NASAW00011601,1983-02-18,Male
NASAW00011602,1982-10-11,Male
NASAW00011603,1982-08-06,Male
NASAW00011604,1982-12-01,Male
NASAW00011605,1982-05-20,Female
NASAW00011606,1986-01-30,Female
NASAW00011607,1986-05-05,Male
NASAW00011608,1981-09-01,Male
NASAW00011609,1981-12-24,Male
NASAW00011610,1980-10-20,Male
NASAW00011611,1985-02-23,Male
NASAW00011612,1985-10-07,Male
NASAW00011613,1981-05-02,Female
NASAW00011614,1981-02-13,Female
NASAW00011615,1981-05-20,Male
NASAW00011616,1980-09-05,Female
NASAW00011617,1964-10-01,Male
NASAW00011618,1964-10-21,Male
NASAW00011619,1978-10-29,Female
NASAW00011620,1978-10-18,Female
NASAW00011621,1978-08-19,Female
NASAW00011622,1979-06-16,Male
NASAW00011623,1978-12-25,Female
NASAW00011624,1984-03-19,Male
NASAW00011625,1978-07-19,Male
NASAW00011626,1978-12-12,Female
NASAW00011627,1978-08-27,Male
NASAW00011628,1977-11-14,Female
NASAW00011629,1976-08-07,Male
NASAW00011630,1977-06-23,Female
NASAW00011631,1976-08-12,Male
NASAW00011632,1982-05-02,Female
NASAW00011633,1977-11-23,Male
NASAW00011634,1977-12-10,Male
NASAW00011635,1983-08-11,Male
NASAW00011636,1978-06-21,Female
NASAW00011637,1983-08-11,Female
NASAW00011638,1977-09-09,Male
NASAW00011639,1978-06-22,Female
NASAW00011640,1975-10-31,Female
NASAW00011641,1976-02-09,Male
NASAW00011642,1976-06-24,Female
NASAW00011643,1976-01-24,Female
NASAW00011644,1975-04-06,Male
NASAW00011645,1975-04-18,Female
NASAW00011646,1980-03-15,Female
NASAW00011647,1975-03-22,Male
NASAW00011648,1980-04-12,Male
NASAW00011649,1980-01-23,Male
NASAW00011650,1975-01-23,Male
NASAW00011651,1982-12-13,Female
NASAW00011652,1982-05-01,Male
NASAW00011653,1982-06-04,Female
NASAW00011654,1977-03-18,Female
NASAW00011655,1982-03-28,Female
NASAW00011656,1977-03-19,Female
NASAW00011657,1976-10-31,Female
NASAW00011658,1985-08-03,Male
NASAW00011659,1974-10-20,Male
NASAW00011660,1980-01-19,Female
NASAW00011661,1981-01-03,Male
NASAW00011662,1976-01-01,Male
NASAW00011663,1975-08-25,Male
NASAW00011664,1975-08-09,Female
NASAW00011665,1976-06-11,Female
NASAW00011666,1981-12-13,Male
NASAW00011667,1972-12-18,Male
NASAW00011668,1984-03-02,Female
NASAW00011669,1978-10-17,Female
NASAW00011670,1973-04-15,Female
NASAW00011671,1971-11-15,Female
NASAW00011672,1972-03-20,Male
NASAW00011673,1977-02-03,Female
NASAW00011674,1972-02-15,Female
NASAW00011675,1977-01-29,Male
NASAW00011676,1971-08-13,Male
NASAW00011677,1980-10-10,Male
NASAW00011678,1974-07-28,Male
NASAW00011679,1974-11-05,Male
NASAW00011680,1975-03-04,Female
NASAW00011681,1975-02-04,Female
NASAW00011682,1980-03-12,Female
NASAW00011683,1974-07-05,Male
NASAW00011684,1971-03-31,Male
NASAW00011685,1970-08-07,Male
NASAW00011686,1976-04-09,Male
NASAW00011687,1976-07-09,Male
NASAW00011688,1976-12-21,Female
NASAW00011689,1971-03-06,Male
NASAW00011690,1976-01-10,Female
NASAW00011691,1974-12-30,Female
NASAW00011692,1969-12-17,Male
NASAW00011693,1975-09-21,Female
NASAW00011694,1969-09-21,Male
NASAW00011695,1969-07-10,Male
NASAW00011696,1975-04-02,Female
NASAW00011697,1975-06-21,Male
NASAW00011698,1975-11-22,Male
NASAW00011699,1968-09-12,Male
NASAW00011700,1969-05-24,Male
NASAW00011701,1985-08-16,Male
NASAW00011702,1974-10-13,Female
NASAW00011703,1973-12-22,Female
NASAW00011704,1973-11-29,Male
NASAW00011705,1979-05-18,Female
NASAW00011706,1968-08-13,Male
NASAW00011707,1969-06-20,Female
NASAW00011708,1974-09-15,Female
NASAW00011709,1968-08-18,Female
NASAW00011710,1967-09-17,Female
NASAW00011711,1973-12-04,Male
NASAW00011712,1968-05-02,Female
NASAW00011713,1967-09-17,Male
NASAW00011714,1968-04-16,Female
NASAW00011715,1968-03-20,Female
NASAW00011716,1967-04-20,Male
NASAW00011717,1972-08-29,Male
NASAW00011718,1972-11-10,Female
NASAW00011719,1971-05-05,Male
NASAW00011720,1965-09-23,Female
NASAW00011721,1971-01-18,Female
NASAW00011722,1965-12-30,Male
NASAW00011723,1973-02-17,Male
NASAW00011724,1972-10-12,Male
NASAW00011725,1973-03-16,Male
NASAW00011726,1973-01-13,Male
NASAW00011727,1973-01-05,Male
NASAW00011728,1965-07-06,Male
NASAW00011729,1971-05-03,Male
NASAW00011730,1966-04-01,Female
NASAW00011731,1966-02-16,Female
NASAW00011732,1970-02-04,Male
NASAW00011733,1970-07-23,Female
NASAW00011734,1970-08-21,Male
NASAW00011735,1964-07-21,Female
NASAW00011736,1970-09-21,Male
NASAW00011737,1970-02-04,Female
NASAW00011738,1970-10-05,Male
NASAW00011739,1964-11-10,Male
NASAW00011740,1964-10-21,Female
NASAW00011741,1965-01-22,Female
NASAW00011742,1964-05-01,Male
NASAW00011743,1974-09-09,Male
NASAW00011744,1964-03-06,Female
NASAW00011745,1964-04-11,Female
NASAW00011746,1964-05-30,Male
NASAW00011747,1963-08-09,Female
NASAW00011748,1964-01-15,Male
NASAW00011749,1980-09-09,Male
NASAW00011750,1984-09-17,Female
NASAW00011751,1976-01-14,Female
NASAW00011752,1981-05-03,Female
NASAW00011753,1975-09-15,Female
NASAW00011754,1976-01-05,Female
NASAW00011755,1973-11-12,Male
NASAW00011756,1974-03-13,Female
NASAW00011757,1979-05-11,Male
NASAW00011758,1979-12-19,Male
NASAW00011759,1980-11-18,Female
NASAW00011760,1973-04-25,Female
NASAW00011761,1972-10-16,Male
NASAW00011762,1984-02-17,Male
NASAW00011763,1972-08-10,Male
NASAW00011764,1973-01-13,Female
NASAW00011765,1983-04-06,Male
NASAW00011766,1972-01-01,Female
NASAW00011767,1977-05-20,Female
NASAW00011768,1983-04-03,Male
NASAW00011769,1979-02-14,Female
NASAW00011770,1979-02-20,Male
NASAW00011771,1979-04-07,Male
NASAW00011772,1984-01-21,Male
NASAW00011773,1979-01-03,Male
NASAW00011774,1978-10-10,Female
NASAW00011775,2050-11-22,Female
NASAW00011776,1978-12-31,Male
NASAW00011777,1978-01-21,Female
NASAW00011778,1976-09-17,Female
NASAW00011779,1977-01-15,Female
NASAW00011780,1977-05-19,Female
NASAW00011781,1976-09-06,Male
NASAW00011782,1982-03-13,Female
NASAW00011783,1982-11-13,Female
NASAW00011784,1978-06-18,Male
NASAW00011785,1983-02-21,Male
NASAW00011786,1978-03-13,Male
NASAW00011787,1978-03-05,Male
NASAW00011788,1977-08-18,Female
NASAW00011789,1981-02-16,Female
NASAW00011790,1981-05-17,Male
NASAW00011791,1975-10-19,Male
NASAW00011792,1974-11-24,Female
NASAW00011793,1980-03-16,Male
NASAW00011794,1975-05-01,Female
NASAW00011795,1974-08-15,Female
NASAW00011796,1985-08-03,Female
NASAW00011797,1980-03-03,Male
NASAW00011798,1974-08-12,Male
NASAW00011799,1980-09-09,Male
NASAW00011800,1975-05-07,Female
NASAW00011801,1975-03-16,Male
NASAW00011802,1977-02-05,Female
NASAW00011803,1977-03-11,Female
NASAW00011804,1976-10-15,Female
NASAW00011805,1976-09-08,Male
NASAW00011806,1982-08-06,Female
NASAW00011807,1977-03-03,Male
NASAW00011808,1974-10-10,Male
NASAW00011809,1973-07-01,Male
NASAW00011810,1978-01-03,Male
NASAW00011811,1978-06-11,Female
NASAW00011812,1973-03-21,Male
NASAW00011813,1973-05-11,Female
NASAW00011814,1976-01-05,Male
NASAW00011815,1981-04-20,Female
NASAW00011816,1981-10-19,Male
NASAW00011817,1981-11-23,Female
NASAW00011818,1975-10-20,Male
NASAW00011819,1973-04-08,Male
NASAW00011820,1977-08-22,Female
NASAW00011821,1971-10-13,Male
NASAW00011822,1971-12-11,Female
NASAW00011823,1977-10-20,Female
NASAW00011824,1977-10-03,Female
NASAW00011825,1971-11-15,Female
NASAW00011826,1971-08-15,Female
NASAW00011827,1980-09-16,Female
NASAW00011828,1980-06-04,Female
NASAW00011829,1975-05-02,Female
NASAW00011830,1974-07-15,Female
NASAW00011831,1975-05-24,Male
NASAW00011832,1976-04-01,Female
NASAW00011833,1982-01-16,Male
NASAW00011834,1982-04-20,M
NASAW00011835,1970-12-17,Male
NASAW00011836,1970-10-25,M
NASAW00011837,1976-08-05,F
NASAW00011838,1970-08-09,Male
NASAW00011839,1976-07-21,Male
NASAW00011840,1976-05-13,Male
NASAW00011841,1969-09-13,Male
NASAW00011842,1970-04-03,Male
NASAW00011843,1975-11-08,Female
NASAW00011844,1969-10-06,Female
NASAW00011845,1930-02-15,Female
NASAW00011846,1969-12-13,Female
NASAW00011847,1970-05-31,Female
NASAW00011848,1975-02-24,Male
NASAW00011849,1970-03-13,Female
NASAW00011850,1980-09-16,Female
NASAW00011851,1969-03-07,Female
NASAW00011852,1969-04-23,Male
NASAW00011853,1979-11-15,Female
NASAW00011854,1973-10-16,Male
NASAW00011855,1974-08-09,Male
NASAW00011856,1969-02-13,Male
NASAW00011857,1974-03-08,Female
NASAW00011858,1968-06-05,Male
NASAW00011859,1968-03-08,Male
NASAW00011860,1967-07-09,Female
NASAW00011861,1967-10-22,Female
NASAW00011862,1972-09-11,Female
NASAW00011863,1967-04-10,Female
NASAW00011864,1967-03-06,Female
NASAW00011865,1966-08-06,Female
NASAW00011866,1966-12-30,Male
NASAW00011867,1971-04-21,Male
NASAW00011868,1973-01-31,Female
NASAW00011869,1984-05-01,Female
NASAW00011870,1978-07-10,Female
NASAW00011871,1978-08-12,Male
NASAW00011872,1978-07-17,Female
NASAW00011873,1972-10-09,Male
NASAW00011874,1978-03-06,Male
NASAW00011875,1966-01-31,Male
NASAW00011876,1966-05-13,Female
NASAW00011877,1966-04-06,Female
NASAW00011878,1971-02-04,Female
NASAW00011879,1971-09-30,Male
NASAW00011880,1965-02-16,Female
NASAW00011881,1965-01-20,Male
NASAW00011882,1975-09-05,Male
NASAW00011883,1965-02-10,Female
NASAW00011884,1970-04-22,Female
NASAW00011885,1970-09-21,Male
NASAW00011886,1963-07-20,Female
NASAW00011887,1963-10-03,Male
NASAW00011888,1969-12-18,Male
NASAW00011889,1963-11-25,Male
NASAW00011890,1964-05-14,Female
NASAW00011891,1969-09-13,Female
NASAW00011892,1975-04-07,Male
NASAW00011893,1974-08-09,Male
NASAW00011894,1980-04-30,Female
NASAW00011895,1975-01-18,Male
NASAW00011896,1975-05-18,Male
NASAW00011897,1974-05-28,Male
NASAW00011898,1975-12-31,Female
NASAW00011899,1976-03-15,Female
NASAW00011900,1981-03-03,Male
NASAW00011901,1973-08-18,Female
NASAW00011902,1972-09-14,Male
NASAW00011903,1985-10-21,Female
NASAW00011904,1986-05-05,Female
NASAW00011905,1974-12-14,Male
NASAW00011906,1972-08-17,Female
NASAW00011907,1973-03-07,Female
NASAW00011908,1972-01-08,Male
NASAW00011909,1971-08-10,Female
NASAW00011910,1971-12-10,Female
NASAW00011911,1972-05-15,Female
NASAW00011912,2066-06-16,Female
NASAW00011913,1970-12-09,Female
NASAW00011914,1979-05-05,Female
NASAW00011915,9999-09-13,Male
NASAW00011916,1976-09-03,Male
NASAW00011917,1971-04-21,Male
NASAW00011918,1969-08-31,Female
NASAW00011919,1969-08-17,Male
NASAW00011920,1975-02-24,Female
NASAW00011921,1970-06-22,Male
NASAW00011922,1985-02-13,Male
NASAW00011923,1985-04-21,Female
NASAW00011924,1985-04-23,Male
NASAW00011925,1984-05-05,Female
NASAW00011926,1983-09-15,Male
NASAW00011927,1984-01-21,Female
NASAW00011928,1984-03-06,Female
NASAW00011929,1962-08-08,Female
NASAW00011930,1952-10-31,Female
NASAW00011931,1984-05-12,Male
NASAW00011932,1984-02-08,Female
NASAW00011933,1982-09-01,Male
NASAW00011934,1983-04-13,Male
NASAW00011935,1983-05-19,Female
NASAW00011936,1982-10-09,Male
NASAW00011937,1982-12-03,Male
NASAW00011938,1983-03-21,Male
NASAW00011939,1982-12-20,Male
NASAW00011940,1983-01-09,Male
NASAW00011941,1982-05-26,Male
NASAW00011942,1954-12-11,Male
NASAW00011943,1954-08-27,Female
NASAW00011944,1956-04-13,Female
NASAW00011945,1986-03-11,Male
NASAW00011946,1956-07-02,Female
NASAW00011947,1957-04-20,Female
NASAW00011948,1956-10-07,Female
NASAW00011949,1986-05-05,Female
NASAW00011950,1985-03-09,Female
NASAW00011951,1958-02-03,Female
NASAW00011952,1960-03-22,Male
NASAW00011953,1981-03-03,Female
NASAW00011954,1981-02-13,Male
NASAW00011955,1980-10-02,Male
NASAW00011956,1985-08-30,Female
NASAW00011957,1979-02-09,Female
NASAW00011958,1978-07-06,Male
NASAW00011959,1978-10-05,Female
NASAW00011960,1978-12-31,Female
NASAW00011961,1978-12-22,Female
NASAW00011962,1982-05-28,Female
NASAW00011963,1960-12-10,Male
NASAW00011964,1967-02-13,Male
NASAW00011965,1962-04-18,Female
NASAW00011966,1967-02-13,Male
NASAW00011967,1962-08-10,Female
NASAW00011968,1964-04-19,Female
NASAW00011969,1964-01-22,Male
NASAW00011970,1984-11-12,Female
NASAW00011971,1979-03-03,Female
NASAW00011972,1979-09-20,Female
NASAW00011973,1979-08-03,Female
NASAW00011974,1979-08-07,Male
NASAW00011975,1980-04-02,Female
NASAW00011976,1970-05-22,Female
NASAW00011977,1964-11-19,Female
NASAW00011978,1977-10-18,Male
NASAW00011979,1962-11-05,Male
NASAW00011980,1963-06-17,Female
NASAW00011981,1962-08-03,Female
NASAW00011982,1962-10-02,Female
NASAW00011983,1968-02-24,Female
NASAW00011984,1962-12-04,Male
NASAW00011985,1963-05-18,Female
NASAW00011986,1969-01-20,Male
NASAW00011987,1973-05-26,Female
NASAW00011988,1968-02-17,Female
NASAW00011989,1984-03-20,Female
NASAW00011990,1968-01-12,Female
NASAW00011991,1968-02-07,Male
NASAW00011992,1972-06-09,Female
NASAW00011993,1977-09-12,Female
NASAW00011994,1977-10-18,Female
NASAW00011995,1965-12-12,Male
NASAW00011996,1966-01-30,Female
NASAW00011997,1971-04-04,Female
NASAW00011998,1966-02-07,Female
NASAW00011999,1965-12-03,Male
NASAW00012000,1970-09-09,Female
NASAW00012001,1981-12-30,Female
NASAW00012002,1969-08-05,Female
NASAW00012003,1979-09-04,Female
NASAW00012004,1974-12-16,Male
NASAW00012005,1973-07-13,Male
NASAW00012006,1973-03-12,Male
NASAW00012007,1967-01-23,Female
NASAW00012008,1967-02-19,Female
NASAW00012009,1963-01-31,Female
NASAW00012010,1962-08-26,Male
NASAW00012011,1940-08-16,Female
NASAW00012012,1971-10-19,Female
NASAW00012013,1958-09-04,Female
NASAW00012014,1954-08-09,Male
NASAW00012015,1982-01-06,Male
NASAW00012016,1981-06-11,Female
NASAW00012017,1982-04-26,Male
NASAW00012018,1986-01-30,Male
NASAW00012019,1986-05-13,Female
NASAW00012020,1985-03-13,Female
NASAW00012021,1951-08-13,Female
NASAW00012022,1986-05-22,Male
NASAW00012023,1984-01-05,Male
NASAW00012024,1983-12-24,Male
NASAW00012025,1983-12-16,Male
NASAW00012026,1984-01-14,Male
NASAW00012027,1984-04-24,Female
NASAW00012028,1983-05-11,Female
NASAW00012029,1983-04-15,Male
NASAW00012030,1982-08-05,Female
NASAW00012031,1985-04-17,Male
NASAW00012032,1984-11-22,Male
NASAW00012033,1984-10-29,Female
NASAW00012034,1946-09-11,Male
NASAW00012035,1946-12-20,Male
NASAW00012036,1946-08-06,Female
NASAW00012037,1949-03-13,Female
NASAW00012038,1949-02-06,Male
NASAW00012039,1948-08-12,Male
NASAW00012040,1982-02-15,Male
NASAW00012041,1986-06-03,Male
NASAW00012042,1981-03-26,Male
NASAW00012043,1980-03-20,Male
NASAW00012044,1979-11-24,Female
NASAW00012045,1979-12-23,Male
NASAW00012046,1980-01-15,Female
NASAW00012047,1979-09-22,Female
NASAW00012048,1983-05-16,Female
NASAW00012049,1973-10-09,Female
NASAW00012050,1978-09-10,Male
NASAW00012051,1984-03-19,Male
NASAW00012052,1972-11-23,Female
NASAW00012053,1972-11-11,Male
NASAW00012054,1973-12-02,Male
NASAW00012055,1974-05-20,Female
NASAW00012056,1947-12-13,Male
NASAW00012057,1948-09-11,Female
NASAW00012058,1948-12-30,Female
NASAW00012059,1948-11-29,Male
NASAW00012060,1948-10-13,Male
NASAW00012061,1948-11-05,Male
NASAW00012062,1949-12-02,Male
NASAW00012063,1950-03-08,Male
NASAW00012064,1955-10-06,Male
NASAW00012065,1949-12-31,Male
NASAW00012066,1950-02-09,Male
NASAW00012067,1950-05-14,Male
NASAW00012068,1949-11-19,Female
NASAW00012069,1950-05-01,Male
NASAW00012070,1950-03-03,Male
NASAW00012071,1949-09-30,Male
NASAW00012072,1950-02-21,Male
NASAW00012073,1950-02-20,Male
NASAW00012074,1961-04-22,Female
NASAW00012075,1949-12-24,Male
NASAW00012076,1955-02-22,Female
NASAW00012077,1956-03-17,Female
NASAW00012078,1950-08-18,Male
NASAW00012079,1956-10-09,Male
NASAW00012080,1951-12-07,Female
NASAW00012081,1957-06-01,Female
NASAW00012082,1952-04-10,Female
NASAW00012083,1951-08-28,Female
NASAW00012084,1953-02-03,Male
NASAW00012085,1953-06-23,Male
NASAW00012086,1953-02-09,Female
NASAW00012087,1958-07-10,Male
NASAW00012088,1953-01-18,Female
NASAW00012089,1958-10-20,Male
NASAW00012090,1954-01-02,Female
NASAW00012091,1959-11-09,Male
NASAW00012092,1953-08-08,Male
NASAW00012093,1954-05-08,Male
NASAW00012094,1954-03-19,Female
NASAW00012095,1953-08-24,Male
NASAW00012096,1953-08-26,Female
NASAW00012097,1955-05-13,Male
NASAW00012098,1955-04-24,Female
NASAW00012099,1955-05-18,Female
NASAW00012100,1954-10-22,Male
NASAW00012101,1954-10-22,Male
NASAW00012102,1954-12-02,Male
NASAW00012103,1960-10-08,Female
NASAW00012104,1960-01-08,Female
NASAW00012105,1954-11-13,Female
NASAW00012106,1955-12-06,Male
NASAW00012107,1961-08-11,Male
NASAW00012108,1961-02-19,Male
NASAW00012109,1955-09-17,Female
NASAW00012110,1955-08-03,Female
NASAW00012111,1956-02-01,Female
NASAW00012112,1955-12-07,Female
NASAW00012113,1968-02-16,Male
NASAW00012114,1957-05-06,Male
NASAW00012115,1956-08-07,Female
NASAW00012116,1956-08-21,Female
NASAW00012117,1957-01-30,Male
NASAW00012118,1967-07-23,Female
NASAW00012119,1956-11-28,Male
NASAW00012120,1958-01-08,Male
NASAW00012121,1958-03-25,Male
NASAW00012122,1958-06-17,Female
NASAW00012123,2065-12-12,Male
NASAW00012124,1962-08-08,Female
NASAW00012125,1962-07-12,Female
NASAW00012126,1963-05-18,Female
NASAW00012127,1962-06-13,Female
NASAW00012128,1967-12-13,Female
NASAW00012129,1962-03-21,Female
NASAW00012130,1962-02-09,Female
NASAW00012131,1961-04-15,Male
NASAW00012132,1961-05-18,Female
NASAW00012133,1961-06-24,Female
NASAW00012134,1966-09-19,Male
NASAW00012135,1962-10-09,Male
NASAW00012136,1938-05-08,Male
NASAW00012137,1938-05-04,Male
NASAW00012138,1939-05-26,Male
NASAW00012139,1944-03-11,Male
NASAW00012140,1970-09-08,Male
NASAW00012141,1976-09-16,Female
NASAW00012142,1981-07-02,Female
NASAW00012143,1971-05-13,Male
NASAW00012144,1971-05-10,Female
NASAW00012145,1976-09-30, 
NASAW00012146,1971-01-11,Male
NASAW00012147,1970-06-27,F
NASAW00012148,1970-06-05,F
NASAW00012149,1975-06-21,Female
NASAW00012150,1975-08-09,Male
NASAW00012151,1969-11-09,Male
NASAW00012152,1975-03-23,Male
NASAW00012153,1962-03-15,Female
NASAW00012154,1967-07-21,Female
NASAW00012155,1967-10-12,Female
NASAW00012156,1939-07-12,Female
NASAW00012157,1940-03-21,Male
NASAW00012158,1979-10-18,Male
NASAW00012159,1974-11-10,Female
NASAW00012160,1969-05-23,Female
NASAW00012161,1974-03-04,Female
NASAW00012162,1974-12-16,Male
NASAW00012163,1969-03-04,Male
NASAW00012164,1974-04-09,Male
NASAW00012165,1967-12-10,Male
NASAW00012166,1984-03-06,Male
NASAW00012167,1968-03-20,Male
NASAW00012168,1966-08-09,Male
NASAW00012169,1972-11-12,Female
NASAW00012170,1972-01-04,Female
NASAW00012171,1972-01-31,Female
NASAW00012172,1972-03-01,Male
NASAW00012173,1967-03-12,Male
NASAW00012174,1966-11-04,Male
NASAW00012175,1966-09-09,Male
NASAW00012176,1966-11-12,Male
NASAW00012177,1960-09-23,Male
NASAW00012178,1959-11-08,Male
NASAW00012179,1941-04-08,Female
NASAW00012180,1942-03-17,Female
NASAW00012181,1942-02-18,Female
NASAW00012182,1966-06-06,Female
NASAW00012183,1966-04-25,Female
NASAW00012184,1966-06-07,Male
NASAW00012185,1966-01-24,Female
NASAW00012186,1971-05-09,Male
NASAW00012187,1966-01-19,Male
NASAW00012188,9999-11-20,Female
NASAW00012189,1971-02-15,Female
NASAW00012190,1966-06-16,Male
NASAW00012191,1965-04-06,Female
NASAW00012192,1960-05-25,Female
NASAW00012193,1959-08-04,Male
NASAW00012194,1959-01-14,Female
NASAW00012195,1970-05-20,Female
NASAW00012196,1959-03-07,Female
NASAW00012197,1958-07-15,Male
NASAW00012198,1958-08-14,Male
NASAW00012199,1957-11-05,Female
NASAW00012200,1943-01-20,Male
NASAW00012201,1944-02-03,Female
NASAW00012202,1943-11-22,Male
NASAW00012203,1943-09-03,Male
NASAW00012204,1943-08-02,Male
NASAW00012205,1944-03-31,Female
NASAW00012206,1944-10-09,Female
NASAW00012207,1945-12-18,Male
NASAW00012208,1945-08-18,Female
NASAW00012209,1945-12-24,Female
NASAW00012210,1984-03-24,Male
NASAW00012211,1985-02-23,Male
NASAW00012212,1974-11-16,Female
NASAW00012213,1974-01-29,Male
NASAW00012214,1968-03-19,Female
NASAW00012215,1968-06-12,Female
NASAW00012216,1967-09-30,Male
NASAW00012217,1966-12-31,Male
NASAW00012218,1967-05-26,Male
NASAW00012219,1977-10-08,Male
NASAW00012220,1966-07-16,Female
NASAW00012221,1966-07-09,Female
NASAW00012222,1966-09-17,Female
NASAW00012223,1966-08-19,Female
NASAW00012224,1941-03-17,Male
NASAW00012225,1964-05-01,Female
NASAW00012226,1968-04-06,Female
NASAW00012227,1963-02-08,Female
NASAW00012228,1963-02-23,Female
NASAW00012229,1962-05-17,Female
NASAW00012230,1961-08-11,Male
NASAW00012231,1960-09-15,Female
NASAW00012232,1960-10-11,Male
NASAW00012233,1960-11-05,Male
NASAW00012234,1959-08-25,Male
NASAW00012235,1949-05-22,Female
NASAW00012236,1946-12-04,Female
NASAW00012237,1952-05-07,Female
NASAW00012238,1952-07-24,Female
NASAW00012239,1947-11-29,Male
NASAW00012240,1986-06-03,Male
NASAW00012241,1985-05-05,Female
NASAW00012242,1984-08-03,Male
NASAW00012243,1985-11-15,Female
NASAW00012244,1986-05-22,Female
NASAW00012245,1984-05-25,Male
NASAW00012246,1985-04-10,Male
NASAW00012247,1985-04-16,Female
NASAW00012248,9999-09-11,Male
NASAW00012249,1984-03-15,Male
NASAW00012250,1982-10-06,Female
NASAW00012251,1982-10-07,Male
NASAW00012252,1983-03-31,Male
NASAW00012253,1982-08-14,Female
NASAW00012254,1948-08-25,Male
NASAW00012255,1978-01-30,Female
NASAW00012256,1972-10-19,Female
NASAW00012257,1966-10-04,Male
NASAW00012258,1967-03-27,Female
NASAW00012259,1972-04-12,Female
NASAW00012260,1972-05-01,Female
NASAW00012261,1966-04-25,Female
NASAW00012262,1965-11-19,Female
NASAW00012263,1965-09-12,Male
NASAW00012264,1976-08-16,Male
NASAW00012265,1964-12-30,Male
NASAW00012266,1970-03-13,Female
NASAW00012267,1963-11-07,Male
NASAW00012268,1963-10-30,Male
NASAW00012269,1971-06-10,Male
NASAW00012270,1966-03-09,Female
NASAW00012271,1965-03-15,Male
NASAW00012272,1965-06-08,Male
NASAW00012273,1964-04-12,Male
NASAW00012274,1976-03-25,Male
NASAW00012275,1981-06-07,Female
NASAW00012276,1976-01-10,Female
NASAW00012277,1974-10-20,Female
NASAW00012278,1974-07-06,Female
NASAW00012279,1975-12-19,Male
NASAW00012280,1981-06-04,Female
NASAW00012281,1981-04-19,Female
NASAW00012282,1981-01-03,Male
NASAW00012283,1980-08-06,Male
NASAW00012284,1980-09-28,Female
NASAW00012285,1975-05-28,Female
NASAW00012286,1975-03-06,Male
NASAW00012287,1957-06-30,Male
NASAW00012288,1984-09-17,Female
NASAW00012289,1984-09-16,Male
NASAW00012290,1973-10-23,Female
NASAW00012291,1949-10-17,Male
NASAW00012292,1955-03-21,Male
NASAW00012293,1949-11-14,Female
NASAW00012294,1950-05-31,Male
NASAW00012295,1956-03-17,Male
NASAW00012296,1961-08-11,Male
NASAW00012297,1950-07-08,Female
NASAW00012298,1950-11-18,Female
NASAW00012299,1950-12-08,Male
NASAW00012300,1952-01-15,Female
NASAW00012301,1952-06-03,Female
NASAW00012302,1951-08-30,Male
NASAW00012303,1951-10-14,Female
NASAW00012304,1957-06-01,Male
NASAW00012305,1960-01-03,Male
NASAW00012306,1958-12-04,Male
NASAW00012307,1960-05-12,Male
NASAW00012308,1970-10-19,Female
NASAW00012309,1960-04-03,Male
NASAW00012310,1960-01-08,Female
NASAW00012311,1965-06-15,Male
NASAW00012312,1970-05-06,Male
NASAW00012313,1958-12-03,Male
NASAW00012314,1959-03-20,Female
NASAW00012315,1959-03-19,Female
NASAW00012316,1964-11-21,Male
NASAW00012317,1959-03-24,Male
NASAW00012318,1958-10-31,Female
NASAW00012319,1958-01-08,Female
NASAW00012320,1963-06-14,Female
NASAW00012321,1956-08-14,Female
NASAW00012322,1957-01-29,Female
NASAW00012323,1962-01-11,Male
NASAW00012324,1956-08-26,Male
NASAW00012325,1956-09-14,Female
NASAW00012326,1956-08-02,Male
NASAW00012327,1961-01-14,Male
NASAW00012328,1955-09-15,Male
NASAW00012329,1956-04-21,Female
NASAW00012330,1954-12-19,Male
NASAW00012331,1954-01-14,Female
NASAW00012332,1954-02-07,Male
NASAW00012333,1954-05-18,Male
NASAW00012334,1959-08-17,Male
NASAW00012335,1959-02-19,Male
NASAW00012336,1953-01-05,Male
NASAW00012337,1981-04-07,Male
NASAW00012338,1982-01-05,Female
NASAW00012339,1982-01-05,Male
NASAW00012340,1982-05-05,Female
NASAW00012341,1982-03-09,Female
NASAW00012342,1980-09-05,Female
NASAW00012343,1979-12-02,Female
NASAW00012344,1980-11-29,Female
NASAW00012345,1980-12-24,Female
NASAW00012346,1980-11-18,Male
NASAW00012347,1980-08-20,Female
NASAW00012348,1979-08-24,Male
NASAW00012349,1980-01-23,Female
NASAW00012350,1984-02-22,Male
NASAW00012351,1984-09-28,Female
NASAW00012352,1978-09-02,Male
NASAW00012353,1984-10-16,Male
NASAW00012354,1984-08-03,Male
NASAW00012355,1984-03-19,Female
NASAW00012356,1977-02-18,Female
NASAW00012357,1982-04-03,Female
NASAW00012358,1975-08-26,Female
NASAW00012359,1975-08-19,Female
NASAW00012360,1977-01-22,Male
NASAW00012361,1982-03-28,Female
NASAW00012362,1952-07-02,Male
NASAW00012363,1947-06-24,Female
NASAW00012364,1947-04-27,Female
NASAW00012365,1953-02-08,Male
NASAW00012366,1948-01-07,Female
NASAW00012367,1979-02-19,Female
NASAW00012368,1978-12-20,Male
NASAW00012369,1969-04-04,Male
NASAW00012370,1968-12-24,Male
NASAW00012371,1968-08-13,Female
NASAW00012372,1969-03-17,Male
NASAW00012373,1985-08-02,Male
NASAW00012374,1985-09-25,Female
NASAW00012375,1985-08-23,Male
NASAW00012376,1985-09-29,Female
NASAW00012377,1985-09-11,Male
NASAW00012378,1985-02-16,Female
NASAW00012379,1984-02-16,Female
NASAW00012380,1979-09-04,Male
NASAW00012381,1985-02-13,Male
NASAW00012382,1983-11-08,Female
NASAW00012383,1978-10-18,Male
NASAW00012384,1979-03-31,Female
NASAW00012385,1978-09-24,Female
NASAW00012386,1977-10-06,Female
NASAW00012387,1983-12-24,Female
NASAW00012388,1978-01-16,Female
NASAW00012389,1978-01-03,Male
NASAW00012390,1983-09-14,Female
NASAW00012391,1983-02-20,Female
NASAW00012392,1977-01-22,Female
NASAW00012393,1977-01-12,Female
NASAW00012394,1982-03-09,Female
NASAW00012395,1982-04-21,Male
NASAW00012396,1976-10-11,Female
NASAW00012397,1975-09-11,Male
NASAW00012398,1977-01-08,Female
NASAW00012399,1977-03-11,Male
NASAW00012400,1977-05-11,Male
NASAW00012401,1982-05-05,Female
NASAW00012402,1976-09-11,Male
NASAW00012403,1976-12-15,Male
NASAW00012404,1982-08-06,Female
NASAW00012405,1976-03-18,Male
NASAW00012406,1975-07-22,Male
NASAW00012407,1981-08-23,Male
NASAW00012408,1975-08-05,Male
NASAW00012409,1980-09-19,Female
NASAW00012410,1981-06-04,Female
NASAW00012411,1981-03-31,Male
NASAW00012412,1936-04-18,Female
NASAW00012413,1977-03-03,Male
NASAW00012414,1971-12-19,Male
NASAW00012415,1972-05-01,Female
NASAW00012416,1983-02-07,Female
NASAW00012417,1977-11-21,Female
NASAW00012418,1959-04-23,Male
NASAW00012419,1958-12-03,Female
NASAW00012420,1959-02-17,Male
NASAW00012421,1964-03-08,Male
NASAW00012422,1959-04-22,Female
NASAW00012423,1970-10-19,Female
NASAW00012424,1965-09-20,Female
NASAW00012425,1959-09-02,Male
NASAW00012426,1960-03-22,Male
NASAW00012427,1959-08-08,Female
NASAW00012428,1960-08-06,Male
NASAW00012429,1961-05-26,Male
NASAW00012430,1960-09-28,Female
NASAW00012431,1960-09-17,Male
NASAW00012432,1961-01-21,Male
NASAW00012433,1966-07-16,Male
NASAW00012434,1960-09-05,Male
NASAW00012435,1961-04-08,Female
NASAW00012436,1960-12-15,Male
NASAW00012437,1971-12-09,Male
NASAW00012438,1966-10-15,Female
NASAW00012439,1961-11-23,Female
NASAW00012440,1962-04-11,Male
NASAW00012441,1963-05-21,Male
NASAW00012442,1963-02-01,Female
NASAW00012443,1962-11-19,Male
NASAW00012444,1962-10-20,Female
NASAW00012445,1962-09-24,Male
NASAW00012446,1963-01-31,Female
NASAW00012447,1963-04-23,Male
NASAW00012448,1974-11-13,Female
NASAW00012449,1963-09-06,Male
NASAW00012450,1964-03-22,Male
NASAW00012451,1964-02-07,Female
NASAW00012452,1964-05-23,Male
NASAW00012453,1963-11-07,Female
NASAW00012454,1964-08-29,Male
NASAW00012455,1964-10-07,Male
NASAW00012456,1965-02-12,Male
NASAW00012457,1965-03-01,Female
NASAW00012458,1973-11-24,Female
NASAW00012459,1974-03-13,Female
NASAW00012460,1974-05-23,Female
NASAW00012461,1979-02-24,Female
NASAW00012462,1973-12-09,Male
NASAW00012463,1974-05-23,Male
NASAW00012464,1973-04-13,Male
NASAW00012465,1978-02-19,Female
NASAW00012466,1972-10-23,Male
NASAW00012467,1983-10-01,Female
NASAW00012468,1978-10-21,Male
NASAW00012469,1972-02-18,Male
NASAW00012470,1971-08-06,Female
NASAW00012471,1972-11-10,Female
NASAW00012472,1977-09-05,Male
NASAW00012473,1972-05-14,Male
NASAW00012474,1977-12-18,Female
NASAW00012475,1970-09-22,Male
NASAW00012476,1981-08-02,Male
NASAW00012477,1971-06-22,Female
NASAW00012478,1970-08-17,Male
NASAW00012479,1970-11-09,Female
NASAW00012480,1980-10-10,Female
NASAW00012481,1970-03-07,Male
NASAW00012482,1969-09-03,Male
NASAW00012483,1969-10-02,Female
NASAW00012484,1975-03-31,Female
NASAW00012485,1975-03-22,Female
NASAW00012486,1980-08-05,Female
NASAW00012487,1975-04-03,Male
NASAW00012488,1968-11-08,Male
NASAW00012489,1977-10-21,Male
NASAW00012490,1972-01-25,Female
NASAW00012491,1971-08-06,Male
NASAW00012492,1972-03-03,Female
NASAW00012493,1970-12-21,Male
NASAW00012494,1975-08-15,Female
NASAW00012495,1969-09-12,Male
NASAW00012496,1980-07-18,Female
NASAW00012497,1969-03-21,Female
NASAW00012498,1979-10-14,Male
NASAW00012499,1984-02-01,Female
NASAW00012500,1984-08-12,Female
NASAW00012501,1985-03-12,Male
NASAW00012502,1985-05-17,Male
NASAW00012503,1985-02-16,Female
NASAW00012504,1968-08-19,Male
NASAW00012505,1968-08-02,Male
NASAW00012506,1968-12-29,Male
NASAW00012507,1973-09-22,Male
NASAW00012508,1968-01-29,Female
NASAW00012509,1967-08-19,Male
NASAW00012510,1968-05-19,Male
NASAW00012511,1983-09-14,Male
NASAW00012512,1983-11-19,Female
NASAW00012513,1983-09-17,Male
NASAW00012514,1983-06-08,Female
NASAW00012515,1982-12-01,Female
NASAW00012516,1982-11-24,Female
NASAW00012517,1983-02-22,Female
NASAW00012518,1983-03-27,Female
NASAW00012519,1983-06-16,Male
NASAW00012520,1982-05-25,Male
NASAW00012521,1980-07-11,Female
NASAW00012522,1982-03-07,Female
NASAW00012523,1982-06-02,Male
NASAW00012524,1980-07-23,Female
NASAW00012525,1980-10-25,Female
NASAW00012526,1986-05-15,Female
NASAW00012527,1965-05-23,Male
NASAW00012528,1964-08-29,Male
NASAW00012529,1965-04-09,Male
NASAW00012530,1977-11-23,Female
NASAW00012531,1977-12-31,Female
NASAW00012532,1978-09-06,Male
NASAW00012533,1946-05-07,Male
NASAW00012534,1967-12-13,Female
NASAW00012535,1973-02-14,Male
NASAW00012536,1966-12-15,Male
NASAW00012537,1972-03-14,Male
NASAW00012538,1967-02-18,Female
NASAW00012539,1940-11-22,Male
NASAW00012540,1942-03-06,Male
NASAW00012541,1968-04-02,Male
NASAW00012542,1967-12-25,Male
NASAW00012543,1963-07-20,Male
NASAW00012544,1963-09-24,Male
NASAW00012545,1968-02-29,Male
NASAW00012546,1962-05-16,Male
NASAW00012547,1978-10-21,Male
NASAW00012548,1960-08-06,Female
NASAW00012549,1960-08-06,Female
NASAW00012550,1960-04-01,Male
NASAW00012551,1948-11-29,Male
NASAW00012552,1944-03-11,Male
NASAW00012553,1944-03-22,Female
NASAW00012554,1943-08-30,Male
NASAW00012555,1944-08-01,Male
NASAW00012556,1945-02-08,Male
NASAW00012557,1945-12-22,Male
NASAW00012558,1946-03-07,Female
NASAW00012559,1946-05-01,Male
NASAW00012560,1945-06-30,Female
NASAW00012561,1947-01-16,Female
NASAW00012562,1947-06-10,Female
NASAW00012563,1946-10-09,Male
NASAW00012564,1946-09-06,Male
NASAW00012565,1947-12-31,Female
NASAW00012566,1947-10-31,Male
NASAW00012567,1953-02-14,Female
NASAW00012568,1947-12-14,Female
NASAW00012569,1947-09-16,Female
NASAW00012570,1985-11-13,Male
NASAW00012571,1985-11-16,Female
NASAW00012572,1985-11-24,Female
NASAW00012573,1985-08-22,Male
NASAW00012574,1985-08-10,Male
NASAW00012575,1985-03-11,Female
NASAW00012576,1984-09-10,Male
NASAW00012577,1985-02-16,Male
NASAW00012578,1985-08-27,Male
NASAW00012579,1984-03-09,Female
NASAW00012580,1984-03-07,Male
NASAW00012581,1983-09-08,Female
NASAW00012582,1982-09-22,Female
NASAW00012583,1982-02-04,Male
NASAW00012584,1982-01-01,Female
NASAW00012585,1984-12-21,Male
NASAW00012586,1984-10-21,Female
NASAW00012587,1984-02-17,Male
NASAW00012588,1983-01-22,Female
NASAW00012589,1982-11-14,Male
NASAW00012590,1948-11-23,Male
NASAW00012591,1972-04-17,Female
NASAW00012592,1967-01-17,Female
NASAW00012593,1966-10-31,Male
NASAW00012594,1966-08-16,Female
NASAW00012595,1966-12-17,Male
NASAW00012596,1966-07-14,Male
NASAW00012597,1965-11-30,Male
NASAW00012598,1965-08-01,Female
NASAW00012599,1970-12-07,Female
NASAW00012600,1963-10-01,Male
NASAW00012601,1971-08-10,Male
NASAW00012602,1966-04-25,Male
NASAW00012603,1971-02-15,Male
NASAW00012604,1976-09-11,Male
NASAW00012605,1977-01-30,Female
NASAW00012606,1965-10-18,Male
NASAW00012607,1966-03-22,Female
NASAW00012608,1970-11-05,Male
NASAW00012609,1965-03-19,Female
NASAW00012610,1964-03-05,Female
NASAW00012611,1981-04-07,Male
NASAW00012612,1974-12-04,Male
NASAW00012613,1981-08-30,Male
NASAW00012614,1975-12-12,Male
NASAW00012615,1985-08-16,Male
NASAW00012616,1980-10-08,Female
NASAW00012617,1975-04-04,Male
NASAW00012618,1974-12-21,Female
NASAW00012619,1975-02-04,Female
NASAW00012620,1974-10-15,Male
NASAW00012621,1980-12-08,Male
NASAW00012622,1974-10-08,Male
NASAW00012623,1958-01-15,Male
NASAW00012624,1958-04-01,Female
NASAW00012625,1957-12-24,Female
NASAW00012626,1956-10-30,Female
NASAW00012627,1978-12-31,Female
NASAW00012628,1979-11-01,Male
NASAW00012629,1979-12-23,Male
NASAW00012630,1960-03-21,Male
NASAW00012631,1949-11-14,Male
NASAW00012632,1961-02-11,Female
NASAW00012633,1950-08-09,Male
NASAW00012634,1951-03-13,Male
NASAW00012635,1957-09-21,Male
NASAW00012636,1952-01-31,Female
NASAW00012637,1951-08-30,Male
NASAW00012638,1964-12-30,Male
NASAW00012639,1959-01-09,Male
NASAW00012640,1964-11-18,Male
NASAW00012641,1959-09-02,Male
NASAW00012642,1965-04-09,Male
NASAW00012643,1959-01-21,Female
NASAW00012644,1958-12-01,Female
NASAW00012645,1964-05-03,Female
NASAW00012646,1958-01-08,Male
NASAW00012647,1963-09-23,Female
NASAW00012648,1957-09-07,Female
NASAW00012649,1957-06-08,Male
NASAW00012650,1955-09-03,Male
NASAW00012651,1955-12-14,Male
NASAW00012652,1956-02-06,Female
NASAW00012653,1955-07-25,Female
NASAW00012654,1956-05-26,Female
NASAW00012655,1954-08-20,Male
NASAW00012656,1960-09-01,Male
NASAW00012657,1954-12-04,Female
NASAW00012658,1960-01-08,Female
NASAW00012659,1953-09-14,Male
NASAW00012660,1953-04-17,Female
NASAW00012661,1953-02-18,Female
NASAW00012662,1952-11-21,Male
NASAW00012663,1952-12-21,Female
NASAW00012664,1952-07-02,Female
NASAW00012665,1981-04-03,Female
NASAW00012666,1981-02-16,Male
NASAW00012667,1982-05-22,Female
NASAW00012668,1981-10-24,Female
NASAW00012669,1981-09-01,Male
NASAW00012670,1981-01-17,Female
NASAW00012671,1979-08-11,Male
NASAW00012672,1981-05-06,Male
NASAW00012673,1981-02-24,Male
NASAW00012674,1981-01-23,Male
NASAW00012675,1984-10-01,Female
NASAW00012676,1979-12-26,Female
NASAW00012677,1980-05-04,Male
NASAW00012678,1980-04-08,Female
NASAW00012679,1979-05-10,Female
NASAW00012680,1977-12-30,Male
NASAW00012681,1977-09-05,Female
NASAW00012682,1978-12-12,Female
NASAW00012683,1978-08-01,Female
NASAW00012684,1978-11-20,Male
NASAW00012685,1977-09-19,Female
NASAW00012686,1978-04-17,Female
NASAW00012687,1977-10-18,Male
NASAW00012688,1978-02-01,Female
NASAW00012689,1978-04-04,Female
NASAW00012690,1978-03-12,Male
NASAW00012691,1977-08-08,Male
NASAW00012692,1977-01-22,Male
NASAW00012693,1976-07-08,Female
NASAW00012694,1983-01-07,Male
NASAW00012695,1976-08-01,Female
NASAW00012696,1982-03-13,Female
NASAW00012697,1975-12-22,Female
NASAW00012698,1981-05-10,Male
NASAW00012699,1975-09-15,Female
NASAW00012700,1976-09-16,Female
NASAW00012701,1982-10-14,Male
NASAW00012702,1977-03-06,Female
NASAW00012703,1976-12-17,Female
NASAW00012704,1976-10-13,Female
NASAW00012705,1980-08-06,Male
NASAW00012706,1980-01-10,Male
NASAW00012707,1947-03-28,Male
NASAW00012708,1952-04-21,Female
NASAW00012709,1946-07-14,Male
NASAW00012710,1946-12-17,Male
NASAW00012711,1978-10-18,Female
NASAW00012712,1979-02-14,Male
NASAW00012713,1978-12-07,Female
NASAW00012714,1979-01-14,Female
NASAW00012715,1969-01-14,Male
NASAW00012716,1979-09-13,Male
NASAW00012717,1979-12-05,Female
NASAW00012718,1980-05-13,Female
NASAW00012719,1985-11-30,Female
NASAW00012720,1980-05-01,Male
NASAW00012721,1979-07-14,Female
NASAW00012722,1985-08-11,Female
NASAW00012723,1986-05-13,Male
NASAW00012724,1985-07-23,Male
NASAW00012725,1916-02-10,Female
NASAW00012726,1985-08-18,Male
NASAW00012727,1985-10-10,Female
NASAW00012728,1984-12-23,Male
NASAW00012729,1984-11-12,Male
NASAW00012730,1984-04-14,Female
NASAW00012731,1984-09-10,Male
NASAW00012732,1977-08-20,Male
NASAW00012733,1977-08-26,Female
NASAW00012734,1978-04-02,Female
NASAW00012735,1983-10-16,Male
NASAW00012736,1978-01-23,Female
NASAW00012737,1978-07-19,Male
NASAW00012738,1978-12-14,Female
NASAW00012739,1979-06-11,Male
NASAW00012740,1978-05-27,Female
NASAW00012741,1977-08-02,Male
NASAW00012742,1978-05-22,Female
NASAW00012743,1978-06-18,Male
NASAW00012744,1978-05-27,Female
NASAW00012745,1977-12-11,Male
NASAW00012746,1976-10-15,Male
NASAW00012747,1982-10-29,Female
NASAW00012748,1977-02-07,Female
NASAW00012749,1976-08-29,Male
NASAW00012750,1976-02-08,Female
NASAW00012751,1976-06-10,Female
NASAW00012752,1976-05-17,Male
NASAW00012753,1976-11-16,Male
NASAW00012754,1981-06-16,Female
NASAW00012755,1981-03-31,Female
NASAW00012756,1980-12-23,Male
NASAW00012757,1980-06-18,Female
NASAW00012758,1935-07-11,Female
NASAW00012759,1937-01-10,Female
NASAW00012760,1971-07-26,Female
NASAW00012761,1971-09-01,Female
NASAW00012762,1964-12-16,Male
NASAW00012763,1969-08-01,Female
NASAW00012764,1964-08-13,Female
NASAW00012765,1959-11-17,Female
NASAW00012766,1971-02-08,Female
NASAW00012767,1960-05-02,Male
NASAW00012768,1959-11-23,Male
NASAW00012769,1960-09-17,Male
NASAW00012770,1966-09-19,Male
NASAW00012771,1966-10-18,Female
NASAW00012772,1960-10-22,Female
NASAW00012773,1961-05-08,Female
NASAW00012774,1971-09-18,Female
NASAW00012775,1972-03-03,Male
NASAW00012776,1960-07-17,Male
NASAW00012777,1961-11-19,Male
NASAW00012778,1961-10-06,Female
NASAW00012779,1962-01-31,Male
NASAW00012780,1967-03-19,Male
NASAW00012781,1961-12-26,Female
NASAW00012782,1978-03-12,Female
NASAW00012783,1961-10-06,Male
NASAW00012784,1961-09-04,Male
NASAW00012785,1967-03-19,Male
NASAW00012786,1961-08-31,Male
NASAW00012787,1967-10-18,Female
NASAW00012788,1962-12-26,Female
NASAW00012789,1962-10-22,Female
NASAW00012790,1964-04-03,Male
NASAW00012791,1975-03-23,Female
NASAW00012792,1963-09-18,Male
NASAW00012793,1969-04-13,Male
NASAW00012794,1965-04-06,Female
NASAW00012795,1964-10-09,Male
NASAW00012796,1964-09-04,Male
NASAW00012797,1965-02-19,Male
NASAW00012798,1973-07-13,Male
NASAW00012799,1984-12-09,Male
NASAW00012800,1973-09-18,Female
NASAW00012801,1973-07-04,Female
NASAW00012802,1973-10-16,Male
NASAW00012803,1973-09-15,Female
NASAW00012804,1973-12-02,Female
NASAW00012805,1973-12-11,Male
NASAW00012806,1973-09-15,Male
NASAW00012807,1974-02-01,Female
NASAW00012808,1973-11-08,Male
NASAW00012809,1973-03-21,Female
NASAW00012810,1932-01-25,Male
NASAW00012811,1978-04-16,Male
NASAW00012812,1973-02-17,Female
NASAW00012813,1973-05-07,Male
NASAW00012814,1983-10-04,Female
NASAW00012815,1972-12-23,Female
NASAW00012816,1977-06-20,Female
NASAW00012817,1971-08-09,Male
NASAW00012818,1971-08-18,Male
NASAW00012819,1977-04-19,Male
NASAW00012820,1971-08-09,Male
NASAW00012821,1978-06-11,Male
NASAW00012822,1978-05-20,Female
NASAW00012823,1933-05-16,Female
NASAW00012824,1971-11-03,Male
NASAW00012825,1971-07-20,Male
NASAW00012826,1971-01-04,Male
NASAW00012827,1971-01-12,Male
NASAW00012828,1975-06-01,Female
NASAW00012829,1970-01-11,Male
NASAW00012830,1970-06-23,Male
NASAW00012831,1975-01-12,Female
NASAW00012832,1969-10-19,Male
NASAW00012833,1975-01-13,Female
NASAW00012834,1975-03-10,Female
NASAW00012835,1969-03-21,Male
NASAW00012836,1968-08-30,Male
NASAW00012837,1939-03-27,Female
NASAW00012838,1971-11-08,Male
NASAW00012839,1971-12-16,Female
NASAW00012840,1945-08-08,Female
NASAW00012841,1976-08-20,Female
NASAW00012842,1981-08-30,Male
NASAW00012843,1971-01-30,Female
NASAW00012844,1970-09-25,Male
NASAW00012845,1976-11-24,Female
NASAW00012846,1970-01-03,Female
NASAW00012847,1970-01-14,Male
NASAW00012848,1970-05-02,Female
NASAW00012849,1974-02-22,Male
NASAW00012850,1982-12-04,Male
NASAW00012851,1985-03-25,Female
NASAW00012852,1984-08-03,Female
NASAW00012853,1969-02-21,Female
NASAW00012854,1968-11-19,Male
NASAW00012855,1968-08-02,Male
NASAW00012856,1979-10-01,Female
NASAW00012857,1969-02-13,Male
NASAW00012858,1967-10-19,Female
NASAW00012859,1968-02-14,Female
NASAW00012860,1973-03-21,Female
NASAW00012861,1973-03-21,Female
NASAW00012862,1983-08-11,Female
NASAW00012863,1984-02-22,Male
NASAW00012864,1983-10-31,Female
NASAW00012865,1981-09-21,Female
NASAW00012866,1980-12-15,Female
NASAW00012867,1981-01-16,Female
NASAW00012868,1980-11-09,Female
NASAW00012869,1981-09-22,Female
NASAW00012870,1982-03-19,Male
NASAW00012871,1982-04-05,Female
NASAW00012872,1980-11-07,Female
NASAW00012873,1980-03-17,Female
NASAW00012874,1980-03-04,Female
NASAW00012875,1964-11-11,Female
NASAW00012876,1965-01-18,Male
NASAW00012877,1964-11-01,Male
NASAW00012878,1978-03-14,Male
NASAW00012879,1983-07-13,Male
NASAW00012880,1979-03-11,Male
NASAW00012881,1979-05-14,Female
NASAW00012882,1978-09-24,Male
NASAW00012883,1977-05-05,Female
NASAW00012884,1976-11-08,Female
NASAW00012885,1982-08-11,Male
NASAW00012886,1982-10-30,Female
NASAW00012887,1976-08-12,Male
NASAW00012888,1982-10-05,Female
NASAW00012889,1977-05-26,Male
NASAW00012890,1977-01-15,Male
NASAW00012891,1976-10-13,Female
NASAW00012892,1977-10-08,Male
NASAW00012893,1977-10-02,Female
NASAW00012894,1978-02-04,Female
NASAW00012895,1975-10-04,Female
NASAW00012896,1981-07-12,Female
NASAW00012897,1975-07-06,Female
NASAW00012898,1976-03-08,Female
NASAW00012899,1976-01-08,Female
NASAW00012900,1975-12-03,Male
NASAW00012901,1974-08-12,Male
NASAW00012902,1974-10-20,Female
NASAW00012903,1980-09-28,Female
NASAW00012904,1980-02-16,Male
NASAW00012905,1975-03-10,Female
NASAW00012906,1977-02-15,Male
NASAW00012907,1977-05-22,Female
NASAW00012908,1976-09-08,Male
NASAW00012909,1982-05-21,Female
NASAW00012910,1976-08-04,Male
NASAW00012911,1986-04-21,Male
NASAW00012912,1973-09-22,Female
NASAW00012913,1979-02-19,Male
NASAW00012914,1983-10-05,Female
NASAW00012915,1972-09-16,Female
NASAW00012916,1981-05-19,Female
NASAW00012917,1975-08-30,Female
NASAW00012918,1981-02-09,Female
NASAW00012919,1973-01-06,Male
NASAW00012920,1973-03-12,Female
NASAW00012921,1971-12-31,Male
NASAW00012922,1982-09-09,Female
NASAW00012923,1972-02-18,Male
NASAW00012924,1972-04-07,Male
NASAW00012925,1977-08-09,Female
NASAW00012926,1972-01-15,Female
NASAW00012927,1971-12-11,Female
NASAW00012928,1975-05-10,Female
NASAW00012929,1974-09-02,Female
NASAW00012930,1974-11-13,Female
NASAW00012931,1975-04-04,Female
NASAW00012932,1975-05-10,Male
NASAW00012933,1980-02-07,Male
NASAW00012934,1980-11-08,Male
NASAW00012935,1980-04-30,Male
NASAW00012936,1970-09-24,Female
NASAW00012937,1976-01-01,Female
NASAW00012938,1970-08-08,Male
NASAW00012939,1970-09-30,Male
NASAW00012940,1970-09-21,Male
NASAW00012941,1976-05-06,Female
NASAW00012942,1976-11-11,Female
NASAW00012943,1970-08-17,Male
NASAW00012944,1971-01-18,Male
NASAW00012945,1970-09-21,Female
NASAW00012946,1971-06-03,Male
NASAW00012947,1969-08-16,Male
NASAW00012948,1975-09-29,Male
NASAW00012949,1970-06-18,Female
NASAW00012950,1970-04-14,Female
NASAW00012951,1974-12-02,Male
NASAW00012952,1979-12-12,Female
NASAW00012953,1969-05-11,Female
NASAW00012954,1968-02-19,Male
NASAW00012955,1968-03-09,Female
NASAW00012956,1973-03-07,Male
NASAW00012957,1968-02-23,Female
NASAW00012958,1968-01-24,Female
NASAW00012959,1973-05-20,Female
NASAW00012960,1973-11-08,Female
NASAW00012961,1973-05-11,Female
NASAW00012962,1973-04-18,Female
NASAW00012963,1979-04-20,Male
NASAW00012964,1973-05-10,Male
NASAW00012965,1967-03-19,Male
NASAW00012966,1966-09-06,Male
NASAW00012967,1966-10-08,Male
NASAW00012968,1978-06-14,Female
NASAW00012969,1965-11-30,Male
NASAW00012970,1966-01-14,Female
NASAW00012971,1965-08-30,Male
NASAW00012972,1978-06-18,Female
NASAW00012973,1978-03-08,Male
NASAW00012974,1972-08-27,Male
NASAW00012975,1972-10-15,Male
NASAW00012976,1972-12-18,Male
NASAW00012977,1978-02-19,Female
NASAW00012978,1934-05-15,Female
NASAW00012979,1966-02-16,Female
NASAW00012980,1965-02-10,Male
NASAW00012981,1964-10-13,Male
NASAW00012982,1974-11-13,Female
NASAW00012983,1969-12-17,Female
NASAW00012984,1963-08-06,Male
NASAW00012985,1963-11-08,Female
NASAW00012986,1964-03-06,Female
NASAW00012987,1980-05-08,Female
NASAW00012988,1980-01-23,Female
NASAW00012989,1975-05-13,Female
NASAW00012990,1975-04-14,Female
NASAW00012991,1979-03-09,Male
NASAW00012992,1979-10-18,Male
NASAW00012993,1979-12-23,Male
NASAW00012994,1975-10-07,Female
NASAW00012995,1976-03-01,Male
NASAW00012996,1975-11-10,Female
NASAW00012997,1973-11-08,Female
NASAW00012998,1979-01-07,Female
NASAW00012999,1972-12-17,Female
NASAW00013000,1980-09-16,Male
NASAW00013001,1975-03-06,Male
NASAW00013002,1973-02-18,Male
NASAW00013003,1978-01-16,Female
NASAW00013004,1972-10-31,Male
NASAW00013005,1972-02-12,Female
NASAW00013006,1971-10-19,Female
NASAW00013007,1971-04-04,Female
NASAW00013008,1976-07-05,Male
NASAW00013009,1970-09-08,Female
NASAW00013010,1976-08-12,Female
NASAW00013011,1970-11-01,Female
NASAW00013012,1971-03-24,Female
NASAW00013013,1970-05-08,Male
NASAW00013014,1985-01-06,Male
NASAW00013015,1974-01-08,Female
NASAW00013016,1974-01-01,Male
NASAW00013017,1984-08-15,Male
NASAW00013018,1950-04-10,Male
NASAW00013019,1984-08-28,Female
NASAW00013020,1950-11-07,Male
NASAW00013021,1952-01-06,Female
NASAW00013022,1953-02-20,Male
NASAW00013023,1952-08-26,Female
NASAW00013024,1952-09-05,Male
NASAW00013025,1953-05-18,Male
NASAW00013026,1964-10-09,Female
NASAW00013027,1983-06-10,Male
NASAW00013028,1983-03-17,Male
NASAW00013029,1983-03-05,Female
NASAW00013030,1983-01-10,Female
NASAW00013031,1982-08-16,Male
NASAW00013032,1982-10-07,Male
NASAW00013033,1982-05-20,Male
NASAW00013034,1954-08-27,Female
NASAW00013035,1956-05-02,Female
NASAW00013036,1955-08-03,Female
NASAW00013037,1961-04-22,Male
NASAW00013038,1961-01-28,Male
NASAW00013039,1986-02-17,Female
NASAW00013040,1973-09-12,Male
NASAW00013041,1957-05-04,Male
NASAW00013042,1957-03-20,Female
NASAW00013043,1957-10-23,Female
NASAW00013044,1957-07-22,Female
NASAW00013045,1969-05-09,Female
NASAW00013046,1958-04-04,Male
NASAW00013047,1963-08-30,Male
NASAW00013048,1957-12-24,Female
NASAW00013049,1959-01-03,Female
NASAW00013050,1959-06-18,Male
NASAW00013051,1960-05-26,Male
NASAW00013052,9999-05-10,Male
NASAW00013053,1980-11-12,Male
NASAW00013054,1981-03-16,Male
NASAW00013055,1981-04-17,Male
NASAW00013056,1981-03-22,Female
NASAW00013057,1980-12-18,Female
NASAW00013058,1981-02-12,Male
NASAW00013059,1980-08-14,Male
NASAW00013060,1986-06-05,Male
NASAW00013061,1979-11-29,Male
NASAW00013062,1980-01-06,Male
NASAW00013063,1985-03-10,Female
NASAW00013064,1985-03-13,Male
NASAW00013065,1979-10-19,Female
NASAW00013066,1980-03-24,Male
NASAW00013067,1980-05-24,Female
NASAW00013068,1985-02-14,Female
NASAW00013069,1980-02-16,Male
NASAW00013070,1979-04-17,Female
NASAW00013071,1978-11-08,Male
NASAW00013072,1984-10-29,Female
NASAW00013073,1981-07-11,Female
NASAW00013074,1982-03-12,Female
NASAW00013075,1960-10-08,Male
NASAW00013076,1960-08-30,Male
NASAW00013077,1967-05-21,Male
NASAW00013078,1961-07-21,Female
NASAW00013079,1962-08-26,Male
NASAW00013080,1968-05-14,Female
NASAW00013081,1962-09-21,Female
NASAW00013082,1963-08-24,Male
NASAW00013083,1978-08-26,Female
NASAW00013084,1980-04-12,Male
NASAW00013085,1979-09-16,Male
NASAW00013086,1979-11-17,Male
NASAW00013087,1980-05-07,Male
NASAW00013088,1979-08-23,Female
NASAW00013089,1965-02-28,Female
NASAW00013090,1964-11-28,Male
NASAW00013091,1970-08-07,Female
NASAW00013092,1977-10-31,Male
NASAW00013093,1963-04-14,Female
NASAW00013094,1968-03-19,Male
NASAW00013095,1963-01-21,Male
NASAW00013096,1963-04-19,Male
NASAW00013097,1968-05-10,Male
NASAW00013098,1963-04-06,Male
NASAW00013099,1963-02-01,Male
NASAW00013100,1968-07-12,Male
NASAW00013101,1963-04-06,Male
NASAW00013102,1963-03-19,Female
NASAW00013103,1969-01-29,Male
NASAW00013104,1974-04-08,Male
NASAW00013105,1967-12-30,Female
NASAW00013106,1973-07-04,Female
NASAW00013107,1968-01-08,Female
NASAW00013108,1968-06-24,Male
NASAW00013109,1973-08-08,Female
NASAW00013110,1972-12-08,Male
NASAW00013111,1967-02-13,Female
NASAW00013112,1978-01-16,Female
NASAW00013113,1972-01-11,Male
NASAW00013114,1971-10-29,Female
NASAW00013115,1983-03-23,Male
NASAW00013116,1971-11-05,Male
NASAW00013117,1971-07-11,Female
NASAW00013118,1966-01-05,Female
NASAW00013119,1971-05-10,Female
NASAW00013120,1976-07-05,Male
NASAW00013121,1976-03-18,Female
NASAW00013122,1971-01-30,Female
NASAW00013123,1975-05-01,Female
NASAW00013124,1969-08-29,Male
NASAW00013125,1975-07-05,Male
NASAW00013126,1969-08-03,Female
NASAW00013127,1970-06-09,Male
NASAW00013128,1975-04-20,Female
NASAW00013129,1969-11-29,Female
NASAW00013130,1970-10-22,Male
NASAW00013131,1965-02-28,Female
NASAW00013132,1964-08-20,Male
NASAW00013133,1965-02-15,Male
NASAW00013134,1939-10-29,Female
NASAW00013135,1963-01-31,Male
NASAW00013136,1942-05-12,Female
NASAW00013137,1965-08-08,Female
NASAW00013138,1965-12-09,Female
NASAW00013139,1967-02-05,Female
NASAW00013140,1958-10-08,Female
NASAW00013141,1959-04-07,Male
NASAW00013142,1980-09-19,Male
NASAW00013143,1980-08-05,Female
NASAW00013144,1982-02-24,Female
NASAW00013145,1981-07-21,Male
NASAW00013146,1981-11-12,Female
NASAW00013147,1986-02-20,Male
NASAW00013148,1985-09-29,Male
NASAW00013149,1957-02-14,Female
NASAW00013150,1942-12-08,Female
NASAW00013151,1984-06-04,Male
NASAW00013152,1983-08-16,Female
NASAW00013153,1985-04-16,Male
NASAW00013154,1985-01-18,Male
NASAW00013155,1950-04-07,Male
NASAW00013156,1951-07-03,Male
NASAW00013157,1945-08-22,Female
NASAW00013158,1946-09-11,Female
NASAW00013159,1947-04-13,Male
NASAW00013160,1948-08-06,Male
NASAW00013161,1981-10-22,Male
NASAW00013162,1981-10-20,Female
NASAW00013163,1981-09-06,Male
NASAW00013164,1981-11-01,Female
NASAW00013165,1982-03-21,Male
NASAW00013166,1981-09-10,Male
NASAW00013167,1980-01-01,Male
NASAW00013168,1979-09-16,Female
NASAW00013169,1977-08-31,Male
NASAW00013170,1977-07-07,Male
NASAW00013171,1973-12-06,Female
NASAW00013172,1974-03-18,Female
NASAW00013173,1974-03-14,Male
NASAW00013174,1973-11-01,Female
NASAW00013175,1973-08-09,Male
NASAW00013176,1973-02-28,Male
NASAW00013177,1968-08-26,Female
NASAW00013178,1968-10-15,Female
NASAW00013179,1947-12-17,Male
NASAW00013180,1947-08-22,Female
NASAW00013181,1948-06-21,Male
NASAW00013182,1953-11-14,Male
NASAW00013183,1948-01-18,Male
NASAW00013184,1953-08-23,Male
NASAW00013185,1948-06-26,Male
NASAW00013186,1948-05-23,Male
NASAW00013187,1948-02-14,Male
NASAW00013188,1947-07-20,Male
NASAW00013189,1953-03-31,Female
NASAW00013190,1947-08-09,Male
NASAW00013191,1954-07-14,Female
NASAW00013192,1948-09-12,Male
NASAW00013193,1948-11-05,Male
NASAW00013194,1949-02-23,Male
NASAW00013195,1960-05-23,Male
NASAW00013196,1954-10-29,Female
NASAW00013197,1949-06-25,Female
NASAW00013198,1949-04-14,Female
NASAW00013199,1948-12-22,Male
NASAW00013200,1949-01-06,Female
NASAW00013201,1950-02-20,Male
NASAW00013202,1949-10-17,Female
NASAW00013203,1949-10-10,Female
NASAW00013204,1955-08-04,Female
NASAW00013205,1950-02-06,Male
NASAW00013206,1956-06-18,Female
NASAW00013207,1956-10-07,Male
NASAW00013208,1951-04-01,Female
NASAW00013209,1951-01-14,Female
NASAW00013210,1950-11-24,Male
NASAW00013211,1951-06-11,Male
NASAW00013212,1951-02-07,Male
NASAW00013213,1951-08-30,Female
NASAW00013214,1952-06-19,Male
NASAW00013215,1951-10-29,Female
NASAW00013216,1952-03-14,Female
NASAW00013217,1957-04-22,Male
NASAW00013218,1951-07-28,Female
NASAW00013219,1951-08-22,Male
NASAW00013220,1952-01-25,Female
NASAW00013221,1952-06-04,Female
NASAW00013222,1951-08-30,Male
NASAW00013223,1952-01-06,Male
NASAW00013224,1951-08-11,Female
NASAW00013225,1952-12-19,Male
NASAW00013226,1952-09-09,Female
NASAW00013227,1952-11-21,Male
NASAW00013228,1952-10-28,Male
NASAW00013229,1953-02-02,Male
NASAW00013230,1952-09-07,Female
NASAW00013231,1954-04-10,Female
NASAW00013232,1954-04-19,Female
NASAW00013233,1954-06-04,Male
NASAW00013234,1959-08-19,Male
NASAW00013235,1954-03-22,Male
NASAW00013236,1953-11-22,Male
NASAW00013237,1953-10-20,Male
NASAW00013238,1954-04-25,Male
NASAW00013239,1960-04-11,Male
NASAW00013240,1960-11-05,Male
NASAW00013241,1961-01-01,Female
NASAW00013242,1961-05-05,Male
NASAW00013243,1957-05-12,Female
NASAW00013244,1957-04-20,Male
NASAW00013245,1956-12-21,Male
NASAW00013246,1957-07-25,Female
NASAW00013247,1963-05-11,Male
NASAW00013248,1957-09-03,Female
NASAW00013249,1958-01-18,Male
NASAW00013250,1963-02-19,Female
NASAW00013251,1974-08-12,Male
NASAW00013252,1963-12-31,Female
NASAW00013253,1974-11-13,Female
NASAW00013254,1963-07-23,Female
NASAW00013255,1962-09-23,Male
NASAW00013256,1963-05-13,Female
NASAW00013257,1963-01-03,Male
NASAW00013258,1962-08-31,Female
NASAW00013259,1963-05-07,Male
NASAW00013260,1963-04-08,Male
NASAW00013261,1962-10-03,Female
NASAW00013262,1963-04-20,Male
NASAW00013263,1961-10-22,Female
NASAW00013264,1961-11-20,Female
NASAW00013265,1961-07-21,Male
NASAW00013266,1962-01-11,Male
NASAW00013267,1937-09-02,Male
NASAW00013268,1938-01-21,Female
NASAW00013269,1937-09-05,Female
NASAW00013270,1939-04-26,Male
NASAW00013271,1939-06-19,Male
NASAW00013272,1938-10-12,Female
NASAW00013273,1938-08-01,Female
NASAW00013274,1970-10-01,Male
NASAW00013275,1971-02-24,Male
NASAW00013276,1976-03-16,Female
NASAW00013277,1971-02-22,Male
NASAW00013278,1971-05-09,Male
NASAW00013279,1971-05-02,Female
NASAW00013280,1981-02-12,Female
NASAW00013281,1975-05-14,Male
NASAW00013282,1980-12-08,Female
NASAW00013283,1962-06-19,Male
NASAW00013284,1962-02-07,Female
NASAW00013285,1968-12-07,Female
NASAW00013286,1974-10-06,Female
NASAW00013287,1969-03-02,Male
NASAW00013288,1980-03-15,Male
NASAW00013289,1978-08-22,Female
NASAW00013290,1967-12-30,Male
NASAW00013291,1967-08-25,Female
NASAW00013292,1973-08-08,Female
NASAW00013293,1968-01-10,Female
NASAW00013294,1966-12-09,Female
NASAW00013295,1972-10-19,Female
NASAW00013296,1966-11-18,Male
NASAW00013297,1966-12-20,Male
NASAW00013298,1972-07-23,Female
NASAW00013299,1967-04-14,Female
NASAW00013300,1966-09-03,Male
NASAW00013301,1966-01-30,Female
NASAW00013302,1961-02-14,Male
NASAW00013303,1966-09-30,Male
NASAW00013304,1961-06-24,Female
NASAW00013305,1971-09-18,Male
NASAW00013306,1961-05-27,Female
NASAW00013307,1940-11-09,Female
NASAW00013308,1941-09-15,Female
NASAW00013309,1947-05-18,Female
NASAW00013310,1966-05-18,Male
NASAW00013311,1965-09-23,Female
NASAW00013312,1965-11-17,Female
NASAW00013313,1971-09-07,Female
NASAW00013314,1966-01-31,Male
NASAW00013315,1959-10-01,Male
NASAW00013316,1959-10-15,Male
NASAW00013317,1960-03-08,Male
NASAW00013318,1959-08-25,Female
NASAW00013319,1959-08-30,Male
NASAW00013320,1958-11-15,Female
NASAW00013321,1959-04-18,Female
NASAW00013322,1958-11-19,Female
NASAW00013323,1958-09-19,Male
NASAW00013324,1943-03-20,Female
NASAW00013325,1943-07-04,Male
NASAW00013326,1944-02-13,Male
NASAW00013327,1944-01-08,Female
NASAW00013328,1945-01-13,Male
NASAW00013329,1944-09-01,Male
NASAW00013330,1945-05-01,Female
NASAW00013331,1945-05-21,Female
NASAW00013332,1946-04-02,Male
NASAW00013333,1945-08-12,Female
NASAW00013334,1945-10-18,Female
NASAW00013335,1951-02-17,Female
NASAW00013336,1946-04-20,Female
NASAW00013337,1953-05-05,Female
NASAW00013338,1953-08-08,Female
NASAW00013339,1947-07-19,Female
NASAW00013340,1947-10-31,Female
NASAW00013341,1948-03-14,Male
NASAW00013342,1947-12-15,Male
NASAW00013343,1953-09-21,Female
NASAW00013344,1948-03-10,Female
NASAW00013345,1947-08-30,Male
NASAW00013346,1948-11-22,Male
NASAW00013347,1948-07-01,Female
NASAW00013348,1948-08-18,Male
NASAW00013349,1949-04-04,Female
NASAW00013350,1949-03-02,Male
NASAW00013351,1949-10-25,Female
NASAW00013352,1955-03-03,Male
NASAW00013353,1955-09-22,Female
NASAW00013354,1955-11-08,Male
NASAW00013355,1950-03-24,Male
NASAW00013356,1950-11-04,Female
NASAW00013357,1951-03-27,Male
NASAW00013358,1950-12-13,Female
NASAW00013359,1951-03-02,Male
NASAW00013360,1951-07-03,Female
NASAW00013361,1952-02-29,Male
NASAW00013362,1962-08-08,Female
NASAW00013363,1951-12-14,Female
NASAW00013364,1952-04-01,Female
NASAW00013365,1957-09-21,Male
NASAW00013366,1957-05-06,Male
NASAW00013367,1952-10-11,Female
NASAW00013368,1969-12-18,Male
NASAW00013369,1953-02-13,Female
NASAW00013370,1959-03-19,Male
NASAW00013371,1959-11-17,Female
NASAW00013372,1954-05-28,Male
NASAW00013373,1953-09-01,Female
NASAW00013374,1959-05-17,Male
NASAW00013375,1953-10-09,Male
NASAW00013376,1959-08-31,Male
NASAW00013377,1953-09-13,Male
NASAW00013378,1959-09-14,Female
NASAW00013379,1954-11-11,Female
NASAW00013380,1955-04-24,Female
NASAW00013381,1960-03-18,Female
NASAW00013382,1960-02-01,Male
NASAW00013383,1961-09-29,Female
NASAW00013384,1956-04-23,Male
NASAW00013385,1956-05-26,Female
NASAW00013386,1955-07-26,Male
NASAW00013387,1955-09-18,Female
NASAW00013388,1955-12-11,Male
NASAW00013389,1956-05-19,Female
NASAW00013390,1955-11-23,Female
NASAW00013391,1956-08-26,Female
NASAW00013392,1956-10-30,Male
NASAW00013393,1956-10-15,Male
NASAW00013394,1956-09-11,Male
NASAW00013395,1957-01-11,Male
NASAW00013396,1956-12-24,Male
NASAW00013397,1962-04-04,Male
NASAW00013398,1973-09-12,Male
NASAW00013399,1956-09-17,Male
NASAW00013400,1962-08-08,Female
NASAW00013401,1963-02-18,Female
NASAW00013402,1957-09-25,Male
NASAW00013403,1957-10-30,Female
NASAW00013404,1975-03-09,Male
NASAW00013405,1963-04-04,Male
NASAW00013406,1962-07-05,Male
NASAW00013407,1963-04-06,Female
NASAW00013408,1962-10-06,Female
NASAW00013409,1966-03-22,Male
NASAW00013410,1961-05-18,Female
NASAW00013411,1960-12-30,Female
NASAW00013412,1961-04-12,Male
NASAW00013413,1938-05-18,Male
NASAW00013414,1938-12-29,Male
NASAW00013415,1938-10-04,Male
NASAW00013416,1944-11-16,Male
NASAW00013417,2050-09-07,Male
NASAW00013418,1970-12-01,Male
NASAW00013419,1970-12-21,Female
NASAW00013420,1971-01-30,Female
NASAW00013421,1970-12-21,Female
NASAW00013422,1982-03-13,Female
NASAW00013423,1969-09-03,Male
NASAW00013424,1981-03-16,Female
NASAW00013425,1970-01-03,Male
NASAW00013426,1969-12-10,Female
NASAW00013427,1975-03-08,Male
NASAW00013428,1970-06-09,Male
NASAW00013429,1969-08-03,Female
NASAW00013430,1980-11-07,Male
NASAW00013431,1962-01-31,Male
NASAW00013432,1978-06-14,Male
NASAW00013433,1961-09-08,Female
NASAW00013434,1940-06-03,Female
NASAW00013435,1940-03-16,Female
NASAW00013436,1968-07-03,Female
NASAW00013437,1974-08-22,Male
NASAW00013438,1969-04-21,Female
NASAW00013439,1968-09-12,Male
NASAW00013440,1973-02-14,Female
NASAW00013441,1973-05-10,Male
NASAW00013442,1968-02-29,Female
NASAW00013443,1968-01-07,Female
NASAW00013444,1967-11-02,Female
NASAW00013445,1968-02-01,Male
NASAW00013446,1967-10-07,Female
NASAW00013447,1967-11-01,Female
NASAW00013448,1968-01-10,Female
NASAW00013449,1966-12-16,Male
NASAW00013450,1972-07-14,Female
NASAW00013451,1972-06-23,Female
NASAW00013452,1966-09-10,Female
NASAW00013453,1966-11-08,Female
NASAW00013454,1966-08-17,Male
NASAW00013455,1972-08-06,Female
NASAW00013456,1961-01-20,Female
NASAW00013457,1960-08-04,Male
NASAW00013458,1961-03-02,Female
NASAW00013459,1961-01-13,Male
NASAW00013460,1960-03-20,Female
NASAW00013461,1940-08-29,Male
NASAW00013462,1947-11-07,Male
NASAW00013463,1942-02-01,Female
NASAW00013464,1942-05-08,Female
NASAW00013465,1941-07-04,Female
NASAW00013466,1965-12-18,Male
NASAW00013467,1966-01-02,Male
NASAW00013468,1966-03-02,Female
NASAW00013469,1966-04-09,Male
NASAW00013470,1966-06-16,Female
NASAW00013471,1965-09-30,Male
NASAW00013472,1960-02-08,Male
NASAW00013473,1959-09-02,Male
NASAW00013474,1959-12-22,Female
NASAW00013475,1959-11-02,Male
NASAW00013476,1960-02-18,Male
NASAW00013477,1959-12-26,Female
NASAW00013478,1959-11-04,Female
NASAW00013479,1964-04-19,Female
NASAW00013480,1958-08-10,Female
NASAW00013481,1959-01-03,Male
NASAW00013482,1963-09-16,Female
NASAW00013483,1958-03-08,Male
NASAW00013484,1942-12-06,Male
NASAW00013485,1943-04-24,Male
NASAW00013486,1943-01-09,Female
NASAW00013487,1943-02-06,Female
NASAW00013488,1943-12-13,Female
NASAW00013489,1945-02-10,Female
NASAW00013490,1944-10-15,Male
NASAW00013491,1944-12-02,Female
NASAW00013492,1945-09-01,Male
NASAW00013493,1970-05-07,Female
NASAW00013494,1967-09-02,Male
NASAW00013495,1968-04-02,Male
NASAW00013496,1967-11-20,Male
NASAW00013497,1966-09-23,Female
NASAW00013498,1967-10-07,Male
NASAW00013499,1967-09-02,Female
NASAW00013500,1964-01-24,Female
NASAW00013501,1963-10-03,Male
NASAW00013502,1963-08-17,Female
NASAW00013503,1968-10-14,Male
NASAW00013504,1961-09-14,Female
NASAW00013505,1961-07-15,Female
NASAW00013506,1972-02-05,Male
NASAW00013507,1961-04-13,Female
NASAW00013508,1943-02-06,Female
NASAW00013509,1943-03-04,Male
NASAW00013510,1951-05-12,Male
NASAW00013511,1946-11-01,Male
NASAW00013512,1947-03-28,Female
NASAW00013513,1947-03-08,Female
NASAW00013514,1947-08-11,Female
NASAW00013515,1948-01-01,Female
NASAW00013516,1947-08-16,Male
NASAW00013517,1947-11-07,Male
NASAW00013518,1985-01-11,Male
NASAW00013519,1984-04-01,Male
NASAW00013520,1983-08-08,Female
NASAW00013521,1983-07-25,Female
NASAW00013522,1983-05-23,Male
NASAW00013523,1982-05-03,Female
NASAW00013524,1984-02-08,Female
NASAW00013525,1983-08-09,Female
NASAW00013526,1984-01-21,Female
NASAW00013527,1983-01-15,Female
NASAW00013528,1983-03-10,Female
NASAW00013529,1982-11-30,Female
NASAW00013530,1949-03-24,Female
NASAW00013531,1966-09-10,Male
NASAW00013532,1972-04-12,Female
NASAW00013533,1972-11-18,Male
NASAW00013534,1967-01-14,Female
NASAW00013535,1965-12-09,Male
NASAW00013536,1975-11-10,Female
NASAW00013537,1965-04-08,Female
NASAW00013538,1976-02-20,Female
NASAW00013539,1964-10-11,Male
NASAW00013540,1976-08-30,Female
NASAW00013541,1966-02-09,Female
NASAW00013542,1969-05-23,Female
NASAW00013543,1964-01-30,Male
NASAW00013544,1981-12-03,Female
NASAW00013545,1975-12-14,Male
NASAW00013546,1976-01-19,Male
NASAW00013547,1980-02-07,Female
NASAW00013548,1976-03-25,Female
NASAW00013549,1974-10-15,Male
NASAW00013550,1974-11-29,Male
NASAW00013551,1975-06-03,Male
NASAW00013552,1974-08-30,Male
NASAW00013553,1980-10-14,Female
NASAW00013554,1975-05-14,Female
NASAW00013555,1980-09-09,Female
NASAW00013556,1975-05-13,Female
NASAW00013557,1975-01-22,Female
NASAW00013558,1980-06-18,Female
NASAW00013559,1974-12-15,Female
NASAW00013560,1980-08-12,Male
NASAW00013561,1975-02-04,Male
NASAW00013562,1975-01-12,Male
NASAW00013563,1975-01-29,Male
NASAW00013564,1957-09-22,Female
NASAW00013565,1973-09-12,Female
NASAW00013566,1956-12-23,Female
NASAW00013567,1957-03-24,Female
NASAW00013568,1956-11-01,Male
NASAW00013569,1979-08-10,Male
NASAW00013570,1973-12-23,Male
NASAW00013571,1979-09-04,Male
NASAW00013572,1974-03-11,Male
NASAW00013573,1974-06-03,Male
NASAW00013574,1973-08-31,Female
NASAW00013575,1950-02-22,Female
NASAW00013576,1961-06-17,Female
NASAW00013577,1951-02-11,Male
NASAW00013578,1950-10-22,Male
NASAW00013579,1957-02-22,Male
NASAW00013580,1952-01-15,Female
NASAW00013581,1952-04-17,Male
NASAW00013582,1952-03-21,Female
NASAW00013583,1960-05-11,Male
NASAW00013584,1964-08-13,Male
NASAW00013585,1964-05-13,Female
NASAW00013586,1964-05-17,Male
NASAW00013587,1960-05-23,Female
NASAW00013588,1959-08-31,Female
NASAW00013589,1964-10-13,Male
NASAW00013590,1958-11-15,Male
NASAW00013591,1964-05-21,Female
NASAW00013592,1963-06-04,Female
NASAW00013593,1958-02-15,Female
NASAW00013594,1957-07-17,Female
NASAW00013595,1956-11-29,Male
NASAW00013596,1956-12-13,Male
NASAW00013597,1957-02-01,Male
NASAW00013598,1962-08-12,Male
NASAW00013599,1962-01-11,Female
NASAW00013600,1956-08-18,Female
NASAW00013601,1955-11-03,Female
NASAW00013602,1955-11-14,Female
NASAW00013603,1955-11-29,Female
NASAW00013604,1961-09-07,Male
NASAW00013605,1955-05-18,Male
NASAW00013606,1954-12-29,Male
NASAW00013607,1960-04-01,Male
NASAW00013608,1954-10-19,Female
NASAW00013609,1960-04-11,Male
NASAW00013610,1954-05-28,Male
NASAW00013611,1953-09-20,Male
NASAW00013612,1952-08-20,Female
NASAW00013613,1981-06-22,Male
NASAW00013614,1986-04-21,Female
NASAW00013615,1980-09-23,Female
NASAW00013616,1981-09-24,Male
NASAW00013617,1981-09-14,Male
NASAW00013618,1982-05-14,Male
NASAW00013619,1981-11-08,Male
NASAW00013620,1981-07-31,Male
NASAW00013621,1979-08-01,Female
NASAW00013622,1979-11-04,Male
NASAW00013623,1978-09-12,Male
NASAW00013624,1979-09-06,Female
NASAW00013625,1984-10-29,Male
NASAW00013626,1984-09-16,Male
NASAW00013627,1978-01-04,Female
NASAW00013628,1979-06-20,Female
NASAW00013629,1978-01-18,Female
NASAW00013630,1977-09-13,Female
NASAW00013631,1978-05-03,Male
NASAW00013632,1977-08-06,Female
NASAW00013633,1977-09-09,Male
NASAW00013634,1977-08-16,Female
NASAW00013635,1976-08-22,Male
NASAW00013636,1976-07-01,Male
NASAW00013637,1978-03-08,Female
NASAW00013638,1978-01-09,Female
NASAW00013639,1977-02-03,Male
NASAW00013640,1976-10-14,Female
NASAW00013641,1975-11-15,Male
NASAW00013642,1976-04-08,Female
NASAW00013643,1976-04-04,Male
NASAW00013644,1975-09-30,Female
NASAW00013645,1976-03-15,Male
NASAW00013646,1981-10-05,Male
NASAW00013647,1975-12-11,Male
NASAW00013648,1981-10-05,Male
NASAW00013649,1976-11-04,Female
NASAW00013650,1976-07-07,Male
NASAW00013651,1977-03-05,Male
NASAW00013652,1947-02-22,Female
NASAW00013653,1946-09-22,Male
NASAW00013654,1946-08-05,Male
NASAW00013655,1951-12-31,Male
NASAW00013656,1952-04-21,Female
NASAW00013657,1946-09-12,Female
NASAW00013658,1946-09-10,Male
NASAW00013659,1947-04-17,Male
NASAW00013660,1947-09-06,Male
NASAW00013661,1981-05-06,Male
NASAW00013662,1985-11-20,Male
NASAW00013663,1984-08-02,Male
NASAW00013664,1978-08-10,Male
NASAW00013665,1984-02-15,Female
NASAW00013666,1979-01-14,Female
NASAW00013667,1978-11-08,Male
NASAW00013668,1974-10-03,Male
NASAW00013669,1968-08-30,Female
NASAW00013670,1969-03-26,Female
NASAW00013671,1979-08-07,Male
NASAW00013672,1985-12-05,Male
NASAW00013673,1986-05-13,Female
NASAW00013674,1985-07-12,Male
NASAW00013675,1985-10-07,Male
NASAW00013676,1986-01-14,Male
NASAW00013677,1983-09-25,Female
NASAW00013678,1979-12-23,Male
NASAW00013679,1979-08-03,Female
NASAW00013680,1980-05-16,Female
NASAW00013681,1979-05-18,Male
NASAW00013682,1978-10-23,Male
NASAW00013683,1979-06-02,Female
NASAW00013684,1983-05-11,Male
NASAW00013685,1984-02-13,Female
NASAW00013686,1979-04-13,Male
NASAW00013687,1979-02-15,Male
NASAW00013688,1978-12-17,Male
NASAW00013689,1978-10-19,Female
NASAW00013690,1977-08-16,Female
NASAW00013691,1983-10-19,Female
NASAW00013692,1983-10-18,Male
NASAW00013693,1976-08-05,Male
NASAW00013694,1982-12-10,Female
NASAW00013695,1976-10-20,Male
NASAW00013696,1977-05-14,Female
NASAW00013697,1976-12-21,Male
NASAW00013698,1976-03-31,Female
NASAW00013699,1980-07-21,Female
NASAW00013700,1980-08-30,Male
NASAW00013701,1980-05-22,Female
NASAW00013702,1979-12-14,Female
NASAW00013703,1979-12-02,Female
NASAW00013704,1980-03-09,Female
NASAW00013705,1980-02-09,Male
NASAW00013706,1980-12-13,Female
NASAW00013707,1981-05-18,Male
NASAW00013708,1971-10-01,Female
NASAW00013709,1983-02-07,Male
NASAW00013710,1972-01-11,Female
NASAW00013711,1972-01-29,Male
NASAW00013712,1971-12-30,Female
NASAW00013713,1971-08-06,Male
NASAW00013714,1959-01-15,Female
NASAW00013715,1964-06-21,Male
NASAW00013716,1958-12-11,Male
NASAW00013717,1959-01-10,Female
NASAW00013718,1959-02-21,Male
NASAW00013719,1960-05-26,Male
NASAW00013720,1960-03-18,Male
NASAW00013721,1965-04-08,Male
NASAW00013722,1960-06-22,Male
NASAW00013723,1965-08-02,Male
NASAW00013724,1959-08-11,Male
NASAW00013725,1965-10-04,Male
NASAW00013726,1960-01-01,Male
NASAW00013727,1971-10-02,Female
NASAW00013728,1961-02-22,Female
NASAW00013729,1961-04-08,Male
NASAW00013730,1961-06-23,Male
NASAW00013731,1960-10-15,Female
NASAW00013732,1971-10-02,Female
NASAW00013733,1962-03-21,Female
NASAW00013734,1973-01-02,Female
NASAW00013735,1961-11-04,Male
NASAW00013736,1978-01-16,Male
NASAW00013737,1962-05-24,Male
NASAW00013738,1961-09-22,Male
NASAW00013739,1962-02-12,Male
NASAW00013740,1963-04-06,Female
NASAW00013741,1963-04-18,Female
NASAW00013742,1963-04-19,Male
NASAW00013743,1963-04-21,Female
NASAW00013744,1968-10-08,Male
NASAW00013745,1962-07-28,Male
NASAW00013746,1962-08-24,Female
NASAW00013747,1974-04-06,Male
NASAW00013748,1969-04-06,Male
NASAW00013749,1969-09-18,Male
NASAW00013750,1963-12-01,Male
NASAW00013751,1964-03-18,Female
NASAW00013752,1963-09-09,Female
NASAW00013753,1963-08-30,Female
NASAW00013754,1964-01-24,Female
NASAW00013755,1970-01-15,Male
NASAW00013756,1964-11-28,Female
NASAW00013757,1965-01-02,Female
NASAW00013758,1964-11-18,Female
NASAW00013759,1965-01-13,Male
NASAW00013760,1964-12-21,Male
NASAW00013761,1965-03-01,Male
NASAW00013762,1964-08-20,Male
NASAW00013763,1965-04-09,Female
NASAW00013764,1973-12-15,Female
NASAW00013765,1974-02-08,Male
NASAW00013766,1973-08-03,Male
NASAW00013767,1974-05-16,Female
NASAW00013768,1979-04-17,Male
NASAW00013769,1974-03-02,Male
NASAW00013770,1974-01-23,Male
NASAW00013771,1979-12-21,Male
NASAW00013772,1974-04-23,Female
NASAW00013773,1972-10-19,Female
NASAW00013774,1973-01-07,Male
NASAW00013775,1978-03-12,Female
NASAW00013776,1931-08-13,Male
NASAW00013777,1973-05-12,Male
NASAW00013778,1973-05-11,Male
NASAW00013779,1972-05-09,Male
NASAW00013780,1972-01-17,Female
NASAW00013781,1972-09-21,Female
NASAW00013782,1978-07-17,Female
NASAW00013783,1972-11-29,Male
NASAW00013784,1971-07-02,Male
NASAW00013785,1971-08-25,Male
NASAW00013786,1972-04-03,Male
NASAW00013787,1972-01-11,Male
NASAW00013788,1977-05-11,Female
NASAW00013789,1970-11-17,Female
NASAW00013790,1970-12-17,Female
NASAW00013791,1971-04-25,Female
NASAW00013792,1970-10-12,Male
NASAW00013793,1971-04-18,Male
NASAW00013794,1970-02-23,Female
NASAW00013795,1969-08-01,Male
NASAW00013796,1969-03-03,Female
NASAW00013797,1974-06-03,Male
NASAW00013798,1968-09-15,Female
NASAW00013799,1977-08-16,Male
NASAW00013800,1969-01-29,Male
NASAW00013801,1969-05-09,Female
NASAW00013802,1939-10-25,Female
NASAW00013803,1940-01-31,Female
NASAW00013804,1976-01-10,Female
NASAW00013805,1970-12-02,Male
NASAW00013806,1969-12-03,Male
NASAW00013807,1970-04-11,Male
NASAW00013808,1975-10-31,Male
NASAW00013809,1969-07-04,Female
NASAW00013810,1969-10-06,Female
NASAW00013811,1968-10-15,Female
NASAW00013812,1968-11-22,Female
NASAW00013813,1969-05-22,Female
NASAW00013814,1984-09-04,Female
NASAW00013815,1985-05-01,Female
NASAW00013816,1985-03-15,Female
NASAW00013817,1984-04-04,Female
NASAW00013818,1984-02-17,Female
NASAW00013819,1983-09-29,Male
NASAW00013820,1969-04-06,Male
NASAW00013821,1968-11-11,Male
NASAW00013822,1967-12-06,Male
NASAW00013823,1973-05-02,Female
NASAW00013824,1984-02-03,Female
NASAW00013825,1983-05-13,Male
NASAW00013826,1983-05-25,Female
NASAW00013827,1983-03-31,Male
NASAW00013828,1983-01-02,Female
NASAW00013829,1982-09-08,Male
NASAW00013830,1983-01-31,Female
NASAW00013831,1981-05-19,Male
NASAW00013832,1981-10-25,Female
NASAW00013833,1981-10-05,Male
NASAW00013834,1981-12-25,Female
NASAW00013835,1981-09-01,Female
NASAW00013836,1981-10-05,Male
NASAW00013837,1982-02-10,Female
NASAW00013838,1981-12-25,Female
NASAW00013839,1979-09-05,Male
NASAW00013840,1979-10-01,Male
NASAW00013841,1979-07-04,Male
NASAW00013842,1985-07-12,Male
NASAW00013843,1980-12-19,Male
NASAW00013844,1981-02-06,Male
NASAW00013845,1981-04-24,Male
NASAW00013846,1980-12-08,Female
NASAW00013847,1981-01-21,Male
NASAW00013848,1983-03-23,Female
NASAW00013849,1977-08-31,Male
NASAW00013850,1978-02-13,Male
NASAW00013851,1978-01-05,Male
NASAW00013852,1978-08-01,Male
NASAW00013853,1979-04-17,Male
NASAW00013854,1979-05-09,Male
NASAW00013855,1984-08-02,Female
NASAW00013856,1976-09-20,Male
NASAW00013857,1976-12-02,Female
NASAW00013858,1982-03-14,Female
NASAW00013859,1976-08-30,Female
NASAW00013860,1978-05-09,Female
NASAW00013861,1983-09-08,Female
NASAW00013862,1978-06-03,Male
NASAW00013863,1977-07-18,Male
NASAW00013864,1983-10-19,Female
NASAW00013865,1977-12-21,Female
NASAW00013866,1978-02-13,Female
NASAW00013867,1976-03-25,Male
NASAW00013868,1976-01-10,Female
NASAW00013869,1974-08-09,Female
NASAW00013870,1975-01-18,Male
NASAW00013871,1980-09-28,Female
NASAW00013872,1974-12-23,Female
NASAW00013873,1977-02-07,Male
NASAW00013874,1986-05-22,Female
NASAW00013875,1975-05-20,Female
NASAW00013876,1975-02-08,Male
NASAW00013877,1974-02-16,Male
NASAW00013878,1974-01-01,Male
NASAW00013879,1974-03-08,Male
NASAW00013880,1973-09-12,Male
NASAW00013881,1979-05-04,Female
NASAW00013882,1973-04-14,Female
NASAW00013883,1972-10-14,Male
NASAW00013884,1972-11-28,Female
NASAW00013885,1981-05-04,Male
NASAW00013886,1976-03-25,Female
NASAW00013887,1981-10-08,Male
NASAW00013888,1984-05-01,Male
NASAW00013889,1972-02-07,Male
NASAW00013890,1977-09-12,Female
NASAW00013891,1972-06-05,Male
NASAW00013892,1977-11-21,Male
NASAW00013893,1983-02-07,Male
NASAW00013894,1974-08-25,Female
NASAW00013895,1975-06-24,Female
NASAW00013896,1980-10-06,Female
NASAW00013897,1975-05-24,Male
NASAW00013898,1986-04-06,Male
NASAW00013899,1986-02-10,Male
NASAW00013900,1985-10-07,Male
NASAW00013901,1975-04-20,Male
NASAW00013902,1974-09-15,Male
NASAW00013903,1975-05-27,Male
NASAW00013904,1980-03-05,Female
NASAW00013905,1980-03-03,Male
NASAW00013906,1976-06-21,Female
NASAW00013907,1976-02-19,Female
NASAW00013908,1971-01-17,Female
NASAW00013909,1970-07-21,Female
NASAW00013910,1976-03-05,Female
NASAW00013911,1970-11-23,Female
NASAW00013912,1976-03-16,Female
NASAW00013913,1971-03-18,Female
NASAW00013914,1970-04-22,Female
NASAW00013915,1975-10-18,Female
NASAW00013916,1981-05-24,Male
NASAW00013917,1969-08-16,Male
NASAW00013918,1970-01-02,Male
NASAW00013919,1929-10-21,Female
NASAW00013920,1969-09-18,Female
NASAW00013921,1974-05-07,Male
NASAW00013922,1974-05-03,Male
NASAW00013923,1973-09-22,Male
NASAW00013924,1979-03-10,Female
NASAW00013925,1974-10-08,Male
NASAW00013926,1969-01-20,Male
NASAW00013927,1969-06-06,Male
NASAW00013928,1969-01-18,Male
NASAW00013929,1967-09-03,Male
NASAW00013930,1973-02-14,Female
NASAW00013931,1973-07-01,Male
NASAW00013932,1972-12-09,Male
NASAW00013933,1966-12-10,Female
NASAW00013934,1976-10-13,Male
NASAW00013935,1971-12-21,Female
NASAW00013936,1973-01-08,Male
NASAW00013937,1984-03-19,Female
NASAW00013938,1973-02-03,Male
NASAW00013939,1972-09-16,Male
NASAW00013940,1973-02-13,Female
NASAW00013941,1977-05-24,Female
NASAW00013942,1965-10-06,Male
NASAW00013943,1971-09-30,Female
NASAW00013944,1966-01-29,Male
NASAW00013945,1966-02-11,Female
NASAW00013946,1965-01-22,Male
NASAW00013947,1965-05-14,Female
NASAW00013948,1964-08-28,Female
NASAW00013949,1965-03-12,Male
NASAW00013950,1963-09-16,Female
NASAW00013951,1935-04-05,Male
NASAW00013952,1980-07-05,Male
NASAW00013953,1980-03-17,Female
NASAW00013954,1984-09-16,Male
NASAW00013955,1975-08-08,Male
NASAW00013956,1974-04-11,Female
NASAW00013957,1978-11-24,Female
NASAW00013958,1973-04-13,Female
NASAW00013959,1974-11-20,Female
NASAW00013960,1973-01-01,Female
NASAW00013961,1971-11-05,Female
NASAW00013962,1971-11-06,Female
NASAW00013963,1972-05-27,Female
NASAW00013964,1971-08-18,Female
NASAW00013965,1977-02-22,Male
NASAW00013966,1971-10-02,Male
NASAW00013967,1970-07-23,Male
NASAW00013968,1970-10-23,Female
NASAW00013969,1979-02-07,Male
NASAW00013970,1973-10-15,Male
NASAW00013971,1973-12-05,Female
NASAW00013972,1970-09-30,Male
NASAW00013973,1969-11-30,Female
NASAW00013974,1970-03-25,Female
NASAW00013975,1975-03-24,Male
NASAW00013976,1973-11-13,Male
NASAW00013977,1973-07-18,Female
NASAW00013978,1973-11-08,Female
NASAW00013979,1984-09-30,Female
NASAW00013980,1985-03-17,Female
NASAW00013981,1949-12-10,Female
NASAW00013982,1949-09-18,Male
NASAW00013983,1949-12-03,Male
NASAW00013984,1984-09-04,Male
NASAW00013985,1984-10-21,Female
NASAW00013986,1985-04-23,Female
NASAW00013987,1984-05-04,Male
NASAW00013988,1984-05-09,Male
NASAW00013989,1983-07-17,Female
NASAW00013990,1983-09-23,Female
NASAW00013991,1983-09-05,Male
NASAW00013992,1983-12-04,Male
NASAW00013993,1984-02-21,Male
NASAW00013994,1952-01-14,Male
NASAW00013995,1952-12-07,Female
NASAW00013996,1958-09-04,Female
NASAW00013997,1952-11-20,Female
NASAW00013998,1954-04-22,Male
NASAW00013999,1984-02-14,Male
NASAW00014000,1982-10-24,Male
NASAW00014001,1983-01-23,Male
NASAW00014002,1983-04-26,Female
NASAW00014003,1983-04-04,Male
NASAW00014004,1982-10-11,Female
NASAW00014005,1982-11-10,Male
NASAW00014006,1983-03-27,Female
NASAW00014007,1960-08-22,Female
NASAW00014008,1955-01-11,Female
NASAW00014009,1960-09-01,Female
NASAW00014010,1956-02-02,Male
NASAW00014011,1956-05-07,Male
NASAW00014012,1972-02-05,Male
NASAW00014013,1962-08-07,Male
NASAW00014014,1962-09-23,Female
NASAW00014015,1956-10-16,Male
NASAW00014016,1956-07-13,Male
NASAW00014017,1986-05-22,Female
NASAW00014018,1957-07-01,Female
NASAW00014019,1958-01-18,Female
NASAW00014020,1959-12-18,Female
NASAW00014021,1981-05-01,Female
NASAW00014022,1980-12-02,Female
NASAW00014023,1981-04-13,Female
NASAW00014024,1981-06-21,Female
NASAW00014025,1985-03-14,Male
NASAW00014026,1979-10-29,Female
NASAW00014027,1978-11-10,Male
NASAW00014028,1979-01-09,Female
NASAW00014029,1982-02-19,Female
NASAW00014030,1961-04-19,Male
NASAW00014031,1966-02-13,Male
NASAW00014032,1961-07-06,Male
NASAW00014033,1968-02-16,Female
NASAW00014034,1969-04-04,Male
NASAW00014035,1979-01-30,Male
NASAW00014036,1979-12-25,Female
NASAW00014037,1979-10-20,Female
NASAW00014038,1965-05-21,Female
NASAW00014039,1970-09-15,Male
NASAW00014040,1968-05-08,Female
NASAW00014041,1968-03-30,Female
NASAW00014042,1962-07-01,Female
NASAW00014043,1962-08-28,Female
NASAW00014044,1963-01-11,Male
NASAW00014045,1972-10-02,Female
NASAW00014046,1972-12-01,Female
NASAW00014047,1968-04-13,Female
NASAW00014048,1967-10-01,Male
NASAW00014049,1968-03-06,Female
NASAW00014050,1971-11-13,Male
NASAW00014051,1982-10-08,Male
NASAW00014052,1977-06-22,Male
NASAW00014053,1977-09-13,Female
NASAW00014054,1965-10-08,Male
NASAW00014055,1965-12-31,Male
NASAW00014056,1965-10-25,Male
NASAW00014057,1965-05-23,Male
NASAW00014058,1976-06-10,Male
NASAW00014059,1976-12-18,Male
NASAW00014060,1971-05-27,Male
NASAW00014061,1970-12-30,Female
NASAW00014062,1970-01-15,Female
NASAW00014063,1975-08-05,Female
NASAW00014064,1969-12-07,Female
NASAW00014065,1969-01-23,Male
NASAW00014066,1968-05-22,Female
NASAW00014067,1967-10-18,Male
NASAW00014068,1967-12-02,Male
NASAW00014069,1973-02-17,Female
NASAW00014070,1964-05-09,Male
NASAW00014071,1964-05-26,Male
NASAW00014072,1962-09-21,Male
NASAW00014073,1940-10-24,Male
NASAW00014074,1954-12-05,Female
NASAW00014075,1982-05-20,Male
NASAW00014076,1981-08-26,Male
NASAW00014077,1981-10-11,Male
NASAW00014078,1981-05-22,Male
NASAW00014079,1981-09-11,Female
NASAW00014080,1981-11-16,Female
NASAW00014081,1985-10-04,Female
NASAW00014082,1985-11-03,Male
NASAW00014083,1986-05-03,Male
NASAW00014084,1985-11-03,Male
NASAW00014085,1985-08-30,Male
NASAW00014086,1951-08-20,Male
NASAW00014087,1942-11-02,Male
NASAW00014088,1983-11-22,Female
NASAW00014089,1984-04-07,Female
NASAW00014090,1983-04-15,Female
NASAW00014091,1983-02-10,Male
NASAW00014092,1983-05-24,Male
NASAW00014093,1982-10-17,Female
NASAW00014094,1982-11-07,Female
NASAW00014095,1982-03-10,Female
NASAW00014096,1985-02-16,Male
NASAW00014097,1985-03-25,Male
NASAW00014098,1984-10-21,Female
NASAW00014099,1945-05-23,Male
NASAW00014100,1952-05-15,Female
NASAW00014101,1948-03-10,Male
NASAW00014102,1947-08-27,Female
NASAW00014103,1949-04-04,Female
NASAW00014104,1982-02-14,Female
NASAW00014105,1982-06-03,Male
NASAW00014106,1981-07-12,Female
NASAW00014107,1981-01-20,Female
NASAW00014108,1980-10-04,Male
NASAW00014109,1980-02-20,Male
NASAW00014110,1978-12-09,Male
NASAW00014111,1978-05-22,Male
NASAW00014112,1978-05-06,Male
NASAW00014113,1977-10-20,Female
NASAW00014114,1977-07-06,Female
NASAW00014115,1983-06-01,Female
NASAW00014116,1973-08-17,Female
NASAW00014117,1974-04-22,Female
NASAW00014118,1978-07-10,Female
NASAW00014119,1972-12-08,Female
NASAW00014120,1972-12-14,Female
NASAW00014121,1973-01-09,Male
NASAW00014122,1953-02-09,Female
NASAW00014123,1985-06-09,Male
NASAW00014124,1986-03-11,Male
NASAW00014125,1983-11-16,Male
NASAW00014126,1984-04-11,Male
NASAW00014127,1981-08-07,Female
NASAW00014128,1984-07-19,Male
NASAW00014129,1985-04-16,Female
NASAW00014130,1984-09-10,Female
NASAW00014131,1984-02-13,Male
NASAW00014132,1982-07-20,Male
NASAW00014133,1983-05-16,Male
NASAW00014134,1982-12-11,Female
NASAW00014135,1949-02-06,Male
NASAW00014136,1948-10-02,Male
NASAW00014137,1949-04-04,Female
NASAW00014138,1949-04-14,Male
NASAW00014139,1966-09-22,Female
NASAW00014140,1967-01-05,Female
NASAW00014141,1965-12-09,Female
NASAW00014142,1966-03-13,Male
NASAW00014143,1971-03-10,Female
NASAW00014144,1965-04-09,Male
NASAW00014145,1964-08-14,Male
NASAW00014146,1965-01-18,Female
NASAW00014147,1963-09-14,Male
NASAW00014148,1963-09-09,Male
NASAW00014149,1977-04-22,Male
NASAW00014150,1964-08-20,Male
NASAW00014151,1981-10-22,Female
NASAW00014152,1975-09-07,Male
NASAW00014153,1976-05-13,Male
NASAW00014154,1981-10-05,Male
NASAW00014155,1981-09-06,Female
NASAW00014156,1974-11-15,Male
NASAW00014157,1980-04-10,Male
NASAW00014158,1974-08-04,Male
NASAW00014159,1980-11-08,Male
NASAW00014160,1975-01-02,Female
NASAW00014161,1974-08-02,Female
NASAW00014162,1975-05-18,Male
NASAW00014163,1975-04-22,Female
NASAW00014164,1980-11-08,Female
NASAW00014165,1974-10-26,Female
NASAW00014166,1928-04-09,Female
NASAW00014167,1956-09-29,Female
NASAW00014168,1957-03-24,Male
NASAW00014169,1979-04-13,Female
NASAW00014170,1974-05-02,Female
NASAW00014171,1950-03-05,Female
NASAW00014172,1949-10-19,Female
NASAW00014173,1950-10-19,Female
NASAW00014174,1956-09-04,Male
NASAW00014175,1950-11-17,Female
NASAW00014176,1951-09-05,Female
NASAW00014177,1951-11-19,Male
NASAW00014178,1952-03-14,Female
NASAW00014179,1957-04-22,Female
NASAW00014180,1951-11-02,Male
NASAW00014181,1952-05-31,Female
NASAW00014182,1965-09-16,Male
NASAW00014183,1964-10-13,Female
NASAW00014184,1970-04-22,Male
NASAW00014185,1958-05-19,Male
NASAW00014186,1957-12-24,Female
NASAW00014187,1958-03-24,Male
NASAW00014188,1957-05-06,Female
NASAW00014189,1957-02-28,Female
NASAW00014190,1956-11-19,Female
NASAW00014191,1962-01-11,Male
NASAW00014192,1956-02-20,Male
NASAW00014193,1956-01-31,Female
NASAW00014194,1955-07-26,Female
NASAW00014195,1955-11-01,Male
NASAW00014196,1956-04-02,Female
NASAW00014197,1960-01-30,Male
NASAW00014198,1955-05-12,Female
NASAW00014199,1954-12-30,Male
NASAW00014200,1954-04-06,Female
NASAW00014201,1953-10-08,Female
NASAW00014202,1954-01-16,Male
NASAW00014203,1952-11-10,Male
NASAW00014204,1969-08-01,Female
NASAW00014205,1952-10-20,Male
NASAW00014206,1953-01-02,Male
NASAW00014207,1953-03-20,Male
NASAW00014208,1953-02-18,Male
NASAW00014209,1980-10-06,Male
NASAW00014210,1982-04-26,Female
NASAW00014211,1986-03-11,Female
NASAW00014212,1980-10-30,Male
NASAW00014213,1981-05-10,Female
NASAW00014214,1980-12-23,Female
NASAW00014215,1980-12-02,Female
NASAW00014216,1985-11-02,Male
NASAW00014217,1985-04-21,Male
NASAW00014218,1985-02-04,Male
NASAW00014219,1980-04-30,Female
NASAW00014220,1985-07-16,Female
NASAW00014221,1977-10-03,Male
NASAW00014222,1983-07-24,Female
NASAW00014223,1983-05-25,Male
NASAW00014224,1984-09-17,Female
NASAW00014225,1977-11-24,Female
NASAW00014226,1978-01-23,Female
NASAW00014227,1983-10-18,Female
NASAW00014228,1977-02-17,Male
NASAW00014229,1977-01-02,Male
NASAW00014230,1977-01-07,Male
NASAW00014231,1978-02-02,Female
NASAW00014232,1982-03-14,Male
NASAW00014233,1976-12-24,Male
NASAW00014234,1975-12-15,Female
NASAW00014235,1981-05-17,Male
NASAW00014236,1981-11-22,Female
NASAW00014237,1981-04-07,Female
NASAW00014238,1975-12-02,Male
NASAW00014239,1946-12-17,Female
NASAW00014240,1946-12-16,Female
NASAW00014241,1947-04-26,Female
NASAW00014242,1947-11-30,Male
NASAW00014243,1953-03-31,Female
NASAW00014244,1958-09-04,Female
NASAW00014245,1948-05-01,Female
NASAW00014246,1953-03-03,Male
NASAW00014247,1947-08-27,Male
NASAW00014248,1947-08-30,Female
NASAW00014249,1947-07-09,Male
NASAW00014250,1948-01-31,Male
NASAW00014251,1948-02-19,Male
NASAW00014252,1948-12-01,Female
NASAW00014253,1949-04-18,Male
NASAW00014254,1949-02-28,Female
NASAW00014255,1948-08-25,Male
NASAW00014256,1948-11-13,Female
NASAW00014257,1948-07-31,Male
NASAW00014258,1950-01-15,Female
NASAW00014259,1958-08-31,Male
NASAW00014260,1959-06-09,Male
NASAW00014261,1958-08-13,Female
NASAW00014262,1964-11-07,Male
NASAW00014263,1959-08-24,Female
NASAW00014264,1959-08-08,Male
NASAW00014265,1980-09-13,Male
NASAW00014266,1980-11-23,Male
NASAW00014267,1981-03-12,Female
NASAW00014268,1986-02-13,Female
NASAW00014269,1981-05-18,Male
NASAW00014270,1980-07-24,Male
NASAW00014271,1979-08-31,Male
NASAW00014272,1979-08-31,Female
NASAW00014273,1984-05-01,Male
NASAW00014274,1982-01-06,Male
NASAW00014275,1960-08-01,Male
NASAW00014276,1961-01-06,Female
NASAW00014277,1967-04-24,Male
NASAW00014278,1969-07-17,Female
NASAW00014279,1969-07-31,Female
NASAW00014280,1978-08-15,Male
NASAW00014281,1979-01-03,Male
NASAW00014282,1979-09-20,Female
NASAW00014283,1985-10-04,Male
NASAW00014284,1979-12-15,Male
NASAW00014285,1985-11-30,Female
NASAW00014286,1964-10-09,Female
NASAW00014287,1976-02-20,Male
NASAW00014288,1971-09-06,Female
NASAW00014289,1972-02-19,Female
NASAW00014290,1962-09-07,Male
NASAW00014291,1963-02-17,Male
NASAW00014292,1968-09-24,Female
NASAW00014293,1962-08-15,Male
NASAW00014294,1963-05-22,Male
NASAW00014295,1963-01-11,Female
NASAW00014296,1962-11-14,Male
NASAW00014297,1962-07-12,Female
NASAW00014298,1963-01-11,Female
NASAW00014299,1972-12-08,Male
NASAW00014300,1972-07-31,Male
NASAW00014301,1967-09-14,Male
NASAW00014302,1968-01-12,Female
NASAW00014303,1967-12-18,Female
NASAW00014304,1973-02-11,Female
NASAW00014305,1968-01-08,Male
NASAW00014306,1966-11-05,Male
NASAW00014307,1966-12-03,Male
NASAW00014308,1983-02-20,Female
NASAW00014309,1971-11-06,Male
NASAW00014310,1977-07-18,Male
NASAW00014311,1982-10-08,Male
NASAW00014312,1966-04-25,Female
NASAW00014313,1966-04-13,Male
NASAW00014314,1970-07-16,Female
NASAW00014315,1970-01-01,Male
NASAW00014316,1967-07-07,Male
NASAW00014317,1968-02-19,Male
NASAW00014318,1968-04-16,Male
NASAW00014319,1968-06-23,Female
NASAW00014320,1972-02-01,Female
NASAW00014321,1969-10-22,Male
NASAW00014322,1964-01-07,Female
NASAW00014323,1963-03-20,Male
NASAW00014324,1962-09-07,Female
NASAW00014325,1963-01-02,Female
NASAW00014326,1962-09-30,Male
NASAW00014327,1981-08-18,Male
NASAW00014328,1982-02-05,Female
NASAW00014329,1981-07-19,Female
NASAW00014330,1982-04-04,Male
NASAW00014331,1985-08-23,Male
NASAW00014332,1985-10-19,Female
NASAW00014333,1985-10-02,Male
NASAW00014334,1986-01-22,Male
NASAW00014335,1984-03-12,Female
NASAW00014336,1984-02-04,Male
NASAW00014337,1983-08-29,Female
NASAW00014338,1983-11-22,Female
NASAW00014339,1983-06-01,Female
NASAW00014340,1982-09-29,Female
NASAW00014341,1985-04-21,Male
NASAW00014342,1984-09-22,Female
NASAW00014343,1985-01-20,Male
NASAW00014344,1945-03-20,Male
NASAW00014345,1945-08-08,Female
NASAW00014346,1946-11-29,Female
NASAW00014347,1946-11-14,Female
NASAW00014348,1948-05-15,Male
NASAW00014349,1981-11-08,Female
NASAW00014350,1981-12-06,Female
NASAW00014351,1981-08-01,Female
NASAW00014352,1986-03-14,Female
NASAW00014353,1980-12-12,Female
NASAW00014354,1980-01-25,Male
NASAW00014355,1979-05-11,Male
NASAW00014356,1978-07-15,Female
NASAW00014357,1973-01-09,Male
NASAW00014358,1973-06-20,Female
NASAW00014359,1974-05-02,Male
NASAW00014360,1964-10-14,Female
NASAW00014361,1964-07-23,Male
NASAW00014362,1977-10-31,Male
NASAW00014363,1979-03-04,Female
NASAW00014364,1978-09-06,Male
NASAW00014365,1978-11-16,Male
NASAW00014366,1976-07-21,Female
NASAW00014367,1982-02-25,Female
NASAW00014368,1976-09-11,Male
NASAW00014369,1977-02-16,Male
NASAW00014370,1983-09-06,Female
NASAW00014371,1977-12-06,Male
NASAW00014372,1978-01-08,Female
NASAW00014373,1983-06-11,Male
NASAW00014374,1983-09-15,Male
NASAW00014375,1981-05-08,Female
NASAW00014376,1949-10-17,Female
NASAW00014377,1949-12-07,Female
NASAW00014378,1955-08-29,Male
NASAW00014379,1949-08-21,Male
NASAW00014380,1950-01-08,Female
NASAW00014381,1961-06-17,Female
NASAW00014382,1955-11-03,Male
NASAW00014383,1950-11-18,Male
NASAW00014384,1950-11-19,Female
NASAW00014385,1956-10-16,Female
NASAW00014386,1952-01-17,Female
NASAW00014387,1952-05-31,Female
NASAW00014388,1952-01-12,Female
NASAW00014389,1953-01-29,Male
NASAW00014390,1953-05-21,Male
NASAW00014391,1952-09-04,Male
NASAW00014392,1953-02-20,Male
NASAW00014393,1958-10-01,Male
NASAW00014394,1958-10-03,Male
NASAW00014395,1963-09-16,Male
NASAW00014396,1953-10-15,Female
NASAW00014397,1953-09-21,Female
NASAW00014398,1954-03-10,Male
NASAW00014399,1959-05-03,Male
NASAW00014400,1954-04-21,Male
NASAW00014401,1954-09-06,Male
NASAW00014402,1954-11-18,Female
NASAW00014403,1954-09-16,Female
NASAW00014404,1956-03-26,Female
NASAW00014405,1955-11-29,Male
NASAW00014406,1961-08-11,Female
NASAW00014407,1955-12-02,Male
NASAW00014408,1956-02-11,Female
NASAW00014409,1961-04-22,Male
NASAW00014410,1955-12-24,Female
NASAW00014411,1956-08-03,Female
NASAW00014412,1956-09-30,Female
NASAW00014413,1956-08-14,Female
NASAW00014414,1957-03-13,Female
NASAW00014415,1962-11-12,Male
NASAW00014416,1957-10-26,Female
NASAW00014417,1957-08-04,Male
NASAW00014418,1963-04-23,Female
NASAW00014419,1957-11-10,Female
NASAW00014420,1974-08-12,Female
NASAW00014421,1958-01-25,Female
NASAW00014422,1969-11-02,Female
NASAW00014423,1963-12-18,Female
NASAW00014424,1974-01-01,Female
NASAW00014425,1974-02-11,Male
NASAW00014426,1968-08-19,Female
NASAW00014427,1961-11-05,Male
NASAW00014428,1961-04-10,Female
NASAW00014429,1961-01-21,Female
NASAW00014430,1963-01-03,Female
NASAW00014431,1962-05-21,Female
NASAW00014432,1939-02-21,Male
NASAW00014433,1938-12-03,Female
NASAW00014434,1938-09-25,Female
NASAW00014435,1938-10-14,Female
NASAW00014436,1971-03-04,Male
NASAW00014437,1971-01-30,Male
NASAW00014438,1976-04-12,Female
NASAW00014439,1971-01-30,Male
NASAW00014440,1971-05-13,Male
NASAW00014441,1976-11-03,Male
NASAW00014442,1970-12-22,Female
NASAW00014443,1971-05-04,Male
NASAW00014444,1970-09-08,Male
NASAW00014445,1971-04-22,Male
NASAW00014446,1975-08-06,Male
NASAW00014447,1969-07-04,Female
NASAW00014448,1975-12-22,Female
NASAW00014449,1969-11-07,Male
NASAW00014450,1975-04-06,Male
NASAW00014451,1969-11-29,Male
NASAW00014452,1967-09-14,Male
NASAW00014453,1962-02-09,Male
NASAW00014454,1940-05-17,Female
NASAW00014455,1968-09-13,Female
NASAW00014456,1979-09-04,Male
NASAW00014457,1968-08-06,Male
NASAW00014458,1967-12-02,Male
NASAW00014459,1967-12-07,Male
NASAW00014460,1968-04-06,Male
NASAW00014461,1968-05-12,Female
NASAW00014462,1967-12-30,Female
NASAW00014463,1973-10-06,Female
NASAW00014464,1967-12-25,Female
NASAW00014465,1966-08-21,Male
NASAW00014466,1966-08-21,Male
NASAW00014467,1966-11-01,Male
NASAW00014468,1966-10-07,Female
NASAW00014469,1966-10-20,Female
NASAW00014470,1972-02-01,Male
NASAW00014471,1967-01-14,Male
NASAW00014472,1966-12-01,Female
NASAW00014473,1972-01-31,Male
NASAW00014474,1966-09-17,Female
NASAW00014475,1966-08-09,Female
NASAW00014476,1960-07-17,Male
NASAW00014477,1961-02-03,Female
NASAW00014478,1965-08-05,Female
NASAW00014479,1942-03-20,Female
NASAW00014480,1971-05-02,Male
NASAW00014481,1966-01-29,Female
NASAW00014482,1966-01-19,Male
NASAW00014483,1966-01-19,Female
NASAW00014484,1971-09-03,Female
NASAW00014485,1965-12-09,Female
NASAW00014486,1965-09-16,Male
NASAW00014487,1960-04-04,Male
NASAW00014488,1959-09-02,Male
NASAW00014489,1964-06-10,Male
NASAW00014490,1964-10-13,Male
NASAW00014491,1959-05-03,Male
NASAW00014492,1958-11-23,Male
NASAW00014493,1959-01-22,Female
NASAW00014494,1964-05-13,Male
NASAW00014495,1957-12-21,Male
NASAW00014496,1958-04-17,Female
NASAW00014497,1963-09-30,Female
NASAW00014498,1943-03-20,Female
NASAW00014499,1942-10-07,Male
NASAW00014500,1943-05-18,Female
NASAW00014501,1943-11-10,Male
NASAW00014502,1944-03-10,Female
NASAW00014503,1943-09-17,Female
NASAW00014504,1944-02-18,Female
NASAW00014505,1943-11-22,Male
NASAW00014506,1945-11-17,Female
NASAW00014507,1946-03-01,Male
NASAW00014508,1946-04-02,Female
NASAW00014509,1973-08-30,Female
NASAW00014510,1973-08-17,Male
NASAW00014511,1974-05-23,Female
NASAW00014512,1979-09-03,Male
NASAW00014513,1974-05-20,Female
NASAW00014514,1985-03-10,Female
NASAW00014515,1985-02-06,Female
NASAW00014516,1950-05-25,Male
NASAW00014517,1961-01-14,Female
NASAW00014518,1953-05-07,Female
NASAW00014519,1984-05-18,Female
NASAW00014520,1984-06-16,Female
NASAW00014521,1953-04-09,Male
NASAW00014522,1953-02-16,Male
NASAW00014523,1953-05-25,Female
NASAW00014524,1983-11-16,Female
NASAW00014525,1982-12-05,Female
NASAW00014526,1967-07-09,Female
NASAW00014527,1968-04-06,Male
NASAW00014528,1973-11-29,Male
NASAW00014529,1967-09-30,Female
NASAW00014530,1968-02-29,Male
NASAW00014531,1967-07-21,Female
NASAW00014532,1979-05-17,Female
NASAW00014533,1983-10-05,Male
NASAW00014534,1966-10-22,Female
NASAW00014535,1972-05-12,Male
NASAW00014536,1966-12-30,Female
NASAW00014537,1941-03-11,Male
NASAW00014538,1967-10-18,Female
NASAW00014539,1968-06-18,Female
NASAW00014540,1963-10-16,Male
NASAW00014541,1963-11-14,Male
NASAW00014542,1979-05-04,Male
NASAW00014543,1963-02-08,Female
NASAW00014544,1962-09-11,Male
NASAW00014545,1973-03-14,Female
NASAW00014546,1961-09-07,Female
NASAW00014547,1961-01-01,Male
NASAW00014548,1960-12-17,Female
NASAW00014549,1961-05-26,Male
NASAW00014550,1953-10-05,Female
NASAW00014551,1943-04-23,Female
NASAW00014552,1945-04-14,Female
NASAW00014553,1946-04-02,Female
NASAW00014554,1951-07-03,Male
NASAW00014555,1948-05-13,Female
NASAW00014556,1948-09-21,Male
NASAW00014557,1986-03-22,Male
NASAW00014558,1981-11-08,Female
NASAW00014559,1976-03-20,Female
NASAW00014560,1976-03-31,Male
NASAW00014561,1981-05-24,Male
NASAW00014562,1975-10-07,Male
NASAW00014563,1975-03-24,Male
NASAW00014564,1980-01-31,Female
NASAW00014565,1974-09-29,Female
NASAW00014566,1977-04-02,Female
NASAW00014567,1982-05-21,Male
NASAW00014568,1982-03-09,Female
NASAW00014569,1982-06-12,Male
NASAW00014570,1976-10-19,Female
NASAW00014571,1982-04-23,Female
NASAW00014572,1976-10-13,Female
NASAW00014573,1980-02-02,Female
NASAW00014574,1974-09-15,Female
NASAW00014575,1980-05-07,Female
NASAW00014576,1979-05-19,Female
NASAW00014577,1973-12-10,Female
NASAW00014578,1979-01-05,Male
NASAW00014579,1974-04-22,Male
NASAW00014580,1978-03-13,Male
NASAW00014581,1978-10-17,Male
NASAW00014582,1981-01-30,Male
NASAW00014583,1975-11-10,Female
NASAW00014584,1976-04-05,Female
NASAW00014585,1981-04-19,Female
NASAW00014586,1973-05-10,Female
NASAW00014587,1973-03-31,Female
NASAW00014588,1973-01-18,Male
NASAW00014589,1977-01-29,Female
NASAW00014590,1977-04-22,Female
NASAW00014591,1971-10-06,Male
NASAW00014592,1972-01-23,Female
NASAW00014593,1971-07-13,Male
NASAW00014594,1972-02-18,Female
NASAW00014595,1977-04-06,Female
NASAW00014596,1972-05-13,Female
NASAW00014597,1971-10-01,Male
NASAW00014598,1975-02-18,Female
NASAW00014599,1974-09-24,Male
NASAW00014600,1980-10-14,Female
NASAW00014601,1980-10-06,Male
NASAW00014602,1975-03-08,Female
NASAW00014603,1970-10-06,Female
NASAW00014604,1971-04-01,Male
NASAW00014605,1971-03-25,Female
NASAW00014606,1971-02-11,Female
NASAW00014607,1975-05-01,Male
NASAW00014608,1969-08-03,Male
NASAW00014609,1970-01-03,Female
NASAW00014610,1969-09-21,Female
NASAW00014611,1969-07-18,Female
NASAW00014612,1974-07-16,Male
NASAW00014613,1980-02-02,Male
NASAW00014614,1979-02-07,Male
NASAW00014615,1985-01-06,Female
NASAW00014616,1973-08-14,Female
NASAW00014617,1968-08-02,Male
NASAW00014618,1974-09-05,Female
NASAW00014619,1974-02-22,Male
NASAW00014620,1968-10-19,Female
NASAW00014621,1968-02-05,Female
NASAW00014622,1967-08-24,Male
NASAW00014623,1973-10-02,Male
NASAW00014624,1967-11-07,Female
NASAW00014625,1967-09-07,Male
NASAW00014626,1966-11-21,Male
NASAW00014627,1972-11-12,Male
NASAW00014628,1966-10-21,Male
NASAW00014629,1967-01-21,Male
NASAW00014630,1967-02-04,Male
NASAW00014631,1966-10-15,Male
NASAW00014632,1972-03-11,Male
NASAW00014633,1967-04-06,Male
NASAW00014634,1967-05-19,Female
NASAW00014635,1965-10-10,Male
NASAW00014636,1966-01-01,Female
NASAW00014637,1976-09-01,Male
NASAW00014638,1971-08-18,Male
NASAW00014639,1966-02-21,Male
NASAW00014640,1973-03-03,Female
NASAW00014641,1978-07-15,Male
NASAW00014642,1972-11-10,Male
NASAW00014643,1972-07-14,Male
NASAW00014644,1973-06-12,Female
NASAW00014645,1972-08-20,Male
NASAW00014646,1978-01-03,Male
NASAW00014647,1972-12-08,Male
NASAW00014648,1933-12-22,Male
NASAW00014649,1977-05-20,Female
NASAW00014650,1966-03-27,Male
NASAW00014651,1965-11-11,Female
NASAW00014652,1966-06-01,Male
NASAW00014653,1964-07-06,Male
NASAW00014654,1965-02-10,Male
NASAW00014655,1970-01-24,Female
NASAW00014656,1964-09-04,Male
NASAW00014657,1964-05-10,Male
NASAW00014658,1969-05-22,Female
NASAW00014659,1963-07-20,Male
NASAW00014660,1969-03-02,Female
NASAW00014661,1963-10-04,Female
NASAW00014662,1963-11-06,Male
NASAW00014663,1964-04-02,Male
NASAW00014664,1963-11-30,Female
NASAW00014665,1975-01-14,Male
NASAW00014666,1980-02-07,Male
NASAW00014667,1976-01-17,Female
NASAW00014668,1975-09-01,Male
NASAW00014669,1976-01-06,Female
NASAW00014670,1974-05-03,Female
NASAW00014671,1978-08-05,Female
NASAW00014672,1974-10-07,Male
NASAW00014673,1974-12-21,Male
NASAW00014674,1973-03-30,Female
NASAW00014675,1973-02-02,Female
NASAW00014676,1972-07-25,Male
NASAW00014677,1977-10-06,Male
NASAW00014678,1971-12-29,Female
NASAW00014679,1972-04-14,Female
NASAW00014680,1972-05-18,Male
NASAW00014681,1979-09-30,Female
NASAW00014682,1979-08-09,Female
NASAW00014683,1970-05-26,Female
NASAW00014684,1970-06-13,Male
NASAW00014685,1969-03-16,Male
NASAW00014686,1969-06-12,Female
NASAW00014687,1979-08-22,Female
NASAW00014688,1986-04-12,Female
NASAW00014689,1986-05-26,Female
NASAW00014690,1985-07-20,Male
NASAW00014691,1985-05-12,Male
NASAW00014692,1983-09-09,Female
NASAW00014693,1984-02-22,Male
NASAW00014694,1978-09-25,Female
NASAW00014695,1978-03-19,Male
NASAW00014696,1977-11-07,Male
NASAW00014697,1977-08-09,Male
NASAW00014698,1984-10-09,Female
NASAW00014699,1979-04-17,Male
NASAW00014700,1979-05-21,Male
NASAW00014701,1977-09-18,Male
NASAW00014702,1978-06-06,Male
NASAW00014703,1977-11-30,Male
NASAW00014704,1977-01-17,Female
NASAW00014705,1977-07-14,Female
NASAW00014706,1977-11-23,Female
NASAW00014707,1977-04-25,Female
NASAW00014708,1976-10-02,Female
NASAW00014709,1982-03-10,Male
NASAW00014710,1976-08-23,Female
NASAW00014711,1977-04-30,Female
NASAW00014712,1977-05-21,Male
NASAW00014713,1976-01-05,Male
NASAW00014714,1976-02-08,Female
NASAW00014715,1981-11-16,Male
NASAW00014716,1982-05-28,Female
NASAW00014717,1976-09-01,Female
NASAW00014718,1977-04-13,Male
NASAW00014719,1975-10-06,Male
NASAW00014720,1976-01-01,Female
NASAW00014721,1985-07-12,Male
NASAW00014722,1980-06-25,Female
NASAW00014723,1980-10-23,Male
NASAW00014724,1972-01-09,Male
NASAW00014725,1972-05-26,Male
NASAW00014726,1971-12-31,Male
NASAW00014727,1977-07-02,Female
NASAW00014728,1982-11-15,Female
NASAW00014729,1977-07-04,Female
NASAW00014730,1964-02-14,Male
NASAW00014731,1964-05-21,Male
NASAW00014732,1970-05-20,Female
NASAW00014733,1958-08-26,Male
NASAW00014734,1964-11-07,Male
NASAW00014735,1959-04-09,Female
NASAW00014736,1959-11-08,Male
NASAW00014737,1959-11-17,Male
NASAW00014738,1959-09-12,Male
NASAW00014739,1960-03-25,Male
NASAW00014740,1965-03-19,Female
NASAW00014741,1960-01-31,Female
NASAW00014742,1961-01-15,Female
NASAW00014743,1966-02-21,Male
NASAW00014744,1961-02-22,Male
NASAW00014745,1960-09-17,Male
NASAW00014746,1960-10-02,Female
NASAW00014747,1966-11-12,Male
NASAW00014748,1967-03-06,Male
NASAW00014749,1967-04-24,Male
NASAW00014750,1962-05-05,Female
NASAW00014751,1961-11-05,Female
NASAW00014752,1963-05-11,Male
NASAW00014753,1979-09-20,Male
NASAW00014754,1963-05-17,Male
NASAW00014755,1963-05-21,Male
NASAW00014756,1962-11-12,Male
NASAW00014757,1967-12-30,Female
NASAW00014758,1969-05-22,Female
NASAW00014759,1963-09-09,Female
NASAW00014760,1964-06-10,Male
NASAW00014761,1969-09-21,Female
NASAW00014762,1964-02-07,Female
NASAW00014763,1964-05-10,Male
NASAW00014764,1965-03-02,Male
NASAW00014765,1964-08-15,Male
NASAW00014766,1973-08-21,Male
NASAW00014767,1974-02-15,Female
NASAW00014768,1929-12-18,Male
NASAW00014769,1974-03-15,Female
NASAW00014770,1979-06-02,Male
NASAW00014771,1974-02-20,Female
NASAW00014772,1974-04-22,Female
NASAW00014773,1973-10-25,Male
NASAW00014774,1973-09-14,Male
NASAW00014775,1985-05-11,Female
NASAW00014776,1979-01-21,Male
NASAW00014777,1973-10-07,Female
NASAW00014778,1972-12-18,Female
NASAW00014779,1978-03-08,Male
NASAW00014780,1973-01-30,Female
NASAW00014781,1972-10-31,Male
NASAW00014782,1973-04-15,Male
NASAW00014783,1978-07-22,Female
NASAW00014784,1973-06-03,Male
NASAW00014785,1972-09-07,Male
NASAW00014786,1978-08-08,Male
NASAW00014787,1971-12-18,Female
NASAW00014788,1972-06-17,Male
NASAW00014789,1972-04-01,Female
NASAW00014790,1972-08-08,Male
NASAW00014791,1972-10-29,Female
NASAW00014792,1978-08-12,Male
NASAW00014793,1972-12-18,Male
NASAW00014794,1978-08-09,Male
NASAW00014795,1971-09-03,Female
NASAW00014796,1976-01-05,Male
NASAW00014797,1976-01-05,Male
NASAW00014798,1971-02-15,Female
NASAW00014799,1976-08-11,Female
NASAW00014800,1970-07-03,Female
NASAW00014801,1969-08-14,Female
NASAW00014802,1970-03-19,Female
NASAW00014803,1969-12-05,Female
NASAW00014804,1979-10-01,Female
NASAW00014805,1974-06-18,Female
NASAW00014806,1974-05-03,Male
NASAW00014807,1968-08-04,Female
NASAW00014808,1980-03-15,Female
NASAW00014809,1979-10-01,Male
NASAW00014810,1972-05-25,Male
NASAW00014811,1972-02-19,Female
NASAW00014812,1971-11-14,Male
NASAW00014813,1968-10-29,Female
NASAW00014814,1969-01-18,Female
NASAW00014815,1976-12-14,Female
NASAW00014816,1976-10-20,Female
NASAW00014817,1982-03-12,Female
NASAW00014818,1969-11-23,Female
NASAW00014819,1969-12-07,Female
NASAW00014820,1975-08-31,Male
NASAW00014821,1969-10-06,Male
NASAW00014822,1969-03-24,Female
NASAW00014823,1969-06-26,Male
NASAW00014824,1974-11-13,Male
NASAW00014825,1982-08-31,Female
NASAW00014826,1985-02-13,Female
NASAW00014827,1984-10-01,Male
NASAW00014828,1985-03-08,Male
NASAW00014829,1983-07-15,Female
NASAW00014830,1974-08-09,Female
NASAW00014831,1968-08-05,Male
NASAW00014832,1980-04-30,Male
NASAW00014833,1967-12-11,Female
NASAW00014834,1983-09-07,Female
NASAW00014835,1984-03-01,Female
NASAW00014836,1983-10-04,Male
NASAW00014837,1983-01-14,Male
NASAW00014838,1983-01-23,Male
NASAW00014839,1982-11-15,Female
NASAW00014840,1983-04-22,Female
NASAW00014841,1917-06-05,Male
NASAW00014842,1981-02-06,Female
NASAW00014843,1981-01-03,Male
NASAW00014844,1986-02-25,Male
NASAW00014845,1985-08-13,Female
NASAW00014846,1985-11-09,Female
NASAW00014847,1979-09-09,Female
NASAW00014848,1981-03-09,Male
NASAW00014849,1981-04-10,Male
NASAW00014850,1978-09-23,Female
NASAW00014851,1978-08-02,Female
NASAW00014852,1984-05-12,Male
NASAW00014853,1953-08-12,Male
NASAW00014854,1959-11-09,Female
NASAW00014855,1954-06-23,Female
NASAW00014856,1983-02-01,Female
NASAW00014857,1954-07-27,Female
NASAW00014858,1956-12-18,Male
NASAW00014859,1957-09-02,Male
NASAW00014860,1963-06-14,Male
NASAW00014861,1982-04-06,Female
NASAW00014862,1977-02-17,Male
NASAW00014863,1982-10-19,Female
NASAW00014864,1976-12-22,Female
NASAW00014865,1976-01-12,Male
NASAW00014866,1981-10-17,Female
NASAW00014867,1981-01-04,Female
NASAW00014868,1981-02-16,Female
NASAW00014869,1981-02-22,Female
NASAW00014870,1979-07-11,Female
NASAW00014871,1985-04-07,Male
NASAW00014872,1985-02-23,Male
NASAW00014873,1979-08-10,Male
NASAW00014874,1981-02-23,Female
NASAW00014875,1981-06-26,Female
NASAW00014876,1936-09-05,Male
NASAW00014877,1972-01-11,Male
NASAW00014878,1971-08-31,Male
NASAW00014879,1972-05-25,Female
NASAW00014880,1958-10-08,Female
NASAW00014881,1970-05-06,Male
NASAW00014882,1964-10-17,Female
NASAW00014883,1964-03-19,Female
NASAW00014884,1958-10-03,Female
NASAW00014885,1959-08-08,Female
NASAW00014886,1965-06-04,Female
NASAW00014887,1959-08-31,Female
NASAW00014888,1965-11-15,Female
NASAW00014889,1971-04-04,Male
NASAW00014890,1960-01-23,Male
NASAW00014891,1965-05-06,Male
NASAW00014892,1960-08-04,Female
NASAW00014893,1960-08-07,Female
NASAW00014894,1961-05-18,Male
NASAW00014895,1966-10-03,Male
NASAW00014896,1960-11-07,Female
NASAW00014897,1961-12-31,Male
NASAW00014898,1961-10-01,Female
NASAW00014899,1962-03-25,Male
NASAW00014900,1962-04-23,Female
NASAW00014901,1967-07-20,Female
NASAW00014902,1962-03-24,Female
NASAW00014903,1961-09-01,Female
NASAW00014904,1961-10-30,Male
NASAW00014905,1961-09-30,Male
NASAW00014906,1962-05-16,Male
NASAW00014907,1961-09-01,Female
NASAW00014908,1973-01-02,Female
NASAW00014909,1962-03-22,Male
NASAW00014910,1963-05-24,Female
NASAW00014911,1968-02-16,Female
NASAW00014912,1963-02-18,Female
NASAW00014913,1968-10-14,Female
NASAW00014914,1974-02-11,Female
NASAW00014915,1974-04-06,Female
NASAW00014916,1969-09-13,Female
NASAW00014917,1969-01-18,Male
NASAW00014918,1969-11-02,Female
NASAW00014919,1969-10-22,Male
NASAW00014920,1970-05-20,Male
NASAW00014921,1976-03-19,Female
NASAW00014922,1970-09-10,Female
NASAW00014923,1973-08-01,Male
NASAW00014924,1979-12-14,Female
NASAW00014925,1974-04-27,Female
NASAW00014926,1973-09-18,Male
NASAW00014927,1974-03-26,Female
NASAW00014928,1973-09-18,Male
NASAW00014929,1979-09-30,Male
NASAW00014930,1973-12-29,Female
NASAW00014931,1974-05-02,Male
NASAW00014932,1978-04-17,Male
NASAW00014933,1972-07-17,Male
NASAW00014934,1983-09-17,Male
NASAW00014935,1972-12-08,Male
NASAW00014936,1972-08-19,Male
NASAW00014937,1983-05-19,Male
NASAW00014938,1971-12-14,Female
NASAW00014939,1972-10-15,Male
NASAW00014940,1978-02-19,Female
NASAW00014941,1972-01-24,Female
NASAW00014942,1971-08-13,Female
NASAW00014943,1977-08-08,Female
NASAW00014944,1976-08-06,Male
NASAW00014945,1976-12-04,Female
NASAW00014946,1971-03-04,Male
NASAW00014947,1976-01-08,Male
NASAW00014948,1970-10-09,Male
NASAW00014949,1970-10-12,Male
NASAW00014950,1975-08-24,Female
NASAW00014951,1970-03-26,Female
NASAW00014952,1970-05-22,Female
NASAW00014953,1968-12-11,Female
NASAW00014954,1968-09-21,Female
NASAW00014955,1968-08-30,Male
NASAW00014956,1968-10-08,Female
NASAW00014957,1974-05-28,Female
NASAW00014958,1972-04-04,Male
NASAW00014959,1974-01-11,Male
NASAW00014960,1976-11-11,Male
NASAW00014961,1976-04-12,Female
NASAW00014962,1971-04-12,Male
NASAW00014963,1976-03-19,Female
NASAW00014964,1970-12-01,Male
NASAW00014965,1975-07-06,Male
NASAW00014966,1969-11-02,Male
NASAW00014967,1969-11-12,Female
NASAW00014968,1970-01-03,Male
NASAW00014969,1979-09-30,Male
NASAW00014970,1982-08-30,Male
NASAW00014971,1984-07-23,Female
NASAW00014972,1985-04-03,Female
NASAW00014973,1985-01-18,Female
NASAW00014974,1984-12-29,Male
NASAW00014975,1968-12-30,Male
NASAW00014976,1967-12-09,Male
NASAW00014977,1983-08-18,Female
NASAW00014978,1983-09-29,Male
NASAW00014979,1983-09-04,Male
NASAW00014980,1984-03-02,Female
NASAW00014981,1983-09-05,Female
NASAW00014982,1984-04-06,Female
NASAW00014983,1984-02-21,Male
NASAW00014984,1984-05-12,Female
NASAW00014985,1982-11-24,Female
NASAW00014986,1982-02-02,Male
NASAW00014987,1982-06-02,Female
NASAW00014988,1980-07-23,Female
NASAW00014989,1981-12-21,Female
NASAW00014990,1981-07-25,Male
NASAW00014991,1981-08-25,Male
NASAW00014992,1918-02-11,Male
NASAW00014993,1980-12-08,Male
NASAW00014994,1981-06-25,Male
NASAW00014995,1985-05-05,Female
NASAW00014996,1981-04-12,Male
NASAW00014997,1980-12-02,Male
NASAW00014998,1979-10-14,Male
NASAW00014999,1978-11-03,Female
NASAW00015000,1978-11-19,Female
NASAW00015001,1978-08-31,Female
NASAW00015002,1978-10-04,Female
NASAW00015003,1984-09-17,Male
NASAW00015004,1979-06-04,Female
NASAW00015005,1984-03-19,Male
NASAW00015006,1984-05-20,Female
NASAW00015007,1983-02-18,Female
NASAW00015008,1983-05-27,Male
NASAW00015009,1982-12-08,Female
NASAW00015010,1983-03-12,Male
NASAW00015011,1983-05-13,Female
NASAW00015012,1982-03-03,Female
NASAW00015013,1982-05-13,Female
NASAW00015014,1960-07-15,Male
NASAW00015015,1955-11-03,Male
NASAW00015016,1985-08-12,Male
NASAW00015017,1986-04-21,Female
NASAW00015018,1957-04-22,Female
NASAW00015019,1956-09-24,Female
NASAW00015020,1957-04-22,Female
NASAW00015021,1956-10-09,Male
NASAW00015022,1962-11-12,Female
NASAW00015023,1984-12-30,Male
NASAW00015024,1969-05-09,Male
NASAW00015025,1958-01-15,Female
NASAW00015026,1958-01-06,Female
NASAW00015027,1959-04-18,Male
NASAW00015028,1985-09-07,Female
NASAW00015029,1984-12-01,Male
NASAW00015030,1986-01-09,Male
NASAW00015031,1982-08-27,Male
NASAW00015032,1981-12-09,Female
NASAW00015033,1981-12-30,Female
NASAW00015034,1985-02-22,Male
NASAW00015035,1984-08-10,Male
NASAW00015036,1985-02-19,Male
NASAW00015037,1985-02-19,Male
NASAW00015038,1984-01-09,Male
NASAW00015039,1982-10-03,Female
NASAW00015040,1982-12-08,Male
NASAW00015041,1983-03-08,Female
NASAW00015042,1982-07-21,Male
NASAW00015043,1982-11-07,Male
NASAW00015044,1983-02-07,Female
NASAW00015045,1954-04-16,Female
NASAW00015046,1949-05-17,Female
NASAW00015047,1967-02-08,Female
NASAW00015048,1966-12-17,Female
NASAW00015049,1971-03-21,Male
NASAW00015050,1971-12-07,Male
NASAW00015051,1965-11-20,Male
NASAW00015052,1971-05-02,Female
NASAW00015053,1970-11-05,Male
NASAW00015054,1964-08-13,Male
NASAW00015055,1965-01-18,Male
NASAW00015056,1964-09-29,Female
NASAW00015057,1970-06-23,Female
NASAW00015058,1970-11-23,Male
NASAW00015059,1970-09-10,Female
NASAW00015060,1969-12-20,Male
NASAW00015061,1965-11-25,Female
NASAW00015062,1966-03-22,Female
NASAW00015063,1965-12-17,Female
NASAW00015064,1966-01-31,Male
NASAW00015065,1981-05-11,Male
NASAW00015066,1975-09-02,Female
NASAW00015067,1975-08-05,Female
NASAW00015068,1981-02-13,Female
NASAW00015069,1975-09-20,Male
NASAW00015070,1974-10-07,Male
NASAW00015071,1981-12-13,Female
NASAW00015072,1976-01-01,Female
NASAW00015073,1981-05-03,Female
NASAW00015074,1925-08-25,Female
NASAW00015075,1926-03-15,Female
NASAW00015076,1974-12-18,Female
NASAW00015077,1974-11-13,Female
NASAW00015078,1980-08-06,Male
NASAW00015079,1974-12-02,Male
NASAW00015080,1986-05-05,Female
NASAW00015081,1975-06-19,Female
NASAW00015082,1974-12-11,Male
NASAW00015083,1975-01-02,Female
NASAW00015084,1980-09-16,Female
NASAW00015085,1974-12-30,Female
NASAW00015086,1980-02-16,Female
NASAW00015087,1980-04-30,Female
NASAW00015088,1980-03-05,Female
NASAW00015089,1975-05-02,Male
NASAW00015090,1969-12-18,Male
NASAW00015091,1973-09-17,Male
NASAW00015092,1960-02-15,Male
NASAW00015093,1949-08-16,Male
NASAW00015094,1955-03-16,Female
NASAW00015095,1950-07-05,Female
NASAW00015096,1951-01-14,Male
NASAW00015097,1950-10-21,Female
NASAW00015098,1951-08-28,Female
NASAW00015099,1951-12-07,Male
NASAW00015100,1952-05-22,Female
NASAW00015101,1952-04-15,Male
NASAW00015102,1952-02-11,Male
NASAW00015103,1958-09-05,Male
NASAW00015104,1969-07-31,Female
NASAW00015105,1971-04-04,Female
NASAW00015106,1971-05-03,Male
NASAW00015107,1959-01-17,Male
NASAW00015108,1959-01-03,Female
NASAW00015109,1974-06-03,Female
NASAW00015110,1957-08-25,Female
NASAW00015111,1962-09-05,Female
NASAW00015112,1962-11-14,Female
NASAW00015113,1962-05-31,Male
NASAW00015114,1957-04-25,Female
NASAW00015115,1955-12-11,Male
NASAW00015116,1961-04-22,Female
NASAW00015117,1954-11-11,Female
NASAW00015118,1955-01-06,Male
NASAW00015119,1958-10-03,Male
NASAW00015120,1981-08-16,Female
NASAW00015121,1981-12-15,Male
NASAW00015122,1982-06-10,Female
NASAW00015123,1981-03-25,Male
NASAW00015124,1980-05-17,Female
NASAW00015125,1980-08-06,Male
NASAW00015126,1980-08-20,Male
NASAW00015127,1986-02-10,Male
NASAW00015128,1979-11-19,Female
NASAW00015129,1984-10-02,Female
NASAW00015130,1984-09-10,Male
NASAW00015131,1983-02-20,Female
NASAW00015132,1978-09-19,Female
NASAW00015133,1979-01-04,Male
NASAW00015134,1978-05-21,Female
NASAW00015135,1983-02-11,Male
NASAW00015136,1977-10-30,Female
NASAW00015137,1978-02-10,Male
NASAW00015138,1977-12-18,Female
NASAW00015139,1976-10-29,Male
NASAW00015140,1977-03-05,Female
NASAW00015141,1977-04-20,Female
NASAW00015142,1977-11-09,Male
NASAW00015143,1976-12-14,Male
NASAW00015144,1976-10-01,Female
NASAW00015145,1977-01-15,Female
NASAW00015146,1976-12-09,Female
NASAW00015147,1982-03-12,Male
NASAW00015148,1976-01-06,Male
NASAW00015149,1981-08-23,Female
NASAW00015150,1975-11-21,Female
NASAW00015151,1982-12-10,Male
NASAW00015152,1976-12-12,Female
NASAW00015153,1977-04-02,Female
NASAW00015154,1977-03-06,Male
NASAW00015155,1947-03-08,Female
NASAW00015156,1946-08-22,Male
NASAW00015157,1946-07-11,Male
NASAW00015158,1946-12-11,Female
NASAW00015159,1947-02-12,Male
NASAW00015160,1947-07-20,Female
NASAW00015161,1948-02-13,Female
NASAW00015162,1948-04-01,Female
NASAW00015163,1948-01-03,Female
NASAW00015164,1949-05-25,Female
NASAW00015165,1949-01-08,Male
NASAW00015166,1949-03-10,Female
NASAW00015167,1948-09-20,Female
NASAW00015168,1950-06-06,Male
NASAW00015169,1958-10-03,Male
NASAW00015170,1976-10-13,Male
NASAW00015171,1959-11-08,Female
NASAW00015172,1986-02-10,Female
NASAW00015173,1981-04-13,Male
NASAW00015174,1980-09-05,Female
NASAW00015175,1984-11-21,Female
NASAW00015176,1978-08-29,Female
NASAW00015177,1979-02-16,Male
NASAW00015178,1961-01-15,Male
NASAW00015179,1961-07-06,Male
NASAW00015180,1961-07-22,Female
NASAW00015181,1973-01-30,Female
NASAW00015182,1967-08-23,Female
NASAW00015183,1979-01-13,Female
NASAW00015184,1963-10-25,Male
NASAW00015185,1964-02-07,Male
NASAW00015186,1969-07-17,Female
NASAW00015187,1979-05-03,Male
NASAW00015188,1979-09-07,Male
NASAW00015189,1985-08-11,Female
NASAW00015190,1980-02-16,Female
NASAW00015191,1980-02-16,Male
NASAW00015192,1965-04-23,Female
NASAW00015193,1971-09-15,Male
NASAW00015194,1977-11-20,Male
NASAW00015195,1972-03-06,Male
NASAW00015196,1977-06-22,Male
NASAW00015197,1963-03-19,Male
NASAW00015198,1968-09-28,Female
NASAW00015199,1962-09-08,Male
NASAW00015200,1962-08-10,Female
NASAW00015201,1962-09-05,Female
NASAW00015202,1963-04-25,Male
NASAW00015203,1968-09-13,Male
NASAW00015204,1973-01-18,Female
NASAW00015205,1973-06-20,Female
NASAW00015206,1972-10-09,Male
NASAW00015207,1973-06-12,Male
NASAW00015208,1968-04-03,Female
NASAW00015209,1979-01-13,Male
NASAW00015210,1968-06-24,Male
NASAW00015211,1966-09-03,Male
NASAW00015212,1967-01-11,Male
NASAW00015213,1967-01-03,Female
NASAW00015214,1972-05-15,Female
NASAW00015215,1972-03-24,Male
NASAW00015216,1965-12-14,Female
NASAW00015217,1971-02-15,Male
NASAW00015218,1971-03-06,Male
NASAW00015219,1976-02-19,Male
NASAW00015220,1975-09-07,Male
NASAW00015221,1975-03-08,Male
NASAW00015222,1975-09-12,Female
NASAW00015223,1975-11-24,Female
NASAW00015224,1975-02-05,Male
NASAW00015225,1965-06-08,Female
NASAW00015226,1980-04-30,Female
NASAW00015227,1968-12-12,Male
NASAW00015228,1969-05-01,Male
NASAW00015229,1968-02-29,Male
NASAW00015230,1973-12-14,Female
NASAW00015231,1967-10-08,Female
NASAW00015232,1972-07-14,Male
NASAW00015233,1972-03-06,Female
NASAW00015234,1964-01-22,Female
NASAW00015235,1971-06-22,Female
NASAW00015236,1965-11-04,Female
NASAW00015237,1976-10-11,Male
NASAW00015238,1967-10-13,Male
NASAW00015239,1962-03-07,Male
NASAW00015240,1959-04-06,Female
NASAW00015241,1964-05-23,Male
NASAW00015242,1959-02-19,Male
NASAW00015243,1981-11-30,Female
NASAW00015244,1981-12-03,Female
NASAW00015245,1981-11-25,Male
NASAW00015246,1981-10-05,Female
NASAW00015247,1981-05-10,Female
NASAW00015248,1982-06-27,Male
NASAW00015249,1985-08-11,Female
NASAW00015250,1986-05-13,Male
NASAW00015251,1985-08-21,Male
NASAW00015252,1985-08-13,Female
NASAW00015253,1952-01-14,Male
NASAW00015254,1985-08-23,Female
NASAW00015255,1983-12-02,Male
NASAW00015256,1983-08-23,Male
NASAW00015257,1983-09-22,Male
NASAW00015258,1983-11-04,Female
NASAW00015259,1983-04-03,Male
NASAW00015260,1983-02-18,Female
NASAW00015261,1950-12-17,Female
NASAW00015262,1945-11-17,Female
NASAW00015263,1946-06-19,Female
NASAW00015264,1946-06-19,Male
NASAW00015265,1946-02-15,Male
NASAW00015266,1946-10-08,Female
NASAW00015267,1948-04-03,Female
NASAW00015268,1953-10-04,Female
NASAW00015269,1981-11-17,Female
NASAW00015270,1982-02-03,Female
NASAW00015271,1981-12-01,Male
NASAW00015272,1981-12-30,Male
NASAW00015273,1981-11-11,Male
NASAW00015274,1982-01-22,Male
NASAW00015275,1982-04-22,Male
NASAW00015276,1985-06-02,Female
NASAW00015277,1979-12-02,Female
NASAW00015278,1985-08-30,Male
NASAW00015279,1980-06-25,Male
NASAW00015280,1973-12-11,Female
NASAW00015281,1972-10-19,Male
NASAW00015282,1969-01-17,Female
NASAW00015283,1978-05-22,Male
NASAW00015284,1983-03-10,Male
NASAW00015285,1983-02-07,Female
NASAW00015286,1979-03-31,Male
NASAW00015287,1978-10-21,Female
NASAW00015288,1978-09-25,Male
NASAW00015289,1983-02-10,Female
NASAW00015290,1983-07-24,Male
NASAW00015291,1982-10-19,Female
NASAW00015292,1976-12-14,Female
NASAW00015293,1982-03-07,Male
NASAW00015294,1977-02-05,Male
NASAW00015295,1976-09-20,Male
NASAW00015296,1976-12-10,Female
NASAW00015297,1976-11-11,Female
NASAW00015298,1983-09-08,Male
NASAW00015299,1983-10-19,Male
NASAW00015300,1978-05-09,Male
NASAW00015301,1977-08-18,Female
NASAW00015302,1978-01-09,Female
NASAW00015303,1950-04-22,Female
NASAW00015304,1950-05-23,Female
NASAW00015305,1951-04-18,Female
NASAW00015306,1951-03-19,Female
NASAW00015307,1956-04-21,Female
NASAW00015308,1961-10-05,Female
NASAW00015309,1951-01-30,Male
NASAW00015310,1951-05-18,Female
NASAW00015311,1956-07-17,Male
NASAW00015312,1951-01-12,Female
NASAW00015313,1952-04-26,Male
NASAW00015314,1952-02-02,Male
NASAW00015315,1952-04-15,Female
NASAW00015316,1953-04-09,Female
NASAW00015317,1958-05-16,Female
NASAW00015318,1953-03-20,Female
NASAW00015319,1952-07-03,Female
NASAW00015320,1969-04-11,Male
NASAW00015321,1952-10-31,Male
NASAW00015322,1958-08-06,Male
NASAW00015323,1953-09-20,Male
NASAW00015324,1953-11-18,Female
NASAW00015325,1959-05-17,Male
NASAW00015326,1959-09-14,Male
NASAW00015327,1954-06-15,Female
NASAW00015328,1954-05-22,Male
NASAW00015329,1954-04-18,Female
NASAW00015330,1955-02-22,Female
NASAW00015331,1960-08-22,Male
NASAW00015332,1960-04-04,Male
NASAW00015333,1955-05-05,Female
NASAW00015334,1955-11-01,Female
NASAW00015335,1955-08-03,Female
NASAW00015336,1956-03-20,Male
NASAW00015337,1961-05-24,Female
NASAW00015338,1955-12-29,Female
NASAW00015339,1955-12-29,Male
NASAW00015340,1956-11-03,Female
NASAW00015341,1957-05-11,Female
NASAW00015342,1956-10-18,Female
NASAW00015343,1957-03-06,Male
NASAW00015344,1956-09-04,Male
NASAW00015345,1956-11-12,Female
NASAW00015346,1956-09-10,Male
NASAW00015347,1957-12-25,Female
NASAW00015348,1958-05-19,Male
NASAW00015349,1963-11-07,Female
NASAW00015350,1963-08-30,Female
NASAW00015351,1957-10-12,Male
NASAW00015352,1964-01-17,Male
NASAW00015353,1963-12-31,Female
NASAW00015354,1962-08-07,Male
NASAW00015355,1961-07-17,Female
NASAW00015356,1960-10-16,Female
NASAW00015357,1966-10-18,Male
NASAW00015358,1937-09-22,Female
NASAW00015359,1938-10-05,Male
NASAW00015360,1938-12-20,Male
NASAW00015361,1938-11-15,Male
NASAW00015362,1976-12-02,Female
NASAW00015363,1970-08-26,Male
NASAW00015364,1970-08-21,Male
NASAW00015365,1976-10-20,Female
NASAW00015366,1976-12-18,Female
NASAW00015367,1969-07-04,Female
NASAW00015368,1969-08-07,Female
NASAW00015369,1967-02-17,Male
NASAW00015370,1961-12-31,Female
NASAW00015371,1961-09-01,Male
NASAW00015372,1967-07-16,Male
NASAW00015373,1939-10-17,Female
NASAW00015374,1940-04-10,Female
NASAW00015375,1940-03-14,Female
NASAW00015376,1974-05-02,Female
NASAW00015377,1969-01-01,Female
NASAW00015378,1968-09-02,Male
NASAW00015379,1969-05-22,Female
NASAW00015380,1968-04-06,Male
NASAW00015381,1967-11-07,Female
NASAW00015382,1973-05-07,Female
NASAW00015383,1968-04-26,Male
NASAW00015384,1966-08-23,Male
NASAW00015385,1972-06-10,Female
NASAW00015386,1966-09-05,Male
NASAW00015387,1966-08-13,Male
NASAW00015388,1966-07-19,Female
NASAW00015389,1967-03-06,Female
NASAW00015390,1960-10-31,Male
NASAW00015391,1966-03-16,Female
NASAW00015392,1960-02-16,Female
NASAW00015393,1941-03-31,Female
NASAW00015394,1947-04-03,Female
NASAW00015395,1966-04-16,Male
NASAW00015396,1971-10-30,Female
NASAW00015397,1965-12-05,Male
NASAW00015398,1966-04-12,Male
NASAW00015399,1960-01-29,Female
NASAW00015400,1960-03-18,Male
NASAW00015401,1960-02-13,Female
NASAW00015402,1960-02-13,Male
NASAW00015403,1965-09-02,Male
NASAW00015404,1959-10-31,Female
NASAW00015405,1958-09-21,Male
NASAW00015406,1958-11-23,Female
NASAW00015407,1964-09-02,Female
NASAW00015408,1959-04-25,Female
NASAW00015409,1958-01-31,Male
NASAW00015410,1957-12-20,Female
NASAW00015411,1948-11-03,Male
NASAW00015412,1942-12-12,Male
NASAW00015413,1943-03-04,Male
NASAW00015414,1945-03-02,Male
NASAW00015415,1944-11-10,Female
NASAW00015416,1945-08-18,Male
NASAW00015417,1952-06-01,Male
NASAW00015418,1974-04-04,Male
NASAW00015419,1979-01-13,Male
NASAW00015420,1974-04-01,Male
NASAW00015421,1973-08-31,Male
NASAW00015422,1985-01-06,Female
NASAW00015423,1984-10-23,Male
NASAW00015424,1984-12-09,Female
NASAW00015425,1955-09-22,Female
NASAW00015426,1949-08-16,Female
NASAW00015427,1985-05-17,Female
NASAW00015428,1984-10-28,Male
NASAW00015429,1984-10-16,Male
NASAW00015430,1983-12-07,Male
NASAW00015431,1983-09-14,Male
NASAW00015432,1984-02-15,Male
NASAW00015433,1984-02-15,Male
NASAW00015434,1950-07-19,Male
NASAW00015435,1952-04-10,Male
NASAW00015436,1952-03-19,Female
NASAW00015437,1952-12-19,Female
NASAW00015438,1952-09-07,Male
NASAW00015439,1959-01-11,Male
NASAW00015440,1979-09-20,Male
NASAW00015441,1971-08-17,Female
NASAW00015442,1967-12-25,Male
NASAW00015443,1967-09-23,Male
NASAW00015444,1967-08-09,Male
NASAW00015445,1968-06-11,Male
NASAW00015446,1972-05-19,Male
NASAW00015447,1966-11-08,Female
NASAW00015448,1967-04-24,Male
NASAW00015449,1940-08-14,Male
NASAW00015450,1941-12-08,Male
NASAW00015451,1967-11-16,Female
NASAW00015452,1964-02-16,Female
NASAW00015453,1969-08-07,Female
NASAW00015454,1961-03-02,Male
NASAW00015455,1945-10-07,Female
NASAW00015456,1946-04-13,Male
NASAW00015457,1946-08-28,Female
NASAW00015458,1953-06-23,Female
NASAW00015459,1947-10-11,Female
NASAW00015460,1953-02-09,Female
NASAW00015461,1947-11-10,Male
NASAW00015462,1949-02-23,Male
NASAW00015463,1949-05-18,Male
NASAW00015464,1985-10-02,Female
NASAW00015465,1986-03-03,Female
NASAW00015466,1975-07-08,Male
NASAW00015467,1976-01-30,Male
NASAW00015468,1976-05-09,Female
NASAW00015469,1981-10-24,Male
NASAW00015470,1981-02-17,Female
NASAW00015471,1974-09-05,Female
NASAW00015472,1980-10-14,Female
NASAW00015473,1974-10-13,Female
NASAW00015474,1974-10-30,Male
NASAW00015475,1980-10-14,Female
NASAW00015476,1975-05-01,Female
NASAW00015477,1975-02-08,Male
NASAW00015478,1977-02-15,Female
NASAW00015479,1977-02-17,Female
NASAW00015480,1977-01-19,Female
NASAW00015481,1982-08-21,Female
NASAW00015482,1976-08-07,Female
NASAW00015483,1976-11-04,Female
NASAW00015484,1976-12-17,Male
NASAW00015485,1975-05-19,Female
NASAW00015486,1975-03-23,Male
NASAW00015487,1975-03-09,Male
NASAW00015488,1974-09-24,Male
NASAW00015489,1974-01-23,Female
NASAW00015490,1973-08-02,Female
NASAW00015491,1979-04-20,Female
NASAW00015492,1985-04-14,Female
NASAW00015493,1979-09-16,Male
NASAW00015494,1974-05-14,Female
NASAW00015495,1972-11-14,Male
NASAW00015496,1973-03-07,Female
NASAW00015497,1972-09-01,Female
NASAW00015498,1975-08-08,Female
NASAW00015499,1976-06-22,Male
NASAW00015500,1975-07-25,Male
NASAW00015501,1975-12-19,Male
NASAW00015502,1978-10-15,Male
NASAW00015503,1978-08-22,Female
NASAW00015504,1972-09-29,Male
NASAW00015505,1972-08-06,Female
NASAW00015506,1982-09-20,Male
NASAW00015507,1972-03-27,Female
NASAW00015508,1972-02-05,Female
NASAW00015509,1971-08-23,Male
NASAW00015510,1977-10-20,Male
NASAW00015511,1974-08-11,Female
NASAW00015512,1975-01-29,Male
NASAW00015513,1975-04-19,Female
NASAW00015514,1974-11-16,Female
NASAW00015515,1974-10-08,Male
NASAW00015516,1980-10-14,Male
NASAW00015517,1980-01-19,Male
NASAW00015518,1975-03-12,Male
NASAW00015519,1927-05-10,Female
NASAW00015520,1970-12-17,Female
NASAW00015521,1976-05-21,Female
NASAW00015522,1976-09-03,Male
NASAW00015523,1969-08-07,Male
NASAW00015524,1975-09-12,Male
NASAW00015525,1975-02-08,Female
NASAW00015526,1969-12-17,Female
NASAW00015527,1969-10-06,Female
NASAW00015528,1979-10-01,Male
NASAW00015529,1969-01-01,Male
NASAW00015530,1968-09-30,Female
NASAW00015531,1968-12-11,Male
NASAW00015532,1968-08-03,Male
NASAW00015533,1979-09-06,Female
NASAW00015534,1969-03-21,Male
NASAW00015535,1969-04-30,Male
NASAW00015536,1974-08-09,Female
NASAW00015537,1968-07-22,Female
NASAW00015538,1969-02-24,Male
NASAW00015539,1967-07-23,Male
NASAW00015540,1973-04-04,Male
NASAW00015541,1967-10-05,Female
NASAW00015542,1973-04-18,Female
NASAW00015543,1967-09-23,Female
NASAW00015544,1968-06-12,Male
NASAW00015545,1972-02-07,Female
NASAW00015546,1966-11-18,Male
NASAW00015547,1967-04-05,Female
NASAW00015548,1966-03-12,Female
NASAW00015549,1972-12-03,Male
NASAW00015550,1978-05-17,Male
NASAW00015551,1973-01-02,Female
NASAW00015552,1972-12-28,Male
NASAW00015553,1972-12-08,Male
NASAW00015554,1973-03-01,Female
NASAW00015555,1966-04-22,Female
NASAW00015556,1976-11-08,Male
NASAW00015557,1966-02-11,Male
NASAW00015558,1965-09-29,Female
NASAW00015559,1970-05-22,Male
NASAW00015560,1964-09-17,Female
NASAW00015561,1970-01-24,Male
NASAW00015562,1976-04-15,Female
NASAW00015563,1970-07-10,Male
NASAW00015564,1970-02-21,Male
NASAW00015565,1964-08-06,Male
NASAW00015566,1970-09-21,Male
NASAW00015567,1964-12-21,Female
NASAW00015568,1963-07-11,Male
NASAW00015569,1974-08-22,Female
NASAW00015570,1975-02-05,Female
NASAW00015571,1975-03-06,Male
NASAW00015572,1963-09-16,Female
NASAW00015573,1969-08-21,Male
NASAW00015574,1969-01-17,Male
NASAW00015575,1985-01-06,Male
NASAW00015576,1976-03-18,Female
NASAW00015577,1975-08-25,Female
NASAW00015578,1981-08-16,Female
NASAW00015579,1973-07-04,Female
NASAW00015580,1979-02-20,Male
NASAW00015581,1973-10-25,Female
NASAW00015582,1974-01-18,Male
NASAW00015583,1974-03-28,Female
NASAW00015584,1972-10-14,Female
NASAW00015585,1978-03-05,Male
NASAW00015586,1975-02-24,Male
NASAW00015587,1980-10-10,Female
NASAW00015588,1980-07-03,Female
NASAW00015589,1974-10-13,Male
NASAW00015590,1974-09-24,Male
NASAW00015591,1975-03-22,Male
NASAW00015592,1983-10-01,Female
NASAW00015593,1973-03-18,Female
NASAW00015594,1978-03-05,Female
NASAW00015595,1971-08-05,Male
NASAW00015596,1971-07-02,Male
NASAW00015597,1971-08-06,Male
NASAW00015598,1971-04-20,Female
NASAW00015599,1970-11-18,Male
NASAW00015600,1974-05-02,Male
NASAW00015601,1979-08-09,Female
NASAW00015602,1979-01-14,Male
NASAW00015603,1975-09-02,Male
NASAW00015604,1970-06-13,Male
NASAW00015605,1970-02-21,Male
NASAW00015606,1970-06-10,Male
NASAW00015607,1975-09-19,Male
NASAW00015608,1984-05-10,Female
NASAW00015609,1985-08-11,Male
NASAW00015610,1986-04-11,Female
NASAW00015611,1984-02-08,Female
NASAW00015612,1983-10-05,Male
NASAW00015613,1984-03-14,Female
NASAW00015614,1980-05-13,Female
NASAW00015615,1984-08-12,Female
NASAW00015616,1984-05-14,Female
NASAW00015617,1984-08-02,Female
NASAW00015618,1978-08-26,Male
NASAW00015619,1978-09-23,Male
NASAW00015620,1978-11-16,Female
