cst_id,cst_key,cst_firstname,cst_lastname,cst_marital_status,cst_gndr,cst_create_date,email,place_of_residence,postal_code
11000,AW00011000,Jon,Yang,M,M,2008-12-01,jon.yang@cappo.com,Rome,57901
11001,AW00011001,Eugene,Huang,S,M,2008-12-01,eugene.huang@fountains.com,Tokyo,22911
11002,AW00011002,Ruben,Torres,M,M,2008-12-01,ruben.torres@mouse.com,Delhi,34634
11003,AW00011003,Christy,Zhu,S,F,2008-12-01,christy.zhu@winds.com,Shanghai,55255
11004,AW00011004,Elizabeth,Johnson,S,F,2008-12-01,elizabeth.johnson@towels.com,Shanghai,25379
11005,AW00011005,Julio,Ruiz,S,M,2008-12-01,julio.ruiz@cappo.com,Paris,53829
11006,AW00011006,Janet,Alvarez,S,F,2008-12-01,janet.alvarez@winds.com,Madrid,37876
11007,AW00011007,Marco,Mehta,M,M,2008-12-01,marco.mehta@hostinger.com,Moscow,33821
11008,AW00011008,Rob,Verhoff,S,F,2008-12-01,rob.verhoff@nappa.com,Tokyo,57480
11009,AW00011009,Shannon,Carlson,S,M,2008-12-01,shannon.carlson@winds.com,Istanbul,24169
11010,AW00011010,Jacquelyn,Suarez,S,F,2008-12-02,jacquelyn.suarez@circles.com,Moscow,43072
11011,AW00011011,Curtis,Lu,M,M,2008-12-02,curtis.lu@hostinger.com,Mumbai,23828
11012,AW00011012,Lauren,Walker,M,F,2008-12-02,lauren.walker@sticks.com,Jakarta,24773
11013,AW00011013,Ian,Jenkins,M,M,2008-12-02,ian.jenkins@nappa.com,Paris,35410
11014,AW00011014,Sydney,Bennett,S,F,2008-12-02,sydney.bennett@cappo.com,Istanbul,57437
11015,AW00011015,Chloe,Young,S,F,2008-12-02,chloe.young@nappa.com,Berlin,45392
11016,AW00011016,Wyatt,Hill,M,M,2008-12-02,wyatt.hill@hostinger.com,Bangkok,13792
11017,AW00011017,Shannon,Wang,S,F,2008-12-02,shannon.wang@papers.com,Seoul,57158
11018,AW00011018,Clarence,Rai,S,M,2008-12-03,clarence.rai@hostinger.com,Seoul,32949
11019,AW00011019,Luke,Lal,S,M,2008-12-03,luke.lal@winds.com,Mumbai,40173
11020,AW00011020,Jordan,King,S,M,2008-12-03,jordan.king@nappa.com,London,43429
11021,AW00011021,Destiny,Wilson,S,F,2008-12-03,destiny.wilson@hostinger.com,Tokyo,25485
11022,AW00011022,Ethan,Zhang,M,M,2008-12-03,ethan.zhang@hostinger.com,Bangkok,10896
11023,AW00011023,Seth,Edwards,M,M,2008-12-03,seth.edwards@winds.com,Moscow,33999
11024,AW00011024,Russell,Xie,M,M,2008-12-03,russell.xie@circles.com,Shanghai,31411
11025,AW00011025,Alejandro,Beck,M,M,2008-12-03,alejandro.beck@circles.com,Berlin,18210
11026,AW00011026,Harold,Sai,S,M,2008-12-03,harold.sai@winds.com,Delhi,24856
11027,AW00011027,Jessie,Zhao,M,M,2008-12-04,jessie.zhao@circles.com,Tokyo,23304
11028,AW00011028,Jill,Jimenez,M,F,2008-12-04,jill.jimenez@cappo.com,Madrid,31245
11029,AW00011029,Jimmy,Moreno,M,M,2008-12-04,jimmy.moreno@hostinger.com,Moscow,12785
11030,AW00011030,Bethany,Yuan,M,F,2008-12-04,bethany.yuan@winds.com,Rome,17095
11031,AW00011031,Theresa,Ramos,M,F,2008-12-04,theresa.ramos@mouse.com,Delhi,55299
11032,AW00011032,Denise,Stone,M,F,2008-12-04,denise.stone@winds.com,Rome,13348
11033,AW00011033,Jaime,Nath,M,M,2008-12-04,jaime.nath@sticks.com,Singapore,31648
11034,AW00011034,Ebony,Gonzalez,M,F,2008-12-05,ebony.gonzalez@hostinger.com,Paris,18664
11035,AW00011035,Wendy,Dominguez,M,F,2008-12-05,wendy.dominguez@cappo.com,Singapore,48441
11036,AW00011036,Jennifer,Russell,M,F,2008-12-05,jennifer.russell@winds.com,Delhi,39046
11037,AW00011037,Chloe,Garcia,S,F,2008-12-05,chloe.garcia@winds.com,Seoul,51977
11038,AW00011038,Diana,Hernandez,M,F,2008-12-05,diana.hernandez@cappo.com,Bangkok,40082
11039,AW00011039,Marc,Martin,M,M,2008-12-05,marc.martin@circles.com,Bangkok,41800
11040,AW00011040,Jesse,Murphy,M,M,2008-12-05,jesse.murphy@mouse.com,Madrid,39624
11041,AW00011041,Amanda,Carter,M,F,2008-12-05,amanda.carter@circles.com,Istanbul,34834
11042,AW00011042,Megan,Sanchez,M,F,2008-12-05,megan.sanchez@circles.com,London,30357
11043,AW00011043,Nathan,Simmons,M,M,2008-12-05,nathan.simmons@sticks.com,Jakarta,17664
11044,AW00011044,Adam,Flores,M,M,2008-12-05,adam.flores@cappo.com,Shanghai,15463
11045,AW00011045,Leonard,Nara,S,M,2008-12-05,leonard.nara@nappa.com,London,57249
11046,AW00011046,Christine,Yuan,M,F,2008-12-05,christine.yuan@nappa.com,Berlin,58272
11047,AW00011047,Jaclyn,Lu,M,F,2008-12-05,jaclyn.lu@hostinger.com,Tokyo,34764
11048,AW00011048,Jeremy,Powell,M,M,2008-12-05,jeremy.powell@nappa.com,Istanbul,35104
11049,AW00011049,Carol,Rai,S,F,2008-12-05,carol.rai@hostinger.com,Istanbul,20635
11050,AW00011050,Alan,Zheng,M,M,2008-12-05,alan.zheng@mouse.com,Tokyo,36749
11051,AW00011051,Daniel,Johnson,S,M,2008-12-05,daniel.johnson@fountains.com,Tokyo,27660
11052,AW00011052,Heidi,Lopez,S,F,2008-12-06,heidi.lopez@mouse.com,Mumbai,10806
11053,AW00011053,Ana,Price,M,F,2008-12-06,ana.price@papers.com,London,45819
11054,AW00011054,Deanna,Munoz,M,F,2008-12-06,deanna.munoz@sticks.com,Rome,25307
11055,AW00011055,Gilbert,Raje,M,M,2008-12-06,gilbert.raje@hostinger.com,Moscow,46408
11056,AW00011056,Michele,Nath,M,F,2008-12-07,michele.nath@winds.com,Tokyo,28357
11057,AW00011057,Carl,Andersen,M,M,2008-12-07,carl.andersen@towels.com,Delhi,16103
11058,AW00011058,Marc,Diaz,M,M,2008-12-07,marc.diaz@towels.com,Istanbul,21048
11059,AW00011059,Ashlee,Andersen,S,F,2008-12-08,ashlee.andersen@hostinger.com,Delhi,59445
11060,AW00011060,Jon,Zhou,M,M,2008-12-08,jon.zhou@sticks.com,Seoul,38808
11061,AW00011061,Todd,Gao,M,M,2008-12-08,todd.gao@mouse.com,Berlin,38515
11062,AW00011062,Noah,Powell,M,M,2008-12-08,noah.powell@nappa.com,Seoul,33725
11063,AW00011063,Angela,Murphy,S,F,2008-12-08,angela.murphy@mouse.com,Moscow,40321
11064,AW00011064,Chase,Reed,M,M,2008-12-08,chase.reed@papers.com,Tokyo,43468
11065,AW00011065,Jessica,Henderson,M,F,2008-12-09,jessica.henderson@nappa.com,Mumbai,54000
11066,AW00011066,Grace,Butler,M,F,2008-12-09,grace.butler@sticks.com,Berlin,29744
11067,AW00011067,Caleb,Carter,S,M,2008-12-09,caleb.carter@circles.com,Madrid,31992
11068,AW00011068,Tiffany,Liang,S,F,2008-12-09,tiffany.liang@mouse.com,Jakarta,42665
11069,AW00011069,Carolyn,Navarro,S,F,2008-12-09,carolyn.navarro@fountains.com,Tokyo,56054
11070,AW00011070,Willie,Raji,M,M,2008-12-09,willie.raji@cappo.com,Berlin,30653
11071,AW00011071,Linda,Serrano,S,F,2008-12-09,linda.serrano@circles.com,Istanbul,20069
11072,AW00011072,Casey,Luo,S,F,2008-12-09,casey.luo@hostinger.com,Istanbul,32999
11073,AW00011073,Amy,Ye,S,F,2008-12-10,amy.ye@circles.com,Madrid,36309
11074,AW00011074,Levi,Arun,S,M,2008-12-10,levi.arun@circles.com,Berlin,17492
11075,AW00011075,Felicia,Jimenez,S,F,2008-12-10,felicia.jimenez@nappa.com,Shanghai,17098
11076,AW00011076,Blake,Anderson,S,M,2008-12-10,blake.anderson@hostinger.com,Rome,25055
11077,AW00011077,Leah,Ye,S,F,2008-12-10,leah.ye@cappo.com,Berlin,26580
11078,AW00011078,Gina,Martin,S,F,2008-12-11,gina.martin@towels.com,Delhi,41361
11079,AW00011079,Donald,Gonzalez,S,M,2008-12-11,donald.gonzalez@mouse.com,Paris,25188
11080,AW00011080,Damien,Chander,M,M,2008-12-11,damien.chander@towels.com,Madrid,46552
11081,AW00011081,Savannah,Baker,M,F,2008-12-12,savannah.baker@fountains.com,Berlin,29762
11082,AW00011082,Angela,Butler,S,F,2008-12-12,angela.butler@sticks.com,Moscow,26082
11083,AW00011083,Alyssa,Cox,M,F,2008-12-12,alyssa.cox@cappo.com,Singapore,28823
11084,AW00011084,Lucas,Phillips,S,M,2008-12-12,lucas.phillips@circles.com,Delhi,16352
11085,AW00011085,Emily,Johnson,S,F,2008-12-12,emily.johnson@mouse.com,Rome,11584
11086,AW00011086,Ryan,Brown,M,M,2008-12-12,ryan.brown@hostinger.com,London,53166
11087,AW00011087,Tamara,Liang,M,F,2008-12-12,tamara.liang@sticks.com,Rome,42444
11088,AW00011088,Hunter,Davis,M,M,2008-12-12,hunter.davis@mouse.com,Tokyo,31371
11089,AW00011089,Abigail,Price,S,F,2008-12-12,abigail.price@circles.com,Madrid,48362
11090,AW00011090,Trevor,Bryant,S,M,2008-12-12,trevor.bryant@sticks.com,Tokyo,59109
11091,AW00011091,Dalton,Perez,M,M,2008-12-12,dalton.perez@hostinger.com,Seoul,38439
11092,AW00011092,Cheryl,Diaz,M,F,2008-12-12,cheryl.diaz@cappo.com,London,55878
11093,AW00011093,Aimee,He,M,F,2008-12-13,aimee.he@circles.com,Madrid,23349
11094,AW00011094,Cedric,Ma,S,M,2008-12-13,cedric.ma@papers.com,Mumbai,53099
11095,AW00011095,Chad,Kumar,S,M,2008-12-13,chad.kumar@sticks.com,Tokyo,42047
11096,AW00011096,Andrés,Anand,M,M,2008-12-13,andrés.anand@circles.com,Shanghai,33191
11097,AW00011097,Edwin,Nara,M,M,2008-12-13,edwin.nara@nappa.com,London,40213
11098,AW00011098,Mallory,Rubio,S,F,2008-12-13,mallory.rubio@mouse.com,Jakarta,34489
11099,AW00011099,Adam,Ross,M,M,2008-12-14,adam.ross@fountains.com,Singapore,14592
11100,AW00011100,Latasha,Navarro,S,F,2008-12-14,latasha.navarro@towels.com,Seoul,52464
11101,AW00011101,Abby,Sai,S,F,2008-12-14,abby.sai@nappa.com,Istanbul,39596
11102,AW00011102,Julia,Nelson,S,F,2008-12-14,julia.nelson@sticks.com,Singapore,17957
11103,AW00011103,Cassie,Chande,S,F,2008-12-14,cassie.chande@cappo.com,Tokyo,45791
11104,AW00011104,Edgar,Sara,M,M,2008-12-14,edgar.sara@sticks.com,Tokyo,41893
11105,AW00011105,Candace,Fernandez,S,F,2008-12-14,candace.fernandez@mouse.com,London,19929
11106,AW00011106,Jessie,Liu,S,M,2008-12-15,jessie.liu@circles.com,Seoul,11982
11107,AW00011107,Bianca,Lin,M,F,2008-12-15,bianca.lin@cappo.com,Berlin,26292
11108,AW00011108,Kari,Alvarez,S,F,2008-12-15,kari.alvarez@winds.com,Moscow,16437
11109,AW00011109,Ruben,Kapoor,S,M,2008-12-15,ruben.kapoor@nappa.com,Tokyo,21493
11110,AW00011110,Curtis,Yang,M,M,2008-12-15,curtis.yang@sticks.com,Rome,21412
11111,AW00011111,Meredith,Gutierrez,M,F,2008-12-15,meredith.gutierrez@towels.com,Moscow,15774
11112,AW00011112,Crystal,Wang,M,F,2008-12-16,crystal.wang@towels.com,Delhi,43620
11113,AW00011113,Micheal,Blanco,M,M,2008-12-16,micheal.blanco@nappa.com,Rome,28334
11114,AW00011114,Leslie,Moreno,S,F,2008-12-16,leslie.moreno@hostinger.com,Paris,25139
11115,AW00011115,Alvin,Cai,M,M,2008-12-16,alvin.cai@sticks.com,Mumbai,29166
11116,AW00011116,Clinton,Carlson,M,M,2008-12-16,clinton.carlson@fountains.com,Singapore,51692
11117,AW00011117,April,Deng,M,F,2008-12-16,april.deng@circles.com,Rome,18310
11118,AW00011118,Alvin,Zeng,S,M,2008-12-17,alvin.zeng@cappo.com,Istanbul,56964
11119,AW00011119,Evan,James,S,M,2008-12-17,evan.james@winds.com,Tokyo,32409
11120,AW00011120,Beth,Jiménez,S,F,2008-12-17,beth.jiménez@papers.com,Seoul,16043
11121,AW00011121,Orlando,Suarez,M,M,2008-12-17,orlando.suarez@sticks.com,Tokyo,38972
11122,AW00011122,Byron,Vazquez,M,M,2008-12-17,byron.vazquez@nappa.com,Madrid,49441
11123,AW00011123,Philip,Alvarez,M,M,2008-12-17,philip.alvarez@winds.com,Singapore,17804
11124,AW00011124,Ross,Jordan,S,M,2008-12-17,ross.jordan@nappa.com,Moscow,40178
11125,AW00011125,Dana,Navarro,S,F,2008-12-17,dana.navarro@circles.com,Shanghai,56504
11126,AW00011126,Shaun,Carson,M,M,2008-12-17,shaun.carson@papers.com,Tokyo,47475
11127,AW00011127,Jan,Edwards,M,F,2008-12-17,jan.edwards@nappa.com,Delhi,12934
11128,AW00011128,Samantha,Long,M,F,2008-12-18,samantha.long@winds.com,Shanghai,18174
11129,AW00011129,Julia,Wright,S,F,2008-12-18,julia.wright@mouse.com,Jakarta,58780
11130,AW00011130,Caroline,Russell,M,F,2008-12-18,caroline.russell@winds.com,Jakarta,20549
11131,AW00011131,Amanda,Rivera,M,F,2008-12-18,amanda.rivera@sticks.com,Jakarta,58886
11132,AW00011132,Melissa,Richardson,S,F,2008-12-18,melissa.richardson@nappa.com,Moscow,48848
11133,AW00011133,Angela,Griffin,S,F,2008-12-19,angela.griffin@nappa.com,Delhi,31137
11134,AW00011134,Larry,Townsend,S,M,2008-12-19,larry.townsend@fountains.com,Istanbul,48228
11135,AW00011135,Marcus,Harris,S,M,2008-12-19,marcus.harris@towels.com,Istanbul,26349
11136,AW00011136,Brianna,Morgan,S,F,2008-12-19,brianna.morgan@winds.com,Berlin,23622
11137,AW00011137,Jasmine,Taylor,M,F,2008-12-19,jasmine.taylor@towels.com,Mumbai,45976
11138,AW00011138,Lauren,Davis,M,F,2008-12-19,lauren.davis@winds.com,Singapore,44380
11139,AW00011139,Tanya,Moreno,S,F,2008-12-19,tanya.moreno@nappa.com,Istanbul,22686
11140,AW00011140,Javier,Alvarez,S,M,2008-12-19,javier.alvarez@winds.com,Shanghai,39647
11141,AW00011141,Nicole,Ramirez,M,F,2008-12-19,nicole.ramirez@winds.com,Mumbai,20372
11142,AW00011142,Eduardo,Patterson,S,M,2008-12-20,eduardo.patterson@nappa.com,Madrid,52636
11143,AW00011143,Jonathan,Henderson,M,M,2008-12-20,jonathan.henderson@nappa.com,Istanbul,17271
11144,AW00011144,Edward,Hernandez,S,M,2008-12-20,edward.hernandez@nappa.com,Madrid,59854
11145,AW00011145,Jasmine,Coleman,S,F,2008-12-20,jasmine.coleman@mouse.com,Jakarta,31716
11146,AW00011146,Karla,Goel,S,F,2008-12-20,karla.goel@hostinger.com,Moscow,37443
11147,AW00011147,Ernest,Wu,M,M,2008-12-20,ernest.wu@mouse.com,Istanbul,32408
11148,AW00011148,Ross,Vazquez,M,M,2008-12-20,ross.vazquez@nappa.com,Rome,42940
11149,AW00011149,Theodore,Gill,M,M,2008-12-20,theodore.gill@hostinger.com,Paris,47740
11150,AW00011150,Russell,Shen,S,M,2008-12-20,russell.shen@sticks.com,Singapore,16504
11151,AW00011151,Melinda,Gill,S,F,2008-12-20,melinda.gill@nappa.com,Madrid,36838
11152,AW00011152,James,Williams,S,M,2008-12-20,james.williams@cappo.com,Tokyo,36560
11153,AW00011153,Angela,James,M,F,2008-12-20,angela.james@nappa.com,Moscow,11868
11154,AW00011154,Megan,Walker,S,F,2008-12-21,megan.walker@hostinger.com,Rome,58704
11155,AW00011155,Hunter,Robinson,S,M,2008-12-21,hunter.robinson@nappa.com,Shanghai,43771
11156,AW00011156,Maria,Roberts,S,F,2008-12-21,maria.roberts@papers.com,Mumbai,56588
11157,AW00011157,Hannah,Long,M,F,2008-12-21,hannah.long@hostinger.com,London,22739
11158,AW00011158,Jason,Wright,S,M,2008-12-21,jason.wright@sticks.com,Delhi,16810
11159,AW00011159,Brianna,Hughes,S,F,2008-12-21,brianna.hughes@hostinger.com,Moscow,35330
11160,AW00011160,Maurice,Tang,S,,2008-12-21,maurice.tang@fountains.com,Moscow,44557
11161,AW00011161,Emily,Wood,S,,2008-12-21,emily.wood@mouse.com,Istanbul,50555
11162,AW00011162,Chase,Cox,S,,2008-12-21,chase.cox@mouse.com,Berlin,12689
11163,AW00011163,Gabriel,Wang,M,,2008-12-21,gabriel.wang@hostinger.com,Berlin,40663
11164,AW00011164,Devin,Brooks,S,,2008-12-22,devin.brooks@mouse.com,Singapore,20711
11165,AW00011165,Jocelyn,Alexander,M,,2008-12-22,jocelyn.alexander@nappa.com,Paris,59870
11166,AW00011166,Ashley,Martinez,S,,2008-12-22,ashley.martinez@fountains.com,Mumbai,36622
11167,AW00011167,Jasmine,Barnes,S,,2008-12-22,jasmine.barnes@fountains.com,Shanghai,37788
11168,AW00011168,David,Rodriguez,S,,2008-12-22,david.rodriguez@circles.com,Seoul,30353
11169,AW00011169,Bryce,Richardson,M,,2008-12-22,bryce.richardson@mouse.com,Moscow,19868
11170,AW00011170,Carol,Howard,M,,2008-12-22,carol.howard@towels.com,Rome,23182
11171,AW00011171,Jonathan,Hill,S,,2008-12-22,jonathan.hill@papers.com,Seoul,17369
11172,AW00011172,Gabrielle,Adams,M,,2008-12-23,gabrielle.adams@towels.com,Paris,24314
11173,AW00011173,Sarah,Thomas,S,,2008-12-23,sarah.thomas@mouse.com,Madrid,53175
11174,AW00011174,Nicholas,Robinson,M,,2008-12-23,nicholas.robinson@winds.com,Jakarta,31422
11175,AW00011175,Luis,Wang,S,,2008-12-23,luis.wang@hostinger.com,Mumbai,23147
11176,AW00011176,Mason,Roberts,M,,2008-12-23,mason.roberts@nappa.com,London,58199
11177,AW00011177,Jose,Flores,M,,2008-12-23,jose.flores@fountains.com,Berlin,57238
11178,AW00011178,Nathan,Johnson,M,,2008-12-23,nathan.johnson@winds.com,Bangkok,16733
11179,AW00011179,Molly,Rodriguez,M,,2008-12-23,molly.rodriguez@winds.com,Berlin,53131
11180,AW00011180,April,Anand,M,,2008-12-23,april.anand@circles.com,Paris,20123
11181,AW00011181,Devin,Martin,M,,2008-12-24,devin.martin@fountains.com,Berlin,41570
11182,AW00011182,Stephanie,Torres,S,,2008-12-24,stephanie.torres@fountains.com,Seoul,14704
11183,AW00011183,Jasmine,Lee,S,,2008-12-24,jasmine.lee@hostinger.com,Madrid,14684
11184,AW00011184,Meghan,Hernandez,S,,2008-12-24,meghan.hernandez@cappo.com,Madrid,34339
11185,AW00011185,Ashley,Henderson,S,,2008-12-24,ashley.henderson@sticks.com,Rome,52069
11186,AW00011186,Sarah,Price,S,,2008-12-24,sarah.price@sticks.com,Rome,59019
11187,AW00011187,Jennifer,Cooper,M,,2008-12-24,jennifer.cooper@nappa.com,Madrid,46727
11188,AW00011188,Catherine,Morris,M,,2008-12-24,catherine.morris@papers.com,Berlin,58942
11189,AW00011189,Lawrence,Blanco,S,,2008-12-25,lawrence.blanco@sticks.com,Rome,11253
11190,AW00011190,Carson,Bryant,M,,2008-12-25,carson.bryant@hostinger.com,London,39079
11191,AW00011191,Kristi,Perez,S,,2008-12-25,kristi.perez@sticks.com,Jakarta,45658
11192,AW00011192,James,Brown,M,,2008-12-25,james.brown@fountains.com,Madrid,47919
11193,AW00011193,Ian,Gray,M,,2008-12-25,ian.gray@winds.com,Rome,38316
11194,AW00011194,Jacqueline,Price,M,,2008-12-25,jacqueline.price@winds.com,Mumbai,56860
11195,AW00011195,Megan,Henderson,M,,2008-12-26,megan.henderson@sticks.com,Paris,31870
11196,AW00011196,Alfredo,Romero,M,,2008-12-26,alfredo.romero@hostinger.com,London,19050
11197,AW00011197,Andrea,Morris,M,,2008-12-26,andrea.morris@winds.com,Mumbai,14289
11198,AW00011198,Brooke,Sanders,S,,2008-12-26,brooke.sanders@hostinger.com,Rome,40627
11199,AW00011199,Jacqueline,Bennett,M,,2008-12-26,jacqueline.bennett@hostinger.com,Berlin,49310
11200,AW00011200,Jason,Griffin,M,,2008-12-26,jason.griffin@winds.com,Singapore,35084
11201,AW00011201,Amanda,Foster,M,,2008-12-26,amanda.foster@fountains.com,Tokyo,50838
11202,AW00011202,Alexia,Price,M,,2008-12-26,alexia.price@winds.com,Tokyo,58856
11203,AW00011203,Luis,Diaz,M,,2008-12-26,luis.diaz@circles.com,Jakarta,15829
11204,AW00011204,Destiny,Rivera,M,,2008-12-26,destiny.rivera@circles.com,Paris,24679
11205,AW00011205,Abby,Fernandez,M,,2008-12-26,abby.fernandez@nappa.com,Mumbai,52382
11206,AW00011206,Blake,Flores,M,,2008-12-26,blake.flores@papers.com,London,58928
11207,AW00011207,Danielle,Cox,S,,2008-12-27,danielle.cox@fountains.com,Delhi,40453
11208,AW00011208,Maria,Reed,M,,2008-12-27,maria.reed@mouse.com,Jakarta,57231
11209,AW00011209,Allison,Evans,M,,2008-12-27,allison.evans@towels.com,Mumbai,22732
11210,AW00011210,Edward,Wood,M,,2008-12-27,edward.wood@hostinger.com,Madrid,39073
11211,AW00011211,Samantha,Russell,M,,2008-12-27,samantha.russell@hostinger.com,Tokyo,57793
11212,AW00011212,Chloe,Campbell,M,,2008-12-27,chloe.campbell@mouse.com,Seoul,38098
11213,AW00011213,Stephanie,Murphy,S,,2008-12-27,stephanie.murphy@winds.com,Singapore,19062
11214,AW00011214,Charles,Miller,S,,2008-12-27,charles.miller@nappa.com,Paris,59229
11215,AW00011215,Ana,Perry,M,,2008-12-27,ana.perry@cappo.com,Paris,59248
11216,AW00011216,Jasmine,Torres,S,,2008-12-27,jasmine.torres@fountains.com,London,42776
11217,AW00011217,Natalie,Adams,S,,2008-12-27,natalie.adams@fountains.com,Delhi,20788
11218,AW00011218,Olivia,Brown,S,,2008-12-27,olivia.brown@fountains.com,Mumbai,24399
11219,AW00011219,Charles,Cook,M,,2008-12-28,charles.cook@hostinger.com,Mumbai,53942
11220,AW00011220,Erica,Huang,M,,2008-12-28,erica.huang@sticks.com,Madrid,42720
11221,AW00011221,Nathan,Perry,M,,2008-12-28,nathan.perry@towels.com,Moscow,18201
11222,AW00011222,Alexandra,Rivera,M,,2008-12-28,alexandra.rivera@hostinger.com,Jakarta,32828
11223,AW00011223,Hailey,Patterson,S,,2008-12-28,hailey.patterson@hostinger.com,Paris,20109
11224,AW00011224,Tiffany,Li,S,,2008-12-28,tiffany.li@circles.com,Rome,18797
11225,AW00011225,Madison,Lee,M,,2008-12-29,madison.lee@papers.com,Berlin,46078
11226,AW00011226,Sydney,Ross,M,,2008-12-29,sydney.ross@hostinger.com,Moscow,54142
11227,AW00011227,Marshall,Chavez,S,,2008-12-29,marshall.chavez@circles.com,Singapore,58124
11228,AW00011228,Ashley,Jones,M,,2008-12-29,ashley.jones@cappo.com,Rome,34681
11229,AW00011229,Adrian,Stewart,S,,2008-12-29,adrian.stewart@circles.com,Rome,58554
11230,AW00011230,Amber,Turner,M,,2008-12-30,amber.turner@mouse.com,London,25347
11231,AW00011231,Dennis,Zhang,M,,2008-12-30,dennis.zhang@winds.com,London,21149
11232,AW00011232,Hailey,Bryant,M,,2008-12-30,hailey.bryant@fountains.com,Delhi,52937
11233,AW00011233,Todd,Li,M,,2008-12-30,todd.li@cappo.com,Singapore,15126
11234,AW00011234,Anna,Griffin,S,,2008-12-30,anna.griffin@sticks.com,Mumbai,51942
11235,AW00011235,Angel,Stewart,M,,2008-12-30,angel.stewart@winds.com,Moscow,57474
11236,AW00011236,Jeremy,Butler,S,,2008-12-30,jeremy.butler@mouse.com,Moscow,50384
11237,AW00011237,Clarence,Anand,S,,2008-12-30,clarence.anand@winds.com,Berlin,36411
11238,AW00011238,Mayra,Prasad,S,,2008-12-30,mayra.prasad@cappo.com,Madrid,57182
11239,AW00011239,Latoya,Goel,M,,2008-12-30,latoya.goel@papers.com,Singapore,36693
11240,AW00011240,Anne,Hernandez,M,,2008-12-30,anne.hernandez@towels.com,Berlin,57379
11241,AW00011241,Lisa,Cai,S,,2008-12-30,lisa.cai@sticks.com,Paris,55995
11242,AW00011242,Larry,Munoz,M,,2008-12-31,larry.munoz@hostinger.com,Berlin,12887
11243,AW00011243,Robin,Alvarez,M,,2008-12-31,robin.alvarez@towels.com,Moscow,35405
11244,AW00011244,Alexis,Coleman,S,,2008-12-31,alexis.coleman@towels.com,Shanghai,39860
11245,AW00011245,Ricky,Vazquez,M,,2008-12-31,ricky.vazquez@mouse.com,Mumbai,17955
11246,AW00011246,Latasha,Rubio,M,,2008-12-31,latasha.rubio@mouse.com,Seoul,47449
11247,AW00011247,Claudia,Zhou,S,,2008-12-31,claudia.zhou@hostinger.com,Seoul,12503
11248,AW00011248,Tristan,Alexander,M,,2008-12-31,tristan.alexander@papers.com,Jakarta,51857
11249,AW00011249,Cindy,Patel,M,,2009-01-01,cindy.patel@fountains.com,Bangkok,25196
11250,AW00011250,Shannon,Liu,M,,2009-01-01,shannon.liu@hostinger.com,Jakarta,43905
11251,AW00011251,Xavier,Long,S,,2009-01-01,xavier.long@hostinger.com,Rome,35535
11252,AW00011252,Nicholas,Thompson,S,,2009-01-01,nicholas.thompson@fountains.com,Madrid,26108
11253,AW00011253,José,Hernandez,M,,2009-01-01,josé.hernandez@hostinger.com,Bangkok,26925
11254,AW00011254,Johnathan,Vance,M,,2009-01-01,johnathan.vance@winds.com,Rome,43335
11255,AW00011255,Colin,Lin,M,,2009-01-01,colin.lin@mouse.com,Seoul,54805
11256,AW00011256,Katelyn,Hernandez,M,,2009-01-02,katelyn.hernandez@hostinger.com,London,40756
11257,AW00011257,Jacqueline,Powell,S,,2009-01-02,jacqueline.powell@nappa.com,Seoul,50898
11258,AW00011258,Xavier,Hill,M,,2009-01-02,xavier.hill@sticks.com,Bangkok,16146
11259,AW00011259,Victoria,Stewart,M,,2009-01-02,victoria.stewart@papers.com,Jakarta,26500
11260,AW00011260,Katelyn,Kelly,M,,2009-01-02,katelyn.kelly@hostinger.com,Shanghai,51498
11261,AW00011261,Stephanie,Collins,M,,2009-01-02,stephanie.collins@towels.com,Tokyo,41321
11262,AW00011262,Jennifer,Simmons,M,,2009-01-02,jennifer.simmons@papers.com,Berlin,20226
11263,AW00011263,Trinity,Richardson,M,,2009-01-03,trinity.richardson@sticks.com,Rome,45901
11264,AW00011264,Eduardo,Martin,S,,2009-01-03,eduardo.martin@sticks.com,Rome,20483
11265,AW00011265,Elizabeth,Jones,M,,2009-01-03,elizabeth.jones@fountains.com,Bangkok,41049
11266,AW00011266,Taylor,Howard,S,,2009-01-03,taylor.howard@winds.com,Moscow,56294
11267,AW00011267,David,Diaz,S,,2009-01-03,david.diaz@sticks.com,Rome,12870
11268,AW00011268,Katelyn,Carter,M,,2009-01-03,katelyn.carter@papers.com,Rome,25667
11269,AW00011269,Ryan,Foster,M,,2009-01-03,ryan.foster@nappa.com,Tokyo,10788
11270,AW00011270,Robert,Lee,M,,2009-01-03,robert.lee@sticks.com,Jakarta,48909
11271,AW00011271,Danielle,Reed,S,,2009-01-03,danielle.reed@nappa.com,Tokyo,11483
11272,AW00011272,Lauren,Martinez,S,,2009-01-03,lauren.martinez@hostinger.com,Seoul,15093
11273,AW00011273,Nathan,Lal,M,,2009-01-03,nathan.lal@sticks.com,Madrid,24136
11274,AW00011274,Kyle,Foster,M,,2009-01-03,kyle.foster@fountains.com,Mumbai,43616
11275,AW00011275,Jenny,Rai,M,,2009-01-03,jenny.rai@nappa.com,Istanbul,57519
11276,AW00011276,Nancy,Chapman,M,,2009-01-04,nancy.chapman@nappa.com,Singapore,57056
11277,AW00011277,Charles,Jackson,M,,2009-01-04,charles.jackson@papers.com,Mumbai,28745
11278,AW00011278,Jonathan,Phillips,S,,2009-01-04,jonathan.phillips@mouse.com,Madrid,33421
11279,AW00011279,Amanda,Cook,M,,2009-01-04,amanda.cook@towels.com,Singapore,52531
11280,AW00011280,Robert,Collins,M,,2009-01-04,robert.collins@papers.com,Bangkok,18487
11281,AW00011281,Megan,Barnes,S,,2009-01-04,megan.barnes@mouse.com,Jakarta,17765
11282,AW00011282,Christian,Thomas,M,,2009-01-05,christian.thomas@towels.com,Madrid,52063
11283,AW00011283,Arturo,Lal,M,,2009-01-05,arturo.lal@winds.com,Seoul,21406
11284,AW00011284,Theresa,Serrano,M,,2009-01-05,theresa.serrano@fountains.com,Berlin,25733
11285,AW00011285,Jeremy,Anderson,M,,2009-01-05,jeremy.anderson@nappa.com,Moscow,55615
11286,AW00011286,Hunter,Griffin,M,,2009-01-05,hunter.griffin@circles.com,Madrid,36858
11287,AW00011287,Henry,Garcia,M,,2009-01-06,henry.garcia@sticks.com,Jakarta,46102
11288,AW00011288,Cindy,Sanchez,M,,2009-01-06,cindy.sanchez@cappo.com,Mumbai,12634
11289,AW00011289,Maria,Carter,M,,2009-01-06,maria.carter@mouse.com,Tokyo,52828
11290,AW00011290,Katelyn,Sanchez,M,,2009-01-06,katelyn.sanchez@towels.com,Istanbul,58561
11291,AW00011291,Jenna,Wright,M,,2009-01-06,jenna.wright@sticks.com,London,53718
11292,AW00011292,Seth,Phillips,S,,2009-01-06,seth.phillips@circles.com,Istanbul,13186
11293,AW00011293,Luke,Long,S,,2009-01-06,luke.long@cappo.com,Berlin,53697
11294,AW00011294,Dalton,Clark,M,,2009-01-07,dalton.clark@cappo.com,Madrid,18771
11295,AW00011295,Taylor,Lewis,S,,2009-01-07,taylor.lewis@nappa.com,Tokyo,13111
11296,AW00011296,Haley,Richardson,S,,2009-01-07,haley.richardson@sticks.com,Rome,15019
11297,AW00011297,Noah,Coleman,S,,2009-01-07,noah.coleman@hostinger.com,London,34358
11298,AW00011298,Jon,Luo,M,,2009-01-07,jon.luo@winds.com,Moscow,55449
11299,AW00011299,Orlando,Vazquez,M,,2009-01-07,orlando.vazquez@mouse.com,Shanghai,44385
11300,AW00011300,Fernando,Barnes,M,,2009-01-07,fernando.barnes@circles.com,Mumbai,46059
11301,AW00011301,Cameron,Rodriguez,M,,2009-01-08,cameron.rodriguez@circles.com,Shanghai,13027
11302,AW00011302,Spencer,Russell,S,,2009-01-08,spencer.russell@circles.com,Seoul,47048
11303,AW00011303,Julia,Coleman,S,,2009-01-08,julia.coleman@hostinger.com,Tokyo,42791
11304,AW00011304,Julia,Garcia,M,,2009-01-09,julia.garcia@mouse.com,Mumbai,50279
11305,AW00011305,Sean,Evans,M,,2009-01-09,sean.evans@nappa.com,Moscow,29136
11306,AW00011306,Micah,Zhou,M,,2009-01-09,micah.zhou@circles.com,Bangkok,22914
11307,AW00011307,Hunter,Rodriguez,M,,2009-01-09,hunter.rodriguez@hostinger.com,Jakarta,31478
11308,AW00011308,Ian,Gonzales,M,,2009-01-09,ian.gonzales@papers.com,Delhi,14481
11309,AW00011309,Victoria,Lewis,S,,2009-01-09,victoria.lewis@winds.com,Rome,15070
11310,AW00011310,Erin,Sanders,S,,2009-01-09,erin.sanders@cappo.com,Jakarta,43684
11311,AW00011311,Gabrielle,Lopez,S,,2009-01-09,gabrielle.lopez@circles.com,Berlin,20499
11312,AW00011312,Sara,Richardson,S,,2009-01-10,sara.richardson@cappo.com,London,33482
11313,AW00011313,Trevor,Jenkins,S,,2009-01-10,trevor.jenkins@papers.com,Rome,56190
11314,AW00011314,Mya,Flores,S,,2009-01-10,mya.flores@circles.com,Berlin,43467
11315,AW00011315,Hailey,Ward,S,,2009-01-10,hailey.ward@towels.com,Moscow,14620
11316,AW00011316,Luke,Allen,M,,2009-01-10,luke.allen@winds.com,Mumbai,32726
11317,AW00011317,Victoria,Russell,S,,2009-01-10,victoria.russell@winds.com,Seoul,56360
11318,AW00011318,Jessica,Wilson,S,,2009-01-10,jessica.wilson@sticks.com,Moscow,30850
11319,AW00011319,Jade,Bailey,M,,2009-01-10,jade.bailey@nappa.com,London,48713
11320,AW00011320,Morgan,Hill,M,,2009-01-10,morgan.hill@circles.com,Jakarta,46205
11321,AW00011321,Terrance,Raman,M,,2009-01-11,terrance.raman@towels.com,Paris,43818
11322,AW00011322,Sydney,Garcia,M,,2009-01-11,sydney.garcia@fountains.com,London,19763
11323,AW00011323,Jose,Patterson,S,,2009-01-11,jose.patterson@hostinger.com,Moscow,23031
11324,AW00011324,Zachary,Anderson,M,,2009-01-11,zachary.anderson@towels.com,London,52403
11325,AW00011325,Elijah,Ross,S,,2009-01-11,elijah.ross@winds.com,Bangkok,38948
11326,AW00011326,Rafael,Xie,M,,2009-01-11,rafael.xie@winds.com,Bangkok,54243
11327,AW00011327,Jaime,Moreno,M,,2009-01-11,jaime.moreno@nappa.com,Tokyo,29623
11328,AW00011328,Julian,Griffin,M,,2009-01-11,julian.griffin@papers.com,Madrid,36331
11329,AW00011329,Andy,Alvarez,S,,2009-01-12,andy.alvarez@circles.com,Istanbul,18095
11330,AW00011330,Ryan,Thompson,M,,2009-01-12,ryan.thompson@cappo.com,Istanbul,52448
11331,AW00011331,Samantha,Jenkins,M,,2009-01-12,samantha.jenkins@fountains.com,Seoul,15780
11332,AW00011332,Deanna,Ramos,S,,2009-01-12,deanna.ramos@papers.com,Bangkok,23517
11333,AW00011333,Emily,Miller,M,,2009-01-12,emily.miller@fountains.com,Shanghai,11322
11334,AW00011334,Nicole,Brown,M,,2009-01-12,nicole.brown@nappa.com,Seoul,22767
11335,AW00011335,Carla,Raman,M,,2009-01-12,carla.raman@fountains.com,Bangkok,42049
11336,AW00011336,Shaun,Raji,M,,2009-01-12,shaun.raji@nappa.com,Madrid,12388
11337,AW00011337,Jerome,Romero,M,,2009-01-13,jerome.romero@papers.com,Paris,58288
11338,AW00011338,Frank,Navarro,M,,2009-01-13,frank.navarro@sticks.com,Delhi,15396
11339,AW00011339,Dennis,She,S,,2009-01-13,dennis.she@cappo.com,Seoul,57631
11340,AW00011340,Melody,Munoz,M,,2009-01-13,melody.munoz@sticks.com,Berlin,46730
11341,AW00011341,Randy,Zeng,M,,2009-01-13,randy.zeng@cappo.com,Moscow,54800
11342,AW00011342,Marshall,Wang,M,,2009-01-13,marshall.wang@fountains.com,Mumbai,37063
11343,AW00011343,Arthur,Carlson,M,,2009-01-13,arthur.carlson@sticks.com,Seoul,50849
11344,AW00011344,Jessie,Jimenez,M,,2009-01-14,jessie.jimenez@hostinger.com,Istanbul,37116
11345,AW00011345,Robin,Ramos,S,,2009-01-14,robin.ramos@mouse.com,Tokyo,11758
11346,AW00011346,Deanna,Gutierrez,S,,2009-01-14,deanna.gutierrez@towels.com,Madrid,11694
11347,AW00011347,Roy,Navarro,M,,2009-01-14,roy.navarro@mouse.com,Tokyo,46517
11348,AW00011348,Shawn,Rai,M,,2009-01-14,shawn.rai@fountains.com,London,12938
11349,AW00011349,Mindy,Luo,M,,2009-01-14,mindy.luo@towels.com,Paris,52624
11350,AW00011350,Cara,Zhou,M,,2009-01-15,cara.zhou@winds.com,Moscow,40460
11351,AW00011351,Anne,Ramos,S,,2009-01-15,anne.ramos@towels.com,Rome,48129
11352,AW00011352,Raymond,Rodriguez,M,,2009-01-15,raymond.rodriguez@winds.com,London,30167
11353,AW00011353,Carrie,Ortega,S,,2009-01-15,carrie.ortega@nappa.com,Mumbai,44722
11354,AW00011354,Deanna,Suarez,M,,2009-01-15,deanna.suarez@towels.com,Singapore,53052
11355,AW00011355,Roberto,Gutierrez,M,,2009-01-15,roberto.gutierrez@cappo.com,Tokyo,13687
11356,AW00011356,Terrence,Carson,S,,2009-01-15,terrence.carson@hostinger.com,Jakarta,42320
11357,AW00011357,Ramon,Ye,S,,2009-01-15,ramon.ye@circles.com,Madrid,34704
11358,AW00011358,Cynthia,Malhotra,S,,2009-01-15,cynthia.malhotra@towels.com,Rome,42079
11359,AW00011359,Jarrod,Prasad,S,,2009-01-16,jarrod.prasad@cappo.com,Rome,35975
11360,AW00011360,Tyrone,Serrano,S,,2009-01-16,tyrone.serrano@nappa.com,Berlin,12783
11361,AW00011361,Cindy,Ramos,M,,2009-01-16,cindy.ramos@fountains.com,Moscow,18846
11362,AW00011362,Damien,Shan,M,,2009-01-16,damien.shan@papers.com,Shanghai,42949
11363,AW00011363,Julian,Ross,S,,2009-01-16,julian.ross@nappa.com,Seoul,58653
11364,AW00011364,Jennifer,Collins,S,,2009-01-16,jennifer.collins@sticks.com,London,59726
11365,AW00011365,Brittney,Sun,S,,2009-01-16,brittney.sun@sticks.com,Moscow,49785
11366,AW00011366,Virginia,Patel,M,,2009-01-16,virginia.patel@nappa.com,Shanghai,26732
11367,AW00011367,Calvin,Nara,M,,2009-01-16,calvin.nara@nappa.com,Singapore,27229
11368,AW00011368,Edward,Miller,S,,2009-01-16,edward.miller@mouse.com,Paris,17666
11369,AW00011369,Ashlee,Tang,M,,2009-01-16,ashlee.tang@papers.com,Seoul,43037
11370,AW00011370,Alicia,Xu,M,,2009-01-17,alicia.xu@hostinger.com,Shanghai,53916
11371,AW00011371,Lacey,Jai,M,,2009-01-17,lacey.jai@mouse.com,Madrid,37764
11372,AW00011372,Wendy,Romero,S,,2009-01-17,wendy.romero@nappa.com,Paris,36417
11373,AW00011373,Carly,Luo,M,,2009-01-17,carly.luo@fountains.com,Shanghai,48875
11374,AW00011374,Jimmy,Ortega,S,,2009-01-17,jimmy.ortega@fountains.com,Shanghai,26275
11375,AW00011375,Francisco,Martinez,M,,2009-01-17,francisco.martinez@fountains.com,Singapore,49770
11376,AW00011376,Lance,Vazquez,S,,2009-01-17,lance.vazquez@papers.com,Tokyo,53967
11377,AW00011377,David,Robinett,M,,2009-01-17,david.robinett@hostinger.com,Seoul,54088
11378,AW00011378,Shannon,Liang,S,,2009-01-18,shannon.liang@circles.com,Jakarta,21074
11379,AW00011379,Gary,Vazquez,M,,2009-01-18,gary.vazquez@hostinger.com,London,53297
11380,AW00011380,Mitchell,Kumar,S,,2009-01-18,mitchell.kumar@papers.com,Paris,43627
11381,AW00011381,Meredith,Raman,M,,2009-01-18,meredith.raman@mouse.com,London,42760
11382,AW00011382,Edward,Patterson,M,,2009-01-18,edward.patterson@fountains.com,Mumbai,23650
11383,AW00011383,Marie,Gill,M,,2009-01-18,marie.gill@hostinger.com,Jakarta,24748
11384,AW00011384,Tiffany,Wang,M,,2009-01-18,tiffany.wang@circles.com,Moscow,56291
11385,AW00011385,Miguel,Allen,S,,2009-01-18,miguel.allen@winds.com,Mumbai,38329
11386,AW00011386,Jaclyn,Cai,M,,2009-01-18,jaclyn.cai@towels.com,Mumbai,45611
11387,AW00011387,Megan,Ramirez,S,,2009-01-18,megan.ramirez@papers.com,Shanghai,23773
11388,AW00011388,Joseph,Martin,M,,2009-01-19,joseph.martin@mouse.com,Istanbul,17960
11389,AW00011389,Karl,Shan,S,,2009-01-19,karl.shan@winds.com,Shanghai,35562
11390,AW00011390,Christine,Raji,S,,2009-01-19,christine.raji@cappo.com,Jakarta,31688
11391,AW00011391,Lindsay,Xie,S,,2009-01-19,lindsay.xie@circles.com,Seoul,53053
11392,AW00011392,Willie,Zhao,S,,2009-01-19,willie.zhao@towels.com,Singapore,19048
11393,AW00011393,Kurt,Pal,S,,2009-01-19,kurt.pal@winds.com,Bangkok,48095
11394,AW00011394,George,McDonald,S,,2009-01-19,george.mcdonald@fountains.com,Tokyo,31856
11395,AW00011395,Beth,Gutierrez,S,,2009-01-19,beth.gutierrez@nappa.com,Delhi,34699
11396,AW00011396,Ian,Lopez,M,,2009-01-19,ian.lopez@papers.com,Moscow,21061
11397,AW00011397,Latoya,Shan,S,,2009-01-19,latoya.shan@towels.com,Singapore,45517
11398,AW00011398,Colin,Nath,S,,2009-01-20,colin.nath@mouse.com,Shanghai,16472
11399,AW00011399,Brenda,Mehta,S,,2009-01-20,brenda.mehta@papers.com,Rome,39097
11400,AW00011400,Franklin,Raji,S,,2009-01-20,franklin.raji@cappo.com,Delhi,34556
11401,AW00011401,Linda,Navarro,M,,2009-01-20,linda.navarro@sticks.com,Moscow,34279
11402,AW00011402,Kelli,Cai,M,,2009-01-20,kelli.cai@papers.com,Mumbai,36668
11403,AW00011403,Nancy,Schmidt,S,,2009-01-20,nancy.schmidt@towels.com,Bangkok,26629
11404,AW00011404,Megan,Taylor,S,,2009-01-20,megan.taylor@towels.com,Paris,19124
11405,AW00011405,Bonnie,Goel,S,,2009-01-20,bonnie.goel@hostinger.com,Madrid,56008
11406,AW00011406,Latoya,Xu,M,,2009-01-20,latoya.xu@hostinger.com,Bangkok,20145
11407,AW00011407,Mario,She,M,,2009-01-20,mario.she@fountains.com,Mumbai,53928
11408,AW00011408,Darren,Gill,M,,2009-01-20,darren.gill@sticks.com,Rome,35360
11409,AW00011409,Jacqueline,Hayes,S,,2009-01-21,jacqueline.hayes@nappa.com,London,42540
11410,AW00011410,Maurice,Goel,M,,2009-01-21,maurice.goel@mouse.com,Rome,28560
11411,AW00011411,Devin,Ross,M,,2009-01-21,devin.ross@papers.com,Rome,39022
11412,AW00011412,Sydney,Bryant,S,,2009-01-21,sydney.bryant@hostinger.com,Delhi,39393
11413,AW00011413,Megan,Stewart,M,,2009-01-21,megan.stewart@circles.com,Singapore,11792
11414,AW00011414,Ian,Richardson,S,,2009-01-21,ian.richardson@papers.com,Tokyo,27820
11415,AW00011415,Randy,She,S,,2009-01-21,randy.she@nappa.com,London,24315
11416,AW00011416,Katrina,Becker,M,,2009-01-21,katrina.becker@nappa.com,London,32221
11417,AW00011417,Lacey,Zheng,M,,2009-01-21,lacey.zheng@fountains.com,Mumbai,51152
11418,AW00011418,Rafael,Hu,S,,2009-01-21,rafael.hu@circles.com,Madrid,19820
11419,AW00011419,Kyle,Scott,M,,2009-01-21,kyle.scott@towels.com,Berlin,15082
11420,AW00011420,Jordan,Turner,M,,2009-01-21,jordan.turner@cappo.com,Delhi,15231
11421,AW00011421,Amy,Sun,M,,2009-01-21,amy.sun@nappa.com,Seoul,38359
11422,AW00011422,Dustin,Deng,M,,2009-01-22,dustin.deng@cappo.com,Istanbul,25138
11423,AW00011423,Jasmine,Stewart,M,,2009-01-22,jasmine.stewart@towels.com,Bangkok,19014
11424,AW00011424,Pamela,Garcia,M,,2009-01-22,pamela.garcia@fountains.com,Seoul,27054
11425,AW00011425,Ariana,Gray,M,,2009-01-22,ariana.gray@sticks.com,Istanbul,40712
11426,AW00011426,Kristopher,Mehta,M,,2009-01-22,kristopher.mehta@mouse.com,Jakarta,45540
11427,AW00011427,Desiree,Dominguez,M,,2009-01-22,desiree.dominguez@sticks.com,Tokyo,18244
11428,AW00011428,Deanna,Perez,S,,2009-01-22,deanna.perez@circles.com,Mumbai,56934
11429,AW00011429,Marco,Lopez,M,,2009-01-22,marco.lopez@fountains.com,Tokyo,41968
11430,AW00011430,Casey,Yuan,M,,2009-01-22,casey.yuan@hostinger.com,Paris,50590
11431,AW00011431,Bryant,Garcia,M,,2009-01-22,bryant.garcia@sticks.com,Singapore,40474
11432,AW00011432,Dominique,Prasad,M,,2009-01-23,dominique.prasad@nappa.com,Tokyo,38199
11433,AW00011433,Maurice,Shan,M,,2009-01-23,maurice.shan@winds.com,Tokyo,35427
11434,AW00011434,Andre,Lopez,M,,2009-01-23,andre.lopez@circles.com,Bangkok,12699
11435,AW00011435,Robin,Romero,S,,2009-01-23,robin.romero@sticks.com,Tokyo,30016
11436,AW00011436,Taylor,Cox,M,,2009-01-23,taylor.cox@sticks.com,Istanbul,27148
11437,AW00011437,Alfredo,Moreno,M,,2009-01-23,alfredo.moreno@mouse.com,Tokyo,25371
11438,AW00011438,Jenny,Nara,M,,2009-01-23,jenny.nara@nappa.com,Bangkok,30453
11439,AW00011439,Janet,Munoz,M,,2009-01-23,janet.munoz@nappa.com,Bangkok,13545
11440,AW00011440,Sergio,Weber,M,,2009-01-23,sergio.weber@hostinger.com,Shanghai,43317
11441,AW00011441,Erika,Gomez,M,,2009-01-24,erika.gomez@fountains.com,Bangkok,31443
11442,AW00011442,Joseph,Harris,M,,2009-01-24,joseph.harris@circles.com,Jakarta,56841
11443,AW00011443,Grace,Griffin,S,,2009-01-24,grace.griffin@circles.com,Delhi,38738
11444,AW00011444,Tina,Mehta,M,,2009-01-24,tina.mehta@sticks.com,Berlin,28414
11445,AW00011445,Kari,Kim,S,,2009-01-24,kari.kim@nappa.com,Shanghai,27635
11446,AW00011446,Bethany,Chander,S,,2009-01-24,bethany.chander@winds.com,Jakarta,25509
11447,AW00011447,Jennifer,Roberts,M,,2009-01-24,jennifer.roberts@papers.com,Jakarta,11094
11448,AW00011448,Kyle,Patterson,S,,2009-01-24,kyle.patterson@hostinger.com,Istanbul,36291
11449,AW00011449,Alvin,Hu,M,,2009-01-24,alvin.hu@mouse.com,Seoul,26632
11450,AW00011450,Brett,Mehta,S,,2009-01-24,brett.mehta@winds.com,Mumbai,58290
11451,AW00011451,Ruben,Muñoz,S,,2009-01-24,ruben.muñoz@fountains.com,Moscow,22197
11452,AW00011452,Erika,Rubio,S,,2009-01-25,erika.rubio@cappo.com,Delhi,13866
11453,AW00011453,Stanley,Malhotra,S,,2009-01-25,stanley.malhotra@towels.com,London,53315
11454,AW00011454,Melinda,Navarro,S,,2009-01-25,melinda.navarro@fountains.com,Paris,14559
11455,AW00011455,Ross,Sanz,M,,2009-01-25,ross.sanz@nappa.com,Rome,13235
11456,AW00011456,Jon,Gao,M,,2009-01-25,jon.gao@hostinger.com,Bangkok,23014
11457,AW00011457,Jaime,Gutierrez,M,,2009-01-25,jaime.gutierrez@hostinger.com,Seoul,12987
11458,AW00011458,Bianca,Liu,M,,2009-01-25,bianca.liu@mouse.com,Madrid,16506
11459,AW00011459,Tasha,Deng,S,,2009-01-25,tasha.deng@fountains.com,Mumbai,18306
11460,AW00011460,Melvin,Chande,S,,2009-01-25,melvin.chande@mouse.com,Shanghai,46091
11461,AW00011461,Victor,Jimenez,S,,2009-01-25,victor.jimenez@circles.com,Mumbai,15611
11462,AW00011462,Laura,Lin,M,,2009-01-25,laura.lin@cappo.com,Seoul,53319
11463,AW00011463,Alisha,Beck,M,,2009-01-25,alisha.beck@nappa.com,Delhi,51190
11464,AW00011464,Alejandro,Huang,M,,2009-01-26,alejandro.huang@towels.com,Shanghai,22539
11465,AW00011465,Louis,Luo,M,,2009-01-26,louis.luo@towels.com,Madrid,19144
11466,AW00011466,Grant,Tang,M,,2009-01-26,grant.tang@towels.com,Rome,24580
11467,AW00011467,Arturo,Zheng,M,,2009-01-26,arturo.zheng@fountains.com,Jakarta,51479
11468,AW00011468,Jaclyn,Andersen,M,,2009-01-26,jaclyn.andersen@mouse.com,Istanbul,31239
11469,AW00011469,Edwin,Raji,S,,2009-01-26,edwin.raji@winds.com,Shanghai,38072
11470,AW00011470,Jay,Suarez,S,,2009-01-26,jay.suarez@hostinger.com,Istanbul,31104
11471,AW00011471,Latasha,Suarez,S,,2009-01-27,latasha.suarez@nappa.com,Moscow,14087
11472,AW00011472,Kenneth,Kumar,S,,2009-01-27,kenneth.kumar@sticks.com,Mumbai,38346
11473,AW00011473,Grace,Henderson,S,,2009-01-27,grace.henderson@papers.com,Berlin,54197
11474,AW00011474,Melvin,Xu,S,,2009-01-27,melvin.xu@papers.com,Shanghai,23957
11475,AW00011475,Cesar,Subram,S,,2009-01-27,cesar.subram@cappo.com,Singapore,14801
11476,AW00011476,Erika,Navarro,M,,2009-01-27,erika.navarro@cappo.com,Delhi,14494
11477,AW00011477,Tristan,Hughes,S,,2009-01-27,tristan.hughes@mouse.com,Berlin,45488
11478,AW00011478,Billy,Hernandez,S,,2009-01-28,billy.hernandez@cappo.com,Madrid,48944
11479,AW00011479,Darryl,Wu,M,,2009-01-28,darryl.wu@cappo.com,Seoul,43628
11480,AW00011480,Colleen,Ma,M,,2009-01-28,colleen.ma@winds.com,Istanbul,37480
11481,AW00011481,Erica,Hu,M,,2009-01-28,erica.hu@cappo.com,Moscow,13761
11482,AW00011482,Adrienne,Torres,S,,2009-01-28,adrienne.torres@cappo.com,Paris,52117
11483,AW00011483,Calvin,Chande,M,,2009-01-28,calvin.chande@cappo.com,Seoul,14964
11484,AW00011484,Erick,Sai,S,,2009-01-28,erick.sai@circles.com,Bangkok,40140
11485,AW00011485,Donald,Chandra,M,,2009-01-28,donald.chandra@nappa.com,Berlin,29556
11486,AW00011486,Ariana,Rogers,S,,2009-01-29,ariana.rogers@towels.com,London,36066
11487,AW00011487,Morgan,Jones,S,,2009-01-29,morgan.jones@cappo.com,Bangkok,18055
11488,AW00011488,Jermaine,Lopez,S,,2009-01-29,jermaine.lopez@nappa.com,Rome,43806
11489,AW00011489,Deborah,Goel,S,,2009-01-29,deborah.goel@nappa.com,Shanghai,26767
11490,AW00011490,Danny,Rubio,S,,2009-01-29,danny.rubio@winds.com,Mumbai,57561
11491,AW00011491,Andre,Perez,M,,2009-01-29,andre.perez@mouse.com,Bangkok,28911
11492,AW00011492,Terrence,Chander,S,,2009-01-29,terrence.chander@nappa.com,Shanghai,47976
11493,AW00011493,Dawn,Wu,S,,2009-01-29,dawn.wu@winds.com,Rome,21618
11494,AW00011494,Jimmy,Gutierrez,S,,2009-01-29,jimmy.gutierrez@mouse.com,Istanbul,15086
11495,AW00011495,Francis,Jimenez,S,,2009-01-29,francis.jimenez@mouse.com,London,31869
11496,AW00011496,Gary,Ortega,S,,2009-01-30,gary.ortega@circles.com,Mumbai,56801
11497,AW00011497,Katrina,Nath,S,,2009-01-30,katrina.nath@mouse.com,Delhi,30541
11498,AW00011498,Arturo,Sun,S,,2009-01-30,arturo.sun@nappa.com,Moscow,20713
11499,AW00011499,Pedro,Vance,S,,2009-01-30,pedro.vance@cappo.com,London,45983
11500,AW00011500,Sarah,Simmons,S,,2009-01-30,sarah.simmons@cappo.com,London,26580
11501,AW00011501,Brandy,Chandra,S,,2009-01-30,brandy.chandra@circles.com,London,37831
11502,AW00011502,Jared,Peterson,S,,2009-01-30,jared.peterson@winds.com,Bangkok,52097
11503,AW00011503,Dennis,Wu,M,,2009-01-30,dennis.wu@fountains.com,Jakarta,53827
11504,AW00011504,Jordan,Baker,M,,2009-01-30,jordan.baker@nappa.com,Bangkok,28604
11505,AW00011505,Jasmine,Powell,S,,2009-01-30,jasmine.powell@mouse.com,Berlin,38544
11506,AW00011506,Nicholas,Brown,S,,2009-01-30,nicholas.brown@winds.com,Istanbul,51147
11507,AW00011507,Isabella,Russell,S,,2009-01-31,isabella.russell@nappa.com,Moscow,36494
11508,AW00011508,Elizabeth,Wilson,S,,2009-01-31,elizabeth.wilson@hostinger.com,Bangkok,41239
11509,AW00011509,Roger,Harui,M,,2009-01-31,roger.harui@nappa.com,Berlin,12006
11510,AW00011510,Seth,Roberts,M,,2009-01-31,seth.roberts@mouse.com,London,47005
11511,AW00011511,Caleb,Perry,M,,2009-01-31,caleb.perry@hostinger.com,Singapore,52176
11512,AW00011512,Natalie,Campbell,S,,2009-01-31,natalie.campbell@mouse.com,Seoul,17250
11513,AW00011513,Alyssa,Howard,S,,2009-01-31,alyssa.howard@sticks.com,Rome,27768
11514,AW00011514,Dalton,Diaz,M,,2009-02-01,dalton.diaz@sticks.com,Shanghai,33296
11515,AW00011515,Shannon,Huang,M,,2009-02-01,shannon.huang@cappo.com,Jakarta,22679
11516,AW00011516,Mya,Gonzales,M,,2009-02-01,mya.gonzales@cappo.com,Rome,52558
11517,AW00011517,Katherine,Bryant,M,,2009-02-01,katherine.bryant@circles.com,Rome,18377
11518,AW00011518,Edward,Washington,M,,2009-02-01,edward.washington@sticks.com,Delhi,10384
11519,AW00011519,Jerome,Navarro,M,,2009-02-01,jerome.navarro@mouse.com,Singapore,53183
11520,AW00011520,Jada,Morgan,M,,2009-02-01,jada.morgan@hostinger.com,Istanbul,19791
11521,AW00011521,Ariana,Peterson,M,,2009-02-02,ariana.peterson@nappa.com,Jakarta,25104
11522,AW00011522,Christian,Hughes,M,,2009-02-02,christian.hughes@cappo.com,London,53709
11523,AW00011523,Lucas,Taylor,M,,2009-02-02,lucas.taylor@hostinger.com,Tokyo,32798
11524,AW00011524,Alyssa,Jackson,M,,2009-02-02,alyssa.jackson@circles.com,Paris,42322
11525,AW00011525,Ariana,Cook,M,,2009-02-02,ariana.cook@sticks.com,Singapore,52848
11526,AW00011526,Katherine,Diaz,M,,2009-02-02,katherine.diaz@mouse.com,Moscow,45737
11527,AW00011527,Jenna,Green,M,,2009-02-03,jenna.green@papers.com,Seoul,35766
11528,AW00011528,Joan,Washington,M,,2009-02-03,joan.washington@mouse.com,Jakarta,47555
11529,AW00011529,Austin,Bryant,M,,2009-02-03,austin.bryant@circles.com,Seoul,52727
11530,AW00011530,Andrew,Martinez,M,,2009-02-03,andrew.martinez@mouse.com,Paris,10623
11531,AW00011531,Nina,Yuan,M,,2009-02-03,nina.yuan@papers.com,Shanghai,47699
11532,AW00011532,Lauren,Miller,M,,2009-02-03,lauren.miller@fountains.com,Paris,56909
11533,AW00011533,Ebony,Gill,M,,2009-02-03,ebony.gill@hostinger.com,Bangkok,25050
11534,AW00011534,Cameron,Lewis,S,,2009-02-03,cameron.lewis@hostinger.com,Bangkok,35865
11535,AW00011535,Devin,Nelson,M,,2009-02-03,devin.nelson@winds.com,Bangkok,15679
11536,AW00011536,Logan,Chow,M,,2009-02-04,logan.chow@circles.com,Delhi,26161
11537,AW00011537,Dakota,Ross,M,,2009-02-04,dakota.ross@sticks.com,Tokyo,59457
11538,AW00011538,Nicole,Taylor,S,,2009-02-04,nicole.taylor@cappo.com,Istanbul,17651
11539,AW00011539,Justin,Washington,M,,2009-02-04,justin.washington@cappo.com,Istanbul,15610
11540,AW00011540,Alberto,Navarro,S,,2009-02-04,alberto.navarro@cappo.com,Istanbul,58704
11541,AW00011541,Aidan,Ross,S,,2009-02-04,aidan.ross@fountains.com,Seoul,44329
11542,AW00011542,Alejandro,Tang,S,,2009-02-04,alejandro.tang@fountains.com,Shanghai,24579
11543,AW00011543,Sheena,Chande,M,,2009-02-04,sheena.chande@towels.com,London,35659
11544,AW00011544,Joel,Garcia,M,,2009-02-05,joel.garcia@towels.com,Istanbul,28747
11545,AW00011545,Reginald,Dominguez,M,,2009-02-05,reginald.dominguez@mouse.com,Berlin,47751
11546,AW00011546,Christine,Chande,M,,2009-02-05,christine.chande@mouse.com,Tokyo,44474
11547,AW00011547,Cindy,Sai,M,,2009-02-05,cindy.sai@towels.com,Delhi,28257
11548,AW00011548,Raymond,Sanchez,S,,2009-02-05,raymond.sanchez@circles.com,Bangkok,19467
11549,AW00011549,Crystal,Liang,M,,2009-02-05,crystal.liang@nappa.com,Singapore,11294
11550,AW00011550,Deb,Torres,S,,2009-02-06,deb.torres@cappo.com,Singapore,49442
11551,AW00011551,Shannon,Alvarez,S,,2009-02-06,shannon.alvarez@mouse.com,Paris,40308
11552,AW00011552,Eddie,Rubio,S,,2009-02-06,eddie.rubio@cappo.com,Rome,50744
11553,AW00011553,Sharon,Luo,M,,2009-02-06,sharon.luo@circles.com,Tokyo,49946
11554,AW00011554,Sydney,Simmons,S,,2009-02-06,sydney.simmons@mouse.com,Singapore,32266
11555,AW00011555,Alexandria,Henderson,M,,2009-02-06,alexandria.henderson@winds.com,Madrid,11656
11556,AW00011556,Lucas,Evans,M,,2009-02-06,lucas.evans@winds.com,Singapore,46717
11557,AW00011557,Felicia,Ramos,S,,2009-02-07,felicia.ramos@circles.com,Delhi,49941
11558,AW00011558,Ivan,Malhotra,S,,2009-02-07,ivan.malhotra@circles.com,Madrid,17987
11559,AW00011559,Frederick,Subram,S,,2009-02-07,frederick.subram@mouse.com,Berlin,19657
11560,AW00011560,Whitney,Srini,S,,2009-02-07,whitney.srini@hostinger.com,Jakarta,41924
11561,AW00011561,Briana,Dominguez,S,,2009-02-08,briana.dominguez@hostinger.com,Rome,51078
11562,AW00011562,Jarrod,Gonzalez,M,,2009-02-08,jarrod.gonzalez@mouse.com,Shanghai,13568
11563,AW00011563,Cesar,Srini,S,,2009-02-08,cesar.srini@fountains.com,Rome,23234
11564,AW00011564,Jorge,Liang,S,,2009-02-08,jorge.liang@papers.com,Madrid,29402
11565,AW00011565,Erik,Diaz,S,,2009-02-08,erik.diaz@circles.com,Madrid,19293
11566,AW00011566,April,Shan,M,,2009-02-08,april.shan@cappo.com,Paris,49596
11567,AW00011567,Carla,Perez,M,,2009-02-09,carla.perez@winds.com,Bangkok,57410
11568,AW00011568,Alexia,Foster,S,,2009-02-09,alexia.foster@hostinger.com,Jakarta,47429
11569,AW00011569,Troy,Malhotra,M,,2009-02-09,troy.malhotra@hostinger.com,Singapore,47063
11570,AW00011570,Kristin,Andersen,M,,2009-02-09,kristin.andersen@mouse.com,Tokyo,33453
11571,AW00011571,Joel,Sai,M,,2009-02-09,joel.sai@mouse.com,Paris,20378
11572,AW00011572,Billy,Moreno,M,,2009-02-09,billy.moreno@papers.com,Berlin,53286
11573,AW00011573,Meagan,Subram,S,,2009-02-09,meagan.subram@winds.com,Bangkok,13484
11574,AW00011574,Karla,Luo,S,,2009-02-09,karla.luo@sticks.com,Berlin,10464
11575,AW00011575,Jackson,Campbell,S,,2009-02-09,jackson.campbell@winds.com,Rome,16155
11576,AW00011576,Micah,Zhu,M,,2009-02-09,micah.zhu@circles.com,Madrid,27106
11577,AW00011577,Janet,Serrano,M,,2009-02-10,janet.serrano@circles.com,Tokyo,45184
11578,AW00011578,Trisha,Huang,S,,2009-02-10,trisha.huang@fountains.com,Berlin,45753
11579,AW00011579,Clayton,Beck,S,,2009-02-10,clayton.beck@fountains.com,Delhi,10501
11580,AW00011580,Melvin,Raje,M,,2009-02-10,melvin.raje@fountains.com,Shanghai,21930
11581,AW00011581,Cindy,Jordan,M,,2009-02-10,cindy.jordan@hostinger.com,Madrid,20558
11582,AW00011582,Claudia,Ma,S,,2009-02-10,claudia.ma@cappo.com,Seoul,19975
11583,AW00011583,Karla,Xu,S,,2009-02-10,karla.xu@hostinger.com,Mumbai,55316
11584,AW00011584,Devin,Carter,M,,2009-02-10,devin.carter@cappo.com,Tokyo,50971
11585,AW00011585,Kari,Perez,M,,2009-02-10,kari.perez@papers.com,Delhi,59622
11586,AW00011586,Alberto,Romero,M,,2009-02-10,alberto.romero@fountains.com,Rome,57615
11587,AW00011587,Kevin,Bryant,S,,2009-02-10,kevin.bryant@nappa.com,Shanghai,10402
11588,AW00011588,Candace,Mehta,M,,2009-02-10,candace.mehta@cappo.com,Seoul,49261
11589,AW00011589,Ebony,Malhotra,M,,2009-02-10,ebony.malhotra@cappo.com,London,43173
11590,AW00011590,Erika,Diaz,S,,2009-02-11,erika.diaz@papers.com,Singapore,10449
11591,AW00011591,Stacey,Lu,S,,2009-02-11,stacey.lu@papers.com,Jakarta,16564
11592,AW00011592,Darrell,Raji,S,,2009-02-11,darrell.raji@towels.com,Rome,49081
11593,AW00011593,Armando,Moreno,S,,2009-02-11,armando.moreno@nappa.com,Mumbai,11047
11594,AW00011594,Corey,Goel,S,,2009-02-11,corey.goel@sticks.com,Berlin,45684
11595,AW00011595,Sebastian,Howard,S,,2009-02-11,sebastian.howard@hostinger.com,Madrid,58506
11596,AW00011596,Roger,Raje,M,,2009-02-12,roger.raje@papers.com,Tokyo,16132
11597,AW00011597,Janelle,Chandra,S,,2009-02-12,janelle.chandra@winds.com,Bangkok,23469
11598,AW00011598,Meredith,Ruiz,S,,2009-02-12,meredith.ruiz@nappa.com,Delhi,39712
11599,AW00011599,Melody,Diaz,S,,2009-02-12,melody.diaz@cappo.com,London,25037
11600,AW00011600,Linda,Rubio,S,,2009-02-12,linda.rubio@towels.com,Singapore,23050
11601,AW00011601,Ivan,Raman,S,,2009-02-12,ivan.raman@papers.com,Mumbai,45034
11602,AW00011602,Larry,Gill,S,,2009-02-12,larry.gill@cappo.com,Bangkok,24627
11603,AW00011603,Geoffrey,Gonzalez,S,,2009-02-12,geoffrey.gonzalez@sticks.com,Bangkok,15899
11604,AW00011604,Edgar,Sanchez,S,,2009-02-12,edgar.sanchez@fountains.com,Moscow,56335
11605,AW00011605,Heidi,Subram,S,,2009-02-12,heidi.subram@papers.com,Berlin,58190
11606,AW00011606,Melody,Ramos,S,,2009-02-12,melody.ramos@winds.com,Shanghai,23686
11607,AW00011607,Clinton,Moreno,S,,2009-02-13,clinton.moreno@towels.com,London,44267
11608,AW00011608,Cesar,Madan,S,,2009-02-13,cesar.madan@fountains.com,Seoul,25105
11609,AW00011609,Eugene,Ye,S,,2009-02-13,eugene.ye@circles.com,Singapore,53495
11610,AW00011610,Blake,Collins,S,,2009-02-13,blake.collins@papers.com,Shanghai,31637
11611,AW00011611,Ernest,Lin,M,,2009-02-13,ernest.lin@winds.com,Seoul,45088
11612,AW00011612,Keith,Andersen,S,,2009-02-13,keith.andersen@towels.com,Jakarta,59976
11613,AW00011613,Meredith,Prasad,S,,2009-02-13,meredith.prasad@nappa.com,Singapore,48077
11614,AW00011614,Katrina,Sharma,S,,2009-02-13,katrina.sharma@hostinger.com,Moscow,52434
11615,AW00011615,Dwayne,Navarro,M,,2009-02-13,dwayne.navarro@sticks.com,Madrid,39675
11616,AW00011616,Casey,Nath,M,,2009-02-13,casey.nath@nappa.com,Rome,38635
11617,AW00011617,Sean,Brooks,S,,2009-02-13,sean.brooks@sticks.com,Delhi,51772
11618,AW00011618,Brian,Ramirez,M,,2009-02-14,brian.ramirez@fountains.com,Singapore,10671
11619,AW00011619,Sierra,Young,S,,2009-02-14,sierra.young@papers.com,Mumbai,50363
11620,AW00011620,Megan,Rodriguez,S,,2009-02-14,megan.rodriguez@sticks.com,Rome,42679
11621,AW00011621,Leah,She,S,,2009-02-14,leah.she@nappa.com,Seoul,26484
11622,AW00011622,Gabriel,Allen,M,,2009-02-14,gabriel.allen@hostinger.com,Madrid,35781
11623,AW00011623,Angela,Perry,S,,2009-02-14,angela.perry@cappo.com,Moscow,49354
11624,AW00011624,Ryan,Smith,S,,2009-02-14,ryan.smith@winds.com,Singapore,36259
11625,AW00011625,Zachary,Moore,M,,2009-02-14,zachary.moore@towels.com,Singapore,42527
11626,AW00011626,Destiny,Rogers,M,,2009-02-14,destiny.rogers@winds.com,Paris,37060
11627,AW00011627,Dalton,Gray,M,,2009-02-14,dalton.gray@nappa.com,Istanbul,17346
11628,AW00011628,Mariah,Wood,S,,2009-02-14,mariah.wood@mouse.com,Rome,29971
11629,AW00011629,Isaiah,Wright,S,,2009-02-14,isaiah.wright@winds.com,Shanghai,47440
11630,AW00011630,Haley,Powell,M,,2009-02-15,haley.powell@fountains.com,Jakarta,53371
11631,AW00011631,Antonio,Bennett,M,,2009-02-15,antonio.bennett@circles.com,Shanghai,35803
11632,AW00011632,Alexandra,Jenkins,M,,2009-02-15,alexandra.jenkins@mouse.com,Mumbai,16644
11633,AW00011633,Thomas,Anderson,M,,2009-02-15,thomas.anderson@cappo.com,Mumbai,56095
11634,AW00011634,Samuel,Collins,M,,2009-02-15,samuel.collins@cappo.com,Mumbai,26033
11635,AW00011635,Darrell,Chande,M,,2009-02-15,darrell.chande@mouse.com,Istanbul,57945
11636,AW00011636,Kimberly,Cox,S,,2009-02-15,kimberly.cox@circles.com,Tokyo,11688
11637,AW00011637,Morgan,Hernandez,M,,2009-02-15,morgan.hernandez@mouse.com,Singapore,32103
11638,AW00011638,Antonio,Powell,M,,2009-02-15,antonio.powell@papers.com,Berlin,52945
11639,AW00011639,Angelica,Perry,M,,2009-02-15,angelica.perry@fountains.com,Singapore,38765
11640,AW00011640,Chloe,Wilson,M,,2009-02-15,chloe.wilson@cappo.com,Jakarta,53221
11641,AW00011641,James,Chen,M,,2009-02-15,james.chen@circles.com,Berlin,11874
11642,AW00011642,Morgan,Hughes,M,,2009-02-16,morgan.hughes@hostinger.com,Delhi,27612
11643,AW00011643,Naomi,Munoz,M,,2009-02-16,naomi.munoz@hostinger.com,Rome,11790
11644,AW00011644,Charles,Torres,S,,2009-02-16,charles.torres@mouse.com,Seoul,44037
11645,AW00011645,Gabriella,Turner,S,,2009-02-16,gabriella.turner@hostinger.com,Singapore,28632
11646,AW00011646,Anna,Foster,S,,2009-02-16,anna.foster@cappo.com,Shanghai,47905
11647,AW00011647,Randy,Wu,S,,2009-02-16,randy.wu@mouse.com,Seoul,51082
11648,AW00011648,Kevin,Scott,S,,2009-02-16,kevin.scott@sticks.com,Singapore,11126
11649,AW00011649,Ian,White,M,,2009-02-16,ian.white@circles.com,Jakarta,39873
11650,AW00011650,Caleb,Hayes,M,,2009-02-16,caleb.hayes@nappa.com,Bangkok,54228
11651,AW00011651,Patricia,Garcia,M,,2009-02-16,patricia.garcia@hostinger.com,Bangkok,30064
11652,AW00011652,Samuel,Russell,M,,2009-02-17,samuel.russell@circles.com,Rome,30639
11653,AW00011653,Sydney,Peterson,S,,2009-02-17,sydney.peterson@mouse.com,Mumbai,39860
11654,AW00011654,Ariana,Sanchez,M,,2009-02-17,ariana.sanchez@mouse.com,Jakarta,19636
11655,AW00011655,Tamara,Sharma,S,,2009-02-17,tamara.sharma@towels.com,Mumbai,38739
11656,AW00011656,Katelyn,Perez,M,,2009-02-17,katelyn.perez@fountains.com,Delhi,56712
11657,AW00011657,Megan,Cox,M,,2009-02-17,megan.cox@circles.com,Mumbai,32844
11658,AW00011658,Robert,Mitchell,M,,2009-02-17,robert.mitchell@papers.com,Istanbul,12253
11659,AW00011659,Miguel,Adams,S,,2009-02-17,miguel.adams@sticks.com,Shanghai,38865
11660,AW00011660,Miranda,Gonzales,M,,2009-02-17,miranda.gonzales@towels.com,London,54921
11661,AW00011661,Jeremiah,James,S,,2009-02-17,jeremiah.james@fountains.com,Paris,55496
11662,AW00011662,Ethan,Kumar,S,,2009-02-18,ethan.kumar@mouse.com,Mumbai,58210
11663,AW00011663,Seth,Williams,M,,2009-02-18,seth.williams@papers.com,Seoul,42240
11664,AW00011664,Alyssa,Morgan,S,,2009-02-18,alyssa.morgan@circles.com,Rome,34479
11665,AW00011665,Janet,Dominguez,M,,2009-02-18,janet.dominguez@sticks.com,London,11771
11666,AW00011666,Angel,Baker,M,,2009-02-18,angel.baker@hostinger.com,Mumbai,25853
11667,AW00011667,Blake,Moore,M,,2009-02-18,blake.moore@sticks.com,Paris,36538
11668,AW00011668,Jada,Collins,S,,2009-02-18,jada.collins@cappo.com,Madrid,44917
11669,AW00011669,Isabella,Simmons,S,,2009-02-18,isabella.simmons@fountains.com,Bangkok,10595
11670,AW00011670,Jacqueline,Perry,S,,2009-02-18,jacqueline.perry@circles.com,Madrid,35804
11671,AW00011671,Jessica,Brown,S,,2009-02-18,jessica.brown@fountains.com,London,13292
11672,AW00011672,Chad,Jai,M,,2009-02-18,chad.jai@fountains.com,Paris,23519
11673,AW00011673,Susan,Ye,S,,2009-02-18,susan.ye@towels.com,Istanbul,57255
11674,AW00011674,Morgan,Rogers,M,,2009-02-19,morgan.rogers@towels.com,Delhi,14019
11675,AW00011675,Devin,Martinez,S,,2009-02-19,devin.martinez@mouse.com,Moscow,50921
11676,AW00011676,Alan,Hu,M,,2009-02-19,alan.hu@cappo.com,Singapore,11917
11677,AW00011677,Charles,Walker,S,,2009-02-20,charles.walker@mouse.com,Paris,49295
11678,AW00011678,Johnny,Chavez,M,,2009-02-20,johnny.chavez@hostinger.com,London,46462
11679,AW00011679,Dalton,Richardson,M,,2009-02-20,dalton.richardson@mouse.com,Rome,18338
11680,AW00011680,Kaylee,Nelson,M,,2009-02-20,kaylee.nelson@towels.com,Delhi,22885
11681,AW00011681,Abigail,Jones,M,,2009-02-21,abigail.jones@winds.com,Bangkok,28050
11682,AW00011682,Kaitlyn,Hall,M,,2009-02-21,kaitlyn.hall@cappo.com,Rome,36034
11683,AW00011683,Greg,Taylor,M,,2009-02-21,greg.taylor@circles.com,Mumbai,58928
11684,AW00011684,Devin,Parker,S,,2009-02-21,devin.parker@cappo.com,London,51191
11685,AW00011685,Jose,Griffin,M,,2009-02-21,jose.griffin@fountains.com,Tokyo,52939
11686,AW00011686,Luke,Edwards,S,,2009-02-21,luke.edwards@papers.com,Mumbai,15953
11687,AW00011687,Cody,Torres,S,,2009-02-21,cody.torres@fountains.com,Berlin,22029
11688,AW00011688,Victoria,Morris,S,,2009-02-21,victoria.morris@hostinger.com,Rome,24885
11689,AW00011689,Ian,Diaz,M,,2009-02-21,ian.diaz@towels.com,Berlin,16377
11690,AW00011690,Caroline,Butler,M,,2009-02-22,caroline.butler@winds.com,Delhi,59263
11691,AW00011691,Kaitlyn,Wilson,S,,2009-02-22,kaitlyn.wilson@papers.com,Madrid,44471
11692,AW00011692,Caleb,Gonzales,M,,2009-02-22,caleb.gonzales@fountains.com,Madrid,27907
11693,AW00011693,Hailey,Diaz,S,,2009-02-22,hailey.diaz@sticks.com,Jakarta,57447
11694,AW00011694,Jonathon,Ortega,M,,2009-02-22,jonathon.ortega@fountains.com,Bangkok,22650
11695,AW00011695,Logan,Campbell,M,,2009-02-22,logan.campbell@circles.com,Shanghai,20808
11696,AW00011696,Mackenzie,Campbell,S,,2009-02-22,mackenzie.campbell@fountains.com,Seoul,40244
11697,AW00011697,Eduardo,Lee,M,,2009-02-22,eduardo.lee@circles.com,Seoul,12610
11698,AW00011698,Jackson,Wright,M,,2009-02-22,jackson.wright@circles.com,Madrid,42091
11699,AW00011699,Chase,Peterson,S,,2009-02-23,chase.peterson@mouse.com,Tokyo,28613
11700,AW00011700,Xavier,Richardson,S,,2009-02-23,xavier.richardson@fountains.com,Istanbul,58450
11701,AW00011701,David,Hayes,M,,2009-02-23,david.hayes@towels.com,Seoul,35177
11702,AW00011702,Jenny,Zhou,S,,2009-02-23,jenny.zhou@fountains.com,Tokyo,29757
11703,AW00011703,Kaylee,Baker,S,,2009-02-23,kaylee.baker@fountains.com,Berlin,10687
11704,AW00011704,Evan,Hernandez,S,,2009-02-23,evan.hernandez@fountains.com,Bangkok,15955
11705,AW00011705,Brooke,Richardson,S,,2009-02-23,brooke.richardson@winds.com,Jakarta,35800
11706,AW00011706,Blake,Perez,M,,2009-02-23,blake.perez@nappa.com,Rome,38104
11707,AW00011707,Natalie,Cook,S,,2009-02-23,natalie.cook@papers.com,Singapore,10286
11708,AW00011708,Elizabeth,Weisman,S,,2009-02-23,elizabeth.weisman@towels.com,Jakarta,34731
11709,AW00011709,Hailey,Collins,S,,2009-02-23,hailey.collins@cappo.com,Tokyo,17414
11710,AW00011710,Zoe,Ramirez,M,,2009-02-23,zoe.ramirez@mouse.com,Madrid,23849
11711,AW00011711,Daniel,Davis,S,,2009-02-23,daniel.davis@nappa.com,Tokyo,38005
11712,AW00011712,Shelby,Rogers,M,,2009-02-24,shelby.rogers@fountains.com,Bangkok,45073
11713,AW00011713,Kyle,Zhang,M,,2009-02-24,kyle.zhang@hostinger.com,Rome,52390
11714,AW00011714,Alexandria,Long,M,,2009-02-24,alexandria.long@cappo.com,Tokyo,22132
11715,AW00011715,Chloe,Robinson,M,,2009-02-24,chloe.robinson@fountains.com,Berlin,27607
11716,AW00011716,Evan,Kelly,S,,2009-02-24,evan.kelly@sticks.com,Moscow,50900
11717,AW00011717,Marcus,Jones,M,,2009-02-24,marcus.jones@nappa.com,Singapore,37371
11718,AW00011718,Sarah,Jones,M,,2009-02-25,sarah.jones@fountains.com,Madrid,47590
11719,AW00011719,Blake,Green,M,,2009-02-25,blake.green@nappa.com,Tokyo,29924
11720,AW00011720,Morgan,Morris,M,,2009-02-25,morgan.morris@sticks.com,Delhi,17037
11721,AW00011721,Jennifer,Alexander,M,,2009-02-25,jennifer.alexander@fountains.com,Paris,15615
11722,AW00011722,Julian,Hughes,M,,2009-02-25,julian.hughes@fountains.com,Seoul,37544
11723,AW00011723,Luke,Coleman,S,,2009-02-25,luke.coleman@papers.com,Jakarta,33296
11724,AW00011724,Jason,Carter,S,,2009-02-25,jason.carter@cappo.com,Madrid,51146
11725,AW00011725,Jose,Li,S,,2009-02-26,jose.li@sticks.com,Madrid,30268
11726,AW00011726,Micah,Liang,S,,2009-02-26,micah.liang@nappa.com,Madrid,52795
11727,AW00011727,Benjamin,Taylor,S,,2009-02-26,benjamin.taylor@mouse.com,Bangkok,40145
11728,AW00011728,Logan,White,M,,2009-02-26,logan.white@sticks.com,Seoul,15938
11729,AW00011729,Caleb,Campbell,M,,2009-02-26,caleb.campbell@circles.com,Madrid,54919
11730,AW00011730,Emma,Torres,M,,2009-02-26,emma.torres@circles.com,Shanghai,42380
11731,AW00011731,Tanya,Gill,M,,2009-02-26,tanya.gill@papers.com,Tokyo,50454
11732,AW00011732,Erick,Sanchez,M,,2009-02-27,erick.sanchez@mouse.com,Tokyo,49087
11733,AW00011733,Kristi,Schmidt,M,,2009-02-27,kristi.schmidt@mouse.com,Shanghai,12202
11734,AW00011734,Omar,Chen,M,,2009-02-27,omar.chen@winds.com,Paris,52294
11735,AW00011735,Sydney,Gray,M,,2009-02-27,sydney.gray@cappo.com,Berlin,23738
11736,AW00011736,Sebastian,Sanchez,M,,2009-02-27,sebastian.sanchez@sticks.com,Seoul,50979
11737,AW00011737,Megan,Martin,M,,2009-02-27,megan.martin@winds.com,Rome,47041
11738,AW00011738,Elijah,Alexander,M,,2009-02-27,elijah.alexander@towels.com,London,51853
11739,AW00011739,Aaron,King,M,,2009-02-27,aaron.king@papers.com,Madrid,16675
11740,AW00011740,Jan,Hall,M,,2009-02-27,jan.hall@sticks.com,Singapore,42840
11741,AW00011741,Tamara,Chander,M,,2009-02-27,tamara.chander@nappa.com,Jakarta,45807
11742,AW00011742,Edward,Lewis,S,,2009-02-27,edward.lewis@hostinger.com,Berlin,56038
11743,AW00011743,Chase,Kelly,M,,2009-02-27,chase.kelly@circles.com,Seoul,52723
11744,AW00011744,Stephanie,Campbell,M,,2009-02-28,stephanie.campbell@nappa.com,Seoul,37746
11745,AW00011745,Allison,Gonzalez,M,,2009-02-28,allison.gonzalez@nappa.com,Madrid,23826
11746,AW00011746,Seth,Brooks,S,,2009-02-28,seth.brooks@winds.com,Madrid,34260
11747,AW00011747,Destiny,Davis,M,,2009-02-28,destiny.davis@fountains.com,London,14082
11748,AW00011748,Blake,Hill,M,,2009-02-28,blake.hill@circles.com,Bangkok,51989
11749,AW00011749,Eduardo,Jackson,M,,2009-03-01,eduardo.jackson@sticks.com,Singapore,18462
11750,AW00011750,Latoya,She,M,,2009-03-01,latoya.she@nappa.com,Berlin,44269
11751,AW00011751,Victoria,Gonzales,M,,2009-03-01,victoria.gonzales@circles.com,London,40310
11752,AW00011752,Lauren,Bryant,M,,2009-03-01,lauren.bryant@sticks.com,Delhi,11262
11753,AW00011753,Felicia,Ortega,M,,2009-03-01,felicia.ortega@towels.com,Mumbai,56286
11754,AW00011754,Janet,Ortega,M,,2009-03-01,janet.ortega@papers.com,Tokyo,18436
11755,AW00011755,Willie,Pal,M,,2009-03-01,willie.pal@sticks.com,London,24154
11756,AW00011756,Linda,Ortega,S,,2009-03-02,linda.ortega@hostinger.com,Shanghai,24039
11757,AW00011757,Vincent,Cai,M,,2009-03-02,vincent.cai@fountains.com,Mumbai,44884
11758,AW00011758,Colin,Yuan,M,,2009-03-02,colin.yuan@sticks.com,Shanghai,41462
11759,AW00011759,Dawn,Nath,M,,2009-03-02,dawn.nath@sticks.com,Mumbai,33622
11760,AW00011760,Melody,Moreno,M,,2009-03-02,melody.moreno@mouse.com,London,36376
11761,AW00011761,Edgar,Mehta,S,,2009-03-02,edgar.mehta@hostinger.com,Moscow,30190
11762,AW00011762,Randall,Gomez,M,,2009-03-02,randall.gomez@nappa.com,Istanbul,15322
11763,AW00011763,Ross,Fernandez,M,,2009-03-02,ross.fernandez@mouse.com,Delhi,15562
11764,AW00011764,Jessie,Ramos,S,,2009-03-02,jessie.ramos@towels.com,Paris,43653
11765,AW00011765,Marc,Torres,M,,2009-03-02,marc.torres@hostinger.com,Jakarta,56280
11766,AW00011766,Candace,Raman,S,,2009-03-02,candace.raman@sticks.com,Jakarta,49512
11767,AW00011767,Meagan,Madan,S,,2009-03-02,meagan.madan@hostinger.com,Moscow,26067
11768,AW00011768,Clayton,Nara,M,,2009-03-02,clayton.nara@towels.com,Singapore,59061
11769,AW00011769,Haley,Hernandez,S,,2009-03-02,haley.hernandez@circles.com,Madrid,24158
11770,AW00011770,Peter,Nara,S,,2009-03-02,peter.nara@sticks.com,Rome,26324
11771,AW00011771,Isaac,Rivera,S,,2009-03-03,isaac.rivera@fountains.com,Istanbul,16287
11772,AW00011772,Cameron,Moore,M,,2009-03-03,cameron.moore@nappa.com,Tokyo,33626
11773,AW00011773,Gavin,Diaz,S,,2009-03-03,gavin.diaz@fountains.com,Seoul,44010
11774,AW00011774,Emma,Sanchez,M,,2009-03-04,emma.sanchez@fountains.com,Bangkok,36171
11775,AW00011775,Sierra,Roberts,S,,2009-03-04,sierra.roberts@fountains.com,Mumbai,19760
11776,AW00011776,Seth,Mitchell,M,,2009-03-04,seth.mitchell@circles.com,Paris,31104
11777,AW00011777,Miranda,Long,S,,2009-03-04,miranda.long@nappa.com,Istanbul,15340
11778,AW00011778,Haley,Henderson,S,,2009-03-04,haley.henderson@nappa.com,Seoul,22933
11779,AW00011779,Sarah,Jackson,S,,2009-03-04,sarah.jackson@cappo.com,Paris,17102
11780,AW00011780,Jessica,Alexander,S,,2009-03-04,jessica.alexander@hostinger.com,Jakarta,50121
11781,AW00011781,Carlos,Gray,M,,2009-03-05,carlos.gray@cappo.com,Bangkok,26672
11782,AW00011782,Barbara,Jai,M,,2009-03-05,barbara.jai@nappa.com,Seoul,10585
11783,AW00011783,Sara,Mitchell,M,,2009-03-05,sara.mitchell@fountains.com,Berlin,48045
11784,AW00011784,Jose,Turner,M,,2009-03-05,jose.turner@nappa.com,Madrid,41507
11785,AW00011785,Theodore,Diaz,M,,2009-03-06,theodore.diaz@sticks.com,Paris,47987
11786,AW00011786,Ian,Murphy,S,,2009-03-06,ian.murphy@sticks.com,Madrid,33496
11787,AW00011787,Jerry,Nath,M,,2009-03-06,jerry.nath@fountains.com,Jakarta,46888
11788,AW00011788,Destiny,James,S,,2009-03-06,destiny.james@fountains.com,Bangkok,47256
11789,AW00011789,Bailey,Phillips,M,,2009-03-06,bailey.phillips@cappo.com,Singapore,35680
11790,AW00011790,Timothy,Gonzalez,M,,2009-03-06,timothy.gonzalez@papers.com,Tokyo,55835
11791,AW00011791,Chase,Morgan,M,,2009-03-06,chase.morgan@winds.com,Bangkok,26571
11792,AW00011792,Alexia,Perry,M,,2009-03-06,alexia.perry@fountains.com,Berlin,47869
11793,AW00011793,Xavier,Rogers,M,,2009-03-07,xavier.rogers@nappa.com,Singapore,35241
11794,AW00011794,Lauren,Ross,S,,2009-03-07,lauren.ross@sticks.com,Jakarta,46044
11795,AW00011795,Nicole,Thomas,S,,2009-03-07,nicole.thomas@nappa.com,Shanghai,51101
11796,AW00011796,Isabel,Jenkins,S,,2009-03-07,isabel.jenkins@cappo.com,Moscow,26689
11797,AW00011797,Devin,Coleman,S,,2009-03-07,devin.coleman@nappa.com,Paris,25918
11798,AW00011798,Brendan,Chande,M,,2009-03-07,brendan.chande@papers.com,Mumbai,39534
11799,AW00011799,Jessie,Wang,M,,2009-03-07,jessie.wang@papers.com,Berlin,17443
11800,AW00011800,Jennifer,Baker,M,,2009-03-07,jennifer.baker@towels.com,Moscow,48210
11801,AW00011801,Aaron,Sharma,M,,2009-03-07,aaron.sharma@cappo.com,Berlin,19988
11802,AW00011802,Madison,Taylor,M,,2009-03-08,madison.taylor@mouse.com,London,40045
11803,AW00011803,Jan,Hernandez,S,,2009-03-08,jan.hernandez@fountains.com,Singapore,42102
11804,AW00011804,Haley,Turner,M,,2009-03-08,haley.turner@nappa.com,Bangkok,13011
11805,AW00011805,Richard,Green,M,,2009-03-08,richard.green@towels.com,Paris,35547
11806,AW00011806,Jennifer,Stewart,M,,2009-03-08,jennifer.stewart@nappa.com,Rome,44771
11807,AW00011807,Lucas,Baker,M,,2009-03-08,lucas.baker@papers.com,London,43489
11808,AW00011808,James,Parker,M,,2009-03-08,james.parker@mouse.com,Istanbul,37348
11809,AW00011809,Juan,Gray,M,,2009-03-08,juan.gray@towels.com,Delhi,20404
11810,AW00011810,Antonio,Washington,S,,2009-03-09,antonio.washington@sticks.com,London,38520
11811,AW00011811,Abigail,Brooks,S,,2009-03-09,abigail.brooks@fountains.com,Shanghai,10244
11812,AW00011812,Andrew,Rodriguez,M,,2009-03-09,andrew.rodriguez@circles.com,Singapore,16263
11813,AW00011813,Mary,Patterson,M,,2009-03-09,mary.patterson@towels.com,London,18339
11814,AW00011814,Dalton,Morgan,M,,2009-03-09,dalton.morgan@fountains.com,Singapore,49430
11815,AW00011815,Hannah,Patterson,M,,2009-03-09,hannah.patterson@circles.com,Berlin,33355
11816,AW00011816,Joe,Torres,M,,2009-03-09,joe.torres@fountains.com,Paris,49535
11817,AW00011817,Morgan,Miller,S,,2009-03-09,morgan.miller@circles.com,Istanbul,59051
11818,AW00011818,Daniel,Garcia,M,,2009-03-09,daniel.garcia@circles.com,Bangkok,19539
11819,AW00011819,Jose,Lal,M,,2009-03-10,jose.lal@papers.com,Bangkok,49471
11820,AW00011820,Katelyn,Lopez,M,,2009-03-10,katelyn.lopez@fountains.com,Jakarta,30524
11821,AW00011821,Austin,Johnson,M,,2009-03-10,austin.johnson@hostinger.com,Rome,10171
11822,AW00011822,Rohinton,Wadia,M,,2009-03-10,rohinton.wadia@cappo.com,Seoul,46792
11823,AW00011823,Morgan,Turner,M,,2009-03-10,morgan.turner@winds.com,Berlin,34802
11824,AW00011824,Jill,Martin,M,,2009-03-10,jill.martin@mouse.com,Jakarta,51268
11825,AW00011825,Aimee,She,S,,2009-03-10,aimee.she@hostinger.com,Jakarta,22830
11826,AW00011826,Jessie,Alonso,M,,2009-03-10,jessie.alonso@hostinger.com,Moscow,53701
11827,AW00011827,Sara,Baker,M,,2009-03-10,sara.baker@sticks.com,Istanbul,47130
11828,AW00011828,Katherine,Martinez,M,,2009-03-11,katherine.martinez@towels.com,Shanghai,41526
11829,AW00011829,Sophia,Campbell,M,,2009-03-11,sophia.campbell@nappa.com,Madrid,46451
11830,AW00011830,Taylor,Garcia,M,,2009-03-11,taylor.garcia@towels.com,Singapore,47506
11831,AW00011831,Christian,Ross,M,,2009-03-11,christian.ross@circles.com,Seoul,13295
11832,AW00011832,Zoe,Murphy,S,,2009-03-11,zoe.murphy@towels.com,Singapore,41839
11833,AW00011833,Oscar,Price,M,,2009-03-11,oscar.price@winds.com,Rome,18621
11834,AW00011834,Fernando,Flores,S,,2009-03-11,fernando.flores@nappa.com,Moscow,43692
11835,AW00011835,Elijah,Russell,S,,2009-03-11,elijah.russell@mouse.com,Jakarta,33650
11836,AW00011836,Garrett,Travers,M,,2009-03-12,garrett.travers@nappa.com,Delhi,10446
11837,AW00011837,Haley,Alexander,S,,2009-03-12,haley.alexander@fountains.com,Rome,57434
11838,AW00011838,Justin,Rodriguez,S,,2009-03-12,justin.rodriguez@winds.com,Istanbul,35971
11839,AW00011839,Tyler,Brown,S,,2009-03-12,tyler.brown@circles.com,Madrid,46814
11840,AW00011840,Julian,Patterson,M,,2009-03-12,julian.patterson@hostinger.com,Delhi,30544
11841,AW00011841,Sean,Nelson,M,,2009-03-13,sean.nelson@mouse.com,Paris,16415
11842,AW00011842,Justin,Wilson,S,,2009-03-13,justin.wilson@winds.com,Seoul,29819
11843,AW00011843,Christy,Nara,S,,2009-03-13,christy.nara@papers.com,Mumbai,14832
11844,AW00011844,Michele,Alvarez,S,,2009-03-13,michele.alvarez@cappo.com,Paris,49254
11845,AW00011845,Natalie,Jones,S,,2009-03-13,natalie.jones@cappo.com,Berlin,33358
11846,AW00011846,Savannah,Reed,S,,2009-03-14,savannah.reed@mouse.com,Jakarta,57125
11847,AW00011847,Cassidy,Diaz,S,,2009-03-14,cassidy.diaz@towels.com,Jakarta,57743
11848,AW00011848,Joshua,Lewis,M,,2009-03-14,joshua.lewis@hostinger.com,Moscow,44943
11849,AW00011849,Faith,Reed,S,,2009-03-14,faith.reed@mouse.com,Shanghai,32908
11850,AW00011850,Brooke,Ramirez,S,,2009-03-14,brooke.ramirez@nappa.com,Berlin,59312
11851,AW00011851,Jada,Mitchell,S,,2009-03-14,jada.mitchell@nappa.com,Paris,54349
11852,AW00011852,Kyle,Russell,S,,2009-03-14,kyle.russell@winds.com,Jakarta,31399
11853,AW00011853,Grace,Jones,S,,2009-03-14,grace.jones@nappa.com,Moscow,10279
11854,AW00011854,Jason,Mitchell,S,,2009-03-14,jason.mitchell@towels.com,Singapore,47264
11855,AW00011855,Christian,Walker,M,,2009-03-15,christian.walker@winds.com,Madrid,43311
11856,AW00011856,Seth,Hernandez,M,,2009-03-15,seth.hernandez@hostinger.com,Berlin,23120
11857,AW00011857,Isabella,Young,S,,2009-03-15,isabella.young@hostinger.com,Delhi,56122
11858,AW00011858,Jordan,Coleman,M,,2009-03-15,jordan.coleman@towels.com,Tokyo,47345
11859,AW00011859,Blake,Garcia,M,,2009-03-15,blake.garcia@cappo.com,Tokyo,53320
11860,AW00011860,Nicole,Walker,M,,2009-03-15,nicole.walker@nappa.com,Mumbai,56132
11861,AW00011861,Katherine,Carter,M,,2009-03-16,katherine.carter@circles.com,Bangkok,16171
11862,AW00011862,Olivia,Peterson,S,,2009-03-16,olivia.peterson@papers.com,Bangkok,43688
11863,AW00011863,Jessica,Wood,M,,2009-03-16,jessica.wood@fountains.com,Istanbul,46384
11864,AW00011864,Elizabeth,Thompson,M,,2009-03-16,elizabeth.thompson@fountains.com,Paris,26160
11865,AW00011865,Chloe,Rivera,M,,2009-03-16,chloe.rivera@papers.com,Mumbai,35966
11866,AW00011866,Lucas,Scott,M,,2009-03-16,lucas.scott@winds.com,London,41760
11867,AW00011867,Nathaniel,James,M,,2009-03-16,nathaniel.james@nappa.com,Istanbul,40292
11868,AW00011868,Jessica,Peterson,S,,2009-03-16,jessica.peterson@nappa.com,Bangkok,10329
11869,AW00011869,Kaitlyn,Adams,S,,2009-03-16,kaitlyn.adams@winds.com,Seoul,26587
11870,AW00011870,Jillian,Garcia,S,,2009-03-17,jillian.garcia@hostinger.com,Madrid,30051
11871,AW00011871,Dalton,Bennett,S,,2009-03-17,dalton.bennett@sticks.com,Bangkok,53609
11872,AW00011872,Faith,Patterson,S,,2009-03-17,faith.patterson@mouse.com,Jakarta,53597
11873,AW00011873,Ryan,Zhang,M,,2009-03-18,ryan.zhang@fountains.com,London,41011
11874,AW00011874,Adrian,Bell,S,,2009-03-18,adrian.bell@mouse.com,Shanghai,20496
11875,AW00011875,Jonathan,Brown,M,,2009-03-18,jonathan.brown@papers.com,London,59511
11876,AW00011876,Madison,White,M,,2009-03-18,madison.white@circles.com,Mumbai,42227
11877,AW00011877,Alexis,Diaz,M,,2009-03-18,alexis.diaz@sticks.com,Mumbai,58106
11878,AW00011878,Christine,Nara,M,,2009-03-18,christine.nara@fountains.com,Seoul,14546
11879,AW00011879,Edgar,Sai,M,,2009-03-19,edgar.sai@fountains.com,Istanbul,11325
11880,AW00011880,Melissa,Sanchez,M,,2009-03-19,melissa.sanchez@winds.com,Bangkok,48358
11881,AW00011881,Richard,Mitchell,M,,2009-03-19,richard.mitchell@winds.com,Tokyo,35797
11882,AW00011882,Patrick,Stewart,M,,2009-03-19,patrick.stewart@cappo.com,Singapore,39975
11883,AW00011883,Hannah,Anderson,M,,2009-03-19,hannah.anderson@mouse.com,Rome,38850
11884,AW00011884,Latoya,Shen,M,,2009-03-19,latoya.shen@papers.com,Istanbul,44397
11885,AW00011885,Kurt,Sharma,M,,2009-03-19,kurt.sharma@papers.com,Jakarta,26586
11886,AW00011886,Katelyn,Parker,M,,2009-03-19,katelyn.parker@hostinger.com,Jakarta,28464
11887,AW00011887,Joseph,White,M,,2009-03-19,joseph.white@nappa.com,Madrid,40256
11888,AW00011888,Aaron,Ross,M,,2009-03-19,aaron.ross@mouse.com,Mumbai,28119
11889,AW00011889,Blake,Patterson,S,,2009-03-19,blake.patterson@winds.com,Moscow,37222
11890,AW00011890,Whitney,Lopez,M,,2009-03-20,whitney.lopez@papers.com,Shanghai,22242
11891,AW00011891,Jamie,Liang,M,,2009-03-20,jamie.liang@cappo.com,Bangkok,23418
11892,AW00011892,Julio,Ortega,M,,2009-03-20,julio.ortega@papers.com,Berlin,39390
11893,AW00011893,Orlando,Carlson,M,,2009-03-20,orlando.carlson@mouse.com,London,53211
11894,AW00011894,Ann,Gonzalez,M,,2009-03-20,ann.gonzalez@winds.com,Berlin,53887
11895,AW00011895,Dustin,Chander,M,,2009-03-20,dustin.chander@circles.com,Shanghai,45218
11896,AW00011896,Frank,Carlson,M,,2009-03-20,frank.carlson@towels.com,Rome,17992
11897,AW00011897,Orlando,Ashe,S,,2009-03-20,orlando.ashe@cappo.com,Mumbai,28452
11898,AW00011898,Angela,Henderson,M,,2009-03-21,angela.henderson@cappo.com,Moscow,54729
11899,AW00011899,Brenda,Perez,S,,2009-03-21,brenda.perez@circles.com,Seoul,25142
11900,AW00011900,Byron,Carlson,S,,2009-03-21,byron.carlson@cappo.com,Madrid,54630
11901,AW00011901,Stacy,Alvarez,S,,2009-03-21,stacy.alvarez@mouse.com,Moscow,32739
11902,AW00011902,Drew,Pal,M,,2009-03-21,drew.pal@hostinger.com,London,59876
11903,AW00011903,Kate,Raji,S,,2009-03-21,kate.raji@fountains.com,Madrid,57607
11904,AW00011904,Kaylee,Cook,S,,2009-03-21,kaylee.cook@towels.com,Paris,40962
11905,AW00011905,Isaiah,Ramirez,S,,2009-03-22,isaiah.ramirez@mouse.com,Moscow,18904
11906,AW00011906,Gabriella,Sanders,M,,2009-03-22,gabriella.sanders@hostinger.com,Bangkok,30797
11907,AW00011907,Sarah,Garcia,S,,2009-03-22,sarah.garcia@hostinger.com,Delhi,37035
11908,AW00011908,Rafael,Tang,S,,2009-03-22,rafael.tang@papers.com,Jakarta,56880
11909,AW00011909,Nichole,She,M,,2009-03-23,nichole.she@cappo.com,Jakarta,14081
11910,AW00011910,Jaclyn,Zheng,M,,2009-03-23,jaclyn.zheng@circles.com,Shanghai,29975
11911,AW00011911,Rachael,Kapoor,M,,2009-03-23,rachael.kapoor@sticks.com,Rome,27563
11912,AW00011912,Rachael,Sai,S,,2009-03-23,rachael.sai@mouse.com,Tokyo,29367
11913,AW00011913,Rebecca,Robinson,M,,2009-03-23,rebecca.robinson@winds.com,Paris,47080
11914,AW00011914,Meagan,Rana,S,,2009-03-23,meagan.rana@nappa.com,Madrid,21299
11915,AW00011915,Philip,Carlson,S,,2009-03-23,philip.carlson@towels.com,Berlin,29388
11916,AW00011916,Joe,Rana,S,,2009-03-24,joe.rana@papers.com,Rome,41010
11917,AW00011917,Roy,Sanz,S,,2009-03-24,roy.sanz@fountains.com,Delhi,53457
11918,AW00011918,Kaylee,Hill,M,,2009-03-24,kaylee.hill@towels.com,Shanghai,39008
11919,AW00011919,Warren,Andersen,M,,2009-03-24,warren.andersen@towels.com,Istanbul,17476
11920,AW00011920,Adrienne,Gomez,S,,2009-03-24,adrienne.gomez@sticks.com,Bangkok,36501
11921,AW00011921,Gilbert,Zhu,M,,2009-03-24,gilbert.zhu@hostinger.com,Mumbai,26707
11922,AW00011922,James,Davis,S,,2009-03-24,james.davis@cappo.com,London,39436
11923,AW00011923,Sarah,Bryant,M,,2009-03-24,sarah.bryant@winds.com,Rome,42147
11924,AW00011924,Ian,Long,S,,2009-03-24,ian.long@hostinger.com,Paris,45439
11925,AW00011925,Ashlee,Jai,S,,2009-03-24,ashlee.jai@circles.com,Seoul,53546
11926,AW00011926,Eduardo,Foster,S,,2009-03-25,eduardo.foster@nappa.com,London,16932
11927,AW00011927,Nicole,Murphy,S,,2009-03-25,nicole.murphy@circles.com,Rome,39515
11928,AW00011928,Isabella,Morris,M,,2009-03-25,isabella.morris@nappa.com,Moscow,23210
11929,AW00011929,Virginia,Gonzalez,S,,2009-03-25,virginia.gonzalez@hostinger.com,Singapore,16416
11930,AW00011930,Jaclyn,Nara,M,,2009-03-25,jaclyn.nara@winds.com,Bangkok,39079
11931,AW00011931,Marcus,Adams,S,,2009-03-26,marcus.adams@fountains.com,Rome,52325
11932,AW00011932,Elizabeth,Coleman,M,,2009-03-26,elizabeth.coleman@mouse.com,Seoul,43111
11933,AW00011933,Mathew,Rubio,S,,2009-03-26,mathew.rubio@towels.com,Seoul,53076
11934,AW00011934,Justin,Shan,S,,2009-03-26,justin.shan@fountains.com,Delhi,34027
11935,AW00011935,Jessica,Taylor,S,,2009-03-26,jessica.taylor@papers.com,Shanghai,53076
11936,AW00011936,Hunter,Clark,M,,2009-03-26,hunter.clark@sticks.com,Istanbul,29604
11937,AW00011937,Devin,Perez,M,,2009-03-26,devin.perez@towels.com,Tokyo,37355
11938,AW00011938,Seth,Alexander,M,,2009-03-26,seth.alexander@mouse.com,Seoul,23891
11939,AW00011939,Kevin,Washington,S,,2009-03-26,kevin.washington@winds.com,Bangkok,51189
11940,AW00011940,Tyler,Miller,M,,2009-03-27,tyler.miller@mouse.com,Madrid,17500
11941,AW00011941,Adam,Roberts,S,,2009-03-27,adam.roberts@fountains.com,Bangkok,14735
11942,AW00011942,George,Gonzalez,M,,2009-03-27,george.gonzalez@fountains.com,Paris,31507
11943,AW00011943,Dawn,Huang,M,,2009-03-27,dawn.huang@circles.com,Jakarta,57948
11944,AW00011944,Rachael,Rodriguez,S,,2009-03-27,rachael.rodriguez@fountains.com,Moscow,30485
11945,AW00011945,Dennis,Huang,M,,2009-03-27,dennis.huang@papers.com,Istanbul,37765
11946,AW00011946,Brandy,Saunders,S,,2009-03-28,brandy.saunders@fountains.com,Tokyo,31892
11947,AW00011947,Jenny,Zheng,S,,2009-03-28,jenny.zheng@towels.com,Jakarta,37423
11948,AW00011948,Tasha,Xu,M,,2009-03-28,tasha.xu@towels.com,Tokyo,44941
11949,AW00011949,Julia,Brooks,S,,2009-03-28,julia.brooks@fountains.com,London,55494
11950,AW00011950,Jordan,Carter,M,,2009-03-28,jordan.carter@sticks.com,Jakarta,49238
11951,AW00011951,Lacey,Huang,M,,2009-03-28,lacey.huang@winds.com,Seoul,35581
11952,AW00011952,Dorothy,Robinson,S,,2009-03-28,dorothy.robinson@cappo.com,Rome,31218
11953,AW00011953,Courtney,Wright,S,,2009-03-28,courtney.wright@papers.com,Bangkok,27367
11954,AW00011954,Joseph,Garcia,M,,2009-03-29,joseph.garcia@nappa.com,Seoul,43822
11955,AW00011955,Gabriel,Green,S,,2009-03-29,gabriel.green@sticks.com,Jakarta,14324
11956,AW00011956,Alexandria,Sandberg,S,,2009-03-29,alexandria.sandberg@circles.com,Berlin,11046
11957,AW00011957,Courtney,Hernandez,S,,2009-03-29,courtney.hernandez@sticks.com,Shanghai,57430
11958,AW00011958,Dylan,Lal,S,,2009-03-29,dylan.lal@nappa.com,Madrid,52414
11959,AW00011959,Elizabeth,Davis,S,,2009-03-29,elizabeth.davis@cappo.com,Bangkok,39407
11960,AW00011960,Ana,Griffin,S,,2009-03-29,ana.griffin@sticks.com,Bangkok,25135
11961,AW00011961,Anne,Alvarez,S,,2009-03-29,anne.alvarez@papers.com,Singapore,18382
11962,AW00011962,Alexandra,Roberts,S,,2009-03-29,alexandra.roberts@cappo.com,Moscow,16101
11963,AW00011963,Antonio,Patterson,M,,2009-03-29,antonio.patterson@winds.com,Singapore,15864
11964,AW00011964,Sharon,Salavaria,S,,2009-03-29,sharon.salavaria@papers.com,Delhi,12377
11965,AW00011965,Katie,She,S,,2009-03-29,katie.she@sticks.com,Delhi,44334
11966,AW00011966,Rafael,Black,S,,2009-03-29,rafael.black@nappa.com,Delhi,46085
11967,AW00011967,Latasha,Munoz,S,,2009-03-29,latasha.munoz@hostinger.com,Shanghai,25298
11968,AW00011968,Kelsey,Becker,S,,2009-03-29,kelsey.becker@winds.com,Moscow,23925
11969,AW00011969,Randy,Xu,S,,2009-03-30,randy.xu@mouse.com,London,42118
11970,AW00011970,Bailey,Collins,S,,2009-03-30,bailey.collins@hostinger.com,Rome,21018
11971,AW00011971,Amanda,Adams,S,,2009-03-30,amanda.adams@mouse.com,Moscow,12290
11972,AW00011972,Katherine,Williams,M,,2009-03-30,katherine.williams@circles.com,Istanbul,49135
11973,AW00011973,Caroline,Barnes,S,,2009-03-30,caroline.barnes@winds.com,London,22873
11974,AW00011974,Randy,Sun,S,,2009-03-30,randy.sun@sticks.com,Istanbul,35448
11975,AW00011975,Destiny,Garcia,S,,2009-03-30,destiny.garcia@circles.com,London,13053
11976,AW00011976,Audrey,Ramos,S,,2009-03-30,audrey.ramos@fountains.com,Istanbul,48813
11977,AW00011977,Bonnie,Jai,M,,2009-03-31,bonnie.jai@nappa.com,London,36080
11978,AW00011978,Jackson,Washington,M,,2009-03-31,jackson.washington@papers.com,Madrid,38340
11979,AW00011979,Christopher,Johnson,M,,2009-03-31,christopher.johnson@circles.com,Berlin,29478
11980,AW00011980,Kimberly,Richardson,S,,2009-03-31,kimberly.richardson@sticks.com,Paris,55946
11981,AW00011981,Alexandria,Howard,S,,2009-03-31,alexandria.howard@fountains.com,Shanghai,19784
11982,AW00011982,Alexandra,Foster,S,,2009-03-31,alexandra.foster@towels.com,Tokyo,17524
11983,AW00011983,Cheryl,Ortega,M,,2009-04-01,cheryl.ortega@papers.com,Madrid,55738
11984,AW00011984,Alex,Campbell,M,,2009-04-01,alex.campbell@fountains.com,Shanghai,50649
11985,AW00011985,Melanie,Hughes,M,,2009-04-01,melanie.hughes@hostinger.com,Mumbai,12387
11986,AW00011986,Max,Alvarez,S,,2009-04-01,max.alvarez@papers.com,Singapore,37938
11987,AW00011987,Diane,Vazquez,M,,2009-04-01,diane.vazquez@hostinger.com,Tokyo,55485
11988,AW00011988,Kathryn,Chapman,S,,2009-04-01,kathryn.chapman@papers.com,Istanbul,58945
11989,AW00011989,Kara,Anand,S,,2009-04-01,kara.anand@fountains.com,Bangkok,52323
11990,AW00011990,Joanna,Vazquez,S,,2009-04-01,joanna.vazquez@fountains.com,Singapore,50070
11991,AW00011991,Frederick,Martinez,M,,2009-04-01,frederick.martinez@towels.com,Bangkok,25258
11992,AW00011992,Tonya,Chande,S,,2009-04-01,tonya.chande@winds.com,Moscow,55650
11993,AW00011993,Rosa,Wang,S,,2009-04-01,rosa.wang@mouse.com,Madrid,54524
11994,AW00011994,Leah,Hu,S,,2009-04-02,leah.hu@sticks.com,Seoul,40293
11995,AW00011995,Kelvin,Carson,M,,2009-04-02,kelvin.carson@towels.com,Berlin,34103
11996,AW00011996,Veronica,Srini,S,,2009-04-02,veronica.srini@circles.com,Shanghai,54000
11997,AW00011997,Kristina,Kapoor,M,,2009-04-02,kristina.kapoor@hostinger.com,Bangkok,42757
11998,AW00011998,Donna,Sharma,M,,2009-04-02,donna.sharma@towels.com,Rome,14741
11999,AW00011999,Johnny,Shan,M,,2009-04-02,johnny.shan@papers.com,Rome,48313
12000,AW00012000,Ashley,Russell,S,,2009-04-02,ashley.russell@sticks.com,Rome,56586
12001,AW00012001,Shannon,Yang,S,,2009-04-02,shannon.yang@winds.com,Seoul,47910
12002,AW00012002,Adriana,Lopez,S,,2009-04-03,adriana.lopez@winds.com,Paris,21120
12003,AW00012003,Audrey,Munoz,S,,2009-04-03,audrey.munoz@circles.com,Tokyo,12465
12004,AW00012004,Jarrod,Suri,S,,2009-04-03,jarrod.suri@fountains.com,Madrid,21805
12005,AW00012005,Gilbert,Shen,M,,2009-04-03,gilbert.shen@towels.com,Singapore,29389
12006,AW00012006,Richard,Blue,M,,2009-04-03,richard.blue@winds.com,Istanbul,49600
12007,AW00012007,Shannon,Sun,M,,2009-04-03,shannon.sun@winds.com,London,25622
12008,AW00012008,Sharon,Yuan,M,,2009-04-03,sharon.yuan@fountains.com,Shanghai,29006
12009,AW00012009,Ann,Martinez,S,,2009-04-03,ann.martinez@hostinger.com,Delhi,14759
12010,AW00012010,Max,Serrano,M,,2009-04-03,max.serrano@sticks.com,Rome,26912
12011,AW00012011,Morgan,Johnson,S,,2009-04-03,morgan.johnson@hostinger.com,Tokyo,50117
12012,AW00012012,Monica,Schmidt,M,,2009-04-03,monica.schmidt@nappa.com,Singapore,10113
12013,AW00012013,Kayla,Lewis,S,,2009-04-03,kayla.lewis@cappo.com,Seoul,35396
12014,AW00012014,Devin,Sanders,M,,2009-04-04,devin.sanders@nappa.com,Delhi,57490
12015,AW00012015,Jacob,White,S,,2009-04-04,jacob.white@papers.com,Singapore,48366
12016,AW00012016,Meredith,Serrano,S,,2009-04-04,meredith.serrano@sticks.com,Seoul,59563
12017,AW00012017,David,Simmons,M,,2009-04-04,david.simmons@towels.com,Madrid,33975
12018,AW00012018,Devin,Henderson,M,,2009-04-04,devin.henderson@sticks.com,Rome,28531
12019,AW00012019,Gabrielle,Cox,S,,2009-04-04,gabrielle.cox@sticks.com,Shanghai,20785
12020,AW00012020,Olivia,Rogers,M,,2009-04-04,olivia.rogers@nappa.com,Istanbul,17727
12021,AW00012021,Deborah,Yuan,S,,2009-04-04,deborah.yuan@circles.com,Madrid,24339
12022,AW00012022,Jose,Wright,S,,2009-04-04,jose.wright@mouse.com,Seoul,49639
12023,AW00012023,Fernando,Johnson,S,,2009-04-04,fernando.johnson@nappa.com,Berlin,33293
12024,AW00012024,Samuel,Edwards,S,,2009-04-04,samuel.edwards@towels.com,Tokyo,49509
12025,AW00012025,Logan,Diaz,M,,2009-04-04,logan.diaz@towels.com,London,14840
12026,AW00012026,Lucas,Flores,M,,2009-04-04,lucas.flores@sticks.com,Bangkok,51160
12027,AW00012027,Haley,Wood,M,,2009-04-04,haley.wood@circles.com,Istanbul,48023
12028,AW00012028,Sarah,Lewis,S,,2009-04-05,sarah.lewis@hostinger.com,Rome,45639
12029,AW00012029,Damien,Hu,M,,2009-04-05,damien.hu@papers.com,Seoul,24859
12030,AW00012030,Ana,Washington,S,,2009-04-05,ana.washington@winds.com,Tokyo,54330
12031,AW00012031,Logan,Jai,S,,2009-04-06,logan.jai@cappo.com,London,56792
12032,AW00012032,Tyler,Taylor,S,,2009-04-06,tyler.taylor@towels.com,Paris,45795
12033,AW00012033,Kristen,Guo,S,,2009-04-06,kristen.guo@circles.com,Berlin,31906
12034,AW00012034,Julian,Long,M,,2009-04-07,julian.long@hostinger.com,Berlin,43873
12035,AW00012035,Gerald,Prasad,M,,2009-04-07,gerald.prasad@circles.com,Madrid,22808
12036,AW00012036,Summer,Lopez,M,,2009-04-07,summer.lopez@winds.com,Tokyo,38237
12037,AW00012037,Patricia,Chapman,S,,2009-04-07,patricia.chapman@winds.com,Paris,49186
12038,AW00012038,George,Vance,S,,2009-04-07,george.vance@sticks.com,Rome,56362
12039,AW00012039,Ricardo,Nath,M,,2009-04-07,ricardo.nath@cappo.com,Istanbul,25040
12040,AW00012040,Richard,Torres,M,,2009-04-07,richard.torres@towels.com,Singapore,32905
12041,AW00012041,Seth,Martin,M,,2009-04-08,seth.martin@mouse.com,Moscow,39819
12042,AW00012042,Alex,Carter,M,,2009-04-08,alex.carter@mouse.com,Shanghai,43773
12043,AW00012043,Carson,Patterson,M,,2009-04-08,carson.patterson@winds.com,Madrid,35703
12044,AW00012044,Madeline,Lopez,S,,2009-04-08,madeline.lopez@winds.com,Bangkok,15332
12045,AW00012045,Luis,Russell,S,,2009-04-08,luis.russell@hostinger.com,Paris,47073
12046,AW00012046,Alexa,Cook,S,,2009-04-08,alexa.cook@cappo.com,Madrid,39532
12047,AW00012047,Alexandra,Davis,S,,2009-04-08,alexandra.davis@fountains.com,Shanghai,58174
12048,AW00012048,Kayla,Coleman,S,,2009-04-08,kayla.coleman@mouse.com,Delhi,42648
12049,AW00012049,Angela,Russell,S,,2009-04-08,angela.russell@sticks.com,London,19942
12050,AW00012050,Aaron,Young,S,,2009-04-08,aaron.young@nappa.com,Singapore,37123
12051,AW00012051,Isaiah,Scott,S,,2009-04-09,isaiah.scott@cappo.com,Bangkok,28106
12052,AW00012052,Makayla,Ward,S,,2009-04-09,makayla.ward@fountains.com,Bangkok,39308
12053,AW00012053,Cedric,Gao,S,,2009-04-09,cedric.gao@cappo.com,Bangkok,48660
12054,AW00012054,Luke,Diaz,M,,2009-04-09,luke.diaz@sticks.com,Paris,32333
12055,AW00012055,Arianna,Richardson,M,,2009-04-09,arianna.richardson@papers.com,Mumbai,57673
12056,AW00012056,Ian,Ward,M,,2009-04-09,ian.ward@fountains.com,Istanbul,51653
12057,AW00012057,Madeline,Collins,M,,2009-04-09,madeline.collins@cappo.com,Tokyo,59043
12058,AW00012058,Chloe,Nelson,M,,2009-04-09,chloe.nelson@circles.com,Shanghai,10754
12059,AW00012059,Jason,Jenkins,M,,2009-04-09,jason.jenkins@circles.com,Mumbai,56068
12060,AW00012060,Andrew,Wedge,S,,2009-04-09,andrew.wedge@fountains.com,Moscow,10992
12061,AW00012061,Bryce,Brooks,M,,2009-04-10,bryce.brooks@cappo.com,Berlin,24472
12062,AW00012062,Edward,Long,M,,2009-04-10,edward.long@hostinger.com,Bangkok,47787
12063,AW00012063,Xavier,Martinez,M,,2009-04-10,xavier.martinez@circles.com,Mumbai,20069
12064,AW00012064,John,White,S,,2009-04-10,john.white@cappo.com,Delhi,38652
12065,AW00012065,Isaiah,Collins,M,,2009-04-10,isaiah.collins@sticks.com,Berlin,19960
12066,AW00012066,Wyatt,Powell,M,,2009-04-10,wyatt.powell@towels.com,Delhi,35532
12067,AW00012067,Aaron,Bryant,S,,2009-04-11,aaron.bryant@papers.com,Paris,30934
12068,AW00012068,Maria,Jenkins,S,,2009-04-11,maria.jenkins@circles.com,Tokyo,27310
12069,AW00012069,Garrett,Kelly,M,,2009-04-11,garrett.kelly@winds.com,Jakarta,10630
12070,AW00012070,Luke,Ross,M,,2009-04-11,luke.ross@sticks.com,Jakarta,16309
12071,AW00012071,Robert,Robinson,M,,2009-04-11,robert.robinson@cappo.com,Delhi,25894
12072,AW00012072,Tristan,Ross,M,,2009-04-11,tristan.ross@papers.com,Mumbai,47536
12073,AW00012073,Thomas,Rodriguez,M,,2009-04-12,thomas.rodriguez@fountains.com,Delhi,34417
12074,AW00012074,Megan,Jenkins,S,,2009-04-12,megan.jenkins@cappo.com,Delhi,10760
12075,AW00012075,Cameron,Griffin,S,,2009-04-12,cameron.griffin@towels.com,Jakarta,51214
12076,AW00012076,Chloe,Washington,M,,2009-04-12,chloe.washington@circles.com,Paris,18798
12077,AW00012077,Nicole,Sandberg,S,,2009-04-12,nicole.sandberg@papers.com,Delhi,44331
12078,AW00012078,Jose,Edwards,M,,2009-04-12,jose.edwards@cappo.com,Rome,37184
12079,AW00012079,Nathaniel,Cooper,M,,2009-04-12,nathaniel.cooper@sticks.com,Jakarta,20132
12080,AW00012080,Grace,Sanchez,S,,2009-04-12,grace.sanchez@nappa.com,Mumbai,20864
12081,AW00012081,Kaitlyn,Perez,S,,2009-04-12,kaitlyn.perez@hostinger.com,Delhi,18809
12082,AW00012082,Lauren,Sanchez,M,,2009-04-12,lauren.sanchez@circles.com,Berlin,48138
12083,AW00012083,Kayla,Alexander,M,,2009-04-12,kayla.alexander@mouse.com,Seoul,19632
12084,AW00012084,Aidan,Perry,M,,2009-04-12,aidan.perry@mouse.com,Shanghai,59087
12085,AW00012085,Tyler,Rodriguez,M,,2009-04-12,tyler.rodriguez@hostinger.com,Paris,19215
12086,AW00012086,Emily,Clark,S,,2009-04-12,emily.clark@towels.com,Paris,42204
12087,AW00012087,Sean,Cook,S,,2009-04-12,sean.cook@hostinger.com,Istanbul,51969
12088,AW00012088,Lauren,Thompson,S,,2009-04-12,lauren.thompson@sticks.com,Shanghai,39677
12089,AW00012089,Nathaniel,Richardson,M,,2009-04-12,nathaniel.richardson@towels.com,Moscow,46220
12090,AW00012090,Savannah,Carter,M,,2009-04-12,savannah.carter@papers.com,Madrid,43122
12091,AW00012091,Eddie,Munoz,M,,2009-04-13,eddie.munoz@mouse.com,Jakarta,37993
12092,AW00012092,Austin,White,M,,2009-04-13,austin.white@cappo.com,Delhi,52027
12093,AW00012093,Levi,Chandra,M,,2009-04-13,levi.chandra@circles.com,Berlin,31889
12094,AW00012094,Bailey,Bailey,M,,2009-04-13,bailey.bailey@mouse.com,Moscow,13041
12095,AW00012095,Austin,Griffin,M,,2009-04-13,austin.griffin@circles.com,Delhi,18407
12096,AW00012096,Caitlin,Brooks,M,,2009-04-14,caitlin.brooks@sticks.com,Singapore,11466
12097,AW00012097,Sean,Allen,S,,2009-04-14,sean.allen@fountains.com,Jakarta,11631
12098,AW00012098,Grace,Clark,S,,2009-04-14,grace.clark@towels.com,Madrid,13258
12099,AW00012099,Sydney,Hall,S,,2009-04-14,sydney.hall@cappo.com,Istanbul,13166
12100,AW00012100,Jon,Sun,S,,2009-04-14,jon.sun@nappa.com,Tokyo,49759
12101,AW00012101,Logan,Patterson,S,,2009-04-14,logan.patterson@fountains.com,Jakarta,15517
12102,AW00012102,Devin,Simmons,M,,2009-04-14,devin.simmons@fountains.com,Delhi,12357
12103,AW00012103,Chloe,White,M,,2009-04-14,chloe.white@papers.com,Moscow,23262
12104,AW00012104,Mariah,Ross,M,,2009-04-15,mariah.ross@papers.com,Jakarta,24233
12105,AW00012105,Abigail,Foster,S,,2009-04-15,abigail.foster@cappo.com,Rome,10590
12106,AW00012106,Isaiah,Baker,M,,2009-04-15,isaiah.baker@fountains.com,Singapore,55983
12107,AW00012107,Nathan,Gonzales,M,,2009-04-15,nathan.gonzales@sticks.com,Madrid,11004
12108,AW00012108,James,Walker,M,,2009-04-15,james.walker@hostinger.com,Rome,10229
12109,AW00012109,Morgan,Foster,S,,2009-04-15,morgan.foster@papers.com,Moscow,25534
12110,AW00012110,Bianca,Guo,M,,2009-04-15,bianca.guo@papers.com,Singapore,12754
12111,AW00012111,Jacqueline,Gonzales,M,,2009-04-15,jacqueline.gonzales@hostinger.com,Paris,59715
12112,AW00012112,Arianna,Henderson,M,,2009-04-15,arianna.henderson@hostinger.com,Seoul,31186
12113,AW00012113,Nathan,Hughes,M,,2009-04-15,nathan.hughes@mouse.com,Singapore,17595
12114,AW00012114,Charles,Richardson,M,,2009-04-15,charles.richardson@sticks.com,Mumbai,31784
12115,AW00012115,Chloe,Richardson,S,,2009-04-15,chloe.richardson@circles.com,Seoul,19345
12116,AW00012116,Amanda,Gray,S,,2009-04-15,amanda.gray@fountains.com,London,51760
12117,AW00012117,Cameron,Yang,M,,2009-04-15,cameron.yang@towels.com,Tokyo,49983
12118,AW00012118,Miguel,Sanchez,M,,2009-04-16,miguel.sanchez@papers.com,Singapore,12083
12119,AW00012119,Keith,Raje,M,,2009-04-16,keith.raje@papers.com,Berlin,41372
12120,AW00012120,Xavier,Simmons,M,,2009-04-16,xavier.simmons@papers.com,Paris,14874
12121,AW00012121,Logan,Wilson,S,,2009-04-16,logan.wilson@sticks.com,Berlin,42327
12122,AW00012122,Destiny,Coleman,M,,2009-04-16,destiny.coleman@sticks.com,Moscow,27699
12123,AW00012123,Wesley,Liang,M,,2009-04-16,wesley.liang@mouse.com,Mumbai,40446
12124,AW00012124,Brandi,Gill,S,,2009-04-16,brandi.gill@hostinger.com,Berlin,33806
12125,AW00012125,Diana,Ortega,M,,2009-04-16,diana.ortega@sticks.com,Bangkok,24347
12126,AW00012126,Tammy,Raman,M,,2009-04-17,tammy.raman@winds.com,Bangkok,22130
12127,AW00012127,Grace,Davis,M,,2009-04-17,grace.davis@nappa.com,Jakarta,32689
12128,AW00012128,Kristy,Munoz,M,,2009-04-17,kristy.munoz@sticks.com,Berlin,23246
12129,AW00012129,Wendy,Alvarez,M,,2009-04-18,wendy.alvarez@sticks.com,Moscow,17282
12130,AW00012130,Suzanne,Zhou,S,,2009-04-18,suzanne.zhou@circles.com,Seoul,23262
12131,AW00012131,Randall,Dominguez,M,,2009-04-18,randall.dominguez@circles.com,Paris,50769
12132,AW00012132,Kaitlyn,Henderson,M,,2009-04-18,kaitlyn.henderson@hostinger.com,Shanghai,37596
12133,AW00012133,Colleen,Xie,M,,2009-04-18,colleen.xie@towels.com,Seoul,19994
12134,AW00012134,Hector,Alonso,M,,2009-04-18,hector.alonso@nappa.com,Istanbul,40182
12135,AW00012135,Fernando,Taylor,M,,2009-04-18,fernando.taylor@cappo.com,Istanbul,41327
12136,AW00012136,Blake,Turner,M,,2009-04-18,blake.turner@sticks.com,Moscow,41041
12137,AW00012137,Jack,Green,M,,2009-04-18,jack.green@fountains.com,London,36826
12138,AW00012138,Colin,Jai,M,,2009-04-18,colin.jai@winds.com,Tokyo,47186
12139,AW00012139,Franklin,Yang,M,,2009-04-18,franklin.yang@mouse.com,Istanbul,17276
12140,AW00012140,Oscar,Russell,S,,2009-04-19,oscar.russell@sticks.com,Berlin,35354
12141,AW00012141,Kaitlyn,Lee,S,,2009-04-19,kaitlyn.lee@hostinger.com,Mumbai,16461
12142,AW00012142,Gabriella,Torres,S,,2009-04-19,gabriella.torres@fountains.com,Bangkok,46736
12143,AW00012143,Logan,Turner,M,,2009-04-19,logan.turner@fountains.com,Seoul,46593
12144,AW00012144,Kelly,Jenkins,M,,2009-04-19,kelly.jenkins@circles.com,Rome,30978
12145,AW00012145,Brandon,Butler,M,,2009-04-19,brandon.butler@nappa.com,Singapore,10965
12146,AW00012146,Xavier,Thomas,S,,2009-04-19,xavier.thomas@circles.com,London,59212
12147,AW00012147,Taylor,Patterson,M,,2009-04-19,taylor.patterson@fountains.com,Delhi,39486
12148,AW00012148,Gabrielle,Morris,S,,2009-04-19,gabrielle.morris@winds.com,Madrid,23298
12149,AW00012149,Bailey,Scott,M,,2009-04-19,bailey.scott@towels.com,Bangkok,20439
12150,AW00012150,Logan,Wang,M,,2009-04-20,logan.wang@fountains.com,Tokyo,45211
12151,AW00012151,Steven,Kelly,M,,2009-04-20,steven.kelly@circles.com,Istanbul,38362
12152,AW00012152,Adrian,Ramirez,M,,2009-04-20,adrian.ramirez@hostinger.com,Bangkok,28573
12153,AW00012153,Kaitlyn,Bailey,S,,2009-04-20,kaitlyn.bailey@papers.com,Shanghai,33258
12154,AW00012154,Hailey,Adams,S,,2009-04-20,hailey.adams@nappa.com,Shanghai,11563
12155,AW00012155,Gabriella,Lopez,S,,2009-04-20,gabriella.lopez@circles.com,Singapore,12861
12156,AW00012156,Bonnie,Raji,M,,2009-04-20,bonnie.raji@towels.com,Paris,16655
12157,AW00012157,William,White,M,,2009-04-21,william.white@cappo.com,Bangkok,38064
12158,AW00012158,Kyle,Phillips,M,,2009-04-21,kyle.phillips@fountains.com,Istanbul,30400
12159,AW00012159,Kaitlyn,Scott,M,,2009-04-21,kaitlyn.scott@fountains.com,Delhi,52564
12160,AW00012160,Jaclyn,Zhang,S,,2009-04-21,jaclyn.zhang@winds.com,Delhi,59196
12161,AW00012161,Alexandria,Rogers,M,,2009-04-21,alexandria.rogers@cappo.com,Istanbul,48145
12162,AW00012162,Luke,Mitchell,S,,2009-04-21,luke.mitchell@sticks.com,Paris,32764
12163,AW00012163,Aaron,Wang,S,,2009-04-21,aaron.wang@winds.com,Rome,17868
12164,AW00012164,Noah,Butler,M,,2009-04-22,noah.butler@sticks.com,Delhi,24859
12165,AW00012165,Caleb,Flores,M,,2009-04-22,caleb.flores@towels.com,Berlin,32815
12166,AW00012166,Jared,Rogers,M,,2009-04-22,jared.rogers@hostinger.com,Seoul,24717
12167,AW00012167,Sebastian,Stewart,S,,2009-04-22,sebastian.stewart@circles.com,Tokyo,26588
12168,AW00012168,Hunter,Jackson,M,,2009-04-22,hunter.jackson@nappa.com,Seoul,23233
12169,AW00012169,Abigail,Howard,S,,2009-04-22,abigail.howard@cappo.com,Shanghai,31623
12170,AW00012170,Sara,Reed,M,,2009-04-22,sara.reed@circles.com,Moscow,46524
12171,AW00012171,Alyssa,Cooper,S,,2009-04-22,alyssa.cooper@papers.com,Seoul,42522
12172,AW00012172,Eduardo,Alexander,S,,2009-04-23,eduardo.alexander@papers.com,Madrid,42081
12173,AW00012173,Dalton,Edwards,M,,2009-04-23,dalton.edwards@papers.com,Jakarta,28750
12174,AW00012174,Charles,Phillips,M,,2009-04-23,charles.phillips@towels.com,London,55836
12175,AW00012175,Luke,Powell,S,,2009-04-23,luke.powell@circles.com,Moscow,57965
12176,AW00012176,Cody,James,S,,2009-04-23,cody.james@cappo.com,Delhi,27134
12177,AW00012177,Kevin,Campbell,S,,2009-04-23,kevin.campbell@winds.com,Delhi,32060
12178,AW00012178,Ethan,Shan,M,,2009-04-24,ethan.shan@circles.com,Singapore,12168
12179,AW00012179,Alexis,Jones,S,,2009-04-24,alexis.jones@mouse.com,Tokyo,12563
12180,AW00012180,Holly,Mehta,S,,2009-04-24,holly.mehta@winds.com,Delhi,33162
12181,AW00012181,Katelyn,Sanders,M,,2009-04-24,katelyn.sanders@circles.com,Jakarta,38418
12182,AW00012182,Erin,Torres,M,,2009-04-24,erin.torres@sticks.com,Moscow,39115
12183,AW00012183,Emily,Robinson,M,,2009-04-24,emily.robinson@hostinger.com,London,19112
12184,AW00012184,Isaiah,Perez,M,,2009-04-24,isaiah.perez@hostinger.com,Mumbai,42639
12185,AW00012185,Kaitlyn,Patterson,S,,2009-04-24,kaitlyn.patterson@hostinger.com,Jakarta,38320
12186,AW00012186,Bryant,Srini,S,,2009-04-24,bryant.srini@papers.com,Istanbul,25852
12187,AW00012187,Ruben,Subram,M,,2009-04-24,ruben.subram@mouse.com,Seoul,52663
12188,AW00012188,Ashley,Thomas,S,,2009-04-25,ashley.thomas@hostinger.com,Rome,31945
12189,AW00012189,Sophia,Wright,M,,2009-04-25,sophia.wright@sticks.com,Moscow,32043
12190,AW00012190,Justin,Gonzales,S,,2009-04-25,justin.gonzales@hostinger.com,Delhi,19131
12191,AW00012191,Melissa,Washington,M,,2009-04-25,melissa.washington@winds.com,Tokyo,20967
12192,AW00012192,Jocelyn,Hayes,S,,2009-04-25,jocelyn.hayes@nappa.com,Moscow,19333
12193,AW00012193,Caleb,Simmons,S,,2009-04-25,caleb.simmons@cappo.com,Madrid,54457
12194,AW00012194,Destiny,Foster,S,,2009-04-25,destiny.foster@hostinger.com,Berlin,24961
12195,AW00012195,Erin,Morris,S,,2009-04-25,erin.morris@winds.com,Seoul,23465
12196,AW00012196,Alexis,Miller,S,,2009-04-25,alexis.miller@sticks.com,Paris,26855
12197,AW00012197,Adam,Hernandez,M,,2009-04-25,adam.hernandez@mouse.com,Moscow,49409
12198,AW00012198,Noah,Scott,M,,2009-04-25,noah.scott@nappa.com,Moscow,24447
12199,AW00012199,Christina,Richardson,S,,2009-04-25,christina.richardson@circles.com,Mumbai,55032
12200,AW00012200,Rafael,Sharma,M,,2009-04-25,rafael.sharma@fountains.com,Delhi,49564
12201,AW00012201,Mindy,Yuan,M,,2009-04-25,mindy.yuan@towels.com,Tokyo,19331
12202,AW00012202,Xavier,Ross,M,,2009-04-26,xavier.ross@winds.com,Shanghai,56982
12203,AW00012203,Zachary,Hughes,M,,2009-04-26,zachary.hughes@winds.com,Delhi,18825
12204,AW00012204,Bradley,Jai,M,,2009-04-26,bradley.jai@papers.com,Istanbul,11270
12205,AW00012205,Madison,Long,S,,2009-04-26,madison.long@fountains.com,Bangkok,56258
12206,AW00012206,Sierra,Parker,M,,2009-04-26,sierra.parker@papers.com,Mumbai,45540
12207,AW00012207,Samuel,Hill,S,,2009-04-26,samuel.hill@mouse.com,Shanghai,15984
12208,AW00012208,Dominique,Sanchez,M,,2009-04-27,dominique.sanchez@winds.com,Moscow,57913
12209,AW00012209,Mindy,Jai,M,,2009-04-27,mindy.jai@hostinger.com,Bangkok,33797
12210,AW00012210,Alan,He,M,,2009-04-27,alan.he@papers.com,Delhi,45905
12211,AW00012211,Victor,Romero,M,,2009-04-27,victor.romero@winds.com,London,33684
12212,AW00012212,Shawna,Xie,M,,2009-04-27,shawna.xie@towels.com,Moscow,29434
12213,AW00012213,Alejandro,Lal,M,,2009-04-27,alejandro.lal@cappo.com,Jakarta,16429
12214,AW00012214,Julie,Raje,M,,2009-04-28,julie.raje@towels.com,Jakarta,16940
12215,AW00012215,Karla,She,M,,2009-04-28,karla.she@cappo.com,Delhi,59295
12216,AW00012216,Gerald,Rodriguez,M,,2009-04-28,gerald.rodriguez@sticks.com,Rome,37872
12217,AW00012217,Kyle,Roberts,M,,2009-04-28,kyle.roberts@hostinger.com,Rome,42130
12218,AW00012218,Mitchell,Xu,M,,2009-04-28,mitchell.xu@mouse.com,Shanghai,57441
12219,AW00012219,Kurt,Nara,M,,2009-04-28,kurt.nara@hostinger.com,Delhi,47059
12220,AW00012220,Virginia,Sara,M,,2009-04-28,virginia.sara@circles.com,Istanbul,51209
12221,AW00012221,Brandi,Ruiz,M,,2009-04-28,brandi.ruiz@fountains.com,Shanghai,45216
12222,AW00012222,Jenny,Xu,M,,2009-04-28,jenny.xu@cappo.com,Istanbul,55446
12223,AW00012223,Felicia,Vazquez,M,,2009-04-28,felicia.vazquez@mouse.com,Jakarta,44929
12224,AW00012224,Tristan,Henderson,M,,2009-04-29,tristan.henderson@circles.com,Istanbul,44560
12225,AW00012225,Kathleen,Ortega,M,,2009-04-29,kathleen.ortega@papers.com,Moscow,15688
12226,AW00012226,Faith,Ward,M,,2009-04-29,faith.ward@papers.com,Madrid,46877
12227,AW00012227,Kelsey,Raje,M,,2009-04-29,kelsey.raje@mouse.com,Istanbul,19198
12228,AW00012228,Mayra,Martinez,M,,2009-04-29,mayra.martinez@winds.com,Rome,56578
12229,AW00012229,Kari,Gomez,M,,2009-04-29,kari.gomez@papers.com,Bangkok,26466
12230,AW00012230,Wesley,Zheng,M,,2009-04-29,wesley.zheng@sticks.com,Jakarta,13429
12231,AW00012231,Isabelle,Patterson,S,,2009-04-29,isabelle.patterson@towels.com,Rome,44901
12232,AW00012232,Sean,Hernandez,S,,2009-04-29,sean.hernandez@towels.com,Paris,13655
12233,AW00012233,Jerry,Yuan,M,,2009-04-29,jerry.yuan@mouse.com,Jakarta,53182
12234,AW00012234,Clarence,Zeng,M,,2009-04-29,clarence.zeng@winds.com,Delhi,48463
12235,AW00012235,Donna,Rai,M,,2009-04-30,donna.rai@papers.com,Singapore,22745
12236,AW00012236,Kendra,Gill,M,,2009-04-30,kendra.gill@circles.com,Madrid,58036
12237,AW00012237,Ruth,Madan,M,,2009-04-30,ruth.madan@hostinger.com,Shanghai,49628
12238,AW00012238,Monica,Raman,M,,2009-04-30,monica.raman@towels.com,Seoul,22682
12239,AW00012239,Alberto,Ramos,M,,2009-04-30,alberto.ramos@winds.com,Seoul,11197
12240,AW00012240,Clayton,Sharma,S,,2009-04-30,clayton.sharma@fountains.com,Moscow,42729
12241,AW00012241,Kristine,Sandberg,S,,2009-04-30,kristine.sandberg@circles.com,Delhi,24298
12242,AW00012242,Gilbert,Liang,S,,2009-04-30,gilbert.liang@fountains.com,Istanbul,50949
12243,AW00012243,Kristy,Rubio,S,,2009-04-30,kristy.rubio@sticks.com,Paris,19687
12244,AW00012244,Amy,Huang,M,,2009-04-30,amy.huang@mouse.com,Istanbul,32714
12245,AW00012245,Francisco,Gonzalez,S,,2009-05-01,francisco.gonzalez@mouse.com,London,38278
12246,AW00012246,Shawn,Luo,M,,2009-05-01,shawn.luo@nappa.com,Berlin,58711
12247,AW00012247,Brandy,Raman,S,,2009-05-01,brandy.raman@winds.com,Shanghai,56475
12248,AW00012248,Devin,Taylor,S,,2009-05-01,devin.taylor@towels.com,Rome,14546
12249,AW00012249,Jessie,Cai,M,,2009-05-01,jessie.cai@papers.com,Moscow,41973
12250,AW00012250,Andrea,Collins,S,,2009-05-01,andrea.collins@mouse.com,Madrid,44156
12251,AW00012251,Troy,Suri,M,,2009-05-01,troy.suri@mouse.com,Moscow,49557
12252,AW00012252,Omar,Liu,M,,2009-05-02,omar.liu@cappo.com,Tokyo,34083
12253,AW00012253,Jenny,Sun,S,,2009-05-02,jenny.sun@papers.com,London,41698
12254,AW00012254,Calvin,Deng,S,,2009-05-02,calvin.deng@sticks.com,Berlin,56251
12255,AW00012255,Robyn,Alvarez,S,,2009-05-02,robyn.alvarez@sticks.com,Tokyo,51349
12256,AW00012256,Wendy,Ramos,M,,2009-05-02,wendy.ramos@nappa.com,Seoul,16934
12257,AW00012257,Ross,Ruiz,M,,2009-05-03,ross.ruiz@hostinger.com,Shanghai,49168
12258,AW00012258,Jamie,Li,M,,2009-05-03,jamie.li@hostinger.com,Tokyo,43572
12259,AW00012259,Cindy,Madan,M,,2009-05-03,cindy.madan@winds.com,Moscow,54511
12260,AW00012260,Melinda,Romero,M,,2009-05-03,melinda.romero@papers.com,Madrid,33643
12261,AW00012261,Kaitlin,Sanchez,M,,2009-05-03,kaitlin.sanchez@nappa.com,Moscow,29780
12262,AW00012262,Morgan,Sanchez,M,,2009-05-03,morgan.sanchez@papers.com,Seoul,38024
12263,AW00012263,Emmanuel,Garcia,S,,2009-05-03,emmanuel.garcia@cappo.com,Berlin,10935
12264,AW00012264,Bruce,Ashe,S,,2009-05-03,bruce.ashe@cappo.com,Madrid,39082
12265,AW00012265,Alan,Guo,S,,2009-05-03,alan.guo@fountains.com,Rome,10235
12266,AW00012266,Tiffany,Lin,M,,2009-05-04,tiffany.lin@fountains.com,Paris,12608
12267,AW00012267,Clifford,Garcia,S,,2009-05-04,clifford.garcia@winds.com,Madrid,51953
12268,AW00012268,Edwin,Shan,M,,2009-05-04,edwin.shan@mouse.com,Madrid,53121
12269,AW00012269,Warren,Zheng,M,,2009-05-05,warren.zheng@sticks.com,Singapore,57661
12270,AW00012270,Ebony,Ramos,S,,2009-05-05,ebony.ramos@sticks.com,Shanghai,30328
12271,AW00012271,Tyrone,Hernandez,M,,2009-05-05,tyrone.hernandez@fountains.com,Jakarta,35853
12272,AW00012272,Justin,Alexander,M,,2009-05-05,justin.alexander@sticks.com,Mumbai,57165
12273,AW00012273,Nelson,Carlson,M,,2009-05-05,nelson.carlson@nappa.com,Delhi,31055
12274,AW00012274,Javier,Torres,S,,2009-05-05,javier.torres@hostinger.com,Delhi,28664
12275,AW00012275,Adriana,Madan,S,,2009-05-05,adriana.madan@winds.com,Seoul,16859
12276,AW00012276,Alisha,Shan,M,,2009-05-05,alisha.shan@sticks.com,Madrid,39902
12277,AW00012277,Beth,Ortega,S,,2009-05-05,beth.ortega@cappo.com,Mumbai,26711
12278,AW00012278,Meredith,Johnsen,S,,2009-05-05,meredith.johnsen@hostinger.com,Bangkok,38274
12279,AW00012279,Mathew,Suarez,M,,2009-05-06,mathew.suarez@sticks.com,Shanghai,17325
12280,AW00012280,Theresa,Alvarez,M,,2009-05-06,theresa.alvarez@circles.com,London,47831
12281,AW00012281,Janelle,Sanchez,M,,2009-05-06,janelle.sanchez@nappa.com,Tokyo,17519
12282,AW00012282,Nicolas,Tang,S,,2009-05-06,nicolas.tang@sticks.com,Singapore,12253
12283,AW00012283,Todd,Zeng,S,,2009-05-06,todd.zeng@mouse.com,Moscow,53448
12284,AW00012284,Cristina,Beck,M,,2009-05-06,cristina.beck@cappo.com,Singapore,20466
12285,AW00012285,Bethany,Chande,S,,2009-05-06,bethany.chande@mouse.com,Bangkok,25493
12286,AW00012286,Nathan,Jenkins,S,,2009-05-07,nathan.jenkins@winds.com,Rome,51036
12287,AW00012287,Andre,Arun,S,,2009-05-08,andre.arun@winds.com,Bangkok,27860
12288,AW00012288,Sara,Brooks,M,,2009-05-08,sara.brooks@sticks.com,Jakarta,14686
12289,AW00012289,Joseph,Taylor,S,,2009-05-08,joseph.taylor@winds.com,Seoul,26678
12290,AW00012290,Kaylee,Morris,S,,2009-05-08,kaylee.morris@mouse.com,Singapore,43382
12291,AW00012291,Johnathan,Suri,S,,2009-05-09,johnathan.suri@circles.com,Istanbul,24219
12292,AW00012292,Nicolas,Kumar,M,,2009-05-09,nicolas.kumar@sticks.com,Shanghai,13141
12293,AW00012293,Tammy,Garcia,M,,2009-05-09,tammy.garcia@nappa.com,Bangkok,37398
12294,AW00012294,Shane,Kovar,M,,2009-05-09,shane.kovar@mouse.com,Singapore,33796
12295,AW00012295,Dwayne,Gomez,S,,2009-05-09,dwayne.gomez@hostinger.com,Mumbai,24973
12296,AW00012296,Francisco,Sara,M,,2009-05-09,francisco.sara@sticks.com,Singapore,44218
12297,AW00012297,Felicia,Blanco,S,,2009-05-09,felicia.blanco@sticks.com,Madrid,23309
12298,AW00012298,Crystal,Zeng,S,,2009-05-09,crystal.zeng@circles.com,Jakarta,27799
12299,AW00012299,Walter,Serrano,M,,2009-05-10,walter.serrano@cappo.com,Delhi,40674
12300,AW00012300,Adriana,Gonzalez,S,,2009-05-10,adriana.gonzalez@cappo.com,Madrid,14124
12301,AW00012301,Nichole,Nara,S,,2009-05-10,nichole.nara@circles.com,Mumbai,35626
12302,AW00012302,Kevin,Coleman,M,,2009-05-10,kevin.coleman@cappo.com,Madrid,31904
12303,AW00012303,Kristi,Alvarez,M,,2009-05-10,kristi.alvarez@nappa.com,Delhi,49083
12304,AW00012304,Alejandro,Zhou,S,,2009-05-10,alejandro.zhou@nappa.com,Berlin,16690
12305,AW00012305,Xavier,Bailey,M,,2009-05-10,xavier.bailey@winds.com,Madrid,42069
12306,AW00012306,Logan,Parker,M,,2009-05-10,logan.parker@cappo.com,Paris,52142
12307,AW00012307,Brad,She,M,,2009-05-10,brad.she@mouse.com,Delhi,59406
12308,AW00012308,Margaret,He,M,,2009-05-10,margaret.he@circles.com,Mumbai,34131
12309,AW00012309,Omar,Raje,S,,2009-05-10,omar.raje@hostinger.com,Berlin,11310
12310,AW00012310,Stacy,Munoz,S,,2009-05-10,stacy.munoz@circles.com,Delhi,23309
12311,AW00012311,Stanley,Weber,S,,2009-05-11,stanley.weber@winds.com,Rome,47253
12312,AW00012312,Jake,Zhao,M,,2009-05-11,jake.zhao@nappa.com,Moscow,28258
12313,AW00012313,Jaime,Chande,S,,2009-05-11,jaime.chande@winds.com,Tokyo,47584
12314,AW00012314,Jill,Suarez,M,,2009-05-11,jill.suarez@circles.com,Berlin,39024
12315,AW00012315,Ann,Rodriguez,M,,2009-05-11,ann.rodriguez@hostinger.com,Shanghai,53983
12316,AW00012316,Alejandro,Luo,M,,2009-05-11,alejandro.luo@sticks.com,Paris,53035
12317,AW00012317,Carl,She,M,,2009-05-11,carl.she@mouse.com,Shanghai,10139
12318,AW00012318,Kristina,Schmidt,M,,2009-05-12,kristina.schmidt@sticks.com,Mumbai,53023
12319,AW00012319,Shannon,Ye,M,,2009-05-12,shannon.ye@fountains.com,Bangkok,39786
12320,AW00012320,Cheryl,Alvarez,S,,2009-05-12,cheryl.alvarez@winds.com,Moscow,24276
12321,AW00012321,Rosa,Hu,M,,2009-05-12,rosa.hu@papers.com,Istanbul,58306
12322,AW00012322,Kari,Mehta,M,,2009-05-12,kari.mehta@circles.com,Madrid,28637
12323,AW00012323,Lawrence,Alonso,M,,2009-05-12,lawrence.alonso@cappo.com,Mumbai,30521
12324,AW00012324,Dale,Lal,S,,2009-05-12,dale.lal@papers.com,Paris,58017
12325,AW00012325,Gloria,Martin,M,,2009-05-12,gloria.martin@towels.com,Rome,29871
12326,AW00012326,Glenn,Zhou,S,,2009-05-12,glenn.zhou@sticks.com,Berlin,52661
12327,AW00012327,Edwin,Liang,S,,2009-05-12,edwin.liang@fountains.com,Paris,16948
12328,AW00012328,Eugene,Zhao,S,,2009-05-12,eugene.zhao@mouse.com,Istanbul,22880
12329,AW00012329,Bonnie,Shan,S,,2009-05-12,bonnie.shan@hostinger.com,Istanbul,25368
12330,AW00012330,Preston,Raman,M,,2009-05-12,preston.raman@cappo.com,Berlin,53530
12331,AW00012331,Meagan,Chandra,S,,2009-05-12,meagan.chandra@papers.com,Istanbul,59725
12332,AW00012332,Andres,Nara,M,,2009-05-12,andres.nara@nappa.com,Delhi,36742
12333,AW00012333,Terrance,Rodriguez,M,,2009-05-12,terrance.rodriguez@nappa.com,Seoul,22267
12334,AW00012334,Roy,Jimenez,M,,2009-05-13,roy.jimenez@winds.com,Jakarta,10056
12335,AW00012335,Francisco,Ashe,S,,2009-05-13,francisco.ashe@nappa.com,Shanghai,15845
12336,AW00012336,Wyatt,Price,S,,2009-05-13,wyatt.price@nappa.com,Rome,20800
12337,AW00012337,Dustin,Goldstein,S,,2009-05-13,dustin.goldstein@circles.com,Rome,18685
12338,AW00012338,Monica,Vance,S,,2009-05-13,monica.vance@papers.com,Madrid,45869
12339,AW00012339,Clayton,Jai,S,,2009-05-13,clayton.jai@towels.com,Paris,30278
12340,AW00012340,Stacy,Diaz,S,,2009-05-14,stacy.diaz@winds.com,Rome,42055
12341,AW00012341,Katie,Kumar,M,,2009-05-14,katie.kumar@papers.com,Tokyo,39148
12342,AW00012342,Morgan,Young,M,,2009-05-14,morgan.young@nappa.com,Madrid,49805
12343,AW00012343,Gloria,Ruiz,M,,2009-05-14,gloria.ruiz@towels.com,Paris,11749
12344,AW00012344,Dominique,Perez,S,,2009-05-14,dominique.perez@winds.com,Jakarta,10652
12345,AW00012345,Alison,Raje,S,,2009-05-14,alison.raje@hostinger.com,Delhi,36600
12346,AW00012346,Wesley,Gao,S,,2009-05-14,wesley.gao@cappo.com,Jakarta,40213
12347,AW00012347,Summer,Madan,M,,2009-05-14,summer.madan@fountains.com,Berlin,28835
12348,AW00012348,Jimmy,Vazquez,M,,2009-05-14,jimmy.vazquez@towels.com,Seoul,24200
12349,AW00012349,Lacey,Yuan,S,,2009-05-15,lacey.yuan@papers.com,Singapore,54939
12350,AW00012350,Logan,Hernandez,M,,2009-05-15,logan.hernandez@fountains.com,London,47023
12351,AW00012351,Cara,Zhang,M,,2009-05-15,cara.zhang@towels.com,Bangkok,57507
12352,AW00012352,Ramon,Zhang,M,,2009-05-16,ramon.zhang@fountains.com,London,26090
12353,AW00012353,Joe,Ramos,M,,2009-05-16,joe.ramos@mouse.com,Istanbul,25077
12354,AW00012354,Lance,Ortega,M,,2009-05-16,lance.ortega@winds.com,Paris,49674
12355,AW00012355,Monique,Ortega,S,,2009-05-16,monique.ortega@cappo.com,Shanghai,45062
12356,AW00012356,Julia,Wood,S,,2009-05-16,julia.wood@fountains.com,Bangkok,25283
12357,AW00012357,Susan,Lu,S,,2009-05-16,susan.lu@sticks.com,Delhi,41333
12358,AW00012358,Lacey,Raje,M,,2009-05-16,lacey.raje@papers.com,Paris,29687
12359,AW00012359,Veronica,Raman,M,,2009-05-16,veronica.raman@fountains.com,Moscow,44190
12360,AW00012360,Mario,Goel,S,,2009-05-16,mario.goel@sticks.com,Seoul,42472
12361,AW00012361,Dana,Diaz,M,,2009-05-16,dana.diaz@circles.com,London,17034
12362,AW00012362,Thomas,Harrison,S,,2009-05-16,thomas.harrison@sticks.com,Shanghai,16658
12363,AW00012363,Kayla,Thompson,M,,2009-05-16,kayla.thompson@towels.com,Tokyo,11955
12364,AW00012364,Erin,Rogers,M,,2009-05-17,erin.rogers@fountains.com,Moscow,24457
12365,AW00012365,Alex,Evans,M,,2009-05-17,alex.evans@sticks.com,Delhi,19589
12366,AW00012366,Stephanie,Cox,M,,2009-05-17,stephanie.cox@winds.com,Madrid,34928
12367,AW00012367,Trinity,Townsend,S,,2009-05-17,trinity.townsend@winds.com,Bangkok,56863
12368,AW00012368,Rodney,Rubio,S,,2009-05-17,rodney.rubio@winds.com,Moscow,44896
12369,AW00012369,Terrence,Lal,S,,2009-05-18,terrence.lal@mouse.com,Singapore,47026
12370,AW00012370,Preston,Perez,M,,2009-05-18,preston.perez@circles.com,Moscow,40525
12371,AW00012371,Stefanie,Subram,S,,2009-05-18,stefanie.subram@mouse.com,Jakarta,38076
12372,AW00012372,Darren,Prasad,S,,2009-05-18,darren.prasad@mouse.com,Shanghai,57041
12373,AW00012373,Isaac,Gray,S,,2009-05-18,isaac.gray@circles.com,Shanghai,21853
12374,AW00012374,Marie,Kapoor,S,,2009-05-18,marie.kapoor@nappa.com,Rome,51722
12375,AW00012375,Jarrod,Raman,S,,2009-05-18,jarrod.raman@towels.com,Madrid,39601
12376,AW00012376,Holly,Perez,S,,2009-05-18,holly.perez@hostinger.com,Paris,15506
12377,AW00012377,Christopher,Miller,S,,2009-05-18,christopher.miller@circles.com,Moscow,27153
12378,AW00012378,Brianna,Sanchez,S,,2009-05-18,brianna.sanchez@cappo.com,Mumbai,35959
12379,AW00012379,Bridget,Chande,S,,2009-05-18,bridget.chande@sticks.com,Shanghai,32240
12380,AW00012380,Omar,Yuan,S,,2009-05-19,omar.yuan@winds.com,Tokyo,37803
12381,AW00012381,Johnny,Lal,M,,2009-05-19,johnny.lal@cappo.com,Singapore,28474
12382,AW00012382,Tamara,Chen,S,,2009-05-19,tamara.chen@winds.com,Paris,54672
12383,AW00012383,Albert,Gomez,S,,2009-05-19,albert.gomez@hostinger.com,Mumbai,22134
12384,AW00012384,Jacquelyn,Gutierrez,M,,2009-05-19,jacquelyn.gutierrez@mouse.com,Rome,39325
12385,AW00012385,Tara,Raji,M,,2009-05-19,tara.raji@papers.com,Seoul,48005
12386,AW00012386,Katherine,Perry,S,,2009-05-19,katherine.perry@nappa.com,Singapore,13327
12387,AW00012387,Meredith,Vazquez,S,,2009-05-19,meredith.vazquez@towels.com,Tokyo,23270
12388,AW00012388,Casey,Kumar,S,,2009-05-19,casey.kumar@circles.com,London,24325
12389,AW00012389,Albert,Jiménez,S,,2009-05-20,albert.jiménez@towels.com,London,11655
12390,AW00012390,Denise,Martinez,S,,2009-05-20,denise.martinez@hostinger.com,Rome,16015
12391,AW00012391,Olivia,Kelly,S,,2009-05-20,olivia.kelly@hostinger.com,Istanbul,11745
12392,AW00012392,Nichole,Nath,S,,2009-05-20,nichole.nath@hostinger.com,Tokyo,41295
12393,AW00012393,Brenda,Sai,S,,2009-05-21,brenda.sai@cappo.com,Singapore,52017
12394,AW00012394,Erika,Serrano,S,,2009-05-21,erika.serrano@cappo.com,Mumbai,34438
12395,AW00012395,Kyle,Carter,S,,2009-05-21,kyle.carter@cappo.com,Paris,21553
12396,AW00012396,Susan,Yang,S,,2009-05-21,susan.yang@fountains.com,Paris,42420
12397,AW00012397,Shaun,Chapman,S,,2009-05-21,shaun.chapman@sticks.com,Madrid,49865
12398,AW00012398,Ashley,Clark,S,,2009-05-21,ashley.clark@mouse.com,Moscow,27871
12399,AW00012399,Henry,Chapman,S,,2009-05-21,henry.chapman@sticks.com,Singapore,34139
12400,AW00012400,Andy,Martin,S,,2009-05-22,andy.martin@circles.com,Berlin,13744
12401,AW00012401,Kimberly,Rivera,S,,2009-05-22,kimberly.rivera@fountains.com,Paris,22467
12402,AW00012402,Albert,Moreno,S,,2009-05-22,albert.moreno@cappo.com,Madrid,30765
12403,AW00012403,Henry,Young,S,,2009-05-22,henry.young@nappa.com,Paris,33775
12404,AW00012404,Krystal,Liang,S,,2009-05-22,krystal.liang@hostinger.com,Delhi,45457
12405,AW00012405,Cole,Sanchez,S,,2009-05-22,cole.sanchez@fountains.com,Bangkok,29113
12406,AW00012406,Ross,Gutierrez,S,,2009-05-23,ross.gutierrez@hostinger.com,Shanghai,50443
12407,AW00012407,Shawn,Raji,S,,2009-05-23,shawn.raji@mouse.com,Mumbai,45559
12408,AW00012408,Jon,Lu,S,,2009-05-23,jon.lu@towels.com,Mumbai,58247
12409,AW00012409,Savannah,Hill,S,,2009-05-23,savannah.hill@papers.com,Tokyo,12793
12410,AW00012410,Mariah,Richardson,S,,2009-05-23,mariah.richardson@cappo.com,Moscow,40045
12411,AW00012411,Kevin,Alexander,S,,2009-05-23,kevin.alexander@sticks.com,Mumbai,31208
12412,AW00012412,Mackenzie,Wright,M,,2009-05-23,mackenzie.wright@circles.com,Istanbul,20064
12413,AW00012413,James,Gonzales,S,,2009-05-23,james.gonzales@sticks.com,London,10039
12414,AW00012414,Ethan,Lal,S,,2009-05-23,ethan.lal@mouse.com,London,41690
12415,AW00012415,Brianna,Richardson,S,,2009-05-23,brianna.richardson@nappa.com,Rome,48797
12416,AW00012416,Veronica,Martinez,S,,2009-05-24,veronica.martinez@winds.com,Shanghai,57116
12417,AW00012417,Alexis,Bryant,S,,2009-05-24,alexis.bryant@papers.com,Madrid,44285
12418,AW00012418,Robert,Hernandez,S,,2009-05-24,robert.hernandez@mouse.com,Rome,24744
12419,AW00012419,Destiny,Bell,M,,2009-05-24,destiny.bell@hostinger.com,Delhi,15076
12420,AW00012420,Spencer,Hayes,M,,2009-05-24,spencer.hayes@hostinger.com,Bangkok,29695
12421,AW00012421,Cameron,Hughes,M,,2009-05-24,cameron.hughes@sticks.com,Paris,49461
12422,AW00012422,Hailey,Evans,M,,2009-05-24,hailey.evans@papers.com,Berlin,55733
12423,AW00012423,Sarah,Thompson,S,,2009-05-25,sarah.thompson@hostinger.com,Moscow,54374
12424,AW00012424,Rebecca,Mitchell,M,,2009-05-25,rebecca.mitchell@papers.com,Singapore,52998
12425,AW00012425,Brandon,White,M,,2009-05-25,brandon.white@fountains.com,Rome,28272
12426,AW00012426,Cody,Cox,M,,2009-05-25,cody.cox@cappo.com,Madrid,27980
12427,AW00012427,Kimberly,Stewart,M,,2009-05-25,kimberly.stewart@winds.com,Istanbul,47647
12428,AW00012428,Sean,Morris,M,,2009-05-25,sean.morris@circles.com,Paris,45173
12429,AW00012429,Melvin,Black,M,,2009-05-25,melvin.black@circles.com,Bangkok,15519
12430,AW00012430,Kaitlyn,Thompson,M,,2009-05-26,kaitlyn.thompson@towels.com,Jakarta,15381
12431,AW00012431,Wyatt,Thomas,M,,2009-05-26,wyatt.thomas@circles.com,Berlin,10318
12432,AW00012432,Nathan,Clark,M,,2009-05-26,nathan.clark@mouse.com,Jakarta,49405
12433,AW00012433,Antonio,Price,M,,2009-05-26,antonio.price@mouse.com,Berlin,27257
12434,AW00012434,Thomas,Kumar,M,,2009-05-26,thomas.kumar@hostinger.com,Delhi,36891
12435,AW00012435,Christy,Zhou,M,,2009-05-26,christy.zhou@sticks.com,Singapore,12521
12436,AW00012436,Albert,Diaz,M,,2009-05-26,albert.diaz@towels.com,Shanghai,16752
12437,AW00012437,Jeremy,Young,M,,2009-05-26,jeremy.young@papers.com,Delhi,34097
12438,AW00012438,Bailey,Rogers,S,,2009-05-26,bailey.rogers@towels.com,Bangkok,30302
12439,AW00012439,Megan,Bennett,M,,2009-05-26,megan.bennett@sticks.com,Shanghai,39763
12440,AW00012440,Francisco,Chandra,M,,2009-05-26,francisco.chandra@mouse.com,Moscow,15993
12441,AW00012441,Trevor,Simmons,M,,2009-05-27,trevor.simmons@circles.com,Seoul,36165
12442,AW00012442,Allison,Richardson,M,,2009-05-27,allison.richardson@winds.com,Delhi,17678
12443,AW00012443,Garrett,James,M,,2009-05-27,garrett.james@winds.com,Moscow,59599
12444,AW00012444,Mackenzie,Phillips,M,,2009-05-27,mackenzie.phillips@papers.com,Moscow,12707
12445,AW00012445,Cameron,Taylor,M,,2009-05-27,cameron.taylor@papers.com,Jakarta,30012
12446,AW00012446,Jasmine,Hall,M,,2009-05-27,jasmine.hall@circles.com,Singapore,53768
12447,AW00012447,Carson,Hayes,M,,2009-05-28,carson.hayes@sticks.com,Delhi,29083
12448,AW00012448,Hailey,Cox,S,,2009-05-28,hailey.cox@nappa.com,Delhi,41498
12449,AW00012449,Dylan,Brown,S,,2009-05-28,dylan.brown@nappa.com,Jakarta,40648
12450,AW00012450,Cody,Cook,M,,2009-05-28,cody.cook@circles.com,Bangkok,50434
12451,AW00012451,Anna,Simmons,S,,2009-05-28,anna.simmons@circles.com,Madrid,43699
12452,AW00012452,Sean,Sanchez,M,,2009-05-28,sean.sanchez@hostinger.com,Paris,31811
12453,AW00012453,Madison,Bennett,S,,2009-05-28,madison.bennett@hostinger.com,Moscow,25510
12454,AW00012454,Samuel,Griffin,M,,2009-05-28,samuel.griffin@winds.com,Shanghai,28267
12455,AW00012455,Benjamin,Lewis,M,,2009-05-28,benjamin.lewis@circles.com,Shanghai,42750
12456,AW00012456,Thomas,Chen,M,,2009-05-29,thomas.chen@hostinger.com,Paris,36290
12457,AW00012457,Misty,Rai,S,,2009-05-29,misty.rai@nappa.com,Rome,34767
12458,AW00012458,Veronica,Sanchez,M,,2009-05-30,veronica.sanchez@fountains.com,Seoul,17334
12459,AW00012459,Stefanie,Rodriguez,S,,2009-05-30,stefanie.rodriguez@towels.com,Singapore,34331
12460,AW00012460,Dominique,Malhotra,S,,2009-05-30,dominique.malhotra@fountains.com,Singapore,27719
12461,AW00012461,Ruth,Suri,M,,2009-05-31,ruth.suri@winds.com,Shanghai,51860
12462,AW00012462,Levi,Suri,M,,2009-05-31,levi.suri@hostinger.com,Tokyo,29059
12463,AW00012463,Todd,Huang,M,,2009-05-31,todd.huang@cappo.com,Delhi,35778
12464,AW00012464,Jared,Cook,S,,2009-05-31,jared.cook@fountains.com,Shanghai,14496
12465,AW00012465,Cassandra,Patel,M,,2009-05-31,cassandra.patel@fountains.com,Delhi,55299
12466,AW00012466,Willie,He,M,,2009-05-31,willie.he@fountains.com,Bangkok,19070
12467,AW00012467,Jennifer,Jones,S,,2009-05-31,jennifer.jones@sticks.com,Shanghai,31106
12468,AW00012468,Wayne,Nath,M,,2009-05-31,wayne.nath@winds.com,Seoul,24980
12469,AW00012469,Shane,Srini,M,,2009-05-31,shane.srini@circles.com,Istanbul,19896
12470,AW00012470,Barbara,He,M,,2009-05-31,barbara.he@nappa.com,Singapore,54553
12471,AW00012471,Lacey,Zeng,M,,2009-05-31,lacey.zeng@circles.com,Berlin,22536
12472,AW00012472,Jeffery,Zhang,M,,2009-05-31,jeffery.zhang@towels.com,Paris,26049
12473,AW00012473,Sergio,Sai,M,,2009-05-31,sergio.sai@hostinger.com,Shanghai,30506
12474,AW00012474,Tammy,Chandra,M,,2009-05-31,tammy.chandra@papers.com,Rome,59030
12475,AW00012475,Logan,Carter,S,,2009-05-31,logan.carter@nappa.com,London,37958
12476,AW00012476,Rodney,Jimenez,S,,2009-06-01,rodney.jimenez@nappa.com,Madrid,23182
12477,AW00012477,Robin,Gill,M,,2009-06-01,robin.gill@mouse.com,Paris,42482
12478,AW00012478,Ruben,Mehta,S,,2009-06-01,ruben.mehta@nappa.com,Shanghai,54569
12479,AW00012479,Priscilla,Tang,M,,2009-06-01,priscilla.tang@sticks.com,Paris,12505
12480,AW00012480,Meredith,Alvarez,S,,2009-06-01,meredith.alvarez@mouse.com,Delhi,11334
12481,AW00012481,Victor,Diaz,S,,2009-06-01,victor.diaz@mouse.com,Delhi,23019
12482,AW00012482,Jerome,Browning,S,,2009-06-01,jerome.browning@nappa.com,Paris,58661
12483,AW00012483,Amanda,Perez,S,,2009-06-01,amanda.perez@sticks.com,Istanbul,18166
12484,AW00012484,Lori,Suarez,S,,2009-06-01,lori.suarez@fountains.com,London,11437
12485,AW00012485,Veronica,Subram,S,,2009-06-01,veronica.subram@nappa.com,Madrid,27550
12486,AW00012486,Kristen,Ye,S,,2009-06-01,kristen.ye@towels.com,Seoul,37827
12487,AW00012487,Willie,Zhu,S,,2009-06-01,willie.zhu@hostinger.com,Singapore,13204
12488,AW00012488,Jay,Garcia,S,,2009-06-02,jay.garcia@nappa.com,Tokyo,58412
12489,AW00012489,Wayne,Rai,M,,2009-06-02,wayne.rai@circles.com,Mumbai,34110
12490,AW00012490,Trisha,He,M,,2009-06-02,trisha.he@fountains.com,London,17315
12491,AW00012491,Alvin,Huang,M,,2009-06-02,alvin.huang@towels.com,Jakarta,58359
12492,AW00012492,Brittany,Price,S,,2009-06-02,brittany.price@papers.com,Berlin,24768
12493,AW00012493,Dwayne,Vazquez,M,,2009-06-02,dwayne.vazquez@cappo.com,Moscow,22026
12494,AW00012494,Abby,Sandberg,M,,2009-06-02,abby.sandberg@towels.com,Bangkok,36796
12495,AW00012495,Lucas,Miller,S,,2009-06-02,lucas.miller@winds.com,Seoul,37180
12496,AW00012496,Melanie,Cox,M,,2009-06-02,melanie.cox@fountains.com,Madrid,57248
12497,AW00012497,Ashlee,Kumar,M,,2009-06-02,ashlee.kumar@circles.com,Berlin,14643
12498,AW00012498,Eduardo,Diaz,M,,2009-06-03,eduardo.diaz@towels.com,Berlin,16413
12499,AW00012499,Heather,Wang,S,,2009-06-03,heather.wang@cappo.com,London,54243
12500,AW00012500,Kathleen,Vazquez,S,,2009-06-03,kathleen.vazquez@cappo.com,London,36512
12501,AW00012501,Cory,Sai,S,,2009-06-03,cory.sai@towels.com,Seoul,11635
12502,AW00012502,Darren,Sanchez,S,,2009-06-03,darren.sanchez@fountains.com,Bangkok,45856
12503,AW00012503,Casey,Shen,S,,2009-06-03,casey.shen@sticks.com,Delhi,49069
12504,AW00012504,Arthur,Gutierrez,M,,2009-06-03,arthur.gutierrez@sticks.com,Moscow,45868
12505,AW00012505,Dalton,Martin,M,,2009-06-03,dalton.martin@circles.com,Seoul,42412
12506,AW00012506,Preston,Sanchez,M,,2009-06-03,preston.sanchez@circles.com,Bangkok,12953
12507,AW00012507,Ian,Bell,M,,2009-06-03,ian.bell@cappo.com,Shanghai,16023
12508,AW00012508,Nichole,Anand,M,,2009-06-03,nichole.anand@papers.com,Istanbul,16966
12509,AW00012509,Marc,Ferrier,M,,2009-06-04,marc.ferrier@winds.com,Paris,43691
12510,AW00012510,Roberto,Sanz,M,,2009-06-04,roberto.sanz@papers.com,Bangkok,56387
12511,AW00012511,Grant,Chander,S,,2009-06-04,grant.chander@cappo.com,Rome,56234
12512,AW00012512,Carolyn,Gomez,M,,2009-06-04,carolyn.gomez@towels.com,Bangkok,39386
12513,AW00012513,Austin,Thompson,S,,2009-06-04,austin.thompson@mouse.com,London,11952
12514,AW00012514,Lacey,Becker,S,,2009-06-04,lacey.becker@papers.com,Istanbul,35497
12515,AW00012515,Shelby,Bailey,S,,2009-06-05,shelby.bailey@nappa.com,Mumbai,31882
12516,AW00012516,Shawna,Chander,S,,2009-06-05,shawna.chander@cappo.com,Tokyo,35697
12517,AW00012517,Alexa,Watson,S,,2009-06-05,alexa.watson@winds.com,Rome,43558
12518,AW00012518,Jacquelyn,Dominguez,S,,2009-06-05,jacquelyn.dominguez@nappa.com,Bangkok,45249
12519,AW00012519,Casey,Gutierrez,S,,2009-06-05,casey.gutierrez@hostinger.com,Singapore,28901
12520,AW00012520,Seth,Jackson,S,,2009-06-05,seth.jackson@circles.com,Madrid,36778
12521,AW00012521,Meredith,Dominguez,S,,2009-06-05,meredith.dominguez@hostinger.com,Singapore,11454
12522,AW00012522,Brandy,Sanchez,S,,2009-06-05,brandy.sanchez@cappo.com,Shanghai,33987
12523,AW00012523,Steve,Wagner,S,,2009-06-05,steve.wagner@hostinger.com,Bangkok,55921
12524,AW00012524,Kate,Shan,S,,2009-06-05,kate.shan@winds.com,Rome,22274
12525,AW00012525,Chelsea,Rodriguez,M,,2009-06-06,chelsea.rodriguez@nappa.com,Shanghai,35999
12526,AW00012526,Michele,Suarez,M,,2009-06-06,michele.suarez@fountains.com,Berlin,53622
12527,AW00012527,José,Rodriguez,M,,2009-06-06,josé.rodriguez@sticks.com,Paris,23322
12528,AW00012528,Devin,Wilson,S,,2009-06-06,devin.wilson@winds.com,Mumbai,23807
12529,AW00012529,Isaiah,Allen,M,,2009-06-06,isaiah.allen@circles.com,Tokyo,34585
12530,AW00012530,Isabel,Coleman,S,,2009-06-06,isabel.coleman@sticks.com,Istanbul,41141
12531,AW00012531,Autumn,Xu,S,,2009-06-06,autumn.xu@hostinger.com,Paris,12633
12532,AW00012532,Jose,Carter,M,,2009-06-06,jose.carter@papers.com,London,26630
12533,AW00012533,Luis,Washington,M,,2009-06-06,luis.washington@cappo.com,Istanbul,13053
12534,AW00012534,Katie,Shan,M,,2009-06-06,katie.shan@winds.com,Madrid,16486
12535,AW00012535,Clifford,Kapoor,S,,2009-06-06,clifford.kapoor@nappa.com,Seoul,40075
12536,AW00012536,Javier,Dominguez,M,,2009-06-06,javier.dominguez@mouse.com,Bangkok,34896
12537,AW00012537,Terrence,Luo,M,,2009-06-06,terrence.luo@fountains.com,Tokyo,50108
12538,AW00012538,Paula,Blanco,M,,2009-06-07,paula.blanco@fountains.com,Jakarta,59871
12539,AW00012539,Marc,Dominguez,S,,2009-06-07,marc.dominguez@towels.com,Madrid,29510
12540,AW00012540,Levi,Sara,M,,2009-06-07,levi.sara@sticks.com,Paris,20911
12541,AW00012541,Jonathan,Zhang,M,,2009-06-07,jonathan.zhang@fountains.com,Rome,32318
12542,AW00012542,Preston,Patel,M,,2009-06-08,preston.patel@circles.com,Bangkok,16157
12543,AW00012543,Ruben,Alvarez,M,,2009-06-08,ruben.alvarez@circles.com,Jakarta,11835
12544,AW00012544,Bruce,Jordan,M,,2009-06-08,bruce.jordan@hostinger.com,Istanbul,12576
12545,AW00012545,Marc,Ruiz,M,,2009-06-08,marc.ruiz@sticks.com,Seoul,11208
12546,AW00012546,Clarence,Andersen,S,,2009-06-08,clarence.andersen@hostinger.com,Madrid,45740
12547,AW00012547,Bradley,Nara,M,,2009-06-08,bradley.nara@fountains.com,Istanbul,46601
12548,AW00012548,Alexandra,Collins,S,,2009-06-08,alexandra.collins@hostinger.com,London,45696
12549,AW00012549,Donna,Xie,S,,2009-06-09,donna.xie@papers.com,Tokyo,30444
12550,AW00012550,Austin,Diaz,M,,2009-06-09,austin.diaz@winds.com,Tokyo,31123
12551,AW00012551,Julio,Ramos,M,,2009-06-09,julio.ramos@papers.com,Shanghai,29614
12552,AW00012552,Bruce,Torres,M,,2009-06-09,bruce.torres@nappa.com,Istanbul,44548
12553,AW00012553,Toni,Fernandez,M,,2009-06-09,toni.fernandez@papers.com,Moscow,45956
12554,AW00012554,Barry,Rodriguez,M,,2009-06-09,barry.rodriguez@fountains.com,Seoul,26688
12555,AW00012555,Edgar,Malhotra,M,,2009-06-09,edgar.malhotra@sticks.com,Rome,23696
12556,AW00012556,Manuel,Kapoor,M,,2009-06-09,manuel.kapoor@cappo.com,Mumbai,11308
12557,AW00012557,Phillip,Lopez,M,,2009-06-10,phillip.lopez@mouse.com,Singapore,57802
12558,AW00012558,Amanda,Evans,M,,2009-06-10,amanda.evans@hostinger.com,Shanghai,46771
12559,AW00012559,Emmanuel,Lopez,M,,2009-06-10,emmanuel.lopez@sticks.com,Jakarta,27708
12560,AW00012560,Mandy,Gao,M,,2009-06-11,mandy.gao@fountains.com,Madrid,55284
12561,AW00012561,Trisha,Lin,S,,2009-06-11,trisha.lin@mouse.com,Istanbul,54998
12562,AW00012562,Kristina,Chandra,M,,2009-06-11,kristina.chandra@sticks.com,Bangkok,56112
12563,AW00012563,Alejandro,Lin,M,,2009-06-11,alejandro.lin@cappo.com,Seoul,29297
12564,AW00012564,Marshall,Yang,M,,2009-06-11,marshall.yang@hostinger.com,Madrid,29271
12565,AW00012565,Kendra,Gutierrez,M,,2009-06-11,kendra.gutierrez@cappo.com,Berlin,17053
12566,AW00012566,Omar,Yang,M,,2009-06-12,omar.yang@papers.com,Paris,14176
12567,AW00012567,Carmen,Arthur,M,,2009-06-12,carmen.arthur@winds.com,Shanghai,37126
12568,AW00012568,Stacey,Ye,M,,2009-06-12,stacey.ye@fountains.com,Paris,40170
12569,AW00012569,Kristin,Rai,M,,2009-06-12,kristin.rai@nappa.com,Shanghai,27480
12570,AW00012570,Casey,Munoz,S,,2009-06-12,casey.munoz@sticks.com,Jakarta,43419
12571,AW00012571,Jennifer,Green,M,,2009-06-12,jennifer.green@cappo.com,Seoul,15368
12572,AW00012572,Alisha,Chander,S,,2009-06-13,alisha.chander@sticks.com,Tokyo,40985
12573,AW00012573,Grant,Rai,S,,2009-06-13,grant.rai@mouse.com,Tokyo,37628
12574,AW00012574,Derek,Raje,S,,2009-06-13,derek.raje@hostinger.com,Istanbul,51521
12575,AW00012575,Jaclyn,Shen,S,,2009-06-14,jaclyn.shen@winds.com,London,37108
12576,AW00012576,Walter,Dominguez,S,,2009-06-14,walter.dominguez@cappo.com,Moscow,19331
12577,AW00012577,Francis,Sanz,S,,2009-06-14,francis.sanz@hostinger.com,Tokyo,13211
12578,AW00012578,Gavin,Perry,S,,2009-06-14,gavin.perry@cappo.com,Bangkok,49408
12579,AW00012579,Lydia,Sanchez,S,,2009-06-14,lydia.sanchez@mouse.com,Berlin,39285
12580,AW00012580,Cedric,She,S,,2009-06-14,cedric.she@papers.com,London,43255
12581,AW00012581,Kristina,Fernandez,S,,2009-06-14,kristina.fernandez@fountains.com,Bangkok,37651
12582,AW00012582,Carmen,Sara,S,,2009-06-14,carmen.sara@hostinger.com,Seoul,10064
12583,AW00012583,Tyrone,Ortega,S,,2009-06-15,tyrone.ortega@circles.com,Istanbul,42320
12584,AW00012584,Brittney,Ma,S,,2009-06-15,brittney.ma@circles.com,Madrid,30215
12585,AW00012585,Ian,Martinez,M,,2009-06-15,ian.martinez@papers.com,London,10202
12586,AW00012586,Kellie,Hernandez,S,,2009-06-15,kellie.hernandez@cappo.com,Moscow,42619
12587,AW00012587,Danny,Travers,S,,2009-06-15,danny.travers@fountains.com,Paris,55862
12588,AW00012588,Tracy,Chande,S,,2009-06-15,tracy.chande@nappa.com,Paris,16315
12589,AW00012589,Ruben,Rodriguez,M,,2009-06-16,ruben.rodriguez@sticks.com,Berlin,40195
12590,AW00012590,Mario,Chander,S,,2009-06-16,mario.chander@hostinger.com,Moscow,38155
12591,AW00012591,Meredith,Madan,M,,2009-06-16,meredith.madan@hostinger.com,Seoul,46121
12592,AW00012592,Amy,Li,M,,2009-06-16,amy.li@sticks.com,Berlin,39929
12593,AW00012593,Benjamin,Zhang,S,,2009-06-16,benjamin.zhang@hostinger.com,Berlin,56149
12594,AW00012594,Sandra,Gao,M,,2009-06-16,sandra.gao@sticks.com,Berlin,18614
12595,AW00012595,Mathew,Blanco,S,,2009-06-16,mathew.blanco@winds.com,Jakarta,53700
12596,AW00012596,Armando,Romero,M,,2009-06-16,armando.romero@hostinger.com,London,43741
12597,AW00012597,Franklin,Zhang,M,,2009-06-16,franklin.zhang@fountains.com,Singapore,59915
12598,AW00012598,Alexandra,Bryant,M,,2009-06-16,alexandra.bryant@winds.com,London,17972
12599,AW00012599,Jillian,Fernandez,M,,2009-06-16,jillian.fernandez@fountains.com,Mumbai,10713
12600,AW00012600,Larry,Romero,M,,2009-06-16,larry.romero@nappa.com,Moscow,27528
12601,AW00012601,Randy,Zhang,M,,2009-06-16,randy.zhang@towels.com,Delhi,39530
12602,AW00012602,Francisco,Srini,M,,2009-06-17,francisco.srini@circles.com,Bangkok,33295
12603,AW00012603,Cole,Reed,S,,2009-06-17,cole.reed@papers.com,Rome,35348
12604,AW00012604,Nathan,Lee,M,,2009-06-17,nathan.lee@circles.com,Paris,53636
12605,AW00012605,Carol,Cooper,M,,2009-06-17,carol.cooper@nappa.com,Mumbai,24341
12606,AW00012606,Arthur,Van,M,,2009-06-17,arthur.van@cappo.com,Shanghai,36436
12607,AW00012607,Tamara,Zhu,M,,2009-06-17,tamara.zhu@hostinger.com,Mumbai,55295
12608,AW00012608,Brett,Sanchez,M,,2009-06-17,brett.sanchez@sticks.com,Berlin,21756
12609,AW00012609,Linda,Carlson,M,,2009-06-17,linda.carlson@nappa.com,Paris,48960
12610,AW00012610,Wendy,Gutierrez,M,,2009-06-17,wendy.gutierrez@fountains.com,Paris,42026
12611,AW00012611,Manuel,Sara,S,,2009-06-17,manuel.sara@sticks.com,Istanbul,39551
12612,AW00012612,Shannon,Torres,S,,2009-06-17,shannon.torres@winds.com,Berlin,34416
12613,AW00012613,Joel,Prasad,M,,2009-06-17,joel.prasad@circles.com,Moscow,18864
12614,AW00012614,Lance,Gill,S,,2009-06-17,lance.gill@mouse.com,Seoul,37193
12615,AW00012615,Nathan,Hill,S,,2009-06-18,nathan.hill@hostinger.com,London,17184
12616,AW00012616,Kelsey,Tang,S,,2009-06-18,kelsey.tang@nappa.com,Mumbai,54446
12617,AW00012617,Jake,Ma,M,,2009-06-18,jake.ma@hostinger.com,Rome,11595
12618,AW00012618,Dawn,Lal,M,,2009-06-18,dawn.lal@towels.com,Seoul,20438
12619,AW00012619,Priscilla,Rai,M,,2009-06-18,priscilla.rai@fountains.com,Rome,28399
12620,AW00012620,Maurice,Lal,M,,2009-06-18,maurice.lal@sticks.com,Mumbai,10257
12621,AW00012621,Barry,Martinez,M,,2009-06-19,barry.martinez@cappo.com,Berlin,57988
12622,AW00012622,Micheal,Rubio,M,,2009-06-19,micheal.rubio@nappa.com,Bangkok,44573
12623,AW00012623,Jesse,Sanchez,M,,2009-06-19,jesse.sanchez@fountains.com,Seoul,54245
12624,AW00012624,Jamie,Xu,M,,2009-06-19,jamie.xu@mouse.com,Bangkok,13395
12625,AW00012625,Carly,Andersen,M,,2009-06-19,carly.andersen@cappo.com,Shanghai,21619
12626,AW00012626,Cassie,Lal,M,,2009-06-19,cassie.lal@papers.com,Seoul,40637
12627,AW00012627,Leah,Zheng,S,,2009-06-19,leah.zheng@cappo.com,Mumbai,35241
12628,AW00012628,Arturo,Ma,M,,2009-06-19,arturo.ma@fountains.com,Istanbul,40802
12629,AW00012629,Russell,Nara,S,,2009-06-19,russell.nara@mouse.com,Rome,58021
12630,AW00012630,Kevin,Simmons,M,,2009-06-19,kevin.simmons@winds.com,Delhi,52375
12631,AW00012631,Clarence,Gao,S,,2009-06-19,clarence.gao@hostinger.com,Singapore,59856
12632,AW00012632,Bonnie,Nath,M,,2009-06-19,bonnie.nath@circles.com,Paris,22945
12633,AW00012633,Shannon,Suarez,M,,2009-06-19,shannon.suarez@circles.com,Shanghai,39996
12634,AW00012634,Derrick,Ruiz,M,,2009-06-19,derrick.ruiz@papers.com,Tokyo,45216
12635,AW00012635,Brad,Beck,S,,2009-06-20,brad.beck@winds.com,Moscow,20456
12636,AW00012636,Tamer,Salah,M,,2009-06-20,tamer.salah@circles.com,Mumbai,43470
12637,AW00012637,Leonard,Nath,M,,2009-06-20,leonard.nath@nappa.com,Jakarta,11713
12638,AW00012638,Sebastian,Brooks,M,,2009-06-20,sebastian.brooks@towels.com,Paris,19639
12639,AW00012639,Ruben,Lopez,S,,2009-06-20,ruben.lopez@mouse.com,Tokyo,43887
12640,AW00012640,Angel,Richardson,M,,2009-06-20,angel.richardson@nappa.com,Singapore,17962
12641,AW00012641,Willie,Raje,M,,2009-06-20,willie.raje@cappo.com,Berlin,22337
12642,AW00012642,Jimmy,Carlson,M,,2009-06-20,jimmy.carlson@winds.com,Madrid,30871
12643,AW00012643,Kristina,Perez,M,,2009-06-20,kristina.perez@nappa.com,Rome,35388
12644,AW00012644,Rachel,Reed,M,,2009-06-20,rachel.reed@papers.com,Mumbai,43417
12645,AW00012645,Audrey,Ruiz,M,,2009-06-20,audrey.ruiz@fountains.com,Paris,41092
12646,AW00012646,Kenneth,Xu,S,,2009-06-20,kenneth.xu@sticks.com,Rome,23411
12647,AW00012647,Colleen,Anand,M,,2009-06-21,colleen.anand@papers.com,Seoul,18149
12648,AW00012648,Lori,Dominguez,M,,2009-06-21,lori.dominguez@sticks.com,Madrid,25273
12649,AW00012649,Omar,Goel,M,,2009-06-21,omar.goel@mouse.com,Istanbul,27120
12650,AW00012650,Aaron,Wright,M,,2009-06-21,aaron.wright@winds.com,Rome,38493
12651,AW00012651,Martin,Malhotra,S,,2009-06-22,martin.malhotra@papers.com,London,36778
12652,AW00012652,Carolyn,Martin,M,,2009-06-22,carolyn.martin@fountains.com,Rome,56764
12653,AW00012653,Nichole,Andersen,M,,2009-06-22,nichole.andersen@hostinger.com,Moscow,12096
12654,AW00012654,Briana,Gill,M,,2009-06-22,briana.gill@circles.com,Shanghai,28888
12655,AW00012655,Larry,Vazquez,M,,2009-06-22,larry.vazquez@circles.com,Moscow,21048
12656,AW00012656,Blake,Roberts,M,,2009-06-22,blake.roberts@towels.com,Paris,55399
12657,AW00012657,Audrey,Blanco,M,,2009-06-22,audrey.blanco@fountains.com,Tokyo,32904
12658,AW00012658,Joy,Gomez,M,,2009-06-22,joy.gomez@towels.com,Singapore,27360
12659,AW00012659,Damien,Chande,M,,2009-06-22,damien.chande@fountains.com,Istanbul,35039
12660,AW00012660,Toni,Sanchez,M,,2009-06-23,toni.sanchez@hostinger.com,Istanbul,18834
12661,AW00012661,Deborah,Pal,M,,2009-06-23,deborah.pal@mouse.com,Berlin,19722
12662,AW00012662,Jessie,Huang,M,,2009-06-23,jessie.huang@towels.com,London,35687
12663,AW00012663,Morgan,Adams,M,,2009-06-23,morgan.adams@nappa.com,Seoul,19577
12664,AW00012664,Krista,Gill,M,,2009-06-23,krista.gill@nappa.com,Istanbul,51538
12665,AW00012665,Joy,Suarez,M,,2009-06-23,joy.suarez@hostinger.com,Bangkok,12042
12666,AW00012666,Jessie,Zhu,S,,2009-06-23,jessie.zhu@circles.com,Madrid,38655
12667,AW00012667,Maria,Wood,M,,2009-06-23,maria.wood@nappa.com,Seoul,43162
12668,AW00012668,Melissa,Patterson,S,,2009-06-24,melissa.patterson@papers.com,Madrid,24391
12669,AW00012669,Irving,Schmidt,S,,2009-06-24,irving.schmidt@circles.com,Delhi,13026
12670,AW00012670,Sarah,Martinez,S,,2009-06-24,sarah.martinez@mouse.com,Tokyo,31420
12671,AW00012671,Alan,Huang,S,,2009-06-24,alan.huang@papers.com,Paris,44989
12672,AW00012672,Carson,Butler,S,,2009-06-24,carson.butler@cappo.com,Shanghai,34551
12673,AW00012673,Colin,Stone,M,,2009-06-24,colin.stone@papers.com,Rome,46425
12674,AW00012674,Jimmy,Travers,M,,2009-06-24,jimmy.travers@mouse.com,Istanbul,14172
12675,AW00012675,Holly,Fernandez,S,,2009-06-24,holly.fernandez@towels.com,Shanghai,47449
12676,AW00012676,Michele,Madan,S,,2009-06-24,michele.madan@nappa.com,Rome,17863
12677,AW00012677,Cedric,Liu,M,,2009-06-24,cedric.liu@winds.com,Tokyo,56850
12678,AW00012678,Dana,Serrano,S,,2009-06-24,dana.serrano@sticks.com,Paris,13122
12679,AW00012679,Stacy,Gill,M,,2009-06-25,stacy.gill@mouse.com,Paris,20539
12680,AW00012680,George,Sanchez,S,,2009-06-25,george.sanchez@sticks.com,London,15981
12681,AW00012681,Christy,Chow,S,,2009-06-25,christy.chow@towels.com,London,34847
12682,AW00012682,Kari,Subram,M,,2009-06-25,kari.subram@nappa.com,Jakarta,17810
12683,AW00012683,Laura,Zhou,S,,2009-06-25,laura.zhou@winds.com,Istanbul,54182
12684,AW00012684,Shaun,Shen,M,,2009-06-26,shaun.shen@hostinger.com,Istanbul,16568
12685,AW00012685,Jaclyn,Xu,M,,2009-06-26,jaclyn.xu@cappo.com,Seoul,40560
12686,AW00012686,Trisha,Zhou,S,,2009-06-26,trisha.zhou@circles.com,Rome,33416
12687,AW00012687,Marshall,Li,S,,2009-06-26,marshall.li@towels.com,London,27453
12688,AW00012688,Stacy,Navarro,S,,2009-06-26,stacy.navarro@hostinger.com,Shanghai,17391
12689,AW00012689,Tamara,Pal,S,,2009-06-26,tamara.pal@nappa.com,Moscow,16496
12690,AW00012690,Roger,Zhang,M,,2009-06-26,roger.zhang@mouse.com,London,26170
12691,AW00012691,Rafael,Andersen,M,,2009-06-26,rafael.andersen@papers.com,Mumbai,31626
12692,AW00012692,Glenn,Lu,S,,2009-06-27,glenn.lu@hostinger.com,Madrid,57742
12693,AW00012693,Ruth,Gonzalez,M,,2009-06-27,ruth.gonzalez@towels.com,Istanbul,58391
12694,AW00012694,Jay,Arthur,S,,2009-06-27,jay.arthur@cappo.com,Seoul,57489
12695,AW00012695,Kari,Ruiz,M,,2009-06-27,kari.ruiz@fountains.com,Istanbul,44548
12696,AW00012696,Stacey,Hu,M,,2009-06-27,stacey.hu@circles.com,Bangkok,52003
12697,AW00012697,Brenda,Stone,S,,2009-06-27,brenda.stone@winds.com,Paris,57612
12698,AW00012698,Mohamed,Pal,M,,2009-06-27,mohamed.pal@mouse.com,Bangkok,58558
12699,AW00012699,Amy,Chow,M,,2009-06-27,amy.chow@circles.com,Jakarta,45776
12700,AW00012700,Mindy,Kumar,M,,2009-06-28,mindy.kumar@cappo.com,Jakarta,25432
12701,AW00012701,Gary,Gutierrez,M,,2009-06-28,gary.gutierrez@circles.com,Mumbai,58052
12702,AW00012702,Yolanda,Shan,M,,2009-06-28,yolanda.shan@fountains.com,Tokyo,58840
12703,AW00012703,Renee,Suarez,M,,2009-06-28,renee.suarez@nappa.com,Bangkok,25084
12704,AW00012704,Barbara,Nara,M,,2009-06-28,barbara.nara@nappa.com,Mumbai,42726
12705,AW00012705,Andre,Garcia,M,,2009-06-28,andre.garcia@winds.com,Madrid,32183
12706,AW00012706,Louis,Liang,M,,2009-06-28,louis.liang@mouse.com,Rome,42506
12707,AW00012707,Ian,Lewis,M,,2009-06-28,ian.lewis@fountains.com,Bangkok,25316
12708,AW00012708,Bonnie,Pal,M,,2009-06-28,bonnie.pal@papers.com,Paris,23512
12709,AW00012709,Ian,Rodriguez,M,,2009-06-28,ian.rodriguez@winds.com,Istanbul,49580
12710,AW00012710,Dalton,Evans,S,,2009-06-29,dalton.evans@towels.com,Jakarta,24754
12711,AW00012711,Heather,Zheng,S,,2009-06-29,heather.zheng@towels.com,Shanghai,15441
12712,AW00012712,Arthur,Romero,S,,2009-06-29,arthur.romero@sticks.com,Jakarta,45827
12713,AW00012713,Deborah,Xie,S,,2009-06-29,deborah.xie@winds.com,Berlin,41679
12714,AW00012714,Colleen,Lu,S,,2009-06-29,colleen.lu@circles.com,Jakarta,22993
12715,AW00012715,Eddie,Gill,M,,2009-06-29,eddie.gill@hostinger.com,Madrid,11288
12716,AW00012716,Dale,Shen,S,,2009-06-30,dale.shen@fountains.com,Jakarta,18024
12717,AW00012717,Hannah,Wood,M,,2009-06-30,hannah.wood@towels.com,Rome,45441
12718,AW00012718,Tammy,Sai,S,,2009-06-30,tammy.sai@towels.com,London,33147
12719,AW00012719,Cheryl,Ruiz,S,,2009-06-30,cheryl.ruiz@hostinger.com,London,55035
12720,AW00012720,Nicolas,Chande,S,,2009-06-30,nicolas.chande@mouse.com,Tokyo,41902
12721,AW00012721,Rebekah,Martinez,S,,2009-06-30,rebekah.martinez@papers.com,Istanbul,59910
12722,AW00012722,Latasha,Gomez,S,,2009-06-30,latasha.gomez@mouse.com,Jakarta,17510
12723,AW00012723,Kurt,Jai,M,,2009-07-01,kurt.jai@circles.com,Rome,30333
12724,AW00012724,Eddie,Martin,S,,2009-07-01,eddie.martin@winds.com,Tokyo,34964
12725,AW00012725,Gabrielle,James,M,,2009-07-01,gabrielle.james@papers.com,Mumbai,33601
12726,AW00012726,Kurt,Goel,S,,2009-07-01,kurt.goel@mouse.com,Shanghai,41306
12727,AW00012727,Amanda,Ross,S,,2009-07-01,amanda.ross@sticks.com,Madrid,16869
12728,AW00012728,Jeremiah,Stewart,S,,2009-07-01,jeremiah.stewart@winds.com,Madrid,28746
12729,AW00012729,Jose,Perry,S,,2009-07-01,jose.perry@hostinger.com,Jakarta,48521
12730,AW00012730,Karla,Becker,S,,2009-07-01,karla.becker@fountains.com,Tokyo,42630
12731,AW00012731,Steven,Murphy,S,,2009-07-01,steven.murphy@cappo.com,Berlin,33895
12732,AW00012732,Todd,Guo,S,,2009-07-01,todd.guo@towels.com,Singapore,56068
12733,AW00012733,Lacey,Cai,S,,2009-07-02,lacey.cai@fountains.com,Delhi,27774
12734,AW00012734,Margaret,Zhou,S,,2009-07-02,margaret.zhou@papers.com,Tokyo,44618
12735,AW00012735,Donald,Mehta,S,,2009-07-02,donald.mehta@cappo.com,Bangkok,17018
12736,AW00012736,Diana,Ruiz,S,,2009-07-02,diana.ruiz@hostinger.com,Delhi,45937
12737,AW00012737,Brett,Chandra,S,,2009-07-02,brett.chandra@circles.com,Shanghai,16255
12738,AW00012738,Melinda,Rubio,M,,2009-07-02,melinda.rubio@sticks.com,Singapore,52941
12739,AW00012739,Evan,Young,M,,2009-07-02,evan.young@circles.com,Istanbul,44887
12740,AW00012740,Kathryn,Goel,S,,2009-07-02,kathryn.goel@nappa.com,Singapore,51848
12741,AW00012741,Raymond,Sam,S,,2009-07-02,raymond.sam@winds.com,London,39404
12742,AW00012742,Samantha,Martinez,S,,2009-07-02,samantha.martinez@fountains.com,Paris,49241
12743,AW00012743,Carl,Kumar,M,,2009-07-03,carl.kumar@hostinger.com,Istanbul,32089
12744,AW00012744,Anna,Moore,S,,2009-07-03,anna.moore@sticks.com,Shanghai,31737
12745,AW00012745,Rafael,Wu,S,,2009-07-03,rafael.wu@mouse.com,Madrid,25554
12746,AW00012746,Juan,Torres,S,,2009-07-03,juan.torres@hostinger.com,Istanbul,16716
12747,AW00012747,Colleen,Hu,S,,2009-07-03,colleen.hu@papers.com,Moscow,21492
12748,AW00012748,Grace,Bell,S,,2009-07-03,grace.bell@nappa.com,Paris,34866
12749,AW00012749,Miguel,Lee,S,,2009-07-03,miguel.lee@winds.com,Moscow,42768
12750,AW00012750,Teresa,Vazquez,S,,2009-07-03,teresa.vazquez@mouse.com,Rome,35522
12751,AW00012751,Priscilla,Xu,S,,2009-07-03,priscilla.xu@sticks.com,Paris,53867
12752,AW00012752,Jonathon,Alvarez,S,,2009-07-04,jonathon.alvarez@circles.com,Seoul,34376
12753,AW00012753,Ramon,Zhao,S,,2009-07-04,ramon.zhao@papers.com,Paris,28805
12754,AW00012754,Lindsey,Deng,M,,2009-07-04,lindsey.deng@circles.com,Delhi,59737
12755,AW00012755,Chloe,Hughes,S,,2009-07-04,chloe.hughes@circles.com,Tokyo,18197
12756,AW00012756,Antonio,Butler,S,,2009-07-04,antonio.butler@circles.com,London,32171
12757,AW00012757,Sara,Ramirez,S,,2009-07-04,sara.ramirez@mouse.com,Jakarta,56785
12758,AW00012758,Stephanie,Ramirez,M,,2009-07-04,stephanie.ramirez@nappa.com,Seoul,55136
12759,AW00012759,Jada,Sanders,M,,2009-07-04,jada.sanders@mouse.com,Tokyo,53107
12760,AW00012760,Krista,Gomez,S,,2009-07-04,krista.gomez@sticks.com,Tokyo,54629
12761,AW00012761,Alexandra,Richardson,S,,2009-07-05,alexandra.richardson@nappa.com,Istanbul,51415
12762,AW00012762,Jonathan,Smith,M,,2009-07-05,jonathan.smith@circles.com,Tokyo,49194
12763,AW00012763,Chloe,Russell,M,,2009-07-05,chloe.russell@sticks.com,Singapore,42376
12764,AW00012764,Alexandra,Harris,M,,2009-07-05,alexandra.harris@cappo.com,Singapore,28175
12765,AW00012765,Robyn,Gill,M,,2009-07-05,robyn.gill@towels.com,Jakarta,54130
12766,AW00012766,Jordyn,Bryant,M,,2009-07-05,jordyn.bryant@papers.com,Rome,11790
12767,AW00012767,Christopher,Robinson,M,,2009-07-05,christopher.robinson@sticks.com,Shanghai,50358
12768,AW00012768,Johnathan,Chapman,M,,2009-07-06,johnathan.chapman@sticks.com,Bangkok,55501
12769,AW00012769,Thomas,Zhang,M,,2009-07-06,thomas.zhang@towels.com,Singapore,58075
12770,AW00012770,Charles,Evans,M,,2009-07-06,charles.evans@cappo.com,Rome,36995
12771,AW00012771,Morgan,Thomas,M,,2009-07-06,morgan.thomas@towels.com,Paris,49822
12772,AW00012772,Abigail,Clark,M,,2009-07-06,abigail.clark@mouse.com,London,13458
12773,AW00012773,Samantha,Taylor,M,,2009-07-06,samantha.taylor@circles.com,Shanghai,54492
12774,AW00012774,Kristen,Gao,M,,2009-07-06,kristen.gao@papers.com,Istanbul,59818
12775,AW00012775,Connor,Griffin,M,,2009-07-06,connor.griffin@towels.com,Moscow,21814
12776,AW00012776,Blake,Campbell,M,,2009-07-06,blake.campbell@towels.com,Seoul,49378
12777,AW00012777,Joseph,Anderson,M,,2009-07-06,joseph.anderson@papers.com,Delhi,14630
12778,AW00012778,Connie,Morgan,M,,2009-07-06,connie.morgan@circles.com,Tokyo,17736
12779,AW00012779,Mason,Rogers,M,,2009-07-07,mason.rogers@fountains.com,Bangkok,36020
12780,AW00012780,Jeremy,Richardson,M,,2009-07-07,jeremy.richardson@nappa.com,Jakarta,55660
12781,AW00012781,Emma,James,M,,2009-07-07,emma.james@mouse.com,Singapore,12011
12782,AW00012782,Elizabeth,Long,M,,2009-07-07,elizabeth.long@nappa.com,Madrid,25206
12783,AW00012783,Jerome,Gutierrez,M,,2009-07-07,jerome.gutierrez@sticks.com,Singapore,58619
12784,AW00012784,Jonathan,Campbell,M,,2009-07-07,jonathan.campbell@fountains.com,Istanbul,11937
12785,AW00012785,Javier,Ortega,M,,2009-07-07,javier.ortega@sticks.com,Seoul,41447
12786,AW00012786,James,Yang,M,,2009-07-07,james.yang@cappo.com,Shanghai,47165
12787,AW00012787,Katelyn,Cook,S,,2009-07-07,katelyn.cook@winds.com,Jakarta,38200
12788,AW00012788,Amanda,Nelson,M,,2009-07-07,amanda.nelson@papers.com,Moscow,37887
12789,AW00012789,Jamie,Zeng,M,,2009-07-07,jamie.zeng@papers.com,Rome,12745
12790,AW00012790,Brandon,Kumar,S,,2009-07-07,brandon.kumar@papers.com,Seoul,40555
12791,AW00012791,Angelica,Foster,S,,2009-07-07,angelica.foster@winds.com,Istanbul,43788
12792,AW00012792,Blake,White,M,,2009-07-07,blake.white@winds.com,Paris,50050
12793,AW00012793,Jessie,Guo,M,,2009-07-08,jessie.guo@cappo.com,London,40183
12794,AW00012794,Megan,Jackson,S,,2009-07-08,megan.jackson@papers.com,Istanbul,49500
12795,AW00012795,Antonio,Foster,M,,2009-07-08,antonio.foster@papers.com,Mumbai,16287
12796,AW00012796,Jason,Zhang,M,,2009-07-08,jason.zhang@cappo.com,Seoul,21520
12797,AW00012797,Patrick,Howard,S,,2009-07-08,patrick.howard@fountains.com,Delhi,41073
12798,AW00012798,Andy,Gutierrez,M,,2009-07-08,andy.gutierrez@papers.com,Bangkok,28243
12799,AW00012799,George,Chandra,M,,2009-07-08,george.chandra@towels.com,Seoul,25745
12800,AW00012800,Lacey,Chen,M,,2009-07-08,lacey.chen@fountains.com,Madrid,54015
12801,AW00012801,Melody,Browning,S,,2009-07-08,melody.browning@cappo.com,London,38400
12802,AW00012802,Alan,Sun,S,,2009-07-08,alan.sun@sticks.com,Jakarta,35522
12803,AW00012803,Heather,Li,M,,2009-07-08,heather.li@circles.com,Istanbul,15646
12804,AW00012804,Jaclyn,Chander,S,,2009-07-09,jaclyn.chander@sticks.com,Moscow,53744
12805,AW00012805,Marvin,Moreno,M,,2009-07-09,marvin.moreno@winds.com,Paris,54708
12806,AW00012806,Ronnie,Zeng,M,,2009-07-09,ronnie.zeng@sticks.com,Jakarta,39027
12807,AW00012807,Nina,Kumar,S,,2009-07-09,nina.kumar@fountains.com,Delhi,52214
12808,AW00012808,Marc,Schmidt,M,,2009-07-09,marc.schmidt@hostinger.com,Jakarta,42083
12809,AW00012809,Michele,Navarro,M,,2009-07-09,michele.navarro@mouse.com,Rome,10621
12810,AW00012810,Chase,Stewart,M,,2009-07-09,chase.stewart@towels.com,Moscow,37728
12811,AW00012811,Marc,Serrano,S,,2009-07-09,marc.serrano@hostinger.com,Shanghai,43227
12812,AW00012812,Brandi,Sanz,M,,2009-07-09,brandi.sanz@nappa.com,Shanghai,11722
12813,AW00012813,Reginald,Ramos,M,,2009-07-10,reginald.ramos@cappo.com,Mumbai,43560
12814,AW00012814,Casey,Sharma,S,,2009-07-10,casey.sharma@cappo.com,Seoul,39192
12815,AW00012815,Dominique,Mehta,M,,2009-07-10,dominique.mehta@cappo.com,London,59948
12816,AW00012816,Tammy,Mehta,S,,2009-07-10,tammy.mehta@circles.com,Moscow,46009
12817,AW00012817,Theodore,Suarez,S,,2009-07-10,theodore.suarez@circles.com,Jakarta,19757
12818,AW00012818,Curtis,She,M,,2009-07-10,curtis.she@winds.com,Istanbul,56348
12819,AW00012819,Nicolas,Chander,S,,2009-07-10,nicolas.chander@cappo.com,Mumbai,58918
12820,AW00012820,Derek,Tang,S,,2009-07-10,derek.tang@papers.com,Berlin,11472
12821,AW00012821,Cesar,McDonald,M,,2009-07-11,cesar.mcdonald@sticks.com,Rome,21617
12822,AW00012822,Alexandra,James,M,,2009-07-11,alexandra.james@cappo.com,Delhi,20761
12823,AW00012823,Bethany,She,M,,2009-07-11,bethany.she@nappa.com,Shanghai,29893
12824,AW00012824,Kristopher,Subram,S,,2009-07-11,kristopher.subram@hostinger.com,Mumbai,52392
12825,AW00012825,Kelvin,Hu,M,,2009-07-11,kelvin.hu@towels.com,Shanghai,20602
12826,AW00012826,Caleb,Gonzalez,S,,2009-07-11,caleb.gonzalez@sticks.com,Jakarta,25466
12827,AW00012827,Nicolas,Raje,S,,2009-07-12,nicolas.raje@mouse.com,Bangkok,30017
12828,AW00012828,Carol,Rubio,S,,2009-07-12,carol.rubio@papers.com,Singapore,39441
12829,AW00012829,Micah,Li,S,,2009-07-12,micah.li@winds.com,Jakarta,54736
12830,AW00012830,Russell,Raje,S,,2009-07-12,russell.raje@hostinger.com,Bangkok,42929
12831,AW00012831,Kathryn,Lal,S,,2009-07-12,kathryn.lal@sticks.com,Istanbul,31439
12832,AW00012832,Douglas,Prasad,S,,2009-07-13,douglas.prasad@hostinger.com,Singapore,36578
12833,AW00012833,Sheena,Goel,S,,2009-07-13,sheena.goel@mouse.com,London,57189
12834,AW00012834,Kelsey,Xie,M,,2009-07-13,kelsey.xie@hostinger.com,Berlin,37861
12835,AW00012835,Karl,Yuan,S,,2009-07-13,karl.yuan@fountains.com,Mumbai,53099
12836,AW00012836,Rodney,Munoz,S,,2009-07-13,rodney.munoz@nappa.com,Moscow,38200
12837,AW00012837,Nicole,Anderson,M,,2009-07-13,nicole.anderson@circles.com,Berlin,17672
12838,AW00012838,Ralph,Beck,M,,2009-07-13,ralph.beck@hostinger.com,Jakarta,26537
12839,AW00012839,Dominique,Fernandez,S,,2009-07-13,dominique.fernandez@towels.com,Bangkok,58621
12840,AW00012840,Naomi,Sanz,M,,2009-07-13,naomi.sanz@fountains.com,Jakarta,45127
12841,AW00012841,Yolanda,Xie,S,,2009-07-13,yolanda.xie@mouse.com,Seoul,59129
12842,AW00012842,Kelvin,Becker,S,,2009-07-14,kelvin.becker@sticks.com,London,47454
12843,AW00012843,Summer,Smith,S,,2009-07-14,summer.smith@papers.com,Berlin,41174
12844,AW00012844,Gerald,Gonzalez,M,,2009-07-14,gerald.gonzalez@winds.com,Singapore,41675
12845,AW00012845,Angela,Torres,M,,2009-07-14,angela.torres@cappo.com,Berlin,16299
12846,AW00012846,Bridget,Nara,S,,2009-07-14,bridget.nara@papers.com,Istanbul,20788
12847,AW00012847,Colin,Chander,M,,2009-07-14,colin.chander@hostinger.com,Berlin,31509
12848,AW00012848,Brittney,Lu,M,,2009-07-14,brittney.lu@sticks.com,Moscow,18580
12849,AW00012849,Adam,Baker,S,,2009-07-14,adam.baker@sticks.com,Shanghai,59564
12850,AW00012850,Johnny,Raji,S,,2009-07-14,johnny.raji@fountains.com,Jakarta,14511
12851,AW00012851,Brandy,Sai,S,,2009-07-14,brandy.sai@circles.com,Istanbul,15762
12852,AW00012852,Teresa,Carlson,S,,2009-07-15,teresa.carlson@papers.com,London,27653
12853,AW00012853,Evelyn,Malhotra,M,,2009-07-15,evelyn.malhotra@mouse.com,Paris,39883
12854,AW00012854,Reginald,Romero,M,,2009-07-15,reginald.romero@towels.com,Jakarta,41479
12855,AW00012855,Philip,Diaz,M,,2009-07-15,philip.diaz@papers.com,Jakarta,31490
12856,AW00012856,Rosa,Lin,M,,2009-07-15,rosa.lin@winds.com,Paris,52890
12857,AW00012857,Raul,Kumar,M,,2009-07-15,raul.kumar@circles.com,Shanghai,31932
12858,AW00012858,Adriana,Mehta,S,,2009-07-15,adriana.mehta@nappa.com,Madrid,27368
12859,AW00012859,Evelyn,Gonzalez,S,,2009-07-15,evelyn.gonzalez@fountains.com,Mumbai,14874
12860,AW00012860,Jillian,Prasad,M,,2009-07-15,jillian.prasad@towels.com,Madrid,40308
12861,AW00012861,Robyn,Jimenez,M,,2009-07-15,robyn.jimenez@mouse.com,Paris,40257
12862,AW00012862,Melinda,Ortega,S,,2009-07-16,melinda.ortega@winds.com,Paris,31047
12863,AW00012863,Caleb,Zhang,S,,2009-07-16,caleb.zhang@hostinger.com,Mumbai,22054
12864,AW00012864,Michelle,Townsend,S,,2009-07-16,michelle.townsend@nappa.com,Moscow,43615
12865,AW00012865,Brandy,Martinez,M,,2009-07-16,brandy.martinez@papers.com,Tokyo,55596
12866,AW00012866,Janelle,Fernandez,S,,2009-07-16,janelle.fernandez@nappa.com,Rome,52427
12867,AW00012867,Laura,Ye,S,,2009-07-16,laura.ye@circles.com,Tokyo,35570
12868,AW00012868,Julie,Anand,S,,2009-07-16,julie.anand@towels.com,Tokyo,16779
12869,AW00012869,Alisha,Tang,M,,2009-07-17,alisha.tang@towels.com,Moscow,48160
12870,AW00012870,Tyrone,Munoz,S,,2009-07-17,tyrone.munoz@hostinger.com,Delhi,18614
12871,AW00012871,Leah,Li,S,,2009-07-17,leah.li@winds.com,Seoul,35830
12872,AW00012872,Olivia,Hughes,S,,2009-07-17,olivia.hughes@towels.com,Madrid,19437
12873,AW00012873,Mandar,Samant,S,,2009-07-17,mandar.samant@nappa.com,Shanghai,20446
12874,AW00012874,Kirk,Nason,S,,2009-07-17,kirk.nason@circles.com,Rome,24928
12875,AW00012875,Brianna,Ross,S,,2009-07-17,brianna.ross@sticks.com,Rome,27665
12876,AW00012876,Blake,Robinson,M,,2009-07-17,blake.robinson@papers.com,Delhi,59879
12877,AW00012877,Alexander,Williams,M,,2009-07-18,alexander.williams@fountains.com,Singapore,22525
12878,AW00012878,Gilbert,Sun,M,,2009-07-18,gilbert.sun@circles.com,London,41147
12879,AW00012879,Elijah,Nelson,M,,2009-07-18,elijah.nelson@winds.com,Moscow,18910
12880,AW00012880,Luis,Hayes,S,,2009-07-18,luis.hayes@papers.com,Rome,14138
12881,AW00012881,Isabella,Edwards,S,,2009-07-18,isabella.edwards@sticks.com,Seoul,20313
12882,AW00012882,Eduardo,Allen,M,,2009-07-19,eduardo.allen@mouse.com,Delhi,38713
12883,AW00012883,Stephanie,Bailey,S,,2009-07-19,stephanie.bailey@papers.com,Seoul,38674
12884,AW00012884,Megan,Williams,S,,2009-07-19,megan.williams@towels.com,Singapore,20579
12885,AW00012885,Jonathan,Anderson,M,,2009-07-19,jonathan.anderson@winds.com,Berlin,36101
12886,AW00012886,Jocelyn,Long,S,,2009-07-19,jocelyn.long@circles.com,Tokyo,15076
12887,AW00012887,Brendan,Pal,M,,2009-07-20,brendan.pal@hostinger.com,Rome,33264
12888,AW00012888,Melissa,Barnes,M,,2009-07-20,melissa.barnes@towels.com,London,22028
12889,AW00012889,James,Adams,M,,2009-07-20,james.adams@fountains.com,Singapore,33555
12890,AW00012890,Steven,Thorpe,M,,2009-07-20,steven.thorpe@towels.com,Shanghai,33051
12891,AW00012891,Kaylee,King,M,,2009-07-20,kaylee.king@papers.com,Jakarta,35062
12892,AW00012892,Brian,Peterson,M,,2009-07-20,brian.peterson@hostinger.com,Madrid,25875
12893,AW00012893,Brittany,Foster,M,,2009-07-20,brittany.foster@papers.com,Madrid,36100
12894,AW00012894,Natalie,Walker,M,,2009-07-20,natalie.walker@cappo.com,Seoul,36373
12895,AW00012895,Destiny,Anderson,M,,2009-07-20,destiny.anderson@nappa.com,Rome,43069
12896,AW00012896,Victoria,Wood,M,,2009-07-20,victoria.wood@papers.com,Delhi,33273
12897,AW00012897,Alyssa,Wilson,M,,2009-07-21,alyssa.wilson@cappo.com,Delhi,48067
12898,AW00012898,Madeline,Campbell,M,,2009-07-21,madeline.campbell@circles.com,Madrid,48992
12899,AW00012899,Ana,Ross,M,,2009-07-21,ana.ross@winds.com,Istanbul,44709
12900,AW00012900,Carlos,Ward,M,,2009-07-21,carlos.ward@towels.com,Paris,41361
12901,AW00012901,Robert,Adams,M,,2009-07-21,robert.adams@nappa.com,Tokyo,43137
12902,AW00012902,Julia,Stewart,S,,2009-07-21,julia.stewart@winds.com,Rome,57587
12903,AW00012903,John,Sandstone,S,,2009-07-21,john.sandstone@fountains.com,Moscow,54023
12904,AW00012904,Thomas,Jai,M,,2009-07-21,thomas.jai@winds.com,Bangkok,27242
12905,AW00012905,Alexandra,Sanchez,M,,2009-07-21,alexandra.sanchez@nappa.com,Tokyo,38426
12906,AW00012906,Philip,Ramos,M,,2009-07-21,philip.ramos@winds.com,Delhi,23546
12907,AW00012907,Julia,Bryant,M,,2009-07-21,julia.bryant@towels.com,Bangkok,46136
12908,AW00012908,Tyler,Clark,M,,2009-07-21,tyler.clark@towels.com,Tokyo,47822
12909,AW00012909,Kelsey,Shan,M,,2009-07-21,kelsey.shan@mouse.com,Shanghai,59009
12910,AW00012910,Robert,Brown,M,,2009-07-22,robert.brown@fountains.com,Madrid,30406
12911,AW00012911,Sebastian,Rogers,S,,2009-07-22,sebastian.rogers@fountains.com,Delhi,20753
12912,AW00012912,Brianna,Morris,S,,2009-07-22,brianna.morris@papers.com,Jakarta,27710
12913,AW00012913,Benjamin,Moore,M,,2009-07-22,benjamin.moore@towels.com,Singapore,57326
12914,AW00012914,Jill,Miller,S,,2009-07-22,jill.miller@towels.com,Madrid,54969
12915,AW00012915,Kaitlyn,Alexander,S,,2009-07-22,kaitlyn.alexander@fountains.com,Paris,50298
12916,AW00012916,Natalie,Ross,M,,2009-07-22,natalie.ross@sticks.com,Seoul,22836
12917,AW00012917,Vanessa,Russell,M,,2009-07-23,vanessa.russell@sticks.com,Seoul,26910
12918,AW00012918,Brooke,Murphy,M,,2009-07-23,brooke.murphy@hostinger.com,Istanbul,56724
12919,AW00012919,Carlos,Hill,S,,2009-07-23,carlos.hill@sticks.com,Shanghai,29118
12920,AW00012920,Kelly,Henderson,S,,2009-07-23,kelly.henderson@sticks.com,Seoul,19818
12921,AW00012921,Wyatt,Lee,S,,2009-07-23,wyatt.lee@towels.com,Jakarta,45072
12922,AW00012922,Jennifer,Sanders,S,,2009-07-24,jennifer.sanders@hostinger.com,Berlin,17558
12923,AW00012923,Fernando,Wright,S,,2009-07-24,fernando.wright@towels.com,Berlin,22180
12924,AW00012924,Devon,Chande,M,,2009-07-24,devon.chande@mouse.com,Tokyo,29695
12925,AW00012925,Mackenzie,Blue,M,,2009-07-24,mackenzie.blue@nappa.com,Tokyo,34294
12926,AW00012926,Sara,Murphy,M,,2009-07-24,sara.murphy@hostinger.com,Delhi,11251
12927,AW00012927,Savannah,Sanchez,M,,2009-07-24,savannah.sanchez@cappo.com,Jakarta,56105
12928,AW00012928,Carol,Wright,M,,2009-07-24,carol.wright@cappo.com,Bangkok,51555
12929,AW00012929,Vanessa,Bryant,M,,2009-07-24,vanessa.bryant@circles.com,Delhi,13158
12930,AW00012930,Grace,Harris,M,,2009-07-24,grace.harris@fountains.com,Moscow,33867
12931,AW00012931,Ann,Fernandez,S,,2009-07-24,ann.fernandez@fountains.com,Rome,18977
12932,AW00012932,Tyler,Johnson,M,,2009-07-24,tyler.johnson@fountains.com,Jakarta,50021
12933,AW00012933,Jonathan,Hall,M,,2009-07-25,jonathan.hall@circles.com,Moscow,45818
12934,AW00012934,Jason,Foster,S,,2009-07-25,jason.foster@fountains.com,Istanbul,27133
12935,AW00012935,Robert,Hill,M,,2009-07-25,robert.hill@circles.com,Jakarta,31496
12936,AW00012936,Renee,Moreno,S,,2009-07-25,renee.moreno@nappa.com,Moscow,19251
12937,AW00012937,Megan,Wilson,S,,2009-07-25,megan.wilson@papers.com,Bangkok,23256
12938,AW00012938,Edward,Parker,S,,2009-07-25,edward.parker@nappa.com,London,15064
12939,AW00012939,Eduardo,Parker,S,,2009-07-25,eduardo.parker@sticks.com,Singapore,56872
12940,AW00012940,Steven,Rogers,M,,2009-07-26,steven.rogers@fountains.com,Jakarta,48809
12941,AW00012941,Maria,Morgan,S,,2009-07-26,maria.morgan@papers.com,Shanghai,20265
12942,AW00012942,Morgan,Harris,S,,2009-07-26,morgan.harris@sticks.com,Berlin,51853
12943,AW00012943,Caleb,Perez,S,,2009-07-26,caleb.perez@hostinger.com,Paris,59049
12944,AW00012944,Jose,Jai,M,,2009-07-26,jose.jai@papers.com,London,52501
12945,AW00012945,Jessica,Bailey,M,,2009-07-26,jessica.bailey@hostinger.com,Rome,57671
12946,AW00012946,Seth,Allen,M,,2009-07-26,seth.allen@cappo.com,Tokyo,15711
12947,AW00012947,Isaiah,Sanchez,S,,2009-07-26,isaiah.sanchez@sticks.com,Rome,33391
12948,AW00012948,Adam,Kumar,M,,2009-07-26,adam.kumar@towels.com,Bangkok,25199
12949,AW00012949,Morgan,Rivera,S,,2009-07-27,morgan.rivera@nappa.com,Seoul,38305
12950,AW00012950,Mary,Adams,S,,2009-07-27,mary.adams@hostinger.com,Bangkok,22323
12951,AW00012951,Blake,Simmons,S,,2009-07-27,blake.simmons@nappa.com,Berlin,48146
12952,AW00012952,Jennifer,Hughes,S,,2009-07-27,jennifer.hughes@mouse.com,Rome,55853
12953,AW00012953,Catherine,Cooper,S,,2009-07-27,catherine.cooper@papers.com,Mumbai,36185
12954,AW00012954,Pedro,Diaz,M,,2009-07-27,pedro.diaz@cappo.com,Moscow,18561
12955,AW00012955,Theresa,Hernandez,S,,2009-07-27,theresa.hernandez@fountains.com,Rome,43916
12956,AW00012956,Marshall,Sun,S,,2009-07-27,marshall.sun@winds.com,Rome,34262
12957,AW00012957,Isabella,Lopez,S,,2009-07-27,isabella.lopez@sticks.com,Madrid,45388
12958,AW00012958,Jennifer,Campbell,S,,2009-07-27,jennifer.campbell@winds.com,Istanbul,58996
12959,AW00012959,Sydney,Carter,S,,2009-07-28,sydney.carter@mouse.com,Shanghai,58413
12960,AW00012960,Ashley,Lewis,S,,2009-07-28,ashley.lewis@nappa.com,Shanghai,29428
12961,AW00012961,Kimberly,Murphy,M,,2009-07-29,kimberly.murphy@winds.com,Shanghai,10913
12962,AW00012962,Jennifer,Edwards,M,,2009-07-29,jennifer.edwards@nappa.com,Seoul,57911
12963,AW00012963,Marcus,Anderson,M,,2009-07-29,marcus.anderson@winds.com,London,52611
12964,AW00012964,Xavier,Russell,M,,2009-07-29,xavier.russell@towels.com,Istanbul,12551
12965,AW00012965,Cody,Bell,M,,2009-07-29,cody.bell@fountains.com,Madrid,53112
12966,AW00012966,Dennis,Zhu,M,,2009-07-29,dennis.zhu@winds.com,Singapore,59321
12967,AW00012967,Fernando,Rodriguez,M,,2009-07-30,fernando.rodriguez@papers.com,Paris,13989
12968,AW00012968,Paige,Butler,M,,2009-07-30,paige.butler@circles.com,London,50841
12969,AW00012969,Richard,Rodriguez,M,,2009-07-30,richard.rodriguez@mouse.com,Istanbul,45254
12970,AW00012970,Angela,Powell,S,,2009-07-30,angela.powell@nappa.com,Singapore,49022
12971,AW00012971,Carl,Nara,M,,2009-07-30,carl.nara@fountains.com,Rome,55444
12972,AW00012972,Carolyn,Suri,S,,2009-07-30,carolyn.suri@mouse.com,Madrid,20784
12973,AW00012973,Adrian,Howard,S,,2009-07-30,adrian.howard@hostinger.com,London,35481
12974,AW00012974,Marc,Gill,S,,2009-07-30,marc.gill@sticks.com,Berlin,59720
12975,AW00012975,Marcus,Wilson,S,,2009-07-31,marcus.wilson@papers.com,Istanbul,18591
12976,AW00012976,Hunter,Thompson,S,,2009-07-31,hunter.thompson@papers.com,Moscow,48172
12977,AW00012977,Destiny,Johnson,S,,2009-07-31,destiny.johnson@towels.com,Shanghai,28417
12978,AW00012978,Danielle,James,M,,2009-07-31,danielle.james@circles.com,Paris,41775
12979,AW00012979,Christina,Ward,M,,2009-07-31,christina.ward@towels.com,Moscow,15852
12980,AW00012980,Max,Moyer,M,,2009-07-31,max.moyer@cappo.com,Delhi,39243
12981,AW00012981,Joe,Sanz,S,,2009-07-31,joe.sanz@fountains.com,Paris,32737
12982,AW00012982,Brittany,Patterson,M,,2009-07-31,brittany.patterson@circles.com,Madrid,24531
12983,AW00012983,Gabriella,Carter,M,,2009-08-01,gabriella.carter@sticks.com,Bangkok,31934
12984,AW00012984,Adam,Young,M,,2009-08-01,adam.young@towels.com,Istanbul,11093
12985,AW00012985,Hailey,Roberts,M,,2009-08-01,hailey.roberts@towels.com,Tokyo,24892
12986,AW00012986,Rachel,Garcia,M,,2009-08-01,rachel.garcia@nappa.com,Bangkok,55434
12987,AW00012987,Felicia,Moreno,M,,2009-08-01,felicia.moreno@towels.com,Paris,27462
12988,AW00012988,Barbara,Goel,S,,2009-08-01,barbara.goel@winds.com,Delhi,59287
12989,AW00012989,Carly,Goel,M,,2009-08-01,carly.goel@nappa.com,Mumbai,10721
12990,AW00012990,Leslie,Hernandez,S,,2009-08-01,leslie.hernandez@towels.com,Moscow,48725
12991,AW00012991,Jésus,Serrano,M,,2009-08-01,jésus.serrano@fountains.com,London,12770
12992,AW00012992,Ernest,Zeng,M,,2009-08-01,ernest.zeng@fountains.com,Berlin,27421
12993,AW00012993,Xavier,Henderson,M,,2009-08-01,xavier.henderson@fountains.com,Bangkok,35803
12994,AW00012994,Anna,Martinez,S,,2009-08-02,anna.martinez@winds.com,Tokyo,27627
12995,AW00012995,Grant,Nara,M,,2009-08-02,grant.nara@cappo.com,Seoul,58366
12996,AW00012996,Jaclyn,Liu,M,,2009-08-02,jaclyn.liu@hostinger.com,Bangkok,37853
12997,AW00012997,Nina,Xie,M,,2009-08-02,nina.xie@winds.com,Madrid,26379
12998,AW00012998,Mayra,Mehta,S,,2009-08-02,mayra.mehta@cappo.com,Delhi,32670
12999,AW00012999,Nichole,Shen,S,,2009-08-02,nichole.shen@sticks.com,Berlin,44863
13000,AW00013000,Rafael,Raje,M,,2009-08-03,rafael.raje@mouse.com,Istanbul,51781
13001,AW00013001,Clarence,Zhang,S,,2009-08-03,clarence.zhang@fountains.com,London,35229
13002,AW00013002,Roger,Cai,M,,2009-08-03,roger.cai@sticks.com,Madrid,19828
13003,AW00013003,Jill,Hernandez,M,,2009-08-03,jill.hernandez@fountains.com,Seoul,17646
13004,AW00013004,Randy,Chen,M,,2009-08-03,randy.chen@papers.com,Tokyo,50434
13005,AW00013005,Desiree,Alvarez,M,,2009-08-03,desiree.alvarez@papers.com,Tokyo,44197
13006,AW00013006,Whitney,Rana,S,,2009-08-03,whitney.rana@papers.com,Mumbai,19453
13007,AW00013007,Brooke,Ward,S,,2009-08-04,brooke.ward@mouse.com,Bangkok,12405
13008,AW00013008,Alberto,Muñoz,M,,2009-08-04,alberto.muñoz@towels.com,Istanbul,44343
13009,AW00013009,Mindy,She,M,,2009-08-04,mindy.she@sticks.com,Rome,54714
13010,AW00013010,Erica,Ye,M,,2009-08-04,erica.ye@cappo.com,Delhi,41060
13011,AW00013011,Anne,Ortega,S,,2009-08-04,anne.ortega@towels.com,Mumbai,49196
13012,AW00013012,Krystal,Hu,S,,2009-08-04,krystal.hu@cappo.com,Istanbul,39457
13013,AW00013013,Vincent,Ye,M,,2009-08-05,vincent.ye@cappo.com,Mumbai,54092
13014,AW00013014,James,Clark,M,,2009-08-05,james.clark@papers.com,Shanghai,18860
13015,AW00013015,Rebecca,Parker,S,,2009-08-05,rebecca.parker@mouse.com,Seoul,33452
13016,AW00013016,Antonio,Bryant,M,,2009-08-05,antonio.bryant@papers.com,Jakarta,38927
13017,AW00013017,Xavier,Alexander,M,,2009-08-05,xavier.alexander@hostinger.com,Rome,24771
13018,AW00013018,Brendan,Xie,M,,2009-08-05,brendan.xie@circles.com,Bangkok,21072
13019,AW00013019,Destiny,Murphy,S,,2009-08-06,destiny.murphy@circles.com,Moscow,13182
13020,AW00013020,Madalena,Sanchez,M,,2009-08-06,madalena.sanchez@sticks.com,Madrid,21491
13021,AW00013021,Kendra,Diaz,S,,2009-08-06,kendra.diaz@papers.com,Madrid,36546
13022,AW00013022,Rafael,Ma,M,,2009-08-06,rafael.ma@circles.com,Moscow,35066
13023,AW00013023,Dominique,Raman,S,,2009-08-06,dominique.raman@fountains.com,Delhi,46958
13024,AW00013024,Marc,Moreno,M,,2009-08-06,marc.moreno@cappo.com,Delhi,33820
13025,AW00013025,Reginald,Serrano,M,,2009-08-06,reginald.serrano@circles.com,Seoul,54423
13026,AW00013026,Colleen,Zheng,S,,2009-08-06,colleen.zheng@hostinger.com,Delhi,10869
13027,AW00013027,Jeremy,Patterson,S,,2009-08-07,jeremy.patterson@circles.com,Berlin,18250
13028,AW00013028,Dalton,Thompson,S,,2009-08-07,dalton.thompson@winds.com,Singapore,20261
13029,AW00013029,Jennifer,Foster,S,,2009-08-07,jennifer.foster@papers.com,Delhi,32395
13030,AW00013030,Sophia,Lopez,S,,2009-08-07,sophia.lopez@sticks.com,Berlin,58964
13031,AW00013031,Hunter,Shan,S,,2009-08-07,hunter.shan@winds.com,Berlin,35542
13032,AW00013032,Kevin,Baker,M,,2009-08-07,kevin.baker@winds.com,Madrid,58560
13033,AW00013033,Xavier,Gonzalez,S,,2009-08-07,xavier.gonzalez@towels.com,Singapore,50200
13034,AW00013034,Kelsey,Yuan,S,,2009-08-07,kelsey.yuan@towels.com,Istanbul,11866
13035,AW00013035,Kristy,Torres,M,,2009-08-07,kristy.torres@sticks.com,Berlin,10158
13036,AW00013036,Virginia,Subram,S,,2009-08-08,virginia.subram@winds.com,Istanbul,10023
13037,AW00013037,Terrence,Pal,M,,2009-08-08,terrence.pal@towels.com,Madrid,34938
13038,AW00013038,Wilson,Pais,M,,2009-08-08,wilson.pais@papers.com,Berlin,47151
13039,AW00013039,Trisha,Ma,S,,2009-08-08,trisha.ma@nappa.com,London,13032
13040,AW00013040,Roy,Gonzalez,M,,2009-08-08,roy.gonzalez@towels.com,Moscow,31105
13041,AW00013041,Cameron,Brown,M,,2009-08-09,cameron.brown@circles.com,Mumbai,21440
13042,AW00013042,Alison,Pal,M,,2009-08-09,alison.pal@towels.com,Delhi,10471
13043,AW00013043,Brenda,Madan,M,,2009-08-09,brenda.madan@circles.com,Paris,32598
13044,AW00013044,Katrina,Jai,M,,2009-08-09,katrina.jai@papers.com,Shanghai,51211
13045,AW00013045,Anne,Gomez,M,,2009-08-09,anne.gomez@sticks.com,Shanghai,18344
13046,AW00013046,Jonathan,Rodriguez,M,,2009-08-09,jonathan.rodriguez@cappo.com,Madrid,21200
13047,AW00013047,Rodney,Vazquez,M,,2009-08-09,rodney.vazquez@mouse.com,London,52505
13048,AW00013048,Alexis,Hayes,M,,2009-08-09,alexis.hayes@hostinger.com,Singapore,17247
13049,AW00013049,Autumn,Wang,M,,2009-08-09,autumn.wang@fountains.com,Mumbai,53116
13050,AW00013050,Dennis,Zeng,M,,2009-08-10,dennis.zeng@cappo.com,Singapore,53812
13051,AW00013051,Ethan,Jones,S,,2009-08-10,ethan.jones@cappo.com,Mumbai,56584
13052,AW00013052,Jared,Morris,S,,2009-08-10,jared.morris@cappo.com,Mumbai,32562
13053,AW00013053,Vincent,Lu,S,,2009-08-10,vincent.lu@papers.com,Shanghai,58508
13054,AW00013054,Bryce,Ward,M,,2009-08-10,bryce.ward@circles.com,Seoul,57279
13055,AW00013055,Patrick,Gray,S,,2009-08-10,patrick.gray@winds.com,Shanghai,12398
13056,AW00013056,Morgan,Blue,S,,2009-08-10,morgan.blue@nappa.com,Rome,31141
13057,AW00013057,Destiny,Powell,S,,2009-08-10,destiny.powell@sticks.com,Istanbul,17640
13058,AW00013058,Ramon,Huang,M,,2009-08-10,ramon.huang@fountains.com,Shanghai,58158
13059,AW00013059,Keith,Deng,M,,2009-08-10,keith.deng@winds.com,Madrid,28136
13060,AW00013060,Eugene,Zhu,M,,2009-08-11,eugene.zhu@winds.com,Mumbai,59078
13061,AW00013061,Ethan,Anderson,S,,2009-08-11,ethan.anderson@sticks.com,Singapore,34024
13062,AW00013062,Eduardo,Williams,S,,2009-08-11,eduardo.williams@cappo.com,Madrid,17255
13063,AW00013063,Jessica,Johnson,S,,2009-08-11,jessica.johnson@fountains.com,Delhi,27934
13064,AW00013064,Dalton,Parker,S,,2009-08-12,dalton.parker@hostinger.com,Moscow,22599
13065,AW00013065,Morgan,Gonzalez,S,,2009-08-12,morgan.gonzalez@nappa.com,Jakarta,18301
13066,AW00013066,Carson,Perry,S,,2009-08-12,carson.perry@hostinger.com,Moscow,29310
13067,AW00013067,Olivia,Garcia,S,,2009-08-12,olivia.garcia@cappo.com,Mumbai,15550
13068,AW00013068,Alexandria,Morris,S,,2009-08-12,alexandria.morris@towels.com,Singapore,57005
13069,AW00013069,Adam,Green,M,,2009-08-12,adam.green@mouse.com,Bangkok,36594
13070,AW00013070,Emma,Clark,S,,2009-08-12,emma.clark@circles.com,Bangkok,49043
13071,AW00013071,Thomas,Walker,M,,2009-08-13,thomas.walker@nappa.com,Seoul,23142
13072,AW00013072,Emma,Rogers,S,,2009-08-13,emma.rogers@papers.com,Seoul,35836
13073,AW00013073,Sydney,Lopez,M,,2009-08-13,sydney.lopez@sticks.com,Rome,43892
13074,AW00013074,Grace,Hughes,M,,2009-08-13,grace.hughes@fountains.com,London,45045
13075,AW00013075,Kelvin,Lin,M,,2009-08-14,kelvin.lin@sticks.com,Singapore,57470
13076,AW00013076,Craig,Munoz,S,,2009-08-14,craig.munoz@circles.com,Berlin,46671
13077,AW00013077,Alejandro,Goel,S,,2009-08-14,alejandro.goel@fountains.com,Singapore,44499
13078,AW00013078,Michele,Chande,S,,2009-08-14,michele.chande@hostinger.com,Tokyo,50792
13079,AW00013079,Edwin,Bhat,S,,2009-08-14,edwin.bhat@winds.com,Jakarta,35869
13080,AW00013080,Denise,Mehta,S,,2009-08-14,denise.mehta@winds.com,Rome,53174
13081,AW00013081,Krista,Ruiz,S,,2009-08-14,krista.ruiz@winds.com,Seoul,35765
13082,AW00013082,Juan,Peterson,S,,2009-08-14,juan.peterson@towels.com,Tokyo,35488
13083,AW00013083,Jordyn,Butler,S,,2009-08-14,jordyn.butler@circles.com,Singapore,40052
13084,AW00013084,Luis,Hughes,S,,2009-08-15,luis.hughes@towels.com,Bangkok,36264
13085,AW00013085,Daniel,Harris,S,,2009-08-15,daniel.harris@fountains.com,Istanbul,27250
13086,AW00013086,Blake,Nelson,S,,2009-08-15,blake.nelson@fountains.com,Paris,31749
13087,AW00013087,Jeremy,Collins,S,,2009-08-15,jeremy.collins@hostinger.com,Bangkok,41870
13088,AW00013088,Megan,Powell,S,,2009-08-16,megan.powell@cappo.com,London,56538
13089,AW00013089,Elizabeth,Alexander,M,,2009-08-16,elizabeth.alexander@sticks.com,Seoul,45185
13090,AW00013090,Wayne,Tang,S,,2009-08-16,wayne.tang@mouse.com,Moscow,41956
13091,AW00013091,Deanna,Martin,S,,2009-08-16,deanna.martin@mouse.com,Berlin,20928
13092,AW00013092,William,Walker,M,,2009-08-16,william.walker@nappa.com,Berlin,37388
13093,AW00013093,Michelle,James,S,,2009-08-17,michelle.james@papers.com,Singapore,19360
13094,AW00013094,Antonio,Diaz,M,,2009-08-17,antonio.diaz@circles.com,Shanghai,13429
13095,AW00013095,Jordan,Griffin,S,,2009-08-17,jordan.griffin@papers.com,Istanbul,47900
13096,AW00013096,Jonathan,Chen,M,,2009-08-17,jonathan.chen@winds.com,Madrid,36578
13097,AW00013097,Dalton,Hughes,M,,2009-08-17,dalton.hughes@sticks.com,Rome,39891
13098,AW00013098,Miguel,Russell,M,,2009-08-17,miguel.russell@papers.com,Singapore,40600
13099,AW00013099,Jay,Romero,M,,2009-08-17,jay.romero@sticks.com,Moscow,58095
13100,AW00013100,Jeremy,Perez,M,,2009-08-17,jeremy.perez@hostinger.com,Berlin,42512
13101,AW00013101,Alex,Sanchez,S,,2009-08-17,alex.sanchez@mouse.com,Tokyo,27928
13102,AW00013102,Mariah,Bryant,S,,2009-08-17,mariah.bryant@towels.com,Tokyo,34158
13103,AW00013103,Brendan,Raji,S,,2009-08-17,brendan.raji@fountains.com,Bangkok,56069
13104,AW00013104,Gregory,Becker,S,,2009-08-17,gregory.becker@fountains.com,Seoul,15861
13105,AW00013105,Whitney,Kovár,M,,2009-08-18,whitney.kovár@towels.com,Seoul,51627
13106,AW00013106,Ebony,Munoz,M,,2009-08-18,ebony.munoz@cappo.com,Paris,25344
13107,AW00013107,Mary,Nelson,M,,2009-08-18,mary.nelson@towels.com,Istanbul,25619
13108,AW00013108,Curtis,Wang,M,,2009-08-18,curtis.wang@sticks.com,Shanghai,47989
13109,AW00013109,Cheryl,Navarro,M,,2009-08-18,cheryl.navarro@winds.com,Paris,51446
13110,AW00013110,Levi,Mehta,M,,2009-08-18,levi.mehta@cappo.com,Tokyo,55415
13111,AW00013111,Hannah,Butler,S,,2009-08-18,hannah.butler@fountains.com,Mumbai,56353
13112,AW00013112,Bianca,Gao,S,,2009-08-18,bianca.gao@hostinger.com,Bangkok,52665
13113,AW00013113,Bryant,Sanchez,S,,2009-08-18,bryant.sanchez@towels.com,Jakarta,23824
13114,AW00013114,Claudia,Zhang,S,,2009-08-19,claudia.zhang@towels.com,Delhi,58102
13115,AW00013115,Clarence,Wu,S,,2009-08-19,clarence.wu@circles.com,Bangkok,16621
13116,AW00013116,Tyrone,Diaz,S,,2009-08-19,tyrone.diaz@cappo.com,Mumbai,12012
13117,AW00013117,Evelyn,Rodriguez,S,,2009-08-19,evelyn.rodriguez@circles.com,Delhi,15829
13118,AW00013118,Sydney,Cook,M,,2009-08-19,sydney.cook@hostinger.com,Singapore,17135
13119,AW00013119,Jaclyn,Guo,S,,2009-08-19,jaclyn.guo@mouse.com,Mumbai,31471
13120,AW00013120,Levi,Weber,M,,2009-08-20,levi.weber@cappo.com,London,21526
13121,AW00013121,Latasha,Jimenez,M,,2009-08-20,latasha.jimenez@fountains.com,Istanbul,43473
13122,AW00013122,Catherine,Cox,M,,2009-08-20,catherine.cox@papers.com,Delhi,43966
13123,AW00013123,Kelli,Raji,S,,2009-08-20,kelli.raji@fountains.com,Jakarta,21028
13124,AW00013124,Marco,Vance,S,,2009-08-20,marco.vance@nappa.com,London,37507
13125,AW00013125,Alejandro,Hu,S,,2009-08-20,alejandro.hu@hostinger.com,Delhi,12792
13126,AW00013126,Lydia,Suri,S,,2009-08-21,lydia.suri@hostinger.com,Seoul,54524
13127,AW00013127,Shane,Fernandez,S,,2009-08-21,shane.fernandez@circles.com,Bangkok,31765
13128,AW00013128,Colleen,West,S,,2009-08-21,colleen.west@cappo.com,Mumbai,41735
13129,AW00013129,Joy,Ramos,S,,2009-08-21,joy.ramos@mouse.com,Shanghai,20649
13130,AW00013130,Dalton,Miller,M,,2009-08-21,dalton.miller@papers.com,Tokyo,34119
13131,AW00013131,Briana,Diaz,M,,2009-08-21,briana.diaz@mouse.com,Seoul,22301
13132,AW00013132,Casey,Vazquez,S,,2009-08-21,casey.vazquez@mouse.com,Moscow,17580
13133,AW00013133,Devon,Kennedy,S,,2009-08-21,devon.kennedy@sticks.com,Bangkok,21453
13134,AW00013134,Sara,Morgan,S,,2009-08-21,sara.morgan@hostinger.com,Rome,54932
13135,AW00013135,Johnny,Rai,S,,2009-08-21,johnny.rai@sticks.com,Delhi,17226
13136,AW00013136,Virginia,Martinez,M,,2009-08-22,virginia.martinez@circles.com,Mumbai,11858
13137,AW00013137,Jacqueline,Simmons,M,,2009-08-22,jacqueline.simmons@nappa.com,Jakarta,48390
13138,AW00013138,Teresa,Alonso,M,,2009-08-22,teresa.alonso@nappa.com,Shanghai,29267
13139,AW00013139,Carmen,Perez,S,,2009-08-22,carmen.perez@circles.com,Jakarta,31225
13140,AW00013140,Jamie,Zhu,M,,2009-08-22,jamie.zhu@hostinger.com,Bangkok,49970
13141,AW00013141,Walter,Hernandez,M,,2009-08-22,walter.hernandez@mouse.com,Delhi,29880
13142,AW00013142,Xavier,Moore,M,,2009-08-22,xavier.moore@cappo.com,Shanghai,10950
13143,AW00013143,Hannah,Jackson,M,,2009-08-22,hannah.jackson@winds.com,Berlin,41570
13144,AW00013144,Destiny,Stewart,S,,2009-08-22,destiny.stewart@mouse.com,Berlin,27817
13145,AW00013145,Gilbert,Xu,M,,2009-08-23,gilbert.xu@mouse.com,Berlin,34812
13146,AW00013146,Gabriella,Ramirez,S,,2009-08-23,gabriella.ramirez@circles.com,Istanbul,10981
13147,AW00013147,Cedric,Lin,M,,2009-08-23,cedric.lin@papers.com,Shanghai,18443
13148,AW00013148,Tyler,Anderson,M,,2009-08-23,tyler.anderson@sticks.com,Jakarta,10465
13149,AW00013149,Linda,Ferrier,M,,2009-08-23,linda.ferrier@mouse.com,London,40841
13150,AW00013150,Lacey,Yang,S,,2009-08-23,lacey.yang@winds.com,Istanbul,36964
13151,AW00013151,Ethan,Moore,S,,2009-08-23,ethan.moore@towels.com,Paris,24111
13152,AW00013152,Gabrielle,Butler,M,,2009-08-23,gabrielle.butler@papers.com,Jakarta,59487
13153,AW00013153,Jack,Hill,S,,2009-08-23,jack.hill@mouse.com,Mumbai,36960
13154,AW00013154,Aaron,Lal,M,,2009-08-23,aaron.lal@fountains.com,Singapore,15220
13155,AW00013155,Jay,Gutierrez,M,,2009-08-23,jay.gutierrez@towels.com,London,32338
13156,AW00013156,Bradley,Lal,M,,2009-08-23,bradley.lal@towels.com,Seoul,32932
13157,AW00013157,Heidi,Gonzalez,M,,2009-08-24,heidi.gonzalez@winds.com,Delhi,53757
13158,AW00013158,Casey,Xu,M,,2009-08-24,casey.xu@circles.com,London,38828
13159,AW00013159,Roberto,Ramos,M,,2009-08-24,roberto.ramos@fountains.com,Paris,37019
13160,AW00013160,Willie,Xu,M,,2009-08-24,willie.xu@cappo.com,Madrid,49837
13161,AW00013161,Jose,Moore,M,,2009-08-24,jose.moore@sticks.com,Shanghai,59196
13162,AW00013162,Nina,Nath,S,,2009-08-24,nina.nath@sticks.com,Jakarta,23295
13163,AW00013163,Noah,Lopez,M,,2009-08-24,noah.lopez@sticks.com,Singapore,23226
13164,AW00013164,Olivia,Ward,S,,2009-08-24,olivia.ward@fountains.com,Rome,36772
13165,AW00013165,Wyatt,Walker,S,,2009-08-24,wyatt.walker@papers.com,Singapore,50659
13166,AW00013166,Kyle,Chen,M,,2009-08-25,kyle.chen@hostinger.com,Madrid,58673
13167,AW00013167,Mario,Tang,S,,2009-08-25,mario.tang@hostinger.com,Singapore,16619
13168,AW00013168,Hannah,Price,S,,2009-08-25,hannah.price@cappo.com,Rome,44264
13169,AW00013169,Caleb,Griffin,S,,2009-08-25,caleb.griffin@cappo.com,Berlin,31473
13170,AW00013170,Sebastian,Reed,S,,2009-08-25,sebastian.reed@nappa.com,Shanghai,50378
13171,AW00013171,Catherine,Torres,S,,2009-08-25,catherine.torres@winds.com,Jakarta,36065
13172,AW00013172,Isabella,Cook,S,,2009-08-26,isabella.cook@sticks.com,Mumbai,18677
13173,AW00013173,Dalton,Brooks,M,,2009-08-26,dalton.brooks@towels.com,Moscow,17066
13174,AW00013174,Gabriella,Morris,S,,2009-08-26,gabriella.morris@circles.com,Tokyo,14559
13175,AW00013175,Noah,Smith,M,,2009-08-26,noah.smith@winds.com,Singapore,29724
13176,AW00013176,Kurt,Chander,S,,2009-08-26,kurt.chander@cappo.com,Madrid,31278
13177,AW00013177,Taylor,Rogers,S,,2009-08-26,taylor.rogers@circles.com,London,13078
13178,AW00013178,Megan,Gray,S,,2009-08-26,megan.gray@hostinger.com,Madrid,57492
13179,AW00013179,Adrian,Sanchez,M,,2009-08-26,adrian.sanchez@nappa.com,Rome,22151
13180,AW00013180,Leslie,Sanz,M,,2009-08-26,leslie.sanz@sticks.com,Moscow,22656
13181,AW00013181,Brian,Morgan,M,,2009-08-27,brian.morgan@circles.com,Moscow,21049
13182,AW00013182,Jeremy,Bennett,M,,2009-08-27,jeremy.bennett@nappa.com,Bangkok,12591
13183,AW00013183,Christian,Jenkins,M,,2009-08-27,christian.jenkins@sticks.com,Paris,38389
13184,AW00013184,Miguel,Perez,M,,2009-08-27,miguel.perez@mouse.com,Paris,37506
13185,AW00013185,William,Lee,M,,2009-08-27,william.lee@fountains.com,Tokyo,10567
13186,AW00013186,Marcus,Sanders,M,,2009-08-27,marcus.sanders@papers.com,London,49139
13187,AW00013187,Evan,Wright,M,,2009-08-27,evan.wright@winds.com,Moscow,52566
13188,AW00013188,Anthony,Davis,M,,2009-08-27,anthony.davis@fountains.com,Tokyo,18516
13189,AW00013189,Gloria,Romero,S,,2009-08-28,gloria.romero@nappa.com,Istanbul,18107
13190,AW00013190,Jonathan,Diaz,S,,2009-08-28,jonathan.diaz@hostinger.com,Tokyo,34397
13191,AW00013191,Emma,Rodriguez,M,,2009-08-28,emma.rodriguez@circles.com,Delhi,10832
13192,AW00013192,Hunter,Martinez,M,,2009-08-28,hunter.martinez@mouse.com,Paris,14555
13193,AW00013193,Kevin,Evans,M,,2009-08-28,kevin.evans@circles.com,Bangkok,43049
13194,AW00013194,Kevin,Carter,M,,2009-08-28,kevin.carter@nappa.com,Bangkok,30543
13195,AW00013195,Aaron,Perry,M,,2009-08-28,aaron.perry@cappo.com,Shanghai,14838
13196,AW00013196,Kimberly,Sanders,M,,2009-08-28,kimberly.sanders@hostinger.com,Istanbul,11017
13197,AW00013197,Katherine,Smith,M,,2009-08-28,katherine.smith@winds.com,Jakarta,29422
13198,AW00013198,Cindy,Gray,M,,2009-08-28,cindy.gray@towels.com,Shanghai,22850
13199,AW00013199,Timothy,Stewart,S,,2009-08-29,timothy.stewart@hostinger.com,Paris,15134
13200,AW00013200,Jessica,Miller,M,,2009-08-29,jessica.miller@hostinger.com,Berlin,49689
13201,AW00013201,Nicholas,Davis,S,,2009-08-29,nicholas.davis@fountains.com,Moscow,22617
13202,AW00013202,Natasha,Romero,S,,2009-08-29,natasha.romero@mouse.com,Singapore,31042
13203,AW00013203,Bailey,Bell,S,,2009-08-29,bailey.bell@fountains.com,Mumbai,37300
13204,AW00013204,Savannah,Parker,S,,2009-08-29,savannah.parker@sticks.com,Moscow,16576
13205,AW00013205,Jerome,Torres,M,,2009-08-29,jerome.torres@cappo.com,Mumbai,41851
13206,AW00013206,Emily,Flores,S,,2009-08-29,emily.flores@sticks.com,Delhi,55796
13207,AW00013207,Kenneth,Rai,M,,2009-08-30,kenneth.rai@mouse.com,Shanghai,13375
13208,AW00013208,Cassidy,Bryant,S,,2009-08-30,cassidy.bryant@fountains.com,Mumbai,27744
13209,AW00013209,Alexandria,Bailey,M,,2009-08-30,alexandria.bailey@towels.com,Tokyo,20091
13210,AW00013210,Ethan,Simmons,M,,2009-08-30,ethan.simmons@cappo.com,Tokyo,28481
13211,AW00013211,James,Jai,M,,2009-08-30,james.jai@mouse.com,Berlin,18473
13212,AW00013212,Logan,Phillips,M,,2009-08-31,logan.phillips@sticks.com,Moscow,35141
13213,AW00013213,Courtney,King,M,,2009-08-31,courtney.king@nappa.com,Rome,30874
13214,AW00013214,Elijah,Adams,M,,2009-08-31,elijah.adams@circles.com,Seoul,43836
13215,AW00013215,Colleen,Sharma,M,,2009-08-31,colleen.sharma@hostinger.com,Jakarta,24345
13216,AW00013216,Mary,Mitchell,M,,2009-08-31,mary.mitchell@sticks.com,Moscow,17189
13217,AW00013217,Julian,Alexander,S,,2009-08-31,julian.alexander@hostinger.com,Tokyo,45597
13218,AW00013218,Melissa,Bryant,M,,2009-08-31,melissa.bryant@sticks.com,Jakarta,54491
13219,AW00013219,Rafael,Shan,M,,2009-08-31,rafael.shan@cappo.com,Mumbai,22401
13220,AW00013220,Isabella,Hernandez,M,,2009-08-31,isabella.hernandez@mouse.com,Moscow,57311
13221,AW00013221,Madeline,Hall,M,,2009-09-01,madeline.hall@nappa.com,Madrid,40467
13222,AW00013222,Arturo,Liu,M,,2009-09-01,arturo.liu@hostinger.com,Shanghai,17302
13223,AW00013223,Noah,Lee,S,,2009-09-01,noah.lee@cappo.com,Istanbul,25796
13224,AW00013224,Amanda,Brooks,M,,2009-09-01,amanda.brooks@towels.com,Berlin,41195
13225,AW00013225,Jésus,Suarez,M,,2009-09-01,jésus.suarez@towels.com,Jakarta,21031
13226,AW00013226,Jenna,Mitchell,M,,2009-09-01,jenna.mitchell@papers.com,London,55724
13227,AW00013227,Alexander,Wilson,M,,2009-09-01,alexander.wilson@fountains.com,London,16279
13228,AW00013228,Thomas,Sanchez,M,,2009-09-02,thomas.sanchez@nappa.com,Moscow,50328
13229,AW00013229,Dylan,Wang,M,,2009-09-02,dylan.wang@cappo.com,Istanbul,58591
13230,AW00013230,Chloe,Bryant,M,,2009-09-02,chloe.bryant@circles.com,Bangkok,55699
13231,AW00013231,Alexia,Ross,M,,2009-09-02,alexia.ross@hostinger.com,Istanbul,18111
13232,AW00013232,Kaitlyn,Baker,S,,2009-09-02,kaitlyn.baker@hostinger.com,Singapore,42426
13233,AW00013233,Richard,Coleman,M,,2009-09-02,richard.coleman@circles.com,Berlin,23677
13234,AW00013234,Robert,Lewis,S,,2009-09-02,robert.lewis@fountains.com,Shanghai,27195
13235,AW00013235,Jonathan,Robinson,M,,2009-09-02,jonathan.robinson@nappa.com,Istanbul,44081
13236,AW00013236,Robert,Wang,M,,2009-09-02,robert.wang@circles.com,Tokyo,24225
13237,AW00013237,Devin,Stewart,M,,2009-09-02,devin.stewart@sticks.com,London,55600
13238,AW00013238,John,Williams,M,,2009-09-02,john.williams@cappo.com,Shanghai,26110
13239,AW00013239,Matthew,Thomas,M,,2009-09-02,matthew.thomas@mouse.com,Madrid,37547
13240,AW00013240,Blake,Foster,M,,2009-09-02,blake.foster@papers.com,Rome,49390
13241,AW00013241,Natalie,Ward,M,,2009-09-02,natalie.ward@winds.com,Delhi,14661
13242,AW00013242,Kyle,Yang,S,,2009-09-03,kyle.yang@cappo.com,Madrid,14026
13243,AW00013243,Alyssa,Davis,S,,2009-09-03,alyssa.davis@circles.com,Istanbul,16245
13244,AW00013244,Jose,Sharma,M,,2009-09-03,jose.sharma@cappo.com,London,48077
13245,AW00013245,Angel,Scott,M,,2009-09-03,angel.scott@hostinger.com,Berlin,13612
13246,AW00013246,Hailey,Perez,M,,2009-09-03,hailey.perez@nappa.com,Shanghai,42558
13247,AW00013247,Zachary,Chen,M,,2009-09-03,zachary.chen@winds.com,London,50170
13248,AW00013248,Isabella,Martinez,M,,2009-09-03,isabella.martinez@winds.com,Istanbul,39002
13249,AW00013249,Ryan,Perry,M,,2009-09-04,ryan.perry@fountains.com,Delhi,28312
13250,AW00013250,Jordan,King,M,,2009-09-04,jordan.king@papers.com,London,39801
13251,AW00013251,Raymond,Malhotra,M,,2009-09-04,raymond.malhotra@winds.com,Shanghai,14901
13252,AW00013252,Bianca,Lu,M,,2009-09-04,bianca.lu@cappo.com,Istanbul,55923
13253,AW00013253,Carly,Xie,M,,2009-09-04,carly.xie@cappo.com,Bangkok,50908
13254,AW00013254,Beth,Gomez,M,,2009-09-04,beth.gomez@circles.com,Jakarta,33476
13255,AW00013255,Lance,Blanco,M,,2009-09-04,lance.blanco@hostinger.com,Bangkok,10638
13256,AW00013256,Abby,Subram,S,,2009-09-04,abby.subram@papers.com,Rome,32200
13257,AW00013257,Jon,Chander,M,,2009-09-04,jon.chander@fountains.com,London,27731
13258,AW00013258,Anne,Dominguez,M,,2009-09-04,anne.dominguez@fountains.com,London,10320
13259,AW00013259,Allen,Garcia,M,,2009-09-05,allen.garcia@towels.com,Mumbai,18573
13260,AW00013260,James,Flores,M,,2009-09-05,james.flores@towels.com,Singapore,24540
13261,AW00013261,Lindsey,Andersen,M,,2009-09-05,lindsey.andersen@papers.com,Moscow,45773
13262,AW00013262,Jaime,Nara,M,,2009-09-05,jaime.nara@sticks.com,Rome,15841
13263,AW00013263,Kate,Anand,S,,2009-09-05,kate.anand@circles.com,Shanghai,38575
13264,AW00013264,Melanie,Sanchez,M,,2009-09-05,melanie.sanchez@towels.com,Madrid,11141
13265,AW00013265,Luke,Adams,S,,2009-09-05,luke.adams@sticks.com,Delhi,19768
13266,AW00013266,Samuel,Wang,M,,2009-09-06,samuel.wang@nappa.com,Delhi,19084
13267,AW00013267,Matthew,Moore,M,,2009-09-06,matthew.moore@papers.com,Singapore,54506
13268,AW00013268,Katherine,Parker,M,,2009-09-06,katherine.parker@winds.com,Moscow,25681
13269,AW00013269,Rachel,Martin,S,,2009-09-06,rachel.martin@circles.com,Bangkok,37623
13270,AW00013270,Mason,Baker,S,,2009-09-06,mason.baker@cappo.com,Istanbul,54847
13271,AW00013271,Ryan,Anderson,M,,2009-09-06,ryan.anderson@towels.com,Bangkok,31914
13272,AW00013272,Jordan,Gonzalez,S,,2009-09-06,jordan.gonzalez@nappa.com,Seoul,33280
13273,AW00013273,Elizabeth,Lee,S,,2009-09-07,elizabeth.lee@towels.com,Paris,43443
13274,AW00013274,Joshua,Lee,S,,2009-09-07,joshua.lee@towels.com,Rome,41422
13275,AW00013275,Carlos,Murphy,M,,2009-09-07,carlos.murphy@winds.com,Tokyo,57337
13276,AW00013276,Sarah,Johnson,M,,2009-09-07,sarah.johnson@cappo.com,Mumbai,57990
13277,AW00013277,Nathan,Brown,S,,2009-09-07,nathan.brown@cappo.com,Seoul,12426
13278,AW00013278,Jorge,Hu,S,,2009-09-07,jorge.hu@nappa.com,Delhi,49317
13279,AW00013279,Rachel,Howard,M,,2009-09-07,rachel.howard@hostinger.com,Mumbai,50403
13280,AW00013280,Bailey,Adams,M,,2009-09-07,bailey.adams@hostinger.com,Tokyo,31101
13281,AW00013281,Brent,Li,M,,2009-09-07,brent.li@cappo.com,Tokyo,20885
13282,AW00013282,Madison,Price,M,,2009-09-07,madison.price@fountains.com,Rome,47233
13283,AW00013283,Dakota,Griffin,M,,2009-09-07,dakota.griffin@circles.com,Mumbai,43454
13284,AW00013284,Victoria,Butler,M,,2009-09-08,victoria.butler@winds.com,Jakarta,45660
13285,AW00013285,Kara,Chavez,M,,2009-09-08,kara.chavez@nappa.com,Delhi,36842
13286,AW00013286,Hannah,Rodriguez,S,,2009-09-08,hannah.rodriguez@towels.com,Bangkok,10033
13287,AW00013287,Brandon,Rodriguez,S,,2009-09-08,brandon.rodriguez@sticks.com,Mumbai,29054
13288,AW00013288,Jackson,Lopez,M,,2009-09-08,jackson.lopez@cappo.com,Bangkok,50078
13289,AW00013289,Alexandria,Coleman,M,,2009-09-08,alexandria.coleman@sticks.com,Berlin,20371
13290,AW00013290,Jordan,Campbell,M,,2009-09-08,jordan.campbell@hostinger.com,London,29760
13291,AW00013291,Nina,Xu,M,,2009-09-08,nina.xu@hostinger.com,Mumbai,43000
13292,AW00013292,Paula,Carlson,S,,2009-09-09,paula.carlson@sticks.com,Moscow,27448
13293,AW00013293,Barbara,Lu,M,,2009-09-09,barbara.lu@cappo.com,Seoul,46376
13294,AW00013294,Cassidy,Hughes,M,,2009-09-09,cassidy.hughes@hostinger.com,London,54715
13295,AW00013295,Jasmine,Jackson,M,,2009-09-09,jasmine.jackson@hostinger.com,Singapore,40088
13296,AW00013296,Seth,Anderson,M,,2009-09-09,seth.anderson@winds.com,Berlin,48051
13297,AW00013297,Arthur,Rubio,M,,2009-09-09,arthur.rubio@sticks.com,Seoul,31729
13298,AW00013298,Anna,Harris,M,,2009-09-09,anna.harris@fountains.com,Seoul,14099
13299,AW00013299,Vanessa,Ross,M,,2009-09-09,vanessa.ross@papers.com,Rome,36775
13300,AW00013300,Timothy,Hernandez,M,,2009-09-09,timothy.hernandez@mouse.com,Mumbai,33013
13301,AW00013301,Angela,Stewart,S,,2009-09-09,angela.stewart@fountains.com,Moscow,55083
13302,AW00013302,Cole,Torres,S,,2009-09-10,cole.torres@circles.com,Bangkok,12021
13303,AW00013303,Jonathan,Martinez,M,,2009-09-10,jonathan.martinez@towels.com,Istanbul,37902
13304,AW00013304,Sara,Peterson,S,,2009-09-10,sara.peterson@circles.com,Tokyo,12244
13305,AW00013305,Oscar,Alexander,M,,2009-09-10,oscar.alexander@sticks.com,Jakarta,43834
13306,AW00013306,Kaitlyn,Cox,M,,2009-09-10,kaitlyn.cox@cappo.com,Istanbul,55542
13307,AW00013307,Michelle,Stone,M,,2009-09-10,michelle.stone@hostinger.com,Rome,51913
13308,AW00013308,Kaitlyn,King,M,,2009-09-10,kaitlyn.king@cappo.com,Shanghai,27513
13309,AW00013309,Angela,Sanders,M,,2009-09-10,angela.sanders@hostinger.com,Bangkok,11302
13310,AW00013310,Miguel,Barnes,M,,2009-09-10,miguel.barnes@papers.com,Madrid,29970
13311,AW00013311,Isabella,Reed,M,,2009-09-10,isabella.reed@mouse.com,Bangkok,43996
13312,AW00013312,Natalie,Jenkins,M,,2009-09-10,natalie.jenkins@papers.com,Moscow,48303
13313,AW00013313,Megan,Stone,M,,2009-09-10,megan.stone@winds.com,London,12145
13314,AW00013314,Jordan,Hernandez,M,,2009-09-10,jordan.hernandez@mouse.com,Delhi,28720
13315,AW00013315,Lucas,Thomas,M,,2009-09-10,lucas.thomas@sticks.com,Bangkok,44117
13316,AW00013316,Angel,Rivera,M,,2009-09-11,angel.rivera@sticks.com,Berlin,23427
13317,AW00013317,Jeremiah,Long,S,,2009-09-11,jeremiah.long@winds.com,Tokyo,22100
13318,AW00013318,Amber,Perez,M,,2009-09-11,amber.perez@nappa.com,Paris,31080
13319,AW00013319,Charles,Howard,S,,2009-09-11,charles.howard@mouse.com,London,30601
13320,AW00013320,Jasmine,Jones,S,,2009-09-11,jasmine.jones@mouse.com,Shanghai,31651
13321,AW00013321,Arianna,Barnes,S,,2009-09-11,arianna.barnes@cappo.com,Mumbai,52497
13322,AW00013322,Elizabeth,Patterson,S,,2009-09-11,elizabeth.patterson@cappo.com,Singapore,18731
13323,AW00013323,Adam,Adams,M,,2009-09-11,adam.adams@fountains.com,Mumbai,54324
13324,AW00013324,Florian,Stiller,M,,2009-09-12,florian.stiller@towels.com,Mumbai,40724
13325,AW00013325,Marcus,Wright,M,,2009-09-12,marcus.wright@circles.com,Paris,54164
13326,AW00013326,Bob,Fernandez,M,,2009-09-12,bob.fernandez@fountains.com,Moscow,40514
13327,AW00013327,Isabelle,Russell,M,,2009-09-12,isabelle.russell@nappa.com,Seoul,23718
13328,AW00013328,Albert,Serrano,S,,2009-09-12,albert.serrano@sticks.com,Paris,12443
13329,AW00013329,Jake,Wang,M,,2009-09-13,jake.wang@cappo.com,Paris,53778
13330,AW00013330,Maria,Patterson,M,,2009-09-13,maria.patterson@mouse.com,Seoul,29546
13331,AW00013331,Lauren,Diaz,M,,2009-09-13,lauren.diaz@circles.com,Bangkok,20370
13332,AW00013332,Neil,Alonso,M,,2009-09-13,neil.alonso@cappo.com,Tokyo,15538
13333,AW00013333,Tara,Chander,M,,2009-09-13,tara.chander@sticks.com,Rome,47997
13334,AW00013334,Melanie,Rivera,M,,2009-09-13,melanie.rivera@papers.com,Berlin,49129
13335,AW00013335,Alyssa,Barnes,S,,2009-09-13,alyssa.barnes@towels.com,Tokyo,45659
13336,AW00013336,Deanna,Gill,M,,2009-09-13,deanna.gill@papers.com,Istanbul,13635
13337,AW00013337,Lauren,Cox,M,,2009-09-13,lauren.cox@nappa.com,Tokyo,38747
13338,AW00013338,Jada,Carter,S,,2009-09-13,jada.carter@towels.com,Madrid,56658
13339,AW00013339,Nicole,Clark,S,,2009-09-14,nicole.clark@towels.com,Berlin,39108
13340,AW00013340,Natalie,Edwards,M,,2009-09-14,natalie.edwards@nappa.com,Paris,39856
13341,AW00013341,Lucas,King,M,,2009-09-14,lucas.king@nappa.com,Tokyo,23134
13342,AW00013342,Brandon,Jackson,S,,2009-09-14,brandon.jackson@hostinger.com,Tokyo,18632
13343,AW00013343,Melanie,Bradley,M,,2009-09-14,melanie.bradley@sticks.com,Shanghai,37880
13344,AW00013344,Caitlin,Reed,M,,2009-09-14,caitlin.reed@circles.com,Istanbul,39064
13345,AW00013345,Dalton,Butler,M,,2009-09-14,dalton.butler@winds.com,Tokyo,51415
13346,AW00013346,Gregory,Chande,S,,2009-09-14,gregory.chande@sticks.com,Rome,32950
13347,AW00013347,Rachel,Hall,M,,2009-09-14,rachel.hall@towels.com,Jakarta,32879
13348,AW00013348,Noah,Young,M,,2009-09-14,noah.young@nappa.com,Delhi,48342
13349,AW00013349,Kaitlyn,Gonzalez,M,,2009-09-14,kaitlyn.gonzalez@papers.com,Tokyo,53946
13350,AW00013350,Isaac,Sandberg,M,,2009-09-14,isaac.sandberg@towels.com,Tokyo,17990
13351,AW00013351,Mariah,Cox,S,,2009-09-15,mariah.cox@mouse.com,Jakarta,59499
13352,AW00013352,Joseph,Davis,S,,2009-09-15,joseph.davis@papers.com,Seoul,46501
13353,AW00013353,Jordyn,Coleman,S,,2009-09-15,jordyn.coleman@mouse.com,Berlin,49377
13354,AW00013354,Eric,Campbell,M,,2009-09-15,eric.campbell@cappo.com,Madrid,50413
13355,AW00013355,Jackson,Jai,M,,2009-09-15,jackson.jai@sticks.com,Mumbai,40466
13356,AW00013356,Stefanie,Prasad,M,,2009-09-15,stefanie.prasad@nappa.com,Seoul,39287
13357,AW00013357,Blake,Gonzales,S,,2009-09-15,blake.gonzales@sticks.com,Istanbul,27466
13358,AW00013358,Alexandra,Edwards,M,,2009-09-15,alexandra.edwards@hostinger.com,Singapore,38979
13359,AW00013359,Ian,Wood,M,,2009-09-15,ian.wood@cappo.com,Istanbul,27239
13360,AW00013360,Jada,Cook,M,,2009-09-15,jada.cook@towels.com,Delhi,24468
13361,AW00013361,Cameron,Jai,M,,2009-09-16,cameron.jai@fountains.com,Seoul,43410
13362,AW00013362,Destiny,Morgan,S,,2009-09-16,destiny.morgan@winds.com,Rome,45410
13363,AW00013363,Sydney,Allen,M,,2009-09-16,sydney.allen@winds.com,Berlin,26491
13364,AW00013364,Natalie,Anderson,S,,2009-09-16,natalie.anderson@winds.com,Seoul,18085
13365,AW00013365,Luke,Shan,M,,2009-09-16,luke.shan@towels.com,Paris,46055
13366,AW00013366,Austin,Davis,M,,2009-09-16,austin.davis@towels.com,Mumbai,53658
13367,AW00013367,Savannah,Edwards,M,,2009-09-16,savannah.edwards@papers.com,Seoul,46556
13368,AW00013368,Kyle,Henderson,M,,2009-09-16,kyle.henderson@cappo.com,Istanbul,55499
13369,AW00013369,Mariah,Henderson,M,,2009-09-16,mariah.henderson@mouse.com,Rome,28060
13370,AW00013370,Blake,Ross,M,,2009-09-17,blake.ross@hostinger.com,Bangkok,23718
13371,AW00013371,Sydney,Gonzales,S,,2009-09-17,sydney.gonzales@nappa.com,Jakarta,43534
13372,AW00013372,Isaac,Edwards,M,,2009-09-17,isaac.edwards@winds.com,Istanbul,14733
13373,AW00013373,Michelle,Murphy,S,,2009-09-17,michelle.murphy@sticks.com,Istanbul,54368
13374,AW00013374,Marco,Martinez,M,,2009-09-17,marco.martinez@mouse.com,Seoul,50809
13375,AW00013375,Jason,Kumar,M,,2009-09-17,jason.kumar@towels.com,Delhi,19864
13376,AW00013376,Jerry,Rai,M,,2009-09-17,jerry.rai@cappo.com,Jakarta,34175
13377,AW00013377,Thomas,Hernandez,M,,2009-09-17,thomas.hernandez@towels.com,Madrid,34507
13378,AW00013378,Alexandra,Bailey,M,,2009-09-17,alexandra.bailey@hostinger.com,Madrid,20636
13379,AW00013379,Bailey,Morris,S,,2009-09-18,bailey.morris@sticks.com,Jakarta,12304
13380,AW00013380,Katherine,Scott,M,,2009-09-18,katherine.scott@cappo.com,Madrid,53666
13381,AW00013381,Vanessa,Jenkins,M,,2009-09-18,vanessa.jenkins@towels.com,Shanghai,59044
13382,AW00013382,Richard,Rogers,M,,2009-09-18,richard.rogers@circles.com,Istanbul,33367
13383,AW00013383,Natalie,Wright,S,,2009-09-18,natalie.wright@papers.com,Seoul,30478
13384,AW00013384,Mario,Ashe,S,,2009-09-18,mario.ashe@fountains.com,Istanbul,35715
13385,AW00013385,Danielle,Cook,S,,2009-09-18,danielle.cook@winds.com,Shanghai,59422
13386,AW00013386,Samuel,Patterson,M,,2009-09-18,samuel.patterson@circles.com,Seoul,49057
13387,AW00013387,Miranda,Jenkins,M,,2009-09-19,miranda.jenkins@nappa.com,Jakarta,24973
13388,AW00013388,Marshall,Shen,S,,2009-09-19,marshall.shen@sticks.com,Tokyo,32058
13389,AW00013389,Madison,Thomas,M,,2009-09-19,madison.thomas@cappo.com,Moscow,22790
13390,AW00013390,Julia,Collins,M,,2009-09-19,julia.collins@circles.com,Tokyo,16463
13391,AW00013391,Brenda,Malhotra,M,,2009-09-19,brenda.malhotra@circles.com,Rome,19233
13392,AW00013392,Hunter,Parker,M,,2009-09-19,hunter.parker@sticks.com,London,20576
13393,AW00013393,Willie,Kumar,M,,2009-09-19,willie.kumar@sticks.com,Istanbul,42722
13394,AW00013394,Matthew,Clark,S,,2009-09-19,matthew.clark@hostinger.com,Tokyo,21263
13395,AW00013395,Gabriel,Li,M,,2009-09-19,gabriel.li@sticks.com,Singapore,23936
13396,AW00013396,David,Kumar,M,,2009-09-19,david.kumar@fountains.com,Mumbai,26862
13397,AW00013397,Adam,Mitchell,M,,2009-09-20,adam.mitchell@mouse.com,Mumbai,24522
13398,AW00013398,Logan,Ross,M,,2009-09-20,logan.ross@sticks.com,Delhi,35021
13399,AW00013399,Edward,Young,M,,2009-09-20,edward.young@hostinger.com,London,20352
13400,AW00013400,Julia,Thomas,M,,2009-09-20,julia.thomas@hostinger.com,Istanbul,27552
13401,AW00013401,Erin,Bradley,S,,2009-09-20,erin.bradley@fountains.com,Madrid,28885
13402,AW00013402,Gabriel,Turner,M,,2009-09-20,gabriel.turner@circles.com,Tokyo,11905
13403,AW00013403,Jennifer,Jackson,S,,2009-09-20,jennifer.jackson@mouse.com,Singapore,10439
13404,AW00013404,Kelvin,Yang,M,,2009-09-20,kelvin.yang@mouse.com,Delhi,23084
13405,AW00013405,Ethan,Bryant,M,,2009-09-20,ethan.bryant@cappo.com,Rome,53408
13406,AW00013406,Craig,Jiménez,M,,2009-09-20,craig.jiménez@cappo.com,Jakarta,20066
13407,AW00013407,Cassandra,Rana,S,,2009-09-21,cassandra.rana@circles.com,Istanbul,48818
13408,AW00013408,Katherine,Gonzales,M,,2009-09-21,katherine.gonzales@circles.com,Seoul,42333
13409,AW00013409,Cory,Fernandez,M,,2009-09-21,cory.fernandez@mouse.com,Rome,55004
13410,AW00013410,Jillian,Madan,M,,2009-09-21,jillian.madan@mouse.com,Shanghai,21848
13411,AW00013411,Jacquelyn,Blanco,M,,2009-09-22,jacquelyn.blanco@cappo.com,Bangkok,24871
13412,AW00013412,Rafael,Zhao,M,,2009-09-22,rafael.zhao@sticks.com,Jakarta,28877
13413,AW00013413,Fernando,Phillips,M,,2009-09-22,fernando.phillips@towels.com,Rome,15024
13414,AW00013414,Miguel,Wilson,M,,2009-09-22,miguel.wilson@winds.com,Moscow,30170
13415,AW00013415,Marcus,Rogers,S,,2009-09-23,marcus.rogers@nappa.com,Paris,38066
13416,AW00013416,Richard,Roberts,S,,2009-09-23,richard.roberts@towels.com,Berlin,42259
13417,AW00013417,Ian,Cox,M,,2009-09-23,ian.cox@mouse.com,Seoul,50795
13418,AW00013418,Devin,Cox,M,,2009-09-23,devin.cox@papers.com,Bangkok,26148
13419,AW00013419,Lauren,Coleman,M,,2009-09-23,lauren.coleman@hostinger.com,Bangkok,58892
13420,AW00013420,Jordan,Turner,M,,2009-09-23,jordan.turner@hostinger.com,Paris,23939
13421,AW00013421,Alyssa,Patterson,M,,2009-09-23,alyssa.patterson@winds.com,Madrid,13474
13422,AW00013422,Jacqueline,Washington,S,,2009-09-23,jacqueline.washington@cappo.com,Rome,27709
13423,AW00013423,Alex,Peterson,S,,2009-09-23,alex.peterson@nappa.com,Rome,30448
13424,AW00013424,Jasmine,Thomas,M,,2009-09-23,jasmine.thomas@sticks.com,Delhi,21186
13425,AW00013425,Jose,Garcia,M,,2009-09-23,jose.garcia@cappo.com,Seoul,56475
13426,AW00013426,Taylor,Williams,S,,2009-09-23,taylor.williams@nappa.com,Jakarta,14543
13427,AW00013427,Connor,Winston,S,,2009-09-24,connor.winston@cappo.com,Tokyo,13380
13428,AW00013428,Marcus,Ramirez,M,,2009-09-24,marcus.ramirez@mouse.com,Bangkok,51544
13429,AW00013429,Gabrielle,Washington,M,,2009-09-24,gabrielle.washington@hostinger.com,Madrid,20796
13430,AW00013430,Edward,Griffin,M,,2009-09-24,edward.griffin@cappo.com,Mumbai,11791
13431,AW00013431,Bryan,James,M,,2009-09-24,bryan.james@sticks.com,Jakarta,56592
13432,AW00013432,Dalton,Wood,S,,2009-09-24,dalton.wood@fountains.com,Tokyo,51138
13433,AW00013433,Jessie,Vazquez,S,,2009-09-24,jessie.vazquez@hostinger.com,Istanbul,59262
13434,AW00013434,Kaitlyn,Wright,S,,2009-09-25,kaitlyn.wright@circles.com,Shanghai,31993
13435,AW00013435,Tracy,Pal,M,,2009-09-25,tracy.pal@nappa.com,London,11091
13436,AW00013436,Gail,Griffin,S,,2009-09-25,gail.griffin@nappa.com,Berlin,33925
13437,AW00013437,Ethan,Flores,M,,2009-09-25,ethan.flores@fountains.com,Moscow,15678
13438,AW00013438,Chloe,Griffin,S,,2009-09-25,chloe.griffin@nappa.com,London,30584
13439,AW00013439,Arturo,Lin,M,,2009-09-25,arturo.lin@sticks.com,Rome,10106
13440,AW00013440,Sydney,Miller,S,,2009-09-25,sydney.miller@cappo.com,London,37340
13441,AW00013441,Omar,Zhang,M,,2009-09-25,omar.zhang@fountains.com,Delhi,43841
13442,AW00013442,Paula,Vazquez,S,,2009-09-25,paula.vazquez@sticks.com,Singapore,48982
13443,AW00013443,Jasmine,White,M,,2009-09-25,jasmine.white@hostinger.com,Seoul,53251
13444,AW00013444,Abby,Lopez,S,,2009-09-26,abby.lopez@sticks.com,Tokyo,49739
13445,AW00013445,Logan,Davis,M,,2009-09-26,logan.davis@nappa.com,Seoul,55093
13446,AW00013446,Katelyn,Scott,S,,2009-09-26,katelyn.scott@cappo.com,London,55084
13447,AW00013447,Destiny,Cox,M,,2009-09-26,destiny.cox@towels.com,Tokyo,54747
13448,AW00013448,Catherine,Ward,M,,2009-09-26,catherine.ward@winds.com,Bangkok,54560
13449,AW00013449,Jerome,Diaz,S,,2009-09-26,jerome.diaz@nappa.com,Berlin,29026
13450,AW00013450,Victoria,Jones,S,,2009-09-26,victoria.jones@fountains.com,Seoul,28488
13451,AW00013451,Robin,Browning,M,,2009-09-27,robin.browning@mouse.com,Madrid,21671
13452,AW00013452,Kaitlyn,Evans,M,,2009-09-27,kaitlyn.evans@nappa.com,Singapore,31599
13453,AW00013453,Amanda,Howard,M,,2009-09-27,amanda.howard@sticks.com,Singapore,12772
13454,AW00013454,Benjamin,Griffin,M,,2009-09-27,benjamin.griffin@hostinger.com,Bangkok,49766
13455,AW00013455,Kaitlyn,Bryant,M,,2009-09-27,kaitlyn.bryant@circles.com,Rome,55146
13456,AW00013456,Sydney,Hernandez,S,,2009-09-27,sydney.hernandez@fountains.com,Mumbai,43563
13457,AW00013457,Eric,Henderson,M,,2009-09-27,eric.henderson@towels.com,Seoul,35360
13458,AW00013458,Joan,James,M,,2009-09-27,joan.james@towels.com,Tokyo,51540
13459,AW00013459,Devin,Foster,M,,2009-09-28,devin.foster@towels.com,Delhi,42223
13460,AW00013460,Jasmine,Walker,S,,2009-09-28,jasmine.walker@circles.com,Madrid,22937
13461,AW00013461,Anthony,Jones,S,,2009-09-28,anthony.jones@cappo.com,Singapore,47492
13462,AW00013462,Jay,Sara,S,,2009-09-28,jay.sara@sticks.com,Seoul,25663
13463,AW00013463,Tammy,Sara,M,,2009-09-28,tammy.sara@nappa.com,Shanghai,21436
13464,AW00013464,Martha,Hu,M,,2009-09-28,martha.hu@mouse.com,Mumbai,51425
13465,AW00013465,Sydney,Campbell,M,,2009-09-28,sydney.campbell@nappa.com,Paris,21072
13466,AW00013466,Bryce,James,M,,2009-09-28,bryce.james@papers.com,Jakarta,46181
13467,AW00013467,Kristopher,Martinez,S,,2009-09-29,kristopher.martinez@cappo.com,Moscow,18153
13468,AW00013468,Mariah,Sanders,S,,2009-09-29,mariah.sanders@nappa.com,Istanbul,15975
13469,AW00013469,Bryce,Bailey,S,,2009-09-29,bryce.bailey@circles.com,Berlin,49688
13470,AW00013470,Jaclyn,Jai,S,,2009-09-29,jaclyn.jai@fountains.com,Bangkok,37096
13471,AW00013471,Eric,Bryant,M,,2009-09-29,eric.bryant@towels.com,London,50648
13472,AW00013472,Simon,Pearson,M,,2009-09-29,simon.pearson@hostinger.com,Shanghai,55994
13473,AW00013473,Logan,Hill,M,,2009-09-29,logan.hill@hostinger.com,Shanghai,25680
13474,AW00013474,Elizabeth,Hall,M,,2009-09-29,elizabeth.hall@circles.com,Tokyo,21595
13475,AW00013475,Charles,Allen,M,,2009-09-29,charles.allen@sticks.com,Delhi,49948
13476,AW00013476,Timothy,Hall,M,,2009-09-29,timothy.hall@hostinger.com,Madrid,12612
13477,AW00013477,Katherine,Wood,M,,2009-09-30,katherine.wood@towels.com,Jakarta,51980
13478,AW00013478,Alexia,Coleman,S,,2009-09-30,alexia.coleman@cappo.com,Singapore,41567
13479,AW00013479,Katelyn,Rogers,S,,2009-09-30,katelyn.rogers@fountains.com,Paris,24566
13480,AW00013480,Anna,Rodriguez,S,,2009-09-30,anna.rodriguez@towels.com,Seoul,57776
13481,AW00013481,Hunter,Hernandez,M,,2009-10-01,hunter.hernandez@sticks.com,Seoul,20907
13482,AW00013482,Haley,Bryant,M,,2009-10-01,haley.bryant@winds.com,Bangkok,13413
13483,AW00013483,Christian,Lal,M,,2009-10-01,christian.lal@cappo.com,Tokyo,24242
13484,AW00013484,Marcus,Martinez,S,,2009-10-01,marcus.martinez@papers.com,Paris,59606
13485,AW00013485,Thomas,Allen,M,,2009-10-01,thomas.allen@sticks.com,Paris,50864
13486,AW00013486,Rebekah,Gomez,S,,2009-10-01,rebekah.gomez@towels.com,Madrid,51733
13487,AW00013487,Emily,Martin,M,,2009-10-01,emily.martin@nappa.com,Tokyo,27725
13488,AW00013488,Laura,Guo,M,,2009-10-01,laura.guo@hostinger.com,Jakarta,17356
13489,AW00013489,Jennifer,Walker,M,,2009-10-02,jennifer.walker@papers.com,Shanghai,28798
13490,AW00013490,Edward,Rodriguez,M,,2009-10-02,edward.rodriguez@towels.com,Moscow,23913
13491,AW00013491,Natalie,Howard,M,,2009-10-02,natalie.howard@nappa.com,London,44157
13492,AW00013492,Christian,Foster,M,,2009-10-02,christian.foster@papers.com,Tokyo,49980
13493,AW00013493,Valerie,Zhao,M,,2009-10-03,valerie.zhao@hostinger.com,Mumbai,50788
13494,AW00013494,Byron,Gutierrez,S,,2009-10-03,byron.gutierrez@fountains.com,Moscow,48966
13495,AW00013495,Micheal,Alvarez,M,,2009-10-03,micheal.alvarez@fountains.com,Istanbul,47450
13496,AW00013496,Lucas,Morris,M,,2009-10-03,lucas.morris@hostinger.com,Moscow,52903
13497,AW00013497,Deborah,Sharma,M,,2009-10-03,deborah.sharma@cappo.com,Moscow,50584
13498,AW00013498,Joel,Mehta,S,,2009-10-04,joel.mehta@hostinger.com,Delhi,17751
13499,AW00013499,Olivia,Cox,S,,2009-10-04,olivia.cox@hostinger.com,Shanghai,55926
13500,AW00013500,Molly,Vance,M,,2009-10-04,molly.vance@nappa.com,Shanghai,13389
13501,AW00013501,Clayton,Zhu,M,,2009-10-04,clayton.zhu@papers.com,Seoul,59767
13502,AW00013502,Deborah,Nara,S,,2009-10-04,deborah.nara@fountains.com,Mumbai,39363
13503,AW00013503,Theodore,Gomez,M,,2009-10-04,theodore.gomez@winds.com,Bangkok,34716
13504,AW00013504,Beth,Alonso,M,,2009-10-04,beth.alonso@hostinger.com,Bangkok,39679
13505,AW00013505,Jamie,Cai,M,,2009-10-04,jamie.cai@towels.com,London,17009
13506,AW00013506,Willie,Guo,S,,2009-10-04,willie.guo@cappo.com,Bangkok,53908
13507,AW00013507,Margaret,Patterson,M,,2009-10-04,margaret.patterson@circles.com,Bangkok,35940
13508,AW00013508,Cassandra,Sanchez,M,,2009-10-04,cassandra.sanchez@circles.com,Singapore,10584
13509,AW00013509,Lucas,Johnson,M,,2009-10-04,lucas.johnson@towels.com,Berlin,55399
13510,AW00013510,Jon,Shen,M,,2009-10-05,jon.shen@hostinger.com,Jakarta,34380
13511,AW00013511,Ernest,Liu,S,,2009-10-05,ernest.liu@circles.com,Berlin,51489
13512,AW00013512,Ken,Sánchez,M,,2009-10-05,ken.sánchez@fountains.com,Jakarta,45453
13513,AW00013513,Abigail,Henderson,M,,2009-10-05,abigail.henderson@mouse.com,Mumbai,35998
13514,AW00013514,Lindsay,Luo,S,,2009-10-05,lindsay.luo@papers.com,Rome,46851
13515,AW00013515,Cara,Liang,M,,2009-10-05,cara.liang@nappa.com,Jakarta,13154
13516,AW00013516,Harold,Ray,M,,2009-10-05,harold.ray@towels.com,Delhi,35068
13517,AW00013517,Nicolas,Sharma,S,,2009-10-05,nicolas.sharma@cappo.com,Rome,13668
13518,AW00013518,Brendan,Goldstein,S,,2009-10-05,brendan.goldstein@nappa.com,Istanbul,39078
13519,AW00013519,Lucas,Foster,S,,2009-10-05,lucas.foster@hostinger.com,Tokyo,56142
13520,AW00013520,Carol,Nelson,S,,2009-10-06,carol.nelson@nappa.com,Madrid,59615
13521,AW00013521,Sandra,Lu,S,,2009-10-06,sandra.lu@cappo.com,Delhi,13810
13522,AW00013522,Logan,Taylor,S,,2009-10-06,logan.taylor@towels.com,Rome,44615
13523,AW00013523,Adrienne,Ruiz,S,,2009-10-06,adrienne.ruiz@mouse.com,Madrid,12363
13524,AW00013524,Cheryl,Blanco,M,,2009-10-06,cheryl.blanco@circles.com,Jakarta,29706
13525,AW00013525,Cassandra,Van,M,,2009-10-06,cassandra.van@nappa.com,Berlin,57061
13526,AW00013526,Krystal,Liu,M,,2009-10-06,krystal.liu@hostinger.com,Mumbai,37729
13527,AW00013527,Tonya,Andersen,M,,2009-10-06,tonya.andersen@circles.com,Rome,36593
13528,AW00013528,Carmen,Lopez,M,,2009-10-06,carmen.lopez@circles.com,Istanbul,10840
13529,AW00013529,Pamela,Martinez,S,,2009-10-06,pamela.martinez@mouse.com,Jakarta,48299
13530,AW00013530,Krystal,Chen,M,,2009-10-07,krystal.chen@towels.com,Shanghai,12950
13531,AW00013531,Tyrone,Gutierrez,M,,2009-10-07,tyrone.gutierrez@towels.com,Bangkok,46387
13532,AW00013532,Melody,Gill,M,,2009-10-07,melody.gill@nappa.com,Tokyo,45213
13533,AW00013533,Eduardo,Butler,S,,2009-10-07,eduardo.butler@papers.com,Madrid,54028
13534,AW00013534,Beth,Navarro,M,,2009-10-07,beth.navarro@hostinger.com,Tokyo,45519
13535,AW00013535,Omar,Nara,S,,2009-10-07,omar.nara@winds.com,Paris,28128
13536,AW00013536,Arianna,Ward,S,,2009-10-07,arianna.ward@towels.com,Paris,38529
13537,AW00013537,Jill,Moreno,S,,2009-10-07,jill.moreno@nappa.com,Tokyo,38774
13538,AW00013538,Vanessa,Henderson,S,,2009-10-08,vanessa.henderson@mouse.com,Mumbai,34135
13539,AW00013539,Roger,Guo,S,,2009-10-08,roger.guo@papers.com,Seoul,56463
13540,AW00013540,Paula,Ortega,M,,2009-10-08,paula.ortega@sticks.com,Rome,50469
13541,AW00013541,Ashlee,Xu,M,,2009-10-08,ashlee.xu@winds.com,Madrid,48487
13542,AW00013542,Sharon,Kumar,M,,2009-10-08,sharon.kumar@sticks.com,Mumbai,21554
13543,AW00013543,Phillip,Rana,S,,2009-10-08,phillip.rana@circles.com,Seoul,54253
13544,AW00013544,Joy,Martin,S,,2009-10-08,joy.martin@cappo.com,Delhi,26128
13545,AW00013545,Brad,Sharma,M,,2009-10-08,brad.sharma@nappa.com,Moscow,22846
13546,AW00013546,Mitchell,Jai,M,,2009-10-09,mitchell.jai@nappa.com,Delhi,11998
13547,AW00013547,Michele,Jimenez,S,,2009-10-09,michele.jimenez@nappa.com,Madrid,47127
13548,AW00013548,Bridget,Jai,M,,2009-10-09,bridget.jai@cappo.com,Berlin,51971
13549,AW00013549,Richard,King,S,,2009-10-09,richard.king@fountains.com,Delhi,12370
13550,AW00013550,Joe,Malhotra,S,,2009-10-09,joe.malhotra@hostinger.com,Mumbai,30818
13551,AW00013551,Jacob,Lee,M,,2009-10-09,jacob.lee@circles.com,Paris,22104
13552,AW00013552,Trevor,Hughes,S,,2009-10-09,trevor.hughes@circles.com,Tokyo,23959
13553,AW00013553,Jessica,Coleman,M,,2009-10-09,jessica.coleman@hostinger.com,Tokyo,56223
13554,AW00013554,Paula,Moreno,M,,2009-10-09,paula.moreno@hostinger.com,Mumbai,27075
13555,AW00013555,Tammy,Smith,M,,2009-10-09,tammy.smith@mouse.com,Istanbul,23930
13556,AW00013556,Alisha,Nath,S,,2009-10-10,alisha.nath@papers.com,Berlin,31600
13557,AW00013557,Stacey,Liu,M,,2009-10-10,stacey.liu@hostinger.com,Istanbul,45720
13558,AW00013558,Karen,Lu,M,,2009-10-10,karen.lu@hostinger.com,Singapore,51596
13559,AW00013559,Lori,Ramos,S,,2009-10-10,lori.ramos@towels.com,London,27449
13560,AW00013560,Andres,Shan,M,,2009-10-10,andres.shan@mouse.com,Shanghai,31425
13561,AW00013561,Gary,Navarro,M,,2009-10-10,gary.navarro@cappo.com,Shanghai,35013
13562,AW00013562,Bryant,Van,S,,2009-10-10,bryant.van@nappa.com,Moscow,23919
13563,AW00013563,Phillip,Sai,M,,2009-10-10,phillip.sai@mouse.com,Berlin,24762
13564,AW00013564,Sabrina,Blanco,M,,2009-10-10,sabrina.blanco@papers.com,Istanbul,51794
13565,AW00013565,Tiffany,Zhao,M,,2009-10-10,tiffany.zhao@hostinger.com,Madrid,37209
13566,AW00013566,Mikael,Sandberg,S,,2009-10-10,mikael.sandberg@sticks.com,Delhi,42751
13567,AW00013567,Anne,Rubio,M,,2009-10-10,anne.rubio@cappo.com,Moscow,52214
13568,AW00013568,Max,Jimenez,M,,2009-10-11,max.jimenez@cappo.com,Istanbul,36099
13569,AW00013569,Marcus,Hall,S,,2009-10-11,marcus.hall@fountains.com,Rome,24828
13570,AW00013570,Benjamin,Jackson,S,,2009-10-11,benjamin.jackson@cappo.com,Madrid,10028
13571,AW00013571,Allen,Mehta,M,,2009-10-11,allen.mehta@cappo.com,Jakarta,34545
13572,AW00013572,Shaun,Deng,S,,2009-10-11,shaun.deng@circles.com,Berlin,30538
13573,AW00013573,Edwin,Pal,M,,2009-10-11,edwin.pal@mouse.com,Rome,37074
13574,AW00013574,Brenda,Garcia,S,,2009-10-11,brenda.garcia@papers.com,Moscow,15584
13575,AW00013575,Alicia,Shen,M,,2009-10-12,alicia.shen@nappa.com,Moscow,10912
13576,AW00013576,Tamara,Lal,S,,2009-10-12,tamara.lal@towels.com,Madrid,29808
13577,AW00013577,Theodore,Torres,M,,2009-10-12,theodore.torres@fountains.com,Bangkok,51897
13578,AW00013578,Karl,Nath,M,,2009-10-12,karl.nath@cappo.com,Rome,25064
13579,AW00013579,Alan,Chen,M,,2009-10-12,alan.chen@cappo.com,Shanghai,31652
13580,AW00013580,Carol,Xu,M,,2009-10-12,carol.xu@mouse.com,Moscow,37746
13581,AW00013581,Albert,Blanco,M,,2009-10-12,albert.blanco@mouse.com,Seoul,58949
13582,AW00013582,Martha,Gao,M,,2009-10-12,martha.gao@sticks.com,London,53819
13583,AW00013583,Blake,Butler,S,,2009-10-13,blake.butler@papers.com,Seoul,19936
13584,AW00013584,Isaiah,Cox,S,,2009-10-13,isaiah.cox@papers.com,Seoul,11788
13585,AW00013585,Savannah,Morris,M,,2009-10-13,savannah.morris@nappa.com,Istanbul,51218
13586,AW00013586,Larry,Alonso,M,,2009-10-13,larry.alonso@circles.com,Rome,19270
13587,AW00013587,Kristina,Subram,S,,2009-10-13,kristina.subram@papers.com,Mumbai,19041
13588,AW00013588,Deb,Dominguez,M,,2009-10-13,deb.dominguez@papers.com,Seoul,24206
13589,AW00013589,Cameron,Smith,S,,2009-10-13,cameron.smith@fountains.com,Jakarta,40992
13590,AW00013590,Louis,Xie,M,,2009-10-14,louis.xie@towels.com,Singapore,36618
13591,AW00013591,Latasha,Alonso,M,,2009-10-14,latasha.alonso@circles.com,Tokyo,33208
13592,AW00013592,Gabriella,Collins,M,,2009-10-14,gabriella.collins@papers.com,Singapore,35871
13593,AW00013593,Deanna,Navarro,S,,2009-10-14,deanna.navarro@papers.com,Singapore,10579
13594,AW00013594,Jessica,Williams,M,,2009-10-14,jessica.williams@sticks.com,Istanbul,24416
13595,AW00013595,Cole,Stewart,S,,2009-10-14,cole.stewart@hostinger.com,Berlin,23398
13596,AW00013596,Billy,Gomez,M,,2009-10-14,billy.gomez@sticks.com,Bangkok,38087
13597,AW00013597,Lance,Gutierrez,M,,2009-10-14,lance.gutierrez@hostinger.com,London,47193
13598,AW00013598,Keith,Luo,M,,2009-10-14,keith.luo@nappa.com,Berlin,31651
13599,AW00013599,Valerie,Zhu,M,,2009-10-14,valerie.zhu@nappa.com,Tokyo,12489
13600,AW00013600,Marie,Sanz,M,,2009-10-15,marie.sanz@circles.com,Tokyo,51393
13601,AW00013601,Tanya,Dominguez,M,,2009-10-15,tanya.dominguez@mouse.com,London,37254
13602,AW00013602,Virginia,Mehta,M,,2009-10-15,virginia.mehta@hostinger.com,Madrid,54834
13603,AW00013603,Molly,Martinez,M,,2009-10-15,molly.martinez@cappo.com,Seoul,22209
13604,AW00013604,Nuan,Zheng,M,,2009-10-15,nuan.zheng@papers.com,Shanghai,48131
13605,AW00013605,Gerrit,Straatsma,M,,2009-10-15,gerrit.straatsma@fountains.com,Mumbai,50876
13606,AW00013606,Drew,Sharma,M,,2009-10-15,drew.sharma@hostinger.com,Madrid,32009
13607,AW00013607,Levi,Rana,S,,2009-10-15,levi.rana@mouse.com,Seoul,32315
13608,AW00013608,Karla,Kumar,M,,2009-10-15,karla.kumar@fountains.com,Jakarta,12889
13609,AW00013609,Ramon,Yang,M,,2009-10-16,ramon.yang@fountains.com,Bangkok,42372
13610,AW00013610,Omar,Sharma,M,,2009-10-16,omar.sharma@sticks.com,Istanbul,40042
13611,AW00013611,Marshall,Huang,M,,2009-10-16,marshall.huang@nappa.com,Seoul,48248
13612,AW00013612,Hailey,Ross,M,,2009-10-16,hailey.ross@sticks.com,Jakarta,19609
13613,AW00013613,Derek,Jai,M,,2009-10-16,derek.jai@papers.com,Berlin,49576
13614,AW00013614,Julie,Becker,S,,2009-10-16,julie.becker@hostinger.com,Paris,23122
13615,AW00013615,Jacquelyn,Rowe,S,,2009-10-16,jacquelyn.rowe@circles.com,Seoul,37404
13616,AW00013616,Cole,Ramirez,M,,2009-10-16,cole.ramirez@towels.com,Singapore,13025
13617,AW00013617,Gerald,Suri,M,,2009-10-16,gerald.suri@cappo.com,Rome,29558
13618,AW00013618,Jay,Raman,S,,2009-10-16,jay.raman@papers.com,Istanbul,56529
13619,AW00013619,Arturo,Xu,M,,2009-10-17,arturo.xu@hostinger.com,Madrid,39671
13620,AW00013620,Damien,Ye,S,,2009-10-17,damien.ye@hostinger.com,Jakarta,34387
13621,AW00013621,Melody,Ruiz,M,,2009-10-17,melody.ruiz@nappa.com,Moscow,28631
13622,AW00013622,Alan,Wang,M,,2009-10-17,alan.wang@hostinger.com,Jakarta,50215
13623,AW00013623,Mitchell,Carson,M,,2009-10-17,mitchell.carson@nappa.com,Berlin,39063
13624,AW00013624,Nicole,Long,S,,2009-10-17,nicole.long@towels.com,London,59190
13625,AW00013625,Jason,Campbell,M,,2009-10-17,jason.campbell@mouse.com,Madrid,18415
13626,AW00013626,Johnathan,Madan,M,,2009-10-17,johnathan.madan@nappa.com,Paris,56710
13627,AW00013627,Natasha,Rubio,M,,2009-10-18,natasha.rubio@nappa.com,Moscow,39398
13628,AW00013628,Kaitlin,Schmidt,M,,2009-10-18,kaitlin.schmidt@nappa.com,Shanghai,58397
13629,AW00013629,Karla,Yuan,M,,2009-10-18,karla.yuan@fountains.com,Paris,20828
13630,AW00013630,Brenda,Arun,S,,2009-10-18,brenda.arun@nappa.com,Singapore,38179
13631,AW00013631,Joe,Subram,M,,2009-10-19,joe.subram@cappo.com,Madrid,11872
13632,AW00013632,Cheryl,Munoz,S,,2009-10-19,cheryl.munoz@circles.com,Jakarta,19206
13633,AW00013633,Juan,Ramos,S,,2009-10-19,juan.ramos@circles.com,Tokyo,59388
13634,AW00013634,Alexis,Russell,M,,2009-10-19,alexis.russell@mouse.com,Berlin,32026
13635,AW00013635,Kurt,Deng,M,,2009-10-20,kurt.deng@papers.com,Seoul,20128
13636,AW00013636,Jarrod,Rodriguez,M,,2009-10-20,jarrod.rodriguez@towels.com,Singapore,31255
13637,AW00013637,Victoria,Cooper,M,,2009-10-20,victoria.cooper@mouse.com,Paris,41098
13638,AW00013638,Diana,Alvarez,S,,2009-10-20,diana.alvarez@papers.com,Seoul,56319
13639,AW00013639,Colin,Liang,M,,2009-10-20,colin.liang@fountains.com,Jakarta,39294
13640,AW00013640,Rachael,Patel,M,,2009-10-21,rachael.patel@papers.com,Madrid,21408
13641,AW00013641,Adrian,Watson,S,,2009-10-21,adrian.watson@circles.com,Berlin,45334
13642,AW00013642,Cassie,Nara,M,,2009-10-21,cassie.nara@fountains.com,Berlin,24020
13643,AW00013643,Ronald,Sai,S,,2009-10-21,ronald.sai@winds.com,Shanghai,17166
13644,AW00013644,Kristi,Dominguez,M,,2009-10-21,kristi.dominguez@hostinger.com,Berlin,39253
13645,AW00013645,Eugene,He,S,,2009-10-22,eugene.he@sticks.com,Singapore,12783
13646,AW00013646,Terry,Yuan,M,,2009-10-22,terry.yuan@fountains.com,Singapore,42273
13647,AW00013647,Armando,Alonso,S,,2009-10-22,armando.alonso@circles.com,Delhi,42549
13648,AW00013648,Arturo,Sharma,S,,2009-10-22,arturo.sharma@fountains.com,Bangkok,17309
13649,AW00013649,Rebekah,Suarez,M,,2009-10-22,rebekah.suarez@papers.com,Mumbai,40802
13650,AW00013650,Jessie,She,M,,2009-10-22,jessie.she@papers.com,Delhi,42773
13651,AW00013651,Jerry,Sharma,M,,2009-10-22,jerry.sharma@hostinger.com,Paris,43979
13652,AW00013652,Tamara,Zeng,M,,2009-10-22,tamara.zeng@mouse.com,Rome,29581
13653,AW00013653,Tony,Chander,M,,2009-10-23,tony.chander@cappo.com,Rome,22603
13654,AW00013654,Shawn,Andersen,M,,2009-10-23,shawn.andersen@circles.com,Bangkok,57021
13655,AW00013655,Christopher,Walker,M,,2009-10-23,christopher.walker@papers.com,Moscow,23095
13656,AW00013656,Faith,Howard,M,,2009-10-23,faith.howard@winds.com,Shanghai,27362
13657,AW00013657,Kaylee,Collins,S,,2009-10-23,kaylee.collins@hostinger.com,Mumbai,18442
13658,AW00013658,Wyatt,Bennett,M,,2009-10-23,wyatt.bennett@winds.com,Tokyo,21192
13659,AW00013659,Clayton,Shan,M,,2009-10-23,clayton.shan@sticks.com,Singapore,40194
13660,AW00013660,Ethan,Davis,M,,2009-10-23,ethan.davis@circles.com,Jakarta,12753
13661,AW00013661,Andre,Sara,M,,2009-10-23,andre.sara@mouse.com,Jakarta,20201
13662,AW00013662,Miguel,Roberts,S,,2009-10-24,miguel.roberts@sticks.com,Istanbul,12783
13663,AW00013663,Melvin,Tang,S,,2009-10-24,melvin.tang@fountains.com,Bangkok,39326
13664,AW00013664,Larry,Diaz,S,,2009-10-24,larry.diaz@papers.com,Paris,36123
13665,AW00013665,Kristi,Randall,M,,2009-10-24,kristi.randall@sticks.com,London,35929
13666,AW00013666,Teresa,Ruiz,S,,2009-10-24,teresa.ruiz@nappa.com,Shanghai,28850
13667,AW00013667,Andres,Deng,S,,2009-10-24,andres.deng@hostinger.com,Madrid,47095
13668,AW00013668,Stanley,Martinez,M,,2009-10-24,stanley.martinez@hostinger.com,Tokyo,37586
13669,AW00013669,Kristy,Gill,M,,2009-10-24,kristy.gill@towels.com,Istanbul,17208
13670,AW00013670,Brittney,Zeng,S,,2009-10-24,brittney.zeng@fountains.com,Jakarta,31470
13671,AW00013671,Frank,Ramos,S,,2009-10-24,frank.ramos@papers.com,Jakarta,56832
13672,AW00013672,Benjamin,Davis,S,,2009-10-24,benjamin.davis@hostinger.com,Jakarta,22570
13673,AW00013673,Sandra,He,S,,2009-10-24,sandra.he@fountains.com,London,14808
13674,AW00013674,Drew,Shen,S,,2009-10-25,drew.shen@papers.com,Delhi,38401
13675,AW00013675,Stanley,Sai,S,,2009-10-25,stanley.sai@sticks.com,Moscow,44431
13676,AW00013676,George,Kapoor,M,,2009-10-25,george.kapoor@winds.com,Delhi,36173
13677,AW00013677,Brian,Albrecht,S,,2009-10-25,brian.albrecht@cappo.com,Shanghai,39966
13678,AW00013678,Warren,Goel,M,,2009-10-25,warren.goel@nappa.com,Istanbul,23851
13679,AW00013679,Sandra,Li,M,,2009-10-26,sandra.li@hostinger.com,Shanghai,22351
13680,AW00013680,Jan,Watson,M,,2009-10-26,jan.watson@hostinger.com,Istanbul,43379
13681,AW00013681,Adam,Hall,S,,2009-10-26,adam.hall@fountains.com,Istanbul,49973
13682,AW00013682,Fernando,Lopez,S,,2009-10-26,fernando.lopez@sticks.com,Paris,24855
13683,AW00013683,Sheila,Torres,S,,2009-10-26,sheila.torres@circles.com,Paris,50869
13684,AW00013684,Francis,Dominguez,S,,2009-10-27,francis.dominguez@cappo.com,Mumbai,10204
13685,AW00013685,Briana,Torres,M,,2009-10-27,briana.torres@nappa.com,Berlin,20054
13686,AW00013686,Peter,Jai,M,,2009-10-27,peter.jai@papers.com,Bangkok,58216
13687,AW00013687,Mario,Xie,M,,2009-10-27,mario.xie@winds.com,Singapore,31388
13688,AW00013688,Ruben,Sanchez,S,,2009-10-27,ruben.sanchez@nappa.com,Rome,10409
13689,AW00013689,Teresa,Ramos,S,,2009-10-27,teresa.ramos@towels.com,Moscow,51289
13690,AW00013690,Claudia,Gao,S,,2009-10-28,claudia.gao@papers.com,Bangkok,51016
13691,AW00013691,Ariana,Bailey,S,,2009-10-28,ariana.bailey@winds.com,London,24014
13692,AW00013692,Curtis,Li,M,,2009-10-28,curtis.li@fountains.com,London,38141
13693,AW00013693,Dominic,Gonzalez,S,,2009-10-28,dominic.gonzalez@sticks.com,Moscow,16930
13694,AW00013694,Savannah,Gray,S,,2009-10-28,savannah.gray@towels.com,Tokyo,57960
13695,AW00013695,Christian,Clark,S,,2009-10-28,christian.clark@winds.com,Tokyo,16287
13696,AW00013696,Katherine,Edwards,S,,2009-10-28,katherine.edwards@hostinger.com,Madrid,36902
13697,AW00013697,Jésus,Munoz,S,,2009-10-28,jésus.munoz@towels.com,Mumbai,59589
13698,AW00013698,Catherine,Sanchez,S,,2009-10-28,catherine.sanchez@cappo.com,Madrid,37803
13699,AW00013699,Rachel,Alexander,S,,2009-10-28,rachel.alexander@cappo.com,Delhi,37443
13700,AW00013700,Evan,Howard,S,,2009-10-29,evan.howard@mouse.com,Berlin,58058
13701,AW00013701,Haley,Scott,S,,2009-10-29,haley.scott@sticks.com,Jakarta,36179
13702,AW00013702,Jessie,Suarez,S,,2009-10-29,jessie.suarez@circles.com,Tokyo,34604
13703,AW00013703,Mackenzie,Sanders,S,,2009-10-29,mackenzie.sanders@cappo.com,Istanbul,25379
13704,AW00013704,Victoria,Davis,S,,2009-10-29,victoria.davis@circles.com,Jakarta,59275
13705,AW00013705,Blake,Mitchell,S,,2009-10-29,blake.mitchell@cappo.com,London,13854
13706,AW00013706,Kaitlyn,Peterson,S,,2009-10-30,kaitlyn.peterson@hostinger.com,Mumbai,10881
13707,AW00013707,Austin,Smith,M,,2009-10-30,austin.smith@circles.com,Istanbul,42615
13708,AW00013708,Jennifer,Bennett,S,,2009-10-30,jennifer.bennett@towels.com,Madrid,52279
13709,AW00013709,Zachary,Robinson,S,,2009-10-30,zachary.robinson@hostinger.com,Singapore,33753
13710,AW00013710,Destiny,Harris,S,,2009-10-30,destiny.harris@winds.com,Paris,57311
13711,AW00013711,Thomas,Mitchell,S,,2009-10-30,thomas.mitchell@towels.com,London,27049
13712,AW00013712,Nancy,Martinez,S,,2009-10-30,nancy.martinez@circles.com,Seoul,46920
13713,AW00013713,Alexander,Walker,S,,2009-10-30,alexander.walker@winds.com,Jakarta,44864
13714,AW00013714,Amanda,Ward,M,,2009-10-30,amanda.ward@winds.com,Paris,44728
13715,AW00013715,Eduardo,Sanchez,M,,2009-10-30,eduardo.sanchez@sticks.com,Madrid,54226
13716,AW00013716,Brandon,Jai,M,,2009-10-30,brandon.jai@towels.com,London,12495
13717,AW00013717,Audrey,Gill,M,,2009-10-30,audrey.gill@mouse.com,London,26505
13718,AW00013718,Marcus,Barnes,M,,2009-10-30,marcus.barnes@papers.com,Singapore,20711
13719,AW00013719,Isaac,Carter,M,,2009-10-31,isaac.carter@cappo.com,Istanbul,10489
13720,AW00013720,Cameron,Johnson,M,,2009-10-31,cameron.johnson@mouse.com,Bangkok,31227
13721,AW00013721,Lucas,Howard,S,,2009-10-31,lucas.howard@cappo.com,Mumbai,33604
13722,AW00013722,Luke,Campbell,M,,2009-10-31,luke.campbell@hostinger.com,Mumbai,39802
13723,AW00013723,Leonard,Raje,M,,2009-10-31,leonard.raje@mouse.com,Berlin,28127
13724,AW00013724,Charles,Thompson,M,,2009-10-31,charles.thompson@nappa.com,Seoul,21102
13725,AW00013725,Nathan,Henderson,M,,2009-10-31,nathan.henderson@nappa.com,Berlin,26398
13726,AW00013726,Austin,Lewis,M,,2009-10-31,austin.lewis@winds.com,Paris,32382
13727,AW00013727,Paula,Rubio,M,,2009-11-01,paula.rubio@mouse.com,Paris,10647
13728,AW00013728,Taylor,Stewart,M,,2009-11-01,taylor.stewart@towels.com,Mumbai,55138
13729,AW00013729,Jason,Li,M,,2009-11-01,jason.li@papers.com,Istanbul,23332
13730,AW00013730,Walter,Suarez,M,,2009-11-01,walter.suarez@hostinger.com,Paris,19344
13731,AW00013731,Jan,James,S,,2009-11-01,jan.james@sticks.com,Shanghai,55673
13732,AW00013732,Julian,Isla,S,,2009-11-01,julian.isla@papers.com,Jakarta,21454
13733,AW00013733,Sydney,Collins,M,,2009-11-02,sydney.collins@towels.com,Shanghai,55951
13734,AW00013734,Kristi,Gonzalez,M,,2009-11-02,kristi.gonzalez@cappo.com,Delhi,31153
13735,AW00013735,Dennis,Guo,M,,2009-11-02,dennis.guo@hostinger.com,Seoul,20470
13736,AW00013736,Cole,Rivera,M,,2009-11-02,cole.rivera@fountains.com,Tokyo,39931
13737,AW00013737,Garrett,Sanders,M,,2009-11-02,garrett.sanders@nappa.com,Singapore,23468
13738,AW00013738,Jose,Young,M,,2009-11-02,jose.young@hostinger.com,Rome,44446
13739,AW00013739,Jason,Coleman,M,,2009-11-03,jason.coleman@winds.com,Jakarta,45680
13740,AW00013740,Jada,Ramirez,M,,2009-11-03,jada.ramirez@circles.com,London,54575
13741,AW00013741,Haley,Morgan,M,,2009-11-03,haley.morgan@sticks.com,Berlin,48693
13742,AW00013742,Benjamin,Ross,M,,2009-11-03,benjamin.ross@mouse.com,Berlin,28290
13743,AW00013743,Isabella,Anderson,M,,2009-11-03,isabella.anderson@nappa.com,Singapore,32823
13744,AW00013744,Alvin,Andersen,M,,2009-11-03,alvin.andersen@fountains.com,Tokyo,13310
13745,AW00013745,Andrew,Robinson,M,,2009-11-03,andrew.robinson@circles.com,Mumbai,51920
13746,AW00013746,Janelle,Madan,M,,2009-11-03,janelle.madan@mouse.com,Madrid,29258
13747,AW00013747,Brian,Torres,M,,2009-11-03,brian.torres@fountains.com,Seoul,14567
13748,AW00013748,José,Martinez,M,,2009-11-04,josé.martinez@circles.com,Madrid,24452
13749,AW00013749,Julio,Alonso,M,,2009-11-04,julio.alonso@sticks.com,London,55433
13750,AW00013750,Raymond,Sai,M,,2009-11-04,raymond.sai@towels.com,Moscow,52253
13751,AW00013751,Allison,Rivera,S,,2009-11-04,allison.rivera@winds.com,London,22444
13752,AW00013752,Isabella,Parker,S,,2009-11-04,isabella.parker@mouse.com,Jakarta,37857
13753,AW00013753,Rebecca,Nicholls,S,,2009-11-04,rebecca.nicholls@fountains.com,Mumbai,58553
13754,AW00013754,Paige,Peterson,S,,2009-11-05,paige.peterson@circles.com,Paris,11948
13755,AW00013755,Luke,Roberts,S,,2009-11-05,luke.roberts@nappa.com,Istanbul,52772
13756,AW00013756,Kaylee,Young,S,,2009-11-05,kaylee.young@cappo.com,Madrid,56752
13757,AW00013757,Jordyn,Griffin,S,,2009-11-05,jordyn.griffin@nappa.com,Paris,52050
13758,AW00013758,Alexandria,Bell,S,,2009-11-05,alexandria.bell@sticks.com,Shanghai,28142
13759,AW00013759,Jackson,Scott,M,,2009-11-05,jackson.scott@fountains.com,Paris,31582
13760,AW00013760,Brian,Cooper,M,,2009-11-05,brian.cooper@hostinger.com,Bangkok,10919
13761,AW00013761,Logan,Powell,M,,2009-11-05,logan.powell@nappa.com,Bangkok,50608
13762,AW00013762,Gavin,Long,M,,2009-11-06,gavin.long@fountains.com,Moscow,52524
13763,AW00013763,Stephanie,Richardson,S,,2009-11-06,stephanie.richardson@nappa.com,Paris,14161
13764,AW00013764,Stephanie,Parker,M,,2009-11-06,stephanie.parker@winds.com,Moscow,12172
13765,AW00013765,Jaime,Shen,M,,2009-11-06,jaime.shen@winds.com,Seoul,15550
13766,AW00013766,Joe,Gill,M,,2009-11-06,joe.gill@circles.com,Rome,38197
13767,AW00013767,Linda,Jimenez,S,,2009-11-06,linda.jimenez@hostinger.com,Singapore,54636
13768,AW00013768,Ross,Munoz,M,,2009-11-07,ross.munoz@towels.com,Jakarta,15975
13769,AW00013769,Brendan,Kumar,M,,2009-11-07,brendan.kumar@fountains.com,Shanghai,22079
13770,AW00013770,Gerald,Moreno,M,,2009-11-07,gerald.moreno@hostinger.com,Singapore,33608
13771,AW00013771,Victor,Moreno,S,,2009-11-07,victor.moreno@winds.com,Mumbai,58782
13772,AW00013772,Michele,Perez,M,,2009-11-07,michele.perez@circles.com,Singapore,39157
13773,AW00013773,Dana,Blanco,M,,2009-11-07,dana.blanco@papers.com,Madrid,12999
13774,AW00013774,Steve,Guo,S,,2009-11-07,steve.guo@hostinger.com,Delhi,43293
13775,AW00013775,Patricia,Subram,S,,2009-11-07,patricia.subram@nappa.com,Madrid,21050
13776,AW00013776,Miguel,Carter,M,,2009-11-07,miguel.carter@winds.com,London,36802
13777,AW00013777,Manuel,Perez,M,,2009-11-07,manuel.perez@towels.com,Shanghai,59580
13778,AW00013778,Roger,Huang,M,,2009-11-07,roger.huang@nappa.com,Mumbai,46952
13779,AW00013779,Manuel,Garcia,S,,2009-11-07,manuel.garcia@papers.com,Istanbul,30829
13780,AW00013780,Monica,Perez,M,,2009-11-07,monica.perez@hostinger.com,Rome,28717
13781,AW00013781,Dominique,Patel,M,,2009-11-07,dominique.patel@mouse.com,Mumbai,55175
13782,AW00013782,Kelli,Lu,M,,2009-11-07,kelli.lu@hostinger.com,Paris,46272
13783,AW00013783,Logan,Wright,M,,2009-11-07,logan.wright@winds.com,London,15733
13784,AW00013784,Spencer,Griffin,S,,2009-11-07,spencer.griffin@towels.com,Delhi,26433
13785,AW00013785,Clayton,She,S,,2009-11-08,clayton.she@towels.com,Bangkok,33617
13786,AW00013786,Jon,Chavez,S,,2009-11-08,jon.chavez@sticks.com,Berlin,38980
13787,AW00013787,Glenn,Cai,M,,2009-11-08,glenn.cai@winds.com,Madrid,41322
13788,AW00013788,Kari,Fernandez,M,,2009-11-08,kari.fernandez@sticks.com,Rome,47831
13789,AW00013789,Julie,Shan,S,,2009-11-08,julie.shan@circles.com,Mumbai,41740
13790,AW00013790,Nina,Deng,S,,2009-11-08,nina.deng@hostinger.com,Istanbul,13728
13791,AW00013791,Audrey,Martin,S,,2009-11-08,audrey.martin@nappa.com,Istanbul,48471
13792,AW00013792,Charles,Taylor,S,,2009-11-08,charles.taylor@mouse.com,Moscow,36447
13793,AW00013793,Jason,Gonzales,M,,2009-11-09,jason.gonzales@mouse.com,Moscow,40553
13794,AW00013794,Mallory,Martin,S,,2009-11-09,mallory.martin@cappo.com,Bangkok,10090
13795,AW00013795,Carl,Raje,S,,2009-11-09,carl.raje@sticks.com,Mumbai,32510
13796,AW00013796,Martha,Zheng,M,,2009-11-09,martha.zheng@papers.com,Mumbai,12307
13797,AW00013797,Franklin,Gao,M,,2009-11-09,franklin.gao@cappo.com,Singapore,47703
13798,AW00013798,Tammy,Randall,S,,2009-11-09,tammy.randall@cappo.com,Rome,14093
13799,AW00013799,Bryan,Bailey,S,,2009-11-09,bryan.bailey@nappa.com,Berlin,25975
13800,AW00013800,Logan,Li,M,,2009-11-09,logan.li@sticks.com,London,28012
13801,AW00013801,Colleen,Andersen,S,,2009-11-09,colleen.andersen@papers.com,Moscow,38643
13802,AW00013802,Tina,Subram,M,,2009-11-09,tina.subram@hostinger.com,Paris,25300
13803,AW00013803,Krystal,Zheng,M,,2009-11-09,krystal.zheng@papers.com,Moscow,48595
13804,AW00013804,Dawn,Luo,M,,2009-11-09,dawn.luo@papers.com,Istanbul,55019
13805,AW00013805,Gabriel,Hernandez,M,,2009-11-10,gabriel.hernandez@nappa.com,Shanghai,39136
13806,AW00013806,Bryant,Mehta,M,,2009-11-10,bryant.mehta@papers.com,Delhi,19635
13807,AW00013807,Frederick,Rana,S,,2009-11-10,frederick.rana@sticks.com,Berlin,37677
13808,AW00013808,Richard,Perez,S,,2009-11-10,richard.perez@winds.com,Istanbul,53301
13809,AW00013809,Lisa,Zhou,M,,2009-11-10,lisa.zhou@fountains.com,Madrid,34023
13810,AW00013810,Vanessa,Barnes,M,,2009-11-10,vanessa.barnes@mouse.com,Moscow,32041
13811,AW00013811,Sandra,Chen,S,,2009-11-10,sandra.chen@fountains.com,Mumbai,59223
13812,AW00013812,Joanna,Munoz,S,,2009-11-11,joanna.munoz@winds.com,Bangkok,47736
13813,AW00013813,Kristen,Sun,M,,2009-11-11,kristen.sun@fountains.com,Madrid,36755
13814,AW00013814,Sarah,Walker,S,,2009-11-11,sarah.walker@winds.com,Delhi,19524
13815,AW00013815,Lacey,Lin,S,,2009-11-11,lacey.lin@towels.com,Madrid,30548
13816,AW00013816,Marissa,Henderson,S,,2009-11-12,marissa.henderson@towels.com,Istanbul,26994
13817,AW00013817,Jenny,Huang,S,,2009-11-12,jenny.huang@circles.com,London,11347
13818,AW00013818,Dawn,Chander,S,,2009-11-12,dawn.chander@towels.com,Bangkok,59469
13819,AW00013819,Max,Gill,S,,2009-11-12,max.gill@towels.com,Tokyo,51335
13820,AW00013820,Danny,Alvarez,M,,2009-11-12,danny.alvarez@papers.com,London,45742
13821,AW00013821,Allen,Lopez,M,,2009-11-12,allen.lopez@towels.com,Paris,50663
13822,AW00013822,Jay,Moyer,M,,2009-11-12,jay.moyer@winds.com,Delhi,32873
13823,AW00013823,Margaret,Zheng,M,,2009-11-13,margaret.zheng@fountains.com,Paris,46547
13824,AW00013824,Destiny,Wood,S,,2009-11-13,destiny.wood@cappo.com,Singapore,22817
13825,AW00013825,Kelvin,Ma,S,,2009-11-13,kelvin.ma@sticks.com,Madrid,33644
13826,AW00013826,Candice,He,S,,2009-11-13,candice.he@towels.com,Madrid,16873
13827,AW00013827,Nathan,Harris,M,,2009-11-14,nathan.harris@mouse.com,Shanghai,46747
13828,AW00013828,Jessie,Travers,S,,2009-11-14,jessie.travers@winds.com,Moscow,48119
13829,AW00013829,Randall,Carlson,S,,2009-11-14,randall.carlson@fountains.com,Bangkok,16144
13830,AW00013830,Andrea,Cox,S,,2009-11-14,andrea.cox@nappa.com,Istanbul,50807
13831,AW00013831,Eddie,Alvarez,S,,2009-11-14,eddie.alvarez@fountains.com,Singapore,49832
13832,AW00013832,Priscilla,Raji,S,,2009-11-14,priscilla.raji@nappa.com,Bangkok,45308
13833,AW00013833,Noah,Lewis,S,,2009-11-14,noah.lewis@nappa.com,Madrid,27196
13834,AW00013834,Naomi,Suarez,S,,2009-11-15,naomi.suarez@circles.com,Tokyo,48706
13835,AW00013835,Hailey,Brooks,S,,2009-11-15,hailey.brooks@hostinger.com,London,24400
13836,AW00013836,Dominic,Sara,S,,2009-11-15,dominic.sara@hostinger.com,Paris,56799
13837,AW00013837,Alyssa,Lee,S,,2009-11-15,alyssa.lee@mouse.com,Madrid,34757
13838,AW00013838,Jill,Rubio,S,,2009-11-15,jill.rubio@hostinger.com,Delhi,17366
13839,AW00013839,Manuel,Madan,S,,2009-11-15,manuel.madan@sticks.com,Mumbai,48621
13840,AW00013840,Tommy,Pal,M,,2009-11-15,tommy.pal@hostinger.com,London,10731
13841,AW00013841,Clayton,Kumar,S,,2009-11-15,clayton.kumar@papers.com,Seoul,16132
13842,AW00013842,Kenneth,Xie,S,,2009-11-15,kenneth.xie@fountains.com,Singapore,28760
13843,AW00013843,Warren,Xie,S,,2009-11-15,warren.xie@winds.com,Paris,44104
13844,AW00013844,Phillip,Mehta,S,,2009-11-15,phillip.mehta@winds.com,Berlin,30334
13845,AW00013845,Shawn,Nara,M,,2009-11-15,shawn.nara@hostinger.com,London,11431
13846,AW00013846,Lisa,Zheng,M,,2009-11-16,lisa.zheng@towels.com,Rome,12429
13847,AW00013847,Kurt,Tang,M,,2009-11-16,kurt.tang@towels.com,Paris,37150
13848,AW00013848,Melissa,Blue,S,,2009-11-16,melissa.blue@fountains.com,Paris,45298
13849,AW00013849,Preston,Rodriguez,S,,2009-11-16,preston.rodriguez@winds.com,Berlin,19426
13850,AW00013850,Anthony,Thompson,S,,2009-11-16,anthony.thompson@winds.com,Moscow,18787
13851,AW00013851,Seth,Moore,S,,2009-11-16,seth.moore@circles.com,Tokyo,58185
13852,AW00013852,Ian,Robinson,S,,2009-11-16,ian.robinson@towels.com,Bangkok,27338
13853,AW00013853,Connor,Zhang,S,,2009-11-16,connor.zhang@sticks.com,Delhi,16823
13854,AW00013854,Kyle,Parker,M,,2009-11-16,kyle.parker@papers.com,Tokyo,11775
13855,AW00013855,Sarah,Washington,S,,2009-11-16,sarah.washington@towels.com,Istanbul,12297
13856,AW00013856,Ian,Scott,S,,2009-11-16,ian.scott@towels.com,Delhi,32487
13857,AW00013857,Victoria,Thompson,M,,2009-11-16,victoria.thompson@cappo.com,Jakarta,52876
13858,AW00013858,Melanie,Richardson,M,,2009-11-16,melanie.richardson@circles.com,Bangkok,17568
13859,AW00013859,Kristin,Deng,M,,2009-11-17,kristin.deng@sticks.com,Bangkok,32756
13860,AW00013860,Olivia,Watson,M,,2009-11-17,olivia.watson@hostinger.com,Rome,43466
13861,AW00013861,Hailey,Rogers,M,,2009-11-17,hailey.rogers@winds.com,Istanbul,46289
13862,AW00013862,Andrew,Walker,M,,2009-11-17,andrew.walker@hostinger.com,Moscow,29319
13863,AW00013863,Kevin,Long,M,,2009-11-17,kevin.long@sticks.com,Bangkok,11877
13864,AW00013864,Robin,Torres,M,,2009-11-18,robin.torres@hostinger.com,Moscow,26854
13865,AW00013865,Mariah,Foster,M,,2009-11-18,mariah.foster@circles.com,Bangkok,59692
13866,AW00013866,Mya,Butler,M,,2009-11-18,mya.butler@towels.com,Shanghai,54553
13867,AW00013867,Luke,Griffin,M,,2009-11-18,luke.griffin@nappa.com,Jakarta,34670
13868,AW00013868,Shelby,Morris,S,,2009-11-18,shelby.morris@sticks.com,Shanghai,52452
13869,AW00013869,Anna,Morgan,M,,2009-11-18,anna.morgan@sticks.com,Singapore,28700
13870,AW00013870,Jonathan,Clark,M,,2009-11-19,jonathan.clark@fountains.com,Singapore,29243
13871,AW00013871,Sarah,Gonzales,S,,2009-11-19,sarah.gonzales@circles.com,Delhi,56022
13872,AW00013872,Alyssa,Henderson,M,,2009-11-19,alyssa.henderson@cappo.com,Paris,58865
13873,AW00013873,Russell,Jai,M,,2009-11-19,russell.jai@nappa.com,Berlin,17187
13874,AW00013874,Alyssa,Bryant,M,,2009-11-19,alyssa.bryant@cappo.com,Paris,56208
13875,AW00013875,Samantha,Williams,M,,2009-11-20,samantha.williams@fountains.com,Bangkok,59315
13876,AW00013876,Sebastian,Murphy,M,,2009-11-20,sebastian.murphy@fountains.com,Delhi,33161
13877,AW00013877,Adam,Lal,M,,2009-11-20,adam.lal@towels.com,Seoul,59965
13878,AW00013878,Sebastian,Gray,M,,2009-11-20,sebastian.gray@hostinger.com,Paris,45100
13879,AW00013879,Derrick,Hernandez,S,,2009-11-20,derrick.hernandez@sticks.com,Moscow,41829
13880,AW00013880,Marshall,Kumar,S,,2009-11-20,marshall.kumar@papers.com,Singapore,28554
13881,AW00013881,Jasmine,Wood,S,,2009-11-20,jasmine.wood@hostinger.com,Berlin,15027
13882,AW00013882,Mariah,Russell,S,,2009-11-20,mariah.russell@cappo.com,Bangkok,49655
13883,AW00013883,Brandon,Lal,S,,2009-11-20,brandon.lal@circles.com,Moscow,20184
13884,AW00013884,Jada,Rogers,S,,2009-11-21,jada.rogers@towels.com,Mumbai,18885
13885,AW00013885,Brian,Howard,S,,2009-11-21,brian.howard@sticks.com,Moscow,44937
13886,AW00013886,Rachel,Taylor,M,,2009-11-21,rachel.taylor@hostinger.com,Rome,52773
13887,AW00013887,Nathan,Scott,M,,2009-11-21,nathan.scott@towels.com,Tokyo,48906
13888,AW00013888,Ian,Brown,S,,2009-11-21,ian.brown@mouse.com,Shanghai,12945
13889,AW00013889,Robert,Martin,S,,2009-11-21,robert.martin@nappa.com,Mumbai,36361
13890,AW00013890,Jennifer,Carter,S,,2009-11-22,jennifer.carter@fountains.com,Delhi,36604
13891,AW00013891,Aaron,Simmons,M,,2009-11-22,aaron.simmons@sticks.com,Jakarta,20346
13892,AW00013892,Spencer,Diaz,S,,2009-11-22,spencer.diaz@nappa.com,Delhi,16199
13893,AW00013893,Dalton,Carter,M,,2009-11-22,dalton.carter@mouse.com,London,18262
13894,AW00013894,Robyn,Ruiz,M,,2009-11-22,robyn.ruiz@towels.com,Istanbul,35269
13895,AW00013895,Isabella,Brooks,S,,2009-11-22,isabella.brooks@papers.com,Jakarta,41773
13896,AW00013896,Hailey,Mitchell,S,,2009-11-22,hailey.mitchell@sticks.com,Bangkok,49931
13897,AW00013897,Carol,Washington,M,,2009-11-22,carol.washington@papers.com,Berlin,22706
13898,AW00013898,Richard,Baker,S,,2009-11-23,richard.baker@hostinger.com,Rome,34827
13899,AW00013899,Cameron,Jones,M,,2009-11-23,cameron.jones@hostinger.com,Jakarta,26440
13900,AW00013900,Isaac,Campbell,M,,2009-11-23,isaac.campbell@papers.com,Delhi,51031
13901,AW00013901,Oscar,Foster,M,,2009-11-23,oscar.foster@circles.com,Mumbai,20480
13902,AW00013902,Jeremiah,Simmons,M,,2009-11-23,jeremiah.simmons@sticks.com,Paris,23735
13903,AW00013903,Elijah,Hernandez,S,,2009-11-23,elijah.hernandez@fountains.com,Delhi,39081
13904,AW00013904,Natalie,Thompson,M,,2009-11-23,natalie.thompson@circles.com,Tokyo,15617
13905,AW00013905,Christian,Henderson,M,,2009-11-23,christian.henderson@cappo.com,Seoul,19480
13906,AW00013906,Courtney,Evans,S,,2009-11-23,courtney.evans@nappa.com,Paris,13256
13907,AW00013907,Misty,Xie,S,,2009-11-23,misty.xie@nappa.com,Bangkok,35890
13908,AW00013908,Alyssa,Diaz,S,,2009-11-23,alyssa.diaz@nappa.com,Paris,16957
13909,AW00013909,Riley,Price,S,,2009-11-24,riley.price@hostinger.com,Istanbul,27427
13910,AW00013910,Isabelle,Butler,S,,2009-11-24,isabelle.butler@nappa.com,Madrid,37236
13911,AW00013911,Andrea,Kelly,S,,2009-11-24,andrea.kelly@winds.com,Mumbai,47784
13912,AW00013912,Caroline,Simmons,S,,2009-11-24,caroline.simmons@circles.com,Singapore,36107
13913,AW00013913,Angela,Rogers,S,,2009-11-24,angela.rogers@mouse.com,Delhi,24594
13914,AW00013914,Abigail,Bell,M,,2009-11-24,abigail.bell@fountains.com,Singapore,59536
13915,AW00013915,Allison,King,S,,2009-11-24,allison.king@winds.com,Moscow,37707
13916,AW00013916,Eduardo,Ward,S,,2009-11-24,eduardo.ward@winds.com,Moscow,24477
13917,AW00013917,Samuel,Allen,S,,2009-11-24,samuel.allen@winds.com,Shanghai,59604
13918,AW00013918,Armando,Blanco,S,,2009-11-24,armando.blanco@circles.com,Singapore,24106
13919,AW00013919,Grace,Smith,M,,2009-11-24,grace.smith@mouse.com,London,26093
13920,AW00013920,Amanda,Rogers,S,,2009-11-24,amanda.rogers@winds.com,Jakarta,28617
13921,AW00013921,Joseph,Jones,M,,2009-11-24,joseph.jones@nappa.com,Madrid,44959
13922,AW00013922,Jackson,Foster,M,,2009-11-25,jackson.foster@towels.com,Bangkok,45123
13923,AW00013923,Steven,Howard,S,,2009-11-25,steven.howard@winds.com,Paris,42005
13924,AW00013924,Hannah,Hall,S,,2009-11-25,hannah.hall@sticks.com,Singapore,36753
13925,AW00013925,Wyatt,Barnes,S,,2009-11-25,wyatt.barnes@towels.com,Tokyo,18876
13926,AW00013926,Dalton,Hill,S,,2009-11-25,dalton.hill@fountains.com,Delhi,28783
13927,AW00013927,Gabriel,Gonzales,S,,2009-11-25,gabriel.gonzales@sticks.com,Madrid,23239
13928,AW00013928,Nathaniel,Morris,M,,2009-11-25,nathaniel.morris@sticks.com,Istanbul,38128
13929,AW00013929,Robert,Hayes,S,,2009-11-25,robert.hayes@cappo.com,Berlin,20352
13930,AW00013930,Samantha,Coleman,M,,2009-11-25,samantha.coleman@circles.com,Istanbul,46134
13931,AW00013931,Luke,Hernandez,M,,2009-11-25,luke.hernandez@hostinger.com,Rome,56214
13932,AW00013932,Timothy,Sanchez,M,,2009-11-25,timothy.sanchez@towels.com,Tokyo,12291
13933,AW00013933,Isabella,Richardson,M,,2009-11-25,isabella.richardson@mouse.com,Berlin,26326
13934,AW00013934,Luis,Young,M,,2009-11-26,luis.young@cappo.com,Istanbul,31604
13935,AW00013935,Kimberly,Sanchez,M,,2009-11-26,kimberly.sanchez@cappo.com,Tokyo,12719
13936,AW00013936,Nathan,Wilson,M,,2009-11-26,nathan.wilson@towels.com,Shanghai,38737
13937,AW00013937,Victoria,Ware,S,,2009-11-26,victoria.ware@winds.com,Singapore,58095
13938,AW00013938,Alejandro,Cai,M,,2009-11-26,alejandro.cai@hostinger.com,Jakarta,44413
13939,AW00013939,Eduardo,Ramirez,S,,2009-11-26,eduardo.ramirez@circles.com,Moscow,16056
13940,AW00013940,Emma,Simmons,S,,2009-11-26,emma.simmons@winds.com,Berlin,41408
13941,AW00013941,Brittany,Hayes,M,,2009-11-26,brittany.hayes@cappo.com,Mumbai,23144
13942,AW00013942,Seth,Long,M,,2009-11-26,seth.long@fountains.com,Madrid,46339
13943,AW00013943,Kelly,Bryant,M,,2009-11-27,kelly.bryant@hostinger.com,Delhi,55359
13944,AW00013944,Andrew,Moore,M,,2009-11-27,andrew.moore@papers.com,Rome,47424
13945,AW00013945,Yolanda,Luo,M,,2009-11-27,yolanda.luo@mouse.com,Berlin,41709
13946,AW00013946,Jason,Powell,M,,2009-11-27,jason.powell@winds.com,Bangkok,43888
13947,AW00013947,Megan,Hughes,M,,2009-11-27,megan.hughes@nappa.com,Rome,14433
13948,AW00013948,Susan,Ma,S,,2009-11-27,susan.ma@sticks.com,Tokyo,48433
13949,AW00013949,Dwayne,Ramos,M,,2009-11-27,dwayne.ramos@towels.com,Jakarta,43876
13950,AW00013950,Meredith,Hernandez,M,,2009-11-27,meredith.hernandez@papers.com,Delhi,55168
13951,AW00013951,Dylan,Hughes,S,,2009-11-27,dylan.hughes@mouse.com,Rome,36589
13952,AW00013952,Franklin,Ye,M,,2009-11-28,franklin.ye@circles.com,Seoul,21591
13953,AW00013953,Theresa,Munoz,M,,2009-11-28,theresa.munoz@cappo.com,Mumbai,45920
13954,AW00013954,Eddie,Ramos,M,,2009-11-28,eddie.ramos@fountains.com,Bangkok,55477
13955,AW00013955,Andres,Raji,M,,2009-11-28,andres.raji@sticks.com,Delhi,29225
13956,AW00013956,Dawn,Ma,S,,2009-11-28,dawn.ma@mouse.com,Singapore,10212
13957,AW00013957,Meredith,Munoz,S,,2009-11-28,meredith.munoz@sticks.com,Shanghai,13136
13958,AW00013958,Diane,Martin,M,,2009-11-28,diane.martin@mouse.com,Paris,27480
13959,AW00013959,Ebony,Carlson,M,,2009-11-28,ebony.carlson@towels.com,Seoul,30904
13960,AW00013960,Lacey,Kumar,S,,2009-11-28,lacey.kumar@hostinger.com,Paris,18636
13961,AW00013961,Shawna,Raji,M,,2009-11-28,shawna.raji@sticks.com,London,44298
13962,AW00013962,Dawn,Li,M,,2009-11-28,dawn.li@fountains.com,Jakarta,12104
13963,AW00013963,Veronica,Patel,M,,2009-11-29,veronica.patel@fountains.com,Delhi,33416
13964,AW00013964,Jasmine,Lewis,S,,2009-11-29,jasmine.lewis@towels.com,Rome,47245
13965,AW00013965,Barry,Sara,M,,2009-11-29,barry.sara@nappa.com,London,48508
13966,AW00013966,Darren,Dominguez,M,,2009-11-29,darren.dominguez@towels.com,Bangkok,52142
13967,AW00013967,Glenn,Zhang,S,,2009-11-29,glenn.zhang@hostinger.com,Singapore,47480
13968,AW00013968,Lydia,Sai,S,,2009-11-29,lydia.sai@sticks.com,Shanghai,16337
13969,AW00013969,Roy,Martinez,S,,2009-11-29,roy.martinez@fountains.com,Moscow,15676
13970,AW00013970,Pedro,Rana,S,,2009-11-29,pedro.rana@circles.com,Tokyo,44250
13971,AW00013971,Bianca,Zhao,S,,2009-11-29,bianca.zhao@hostinger.com,Istanbul,53523
13972,AW00013972,Eugene,Liang,S,,2009-11-30,eugene.liang@winds.com,Shanghai,58044
13973,AW00013973,Bethany,Shan,S,,2009-11-30,bethany.shan@towels.com,Rome,59196
13974,AW00013974,Tina,Chandra,M,,2009-11-30,tina.chandra@sticks.com,Istanbul,35778
13975,AW00013975,Johnny,Raje,S,,2009-11-30,johnny.raje@mouse.com,Paris,12455
13976,AW00013976,Emmanuel,Smith,M,,2009-11-30,emmanuel.smith@fountains.com,London,16920
13977,AW00013977,Alexandra,Brown,M,,2009-11-30,alexandra.brown@towels.com,Madrid,17052
13978,AW00013978,Zoe,Peterson,M,,2009-11-30,zoe.peterson@fountains.com,Delhi,23133
13979,AW00013979,Chloe,Jenkins,S,,2009-11-30,chloe.jenkins@circles.com,Singapore,17373
13980,AW00013980,Margaret,Liu,S,,2009-12-01,margaret.liu@nappa.com,Delhi,42978
13981,AW00013981,Joy,Carlson,M,,2009-12-01,joy.carlson@fountains.com,London,51932
13982,AW00013982,Clarence,Chander,M,,2009-12-01,clarence.chander@winds.com,Tokyo,38814
13983,AW00013983,Logan,Collins,M,,2009-12-01,logan.collins@cappo.com,Shanghai,10957
13984,AW00013984,Adrian,Richardson,S,,2009-12-01,adrian.richardson@circles.com,Tokyo,12768
13985,AW00013985,Alexis,Wood,M,,2009-12-01,alexis.wood@hostinger.com,Mumbai,31176
13986,AW00013986,Chloe,Anderson,M,,2009-12-01,chloe.anderson@fountains.com,Shanghai,37758
13987,AW00013987,Eduardo,Collins,S,,2009-12-01,eduardo.collins@mouse.com,Paris,13037
13988,AW00013988,Miguel,White,S,,2009-12-01,miguel.white@sticks.com,London,17945
13989,AW00013989,Chloe,Bradley,S,,2009-12-01,chloe.bradley@winds.com,Paris,10068
13990,AW00013990,Stephanie,Wood,S,,2009-12-01,stephanie.wood@fountains.com,London,30779
13991,AW00013991,Jack,Hayes,M,,2009-12-02,jack.hayes@sticks.com,Paris,40082
13992,AW00013992,Gregory,Xie,S,,2009-12-02,gregory.xie@fountains.com,Seoul,11405
13993,AW00013993,Zachary,Patterson,M,,2009-12-02,zachary.patterson@cappo.com,Seoul,33508
13994,AW00013994,Isaac,Cook,M,,2009-12-02,isaac.cook@cappo.com,Shanghai,46042
13995,AW00013995,Michele,Black,M,,2009-12-02,michele.black@nappa.com,Shanghai,34802
13996,AW00013996,Marie,Perez,M,,2009-12-02,marie.perez@cappo.com,Delhi,45580
13997,AW00013997,Raquel,Hernandez,M,,2009-12-02,raquel.hernandez@circles.com,Shanghai,15986
13998,AW00013998,Ethan,Martin,M,,2009-12-02,ethan.martin@mouse.com,Jakarta,57433
13999,AW00013999,Elijah,Gonzales,M,,2009-12-02,elijah.gonzales@hostinger.com,Singapore,59094
14000,AW00014000,Terry,Sharma,S,,2009-12-02,terry.sharma@winds.com,Berlin,45453
14001,AW00014001,Hunter,Hill,S,,2009-12-02,hunter.hill@hostinger.com,Singapore,10685
14002,AW00014002,Jacqueline,Reed,S,,2009-12-02,jacqueline.reed@papers.com,Madrid,53006
14003,AW00014003,Angel,Ramirez,S,,2009-12-03,angel.ramirez@nappa.com,Seoul,34436
14004,AW00014004,Caitlin,Kelly,M,,2009-12-03,caitlin.kelly@winds.com,Tokyo,44672
14005,AW00014005,Noah,Hughes,M,,2009-12-03,noah.hughes@circles.com,Seoul,19971
14006,AW00014006,Brianna,Walker,M,,2009-12-03,brianna.walker@sticks.com,Delhi,55853
14007,AW00014007,Rebekah,Garcia,M,,2009-12-03,rebekah.garcia@fountains.com,Madrid,36802
14008,AW00014008,Karen,Liu,M,,2009-12-03,karen.liu@nappa.com,Paris,31133
14009,AW00014009,Brandy,Prasad,M,,2009-12-03,brandy.prasad@cappo.com,Singapore,34565
14010,AW00014010,Thomas,Moore,M,,2009-12-04,thomas.moore@cappo.com,Seoul,45610
14011,AW00014011,Roger,Shen,S,,2009-12-04,roger.shen@towels.com,Shanghai,56144
14012,AW00014012,Eddie,Vazquez,M,,2009-12-04,eddie.vazquez@sticks.com,Singapore,26636
14013,AW00014013,Jimmy,Blanco,M,,2009-12-04,jimmy.blanco@cappo.com,Moscow,53236
14014,AW00014014,Leslie,Serrano,M,,2009-12-05,leslie.serrano@circles.com,Rome,57196
14015,AW00014015,Kurt,Lal,M,,2009-12-05,kurt.lal@circles.com,Seoul,20158
14016,AW00014016,Mary,Sandidge,M,,2009-12-05,mary.sandidge@mouse.com,Tokyo,34304
14017,AW00014017,Chloe,Rodriguez,S,,2009-12-05,chloe.rodriguez@mouse.com,Delhi,24530
14018,AW00014018,Nina,Rai,M,,2009-12-05,nina.rai@cappo.com,Berlin,36888
14019,AW00014019,Kathleen,Romero,M,,2009-12-05,kathleen.romero@nappa.com,Rome,30754
14020,AW00014020,Kristine,Dominguez,S,,2009-12-05,kristine.dominguez@sticks.com,Paris,43145
14021,AW00014021,Michelle,Richardson,S,,2009-12-05,michelle.richardson@hostinger.com,Jakarta,26336
14022,AW00014022,Taylor,Lee,S,,2009-12-05,taylor.lee@sticks.com,Berlin,29061
14023,AW00014023,Beth,Carlson,S,,2009-12-05,beth.carlson@sticks.com,Singapore,12436
14024,AW00014024,Hannah,Moore,S,,2009-12-06,hannah.moore@winds.com,Mumbai,19929
14025,AW00014025,Robert,Alexander,M,,2009-12-06,robert.alexander@circles.com,Shanghai,35630
14026,AW00014026,Chloe,Butler,S,,2009-12-06,chloe.butler@mouse.com,Paris,59525
14027,AW00014027,Carlos,Perez,M,,2009-12-06,carlos.perez@papers.com,Moscow,54093
14028,AW00014028,Patricia,Srini,S,,2009-12-06,patricia.srini@fountains.com,Shanghai,25419
14029,AW00014029,Christina,Morris,M,,2009-12-06,christina.morris@winds.com,Mumbai,40877
14030,AW00014030,Lawrence,Sanz,S,,2009-12-06,lawrence.sanz@circles.com,Rome,43629
14031,AW00014031,Ruben,Suarez,M,,2009-12-06,ruben.suarez@circles.com,Shanghai,44114
14032,AW00014032,Arthur,Chandra,M,,2009-12-06,arthur.chandra@mouse.com,Paris,34322
14033,AW00014033,Melinda,Torres,S,,2009-12-06,melinda.torres@papers.com,Seoul,13539
14034,AW00014034,Dennis,Liang,S,,2009-12-07,dennis.liang@towels.com,Shanghai,34457
14035,AW00014035,Hunter,Hughes,S,,2009-12-07,hunter.hughes@mouse.com,Jakarta,34209
14036,AW00014036,Amanda,Torres,M,,2009-12-07,amanda.torres@papers.com,Mumbai,29909
14037,AW00014037,Lydia,Sara,M,,2009-12-07,lydia.sara@winds.com,Mumbai,33539
14038,AW00014038,Madison,Foster,M,,2009-12-07,madison.foster@hostinger.com,Mumbai,15375
14039,AW00014039,Nathan,Wang,S,,2009-12-07,nathan.wang@hostinger.com,Paris,18942
14040,AW00014040,Stephanie,Morris,S,,2009-12-07,stephanie.morris@circles.com,Paris,15802
14041,AW00014041,Danielle,Bell,S,,2009-12-07,danielle.bell@mouse.com,Istanbul,19436
14042,AW00014042,Stephanie,Adams,M,,2009-12-07,stephanie.adams@fountains.com,London,50557
14043,AW00014043,Mary,Gonzalez,S,,2009-12-07,mary.gonzalez@towels.com,Singapore,30496
14044,AW00014044,Thomas,Wright,M,,2009-12-08,thomas.wright@papers.com,Tokyo,50178
14045,AW00014045,Tanya,Ramos,M,,2009-12-08,tanya.ramos@papers.com,Rome,19459
14046,AW00014046,Cheryl,Sanz,M,,2009-12-08,cheryl.sanz@cappo.com,Singapore,38344
14047,AW00014047,Linda,Alvarez,S,,2009-12-08,linda.alvarez@mouse.com,Berlin,59771
14048,AW00014048,Wyatt,Mitchell,M,,2009-12-08,wyatt.mitchell@cappo.com,Mumbai,18664
14049,AW00014049,Gina,Hernandez,M,,2009-12-09,gina.hernandez@nappa.com,Paris,36963
14050,AW00014050,Manuel,Lopez,S,,2009-12-09,manuel.lopez@cappo.com,Bangkok,18514
14051,AW00014051,Nathaniel,Rivera,S,,2009-12-09,nathaniel.rivera@nappa.com,Berlin,24883
14052,AW00014052,Jorge,Ma,S,,2009-12-09,jorge.ma@hostinger.com,Istanbul,52440
14053,AW00014053,Tamara,Huang,S,,2009-12-09,tamara.huang@sticks.com,Seoul,12295
14054,AW00014054,Reginald,Martin,M,,2009-12-09,reginald.martin@mouse.com,Mumbai,59976
14055,AW00014055,Alejandro,Kumar,M,,2009-12-09,alejandro.kumar@towels.com,Bangkok,32741
14056,AW00014056,Nelson,Sanz,M,,2009-12-09,nelson.sanz@fountains.com,London,10265
14057,AW00014057,Lance,Alonso,M,,2009-12-09,lance.alonso@circles.com,Jakarta,44118
14058,AW00014058,Johnny,Anand,S,,2009-12-09,johnny.anand@circles.com,London,46859
14059,AW00014059,Rodney,Ramos,M,,2009-12-09,rodney.ramos@cappo.com,Moscow,30976
14060,AW00014060,Cedric,Sharma,M,,2009-12-09,cedric.sharma@mouse.com,Paris,36621
14061,AW00014061,Naomi,Torres,M,,2009-12-10,naomi.torres@cappo.com,Seoul,33957
14062,AW00014062,Madison,Clark,S,,2009-12-10,madison.clark@winds.com,Tokyo,59053
14063,AW00014063,Patrick,Sands,S,,2009-12-10,patrick.sands@winds.com,Singapore,46023
14064,AW00014064,Stacey,Li,S,,2009-12-10,stacey.li@winds.com,Rome,50639
14065,AW00014065,Samuel,Diaz,S,,2009-12-10,samuel.diaz@cappo.com,Berlin,29163
14066,AW00014066,Melody,Jimenez,S,,2009-12-10,melody.jimenez@towels.com,Bangkok,39501
14067,AW00014067,Larry,Sanz,S,,2009-12-10,larry.sanz@towels.com,Tokyo,56792
14068,AW00014068,Brent,McDonald,M,,2009-12-11,brent.mcdonald@towels.com,Moscow,19425
14069,AW00014069,Joy,Serrano,M,,2009-12-11,joy.serrano@winds.com,Shanghai,17131
14070,AW00014070,Ricky,Alonso,S,,2009-12-11,ricky.alonso@winds.com,Shanghai,45005
14071,AW00014071,Jack,Li,S,,2009-12-11,jack.li@circles.com,Madrid,15890
14072,AW00014072,Allen,Smith,M,,2009-12-11,allen.smith@cappo.com,Seoul,56103
14073,AW00014073,Gabriel,Alexander,M,,2009-12-11,gabriel.alexander@mouse.com,Moscow,44134
14074,AW00014074,Barbara,Xu,M,,2009-12-11,barbara.xu@hostinger.com,Tokyo,48254
14075,AW00014075,Robert,Harris,S,,2009-12-11,robert.harris@hostinger.com,London,27662
14076,AW00014076,Justin,Ross,M,,2009-12-11,justin.ross@towels.com,Berlin,25904
14077,AW00014077,Bryan,Townsend,S,,2009-12-11,bryan.townsend@fountains.com,Jakarta,23301
14078,AW00014078,Ryan,Alexander,M,,2009-12-12,ryan.alexander@hostinger.com,London,58765
14079,AW00014079,Lauren,Price,S,,2009-12-12,lauren.price@nappa.com,Moscow,21583
14080,AW00014080,Cynthia,Srini,S,,2009-12-12,cynthia.srini@hostinger.com,Mumbai,38846
14081,AW00014081,Nicole,Butler,M,,2009-12-12,nicole.butler@towels.com,Jakarta,58564
14082,AW00014082,Johnny,Jai,S,,2009-12-12,johnny.jai@sticks.com,Istanbul,32057
14083,AW00014083,Nathan,Lopez,M,,2009-12-12,nathan.lopez@towels.com,Tokyo,32146
14084,AW00014084,Robert,Lal,S,,2009-12-13,robert.lal@winds.com,Delhi,25346
14085,AW00014085,Nathan,Garcia,M,,2009-12-13,nathan.garcia@hostinger.com,Rome,14037
14086,AW00014086,Maurice,Chander,M,,2009-12-13,maurice.chander@papers.com,Berlin,36890
14087,AW00014087,Harold,Garcia,S,,2009-12-13,harold.garcia@papers.com,Delhi,15992
14088,AW00014088,Alexandra,Lopez,S,,2009-12-13,alexandra.lopez@winds.com,Berlin,43441
14089,AW00014089,Kaitlyn,Gray,S,,2009-12-13,kaitlyn.gray@towels.com,Tokyo,51544
14090,AW00014090,Jennifer,Lewis,M,,2009-12-13,jennifer.lewis@winds.com,Moscow,44596
14091,AW00014091,Logan,Thomas,S,,2009-12-13,logan.thomas@hostinger.com,Seoul,58816
14092,AW00014092,Maurice,Nath,S,,2009-12-13,maurice.nath@cappo.com,Seoul,46014
14093,AW00014093,Jillian,Arthur,S,,2009-12-13,jillian.arthur@papers.com,Paris,46118
14094,AW00014094,Amanda,Russell,S,,2009-12-13,amanda.russell@mouse.com,Rome,52424
14095,AW00014095,Paige,Griffin,M,,2009-12-14,paige.griffin@sticks.com,Istanbul,23282
14096,AW00014096,Samuel,Green,S,,2009-12-14,samuel.green@papers.com,Paris,49713
14097,AW00014097,Johnathan,Srini,M,,2009-12-14,johnathan.srini@circles.com,Seoul,24934
14098,AW00014098,Allison,Lopez,M,,2009-12-14,allison.lopez@sticks.com,Seoul,34543
14099,AW00014099,Rafael,Lin,M,,2009-12-14,rafael.lin@cappo.com,Shanghai,19988
14100,AW00014100,Alisha,Xu,M,,2009-12-15,alisha.xu@papers.com,Moscow,30916
14101,AW00014101,Franklin,Lal,M,,2009-12-15,franklin.lal@circles.com,Jakarta,48324
14102,AW00014102,Lisa,Huang,S,,2009-12-15,lisa.huang@fountains.com,Shanghai,47158
14103,AW00014103,Monique,Blanco,S,,2009-12-15,monique.blanco@winds.com,Tokyo,42570
14104,AW00014104,Sydney,James,S,,2009-12-15,sydney.james@mouse.com,Madrid,49003
14105,AW00014105,Jackson,Zhang,S,,2009-12-15,jackson.zhang@papers.com,Moscow,27390
14106,AW00014106,Melissa,Hughes,S,,2009-12-15,melissa.hughes@nappa.com,Madrid,20503
14107,AW00014107,Alexandra,Garcia,S,,2009-12-15,alexandra.garcia@fountains.com,Paris,28474
14108,AW00014108,Thomas,Yang,S,,2009-12-15,thomas.yang@papers.com,Moscow,12946
14109,AW00014109,Aidan,Gonzales,M,,2009-12-15,aidan.gonzales@sticks.com,Jakarta,46184
14110,AW00014110,Dakota,Simmons,S,,2009-12-16,dakota.simmons@sticks.com,Bangkok,54844
14111,AW00014111,Michael,Anderson,S,,2009-12-16,michael.anderson@sticks.com,Tokyo,20866
14112,AW00014112,Charles,Sanchez,S,,2009-12-16,charles.sanchez@nappa.com,Jakarta,56083
14113,AW00014113,Natalie,Lopez,S,,2009-12-16,natalie.lopez@winds.com,Madrid,48039
14114,AW00014114,Chloe,Martin,M,,2009-12-16,chloe.martin@towels.com,Madrid,58263
14115,AW00014115,Samantha,Gonzales,S,,2009-12-17,samantha.gonzales@nappa.com,Seoul,44492
14116,AW00014116,Brianna,Torres,S,,2009-12-17,brianna.torres@winds.com,Singapore,11183
14117,AW00014117,Emma,Cook,S,,2009-12-17,emma.cook@hostinger.com,Istanbul,54015
14118,AW00014118,Elizabeth,Ross,S,,2009-12-17,elizabeth.ross@circles.com,Rome,18506
14119,AW00014119,Paige,Cooper,S,,2009-12-18,paige.cooper@sticks.com,London,37372
14120,AW00014120,Gabrielle,Cooper,M,,2009-12-18,gabrielle.cooper@fountains.com,Rome,44823
14121,AW00014121,Devon,Goel,S,,2009-12-18,devon.goel@winds.com,Bangkok,56374
14122,AW00014122,Kaitlyn,Miller,M,,2009-12-18,kaitlyn.miller@cappo.com,Seoul,33156
14123,AW00014123,Erick,Mehta,M,,2009-12-18,erick.mehta@towels.com,Delhi,50367
14124,AW00014124,Justin,Li,M,,2009-12-18,justin.li@cappo.com,Berlin,13771
14125,AW00014125,Shane,Gonzalez,S,,2009-12-19,shane.gonzalez@mouse.com,Tokyo,57285
14126,AW00014126,Andy,Dominguez,M,,2009-12-19,andy.dominguez@circles.com,London,27125
14127,AW00014127,Lacey,Zhang,M,,2009-12-19,lacey.zhang@nappa.com,Shanghai,51263
14128,AW00014128,Ian,Harris,S,,2009-12-19,ian.harris@papers.com,Berlin,14019
14129,AW00014129,Monica,Martinez,M,,2009-12-19,monica.martinez@sticks.com,Bangkok,34403
14130,AW00014130,Rebekah,Serrano,M,,2009-12-19,rebekah.serrano@papers.com,Bangkok,55688
14131,AW00014131,Javier,Navarro,M,,2009-12-19,javier.navarro@hostinger.com,Berlin,31968
14132,AW00014132,Brandon,Ross,S,,2009-12-19,brandon.ross@circles.com,Bangkok,12063
14133,AW00014133,Ricardo,Kumar,S,,2009-12-19,ricardo.kumar@hostinger.com,Bangkok,33292
14134,AW00014134,Cassandra,Fernandez,S,,2009-12-20,cassandra.fernandez@nappa.com,Delhi,20484
14135,AW00014135,Clayton,Xie,M,,2009-12-20,clayton.xie@mouse.com,Rome,44438
14136,AW00014136,Louis,She,M,,2009-12-20,louis.she@fountains.com,Shanghai,55234
14137,AW00014137,Joy,Ruiz,M,,2009-12-20,joy.ruiz@sticks.com,London,23831
14138,AW00014138,Vincent,He,S,,2009-12-20,vincent.he@fountains.com,Singapore,10945
14139,AW00014139,Meredith,Sai,M,,2009-12-20,meredith.sai@circles.com,Istanbul,33807
14140,AW00014140,Meagan,Sai,M,,2009-12-20,meagan.sai@circles.com,London,46722
14141,AW00014141,Ana,Bryant,S,,2009-12-20,ana.bryant@circles.com,Madrid,44856
14142,AW00014142,Damien,Zheng,M,,2009-12-20,damien.zheng@circles.com,Shanghai,39506
14143,AW00014143,Jill,Sandoval,S,,2009-12-20,jill.sandoval@mouse.com,Paris,41625
14144,AW00014144,Lee,Gutierrez,M,,2009-12-20,lee.gutierrez@sticks.com,Singapore,13770
14145,AW00014145,Jessie,Ye,S,,2009-12-20,jessie.ye@sticks.com,Berlin,45660
14146,AW00014146,Toni,Sara,M,,2009-12-21,toni.sara@hostinger.com,Delhi,21518
14147,AW00014147,Marcus,Rivera,M,,2009-12-22,marcus.rivera@hostinger.com,Bangkok,40816
14148,AW00014148,Shaun,Sharma,M,,2009-12-22,shaun.sharma@circles.com,Madrid,25896
14149,AW00014149,Donald,Srini,M,,2009-12-22,donald.srini@mouse.com,Singapore,21709
14150,AW00014150,Billy,Munoz,M,,2009-12-22,billy.munoz@fountains.com,Rome,59496
14151,AW00014151,Marie,Martin,S,,2009-12-22,marie.martin@fountains.com,Delhi,54031
14152,AW00014152,Luke,Turner,S,,2009-12-22,luke.turner@nappa.com,Bangkok,32788
14153,AW00014153,Dylan,Lewis,S,,2009-12-23,dylan.lewis@fountains.com,Madrid,14960
14154,AW00014154,Willie,Gao,M,,2009-12-23,willie.gao@fountains.com,Delhi,51141
14155,AW00014155,Olivia,Morris,M,,2009-12-23,olivia.morris@hostinger.com,Rome,55332
14156,AW00014156,Preston,Gonzalez,S,,2009-12-23,preston.gonzalez@circles.com,Berlin,22446
14157,AW00014157,Willie,Xu,S,,2009-12-23,willie.xu@cappo.com,Istanbul,29637
14158,AW00014158,Craig,Moreno,S,,2009-12-23,craig.moreno@towels.com,London,59974
14159,AW00014159,Jay,Malhotra,S,,2009-12-23,jay.malhotra@papers.com,Istanbul,37013
14160,AW00014160,Brittney,Hu,M,,2009-12-23,brittney.hu@papers.com,London,45326
14161,AW00014161,Claudia,Li,S,,2009-12-23,claudia.li@circles.com,Delhi,59347
14162,AW00014162,Brett,Garcia,M,,2009-12-23,brett.garcia@towels.com,Mumbai,48235
14163,AW00014163,Ebony,Garcia,M,,2009-12-23,ebony.garcia@cappo.com,Shanghai,26762
14164,AW00014164,Kari,Smith,S,,2009-12-24,kari.smith@sticks.com,Madrid,23163
14165,AW00014165,Natalie,Gray,S,,2009-12-24,natalie.gray@cappo.com,Berlin,38974
14166,AW00014166,Elizabeth,Jenkins,M,,2009-12-24,elizabeth.jenkins@papers.com,Mumbai,53697
14167,AW00014167,Pamela,Subram,S,,2009-12-24,pamela.subram@sticks.com,London,51143
14168,AW00014168,Edwin,Guo,M,,2009-12-24,edwin.guo@fountains.com,Jakarta,27290
14169,AW00014169,Carmen,Martinez,S,,2009-12-24,carmen.martinez@fountains.com,Berlin,22560
14170,AW00014170,Rebekah,Moreno,S,,2009-12-24,rebekah.moreno@papers.com,Shanghai,44318
14171,AW00014171,Michele,Lal,S,,2009-12-24,michele.lal@hostinger.com,Tokyo,44490
14172,AW00014172,Carla,Garcia,S,,2009-12-24,carla.garcia@towels.com,Berlin,48517
14173,AW00014173,Tonya,Shan,M,,2009-12-24,tonya.shan@circles.com,Istanbul,48004
14174,AW00014174,Alberto,Diaz,M,,2009-12-24,alberto.diaz@cappo.com,Moscow,54406
14175,AW00014175,Cynthia,Mehta,M,,2009-12-24,cynthia.mehta@mouse.com,Delhi,19313
14176,AW00014176,Mindy,Rai,M,,2009-12-24,mindy.rai@circles.com,Singapore,39138
14177,AW00014177,Kenneth,Nara,M,,2009-12-24,kenneth.nara@sticks.com,Singapore,45018
14178,AW00014178,Katie,Raje,S,,2009-12-25,katie.raje@winds.com,Paris,32898
14179,AW00014179,Claudia,Xu,S,,2009-12-25,claudia.xu@circles.com,Berlin,30631
14180,AW00014180,Henry,Patel,M,,2009-12-25,henry.patel@towels.com,Shanghai,15135
14181,AW00014181,Adriana,Chandra,M,,2009-12-25,adriana.chandra@nappa.com,Mumbai,18194
14182,AW00014182,Steve,Lin,M,,2009-12-25,steve.lin@circles.com,Mumbai,29360
14183,AW00014183,Robyn,Carlson,S,,2009-12-25,robyn.carlson@nappa.com,Rome,21174
14184,AW00014184,Caleb,Jenkins,M,,2009-12-25,caleb.jenkins@cappo.com,Shanghai,27121
14185,AW00014185,Frank,Vazquez,S,,2009-12-25,frank.vazquez@sticks.com,Shanghai,55422
14186,AW00014186,Katrina,Tang,M,,2009-12-25,katrina.tang@fountains.com,Rome,41918
14187,AW00014187,Eugene,Lu,M,,2009-12-25,eugene.lu@sticks.com,Shanghai,28092
14188,AW00014188,Meagan,Sanchez,M,,2009-12-25,meagan.sanchez@winds.com,Moscow,59332
14189,AW00014189,Krista,Martin,M,,2009-12-26,krista.martin@fountains.com,Seoul,39240
14190,AW00014190,Candace,Patel,M,,2009-12-26,candace.patel@towels.com,Tokyo,59205
14191,AW00014191,Derrick,Martin,M,,2009-12-26,derrick.martin@nappa.com,Istanbul,18496
14192,AW00014192,Ronald,Kapoor,M,,2009-12-26,ronald.kapoor@cappo.com,Mumbai,31987
14193,AW00014193,Pamela,Vance,S,,2009-12-26,pamela.vance@fountains.com,Istanbul,52777
14194,AW00014194,Cassie,Rai,M,,2009-12-26,cassie.rai@fountains.com,Istanbul,28114
14195,AW00014195,Clinton,Blanco,S,,2009-12-26,clinton.blanco@hostinger.com,Delhi,38970
14196,AW00014196,Felicia,Dominguez,M,,2009-12-26,felicia.dominguez@sticks.com,Shanghai,13436
14197,AW00014197,Frank,Gill,M,,2009-12-26,frank.gill@towels.com,Mumbai,40327
14198,AW00014198,Daisy,Romero,M,,2009-12-27,daisy.romero@circles.com,Istanbul,11620
14199,AW00014199,Samuel,Anderson,M,,2009-12-27,samuel.anderson@towels.com,Seoul,53101
14200,AW00014200,Colleen,Goel,M,,2009-12-27,colleen.goel@nappa.com,Jakarta,46003
14201,AW00014201,Marie,Serrano,M,,2009-12-27,marie.serrano@towels.com,Seoul,40610
14202,AW00014202,Clayton,Zeng,S,,2009-12-27,clayton.zeng@nappa.com,Singapore,44663
14203,AW00014203,Seth,Rodriguez,S,,2009-12-27,seth.rodriguez@winds.com,Rome,57098
14204,AW00014204,Chelsea,Sara,M,,2009-12-27,chelsea.sara@mouse.com,Singapore,41236
14205,AW00014205,Wesley,Wu,S,,2009-12-27,wesley.wu@fountains.com,Rome,25165
14206,AW00014206,Edwin,West,M,,2009-12-27,edwin.west@winds.com,Delhi,19477
14207,AW00014207,José,Saraiva,M,,2009-12-28,josé.saraiva@winds.com,Madrid,33581
14208,AW00014208,Eugene,Xu,S,,2009-12-28,eugene.xu@mouse.com,Delhi,27743
14209,AW00014209,Craig,Ramos,M,,2009-12-28,craig.ramos@papers.com,Seoul,26826
14210,AW00014210,Jenny,Tang,M,,2009-12-28,jenny.tang@circles.com,Delhi,12451
14211,AW00014211,Emma,Bradley,S,,2009-12-28,emma.bradley@circles.com,Rome,35023
14212,AW00014212,Erick,Madan,S,,2009-12-28,erick.madan@towels.com,Seoul,21854
14213,AW00014213,Autumn,Guo,M,,2009-12-28,autumn.guo@towels.com,Mumbai,42602
14214,AW00014214,Robyn,Munoz,S,,2009-12-29,robyn.munoz@papers.com,Jakarta,44874
14215,AW00014215,Stacey,Yang,S,,2009-12-29,stacey.yang@nappa.com,Jakarta,16219
14216,AW00014216,Edwin,Zheng,S,,2009-12-29,edwin.zheng@hostinger.com,Paris,27234
14217,AW00014217,Terrance,Lopez,S,,2009-12-29,terrance.lopez@towels.com,Madrid,32931
14218,AW00014218,Karl,Kumar,S,,2009-12-29,karl.kumar@fountains.com,Tokyo,34995
14219,AW00014219,Christy,Ye,S,,2009-12-29,christy.ye@mouse.com,Tokyo,32794
14220,AW00014220,Latasha,Romero,M,,2009-12-29,latasha.romero@nappa.com,Bangkok,50958
14221,AW00014221,Glenn,Zhao,S,,2009-12-29,glenn.zhao@mouse.com,Istanbul,57386
14222,AW00014222,Dawn,Zhang,S,,2009-12-29,dawn.zhang@papers.com,Singapore,35948
14223,AW00014223,Larry,Rubio,M,,2009-12-29,larry.rubio@sticks.com,Seoul,33542
14224,AW00014224,Tamara,She,S,,2009-12-29,tamara.she@circles.com,Singapore,24355
14225,AW00014225,Alisha,Chen,M,,2009-12-30,alisha.chen@papers.com,Madrid,56617
14226,AW00014226,Heidi,Mehta,S,,2009-12-30,heidi.mehta@circles.com,Jakarta,43569
14227,AW00014227,Alison,Xu,M,,2009-12-30,alison.xu@circles.com,Jakarta,28082
14228,AW00014228,Arturo,Raje,S,,2009-12-30,arturo.raje@circles.com,Moscow,46305
14229,AW00014229,Allen,Perez,S,,2009-12-30,allen.perez@circles.com,Madrid,45415
14230,AW00014230,Luis,Coleman,S,,2009-12-31,luis.coleman@sticks.com,Istanbul,31308
14231,AW00014231,Kari,Sai,M,,2009-12-31,kari.sai@mouse.com,Paris,16554
14232,AW00014232,Omar,Huang,M,,2009-12-31,omar.huang@fountains.com,Bangkok,11626
14233,AW00014233,Ricardo,She,S,,2009-12-31,ricardo.she@hostinger.com,Moscow,42123
14234,AW00014234,Gina,Romero,S,,2010-01-01,gina.romero@hostinger.com,London,41055
14235,AW00014235,Larry,Alvarez,M,,2010-01-01,larry.alvarez@cappo.com,Tokyo,23073
14236,AW00014236,Abigail,Richardson,M,,2010-01-01,abigail.richardson@papers.com,Bangkok,55555
14237,AW00014237,Kate,Andersen,M,,2010-01-01,kate.andersen@fountains.com,Istanbul,34597
14238,AW00014238,Jay,Gonzalez,M,,2010-01-01,jay.gonzalez@circles.com,Shanghai,41682
14239,AW00014239,Maria,Peterson,M,,2010-01-01,maria.peterson@winds.com,Madrid,21936
14240,AW00014240,Caroline,Foster,M,,2010-01-01,caroline.foster@nappa.com,Mumbai,21533
14241,AW00014241,Grace,Wood,M,,2010-01-01,grace.wood@mouse.com,Shanghai,47851
14242,AW00014242,Rafael,Ye,M,,2010-01-01,rafael.ye@fountains.com,Jakarta,53837
14243,AW00014243,Gregory,Winston,S,,2010-01-01,gregory.winston@winds.com,Mumbai,18524
14244,AW00014244,Jennifer,Griffin,M,,2010-01-01,jennifer.griffin@hostinger.com,Singapore,36135
14245,AW00014245,Ana,Russell,M,,2010-01-02,ana.russell@sticks.com,Mumbai,15535
14246,AW00014246,Devin,Garcia,S,,2010-01-02,devin.garcia@circles.com,London,16170
14247,AW00014247,Hunter,Allen,M,,2010-01-02,hunter.allen@winds.com,Rome,50801
14248,AW00014248,Misty,Tang,M,,2010-01-02,misty.tang@nappa.com,Rome,58667
14249,AW00014249,Eduardo,Thomas,M,,2010-01-02,eduardo.thomas@hostinger.com,Madrid,18629
14250,AW00014250,Adam,Collins,S,,2010-01-02,adam.collins@circles.com,Moscow,51275
14251,AW00014251,Alex,Brooks,M,,2010-01-03,alex.brooks@winds.com,Tokyo,19469
14252,AW00014252,Destiny,Cook,M,,2010-01-03,destiny.cook@sticks.com,Bangkok,25903
14253,AW00014253,Eduardo,Scott,S,,2010-01-03,eduardo.scott@towels.com,Paris,42040
14254,AW00014254,Tabitha,Gill,M,,2010-01-03,tabitha.gill@towels.com,Istanbul,59310
14255,AW00014255,Jonathan,Jackson,S,,2010-01-03,jonathan.jackson@papers.com,Seoul,21228
14256,AW00014256,Elizabeth,Robinson,S,,2010-01-04,elizabeth.robinson@towels.com,Delhi,32372
14257,AW00014257,James,Carter,M,,2010-01-04,james.carter@circles.com,London,25206
14258,AW00014258,Haley,Foster,S,,2010-01-04,haley.foster@mouse.com,London,40593
14259,AW00014259,Antonio,Flores,S,,2010-01-04,antonio.flores@towels.com,Shanghai,27383
14260,AW00014260,Frank,Ruiz,S,,2010-01-04,frank.ruiz@circles.com,Shanghai,32073
14261,AW00014261,Meredith,Subram,S,,2010-01-04,meredith.subram@cappo.com,Moscow,44949
14262,AW00014262,Jon,He,M,,2010-01-04,jon.he@cappo.com,Paris,12991
14263,AW00014263,Nina,Lal,S,,2010-01-04,nina.lal@towels.com,Moscow,39071
14264,AW00014264,Karl,Lal,S,,2010-01-04,karl.lal@mouse.com,Shanghai,20360
14265,AW00014265,Garrett,Bell,S,,2010-01-04,garrett.bell@sticks.com,Madrid,11456
14266,AW00014266,Cory,Patel,M,,2010-01-04,cory.patel@papers.com,London,40897
14267,AW00014267,Lauren,Wood,S,,2010-01-05,lauren.wood@cappo.com,Istanbul,12139
14268,AW00014268,Isabella,Roberts,S,,2010-01-05,isabella.roberts@towels.com,Tokyo,25407
14269,AW00014269,Tony,She,M,,2010-01-05,tony.she@cappo.com,Rome,14302
14270,AW00014270,James,Ross,S,,2010-01-06,james.ross@cappo.com,Istanbul,22528
14271,AW00014271,Lucas,Wright,M,,2010-01-06,lucas.wright@winds.com,Shanghai,11499
14272,AW00014272,Sydney,Ward,S,,2010-01-06,sydney.ward@sticks.com,Seoul,24574
14273,AW00014273,Angel,Parker,S,,2010-01-06,angel.parker@hostinger.com,Tokyo,25452
14274,AW00014274,Edward,Williams,M,,2010-01-06,edward.williams@fountains.com,Rome,35242
14275,AW00014275,Arthur,Prasad,S,,2010-01-07,arthur.prasad@papers.com,Singapore,10603
14276,AW00014276,Melody,Suarez,S,,2010-01-07,melody.suarez@circles.com,Tokyo,37412
14277,AW00014277,Jerry,She,S,,2010-01-07,jerry.she@cappo.com,Singapore,48415
14278,AW00014278,Olivia,Sanchez,M,,2010-01-07,olivia.sanchez@cappo.com,Tokyo,42041
14279,AW00014279,Taylor,Barnes,M,,2010-01-07,taylor.barnes@mouse.com,Jakarta,51561
14280,AW00014280,Isaac,Oliver,S,,2010-01-08,isaac.oliver@towels.com,Tokyo,59240
14281,AW00014281,Daniel,Wilson,S,,2010-01-08,daniel.wilson@circles.com,Moscow,12579
14282,AW00014282,Brianna,Lewis,S,,2010-01-08,brianna.lewis@winds.com,Madrid,40391
14283,AW00014283,Seth,Simmons,S,,2010-01-08,seth.simmons@fountains.com,Tokyo,56596
14284,AW00014284,Wyatt,Anderson,S,,2010-01-08,wyatt.anderson@cappo.com,Seoul,11466
14285,AW00014285,Taylor,Hughes,S,,2010-01-08,taylor.hughes@sticks.com,Jakarta,13150
14286,AW00014286,Kristine,Hernandez,M,,2010-01-08,kristine.hernandez@papers.com,Seoul,54457
14287,AW00014287,Derek,Xie,S,,2010-01-09,derek.xie@nappa.com,Jakarta,45746
14288,AW00014288,Christina,Ramirez,S,,2010-01-09,christina.ramirez@fountains.com,Singapore,13629
14289,AW00014289,Jessica,Martinez,S,,2010-01-09,jessica.martinez@fountains.com,Berlin,40642
14290,AW00014290,Jonathan,Wilson,S,,2010-01-09,jonathan.wilson@winds.com,Seoul,32482
14291,AW00014291,Tyler,White,S,,2010-01-10,tyler.white@towels.com,Rome,24416
14292,AW00014292,Isabella,Ross,S,,2010-01-10,isabella.ross@cappo.com,Delhi,57084
14293,AW00014293,Kyle,Campbell,M,,2010-01-10,kyle.campbell@mouse.com,Delhi,53245
14294,AW00014294,Steven,Gray,M,,2010-01-10,steven.gray@circles.com,Seoul,25318
14295,AW00014295,Hannah,Thomas,S,,2010-01-10,hannah.thomas@cappo.com,Jakarta,11327
14296,AW00014296,Benjamin,Russell,M,,2010-01-10,benjamin.russell@mouse.com,Moscow,39943
14297,AW00014297,Kristin,Raji,M,,2010-01-11,kristin.raji@fountains.com,Madrid,45863
14298,AW00014298,Kaitlyn,Jenkins,M,,2010-01-11,kaitlyn.jenkins@cappo.com,Madrid,40947
14299,AW00014299,Jermaine,Chandra,M,,2010-01-11,jermaine.chandra@circles.com,Bangkok,28690
14300,AW00014300,Colin,He,S,,2010-01-11,colin.he@circles.com,Tokyo,44907
14301,AW00014301,Ruben,Vazquez,M,,2010-01-11,ruben.vazquez@circles.com,Rome,24838
14302,AW00014302,April,Beck,S,,2010-01-11,april.beck@mouse.com,Shanghai,39796
14303,AW00014303,Briana,Ramos,M,,2010-01-11,briana.ramos@hostinger.com,Singapore,36055
14304,AW00014304,Jacquelyn,Jimenez,M,,2010-01-11,jacquelyn.jimenez@winds.com,Madrid,53945
14305,AW00014305,Brendan,Shen,M,,2010-01-11,brendan.shen@circles.com,Paris,43765
14306,AW00014306,Byron,Ramos,M,,2010-01-12,byron.ramos@mouse.com,Delhi,14941
14307,AW00014307,Ross,Perez,M,,2010-01-12,ross.perez@cappo.com,Berlin,51670
14308,AW00014308,Marie,Ramos,S,,2010-01-12,marie.ramos@hostinger.com,Rome,53959
14309,AW00014309,Orlando,Sanz,S,,2010-01-12,orlando.sanz@winds.com,Jakarta,43711
14310,AW00014310,Jon,Zeng,S,,2010-01-12,jon.zeng@cappo.com,Shanghai,57253
14311,AW00014311,Erik,Alvarez,S,,2010-01-12,erik.alvarez@winds.com,Jakarta,28060
14312,AW00014312,Claudia,Lin,M,,2010-01-12,claudia.lin@mouse.com,Shanghai,48446
14313,AW00014313,Christian,Smith,M,,2010-01-12,christian.smith@hostinger.com,Moscow,14291
14314,AW00014314,Katherine,Cooper,M,,2010-01-12,katherine.cooper@winds.com,Istanbul,41612
14315,AW00014315,Carl,Chander,S,,2010-01-12,carl.chander@winds.com,Berlin,53823
14316,AW00014316,Leonard,Anand,M,,2010-01-12,leonard.anand@winds.com,Singapore,44675
14317,AW00014317,Steve,Liang,S,,2010-01-12,steve.liang@circles.com,Madrid,18582
14318,AW00014318,Seth,Rogers,M,,2010-01-12,seth.rogers@nappa.com,Berlin,50549
14319,AW00014319,Renee,Sanz,M,,2010-01-12,renee.sanz@nappa.com,Moscow,28240
14320,AW00014320,Amy,Hu,M,,2010-01-13,amy.hu@mouse.com,Shanghai,58590
14321,AW00014321,Jackson,Evans,M,,2010-01-13,jackson.evans@circles.com,Rome,40524
14322,AW00014322,Sydney,Thomas,S,,2010-01-13,sydney.thomas@fountains.com,Seoul,54240
14323,AW00014323,Colin,Tang,S,,2010-01-13,colin.tang@hostinger.com,Moscow,51415
14324,AW00014324,Jessie,Alvarez,S,,2010-01-13,jessie.alvarez@circles.com,Delhi,33553
14325,AW00014325,Crystal,Li,S,,2010-01-13,crystal.li@hostinger.com,Moscow,57307
14326,AW00014326,Joe,Perez,S,,2010-01-13,joe.perez@nappa.com,Moscow,17997
14327,AW00014327,Kyle,Butler,S,,2010-01-13,kyle.butler@towels.com,Rome,28063
14328,AW00014328,Andrea,Rogers,S,,2010-01-14,andrea.rogers@hostinger.com,Tokyo,36416
14329,AW00014329,Holly,Sanchez,S,,2010-01-14,holly.sanchez@towels.com,Bangkok,58992
14330,AW00014330,Matthew,Harris,M,,2010-01-14,matthew.harris@sticks.com,Moscow,54157
14331,AW00014331,Timothy,Murphy,S,,2010-01-14,timothy.murphy@fountains.com,Berlin,51636
14332,AW00014332,Jade,Rogers,S,,2010-01-14,jade.rogers@hostinger.com,Moscow,20968
14333,AW00014333,Bobby,Suri,S,,2010-01-15,bobby.suri@cappo.com,Madrid,45242
14334,AW00014334,Patrick,Murphy,M,,2010-01-15,patrick.murphy@fountains.com,Madrid,32655
14335,AW00014335,Allison,Cox,M,,2010-01-15,allison.cox@cappo.com,Rome,15107
14336,AW00014336,Gabriel,Baker,M,,2010-01-15,gabriel.baker@sticks.com,Tokyo,46778
14337,AW00014337,Olivia,Coleman,S,,2010-01-15,olivia.coleman@fountains.com,Rome,11471
14338,AW00014338,Natalie,Taylor,M,,2010-01-15,natalie.taylor@hostinger.com,Singapore,32055
14339,AW00014339,Brandy,Suri,S,,2010-01-15,brandy.suri@mouse.com,London,17562
14340,AW00014340,Miranda,Butler,S,,2010-01-15,miranda.butler@sticks.com,London,41610
14341,AW00014341,Sean,Sanders,M,,2010-01-15,sean.sanders@circles.com,Istanbul,46002
14342,AW00014342,Beth,Ruiz,S,,2010-01-15,beth.ruiz@winds.com,Istanbul,10683
14343,AW00014343,Xavier,Turner,M,,2010-01-15,xavier.turner@mouse.com,Berlin,40806
14344,AW00014344,Kurt,Xie,S,,2010-01-15,kurt.xie@papers.com,Tokyo,22233
14345,AW00014345,Kristi,Rodriguez,M,,2010-01-16,kristi.rodriguez@towels.com,Delhi,57940
14346,AW00014346,Evelyn,Perez,S,,2010-01-16,evelyn.perez@winds.com,Istanbul,19540
14347,AW00014347,Tara,Goel,S,,2010-01-16,tara.goel@papers.com,Istanbul,30593
14348,AW00014348,Alex,Scott,M,,2010-01-16,alex.scott@cappo.com,Singapore,32308
14349,AW00014349,Nicole,Griffin,M,,2010-01-16,nicole.griffin@sticks.com,Moscow,48534
14350,AW00014350,Emily,Moore,S,,2010-01-16,emily.moore@nappa.com,Bangkok,50615
14351,AW00014351,Riley,Gray,S,,2010-01-16,riley.gray@cappo.com,Rome,45086
14352,AW00014352,Melissa,Butler,S,,2010-01-16,melissa.butler@hostinger.com,Bangkok,34771
14353,AW00014353,Erin,Reed,S,,2010-01-16,erin.reed@nappa.com,London,34021
14354,AW00014354,Seth,Green,S,,2010-01-16,seth.green@fountains.com,Singapore,43545
14355,AW00014355,Ian,King,M,,2010-01-16,ian.king@circles.com,Berlin,30049
14356,AW00014356,Isabella,Baker,S,,2010-01-17,isabella.baker@hostinger.com,Paris,44993
14357,AW00014357,Dalton,Collins,M,,2010-01-17,dalton.collins@mouse.com,Rome,48173
14358,AW00014358,Amanda,Watson,M,,2010-01-17,amanda.watson@mouse.com,Tokyo,23324
14359,AW00014359,Eduardo,Henderson,M,,2010-01-17,eduardo.henderson@towels.com,Seoul,51447
14360,AW00014360,Samantha,Patterson,S,,2010-01-17,samantha.patterson@sticks.com,Bangkok,29893
14361,AW00014361,Franklin,Raje,M,,2010-01-17,franklin.raje@fountains.com,Istanbul,32553
14362,AW00014362,Roberto,Gill,S,,2010-01-17,roberto.gill@hostinger.com,Paris,44756
14363,AW00014363,Natalie,Long,S,,2010-01-17,natalie.long@papers.com,Madrid,43109
14364,AW00014364,Mario,Rai,M,,2010-01-18,mario.rai@papers.com,Seoul,23374
14365,AW00014365,Evan,Ward,M,,2010-01-18,evan.ward@hostinger.com,Moscow,40302
14366,AW00014366,Anna,Brooks,S,,2010-01-18,anna.brooks@nappa.com,Rome,31644
14367,AW00014367,Courtney,Green,S,,2010-01-18,courtney.green@nappa.com,Moscow,24619
14368,AW00014368,Richard,Thompson,M,,2010-01-18,richard.thompson@sticks.com,Madrid,36983
14369,AW00014369,Devin,Sanchez,M,,2010-01-18,devin.sanchez@winds.com,Istanbul,44776
14370,AW00014370,Meghan,Dominguez,M,,2010-01-18,meghan.dominguez@towels.com,Singapore,40961
14371,AW00014371,Jeremiah,Lewis,M,,2010-01-18,jeremiah.lewis@sticks.com,Shanghai,49911
14372,AW00014372,Kaitlyn,Washington,M,,2010-01-19,kaitlyn.washington@cappo.com,Berlin,49406
14373,AW00014373,Ricardo,Jai,M,,2010-01-19,ricardo.jai@circles.com,Bangkok,14619
14374,AW00014374,David,Yang,M,,2010-01-19,david.yang@nappa.com,Paris,18625
14375,AW00014375,Alexandra,Moore,M,,2010-01-19,alexandra.moore@winds.com,Mumbai,50726
14376,AW00014376,Faith,Torres,S,,2010-01-19,faith.torres@winds.com,Jakarta,51146
14377,AW00014377,Paula,Ruiz,S,,2010-01-19,paula.ruiz@mouse.com,Paris,10247
14378,AW00014378,Cory,Mehta,S,,2010-01-19,cory.mehta@mouse.com,Delhi,56368
14379,AW00014379,Richard,Foster,M,,2010-01-19,richard.foster@circles.com,Mumbai,11850
14380,AW00014380,Kaylee,Watson,M,,2010-01-19,kaylee.watson@nappa.com,Madrid,28739
14381,AW00014381,Alexa,Cooper,S,,2010-01-20,alexa.cooper@winds.com,Delhi,49920
14382,AW00014382,Darren,Blanco,S,,2010-01-20,darren.blanco@sticks.com,Singapore,17036
14383,AW00014383,Marvin,Ferrier,M,,2010-01-20,marvin.ferrier@fountains.com,Berlin,19558
14384,AW00014384,Rachel,Miller,M,,2010-01-20,rachel.miller@circles.com,Delhi,45424
14385,AW00014385,Maria,Hall,M,,2010-01-20,maria.hall@fountains.com,Singapore,28270
14386,AW00014386,Marissa,Wood,S,,2010-01-20,marissa.wood@mouse.com,Mumbai,37721
14387,AW00014387,Brittany,Hughes,M,,2010-01-21,brittany.hughes@papers.com,Bangkok,55584
14388,AW00014388,Kaylee,Rogers,M,,2010-01-21,kaylee.rogers@nappa.com,Seoul,31777
14389,AW00014389,Ryan,Harris,M,,2010-01-21,ryan.harris@circles.com,Istanbul,33901
14390,AW00014390,Logan,Kumar,M,,2010-01-21,logan.kumar@papers.com,Paris,23425
14391,AW00014391,Jason,Long,M,,2010-01-21,jason.long@papers.com,Madrid,41358
14392,AW00014392,Justin,Jackson,M,,2010-01-21,justin.jackson@fountains.com,Mumbai,34369
14393,AW00014393,José,Perez,S,,2010-01-21,josé.perez@cappo.com,Bangkok,12590
14394,AW00014394,Jacob,Rodriguez,M,,2010-01-22,jacob.rodriguez@towels.com,Shanghai,50877
14395,AW00014395,Devin,Reed,S,,2010-01-22,devin.reed@fountains.com,Paris,59497
14396,AW00014396,Zoe,Sanchez,S,,2010-01-22,zoe.sanchez@circles.com,Delhi,52072
14397,AW00014397,Sierra,Edwards,S,,2010-01-22,sierra.edwards@fountains.com,Singapore,12013
14398,AW00014398,James,Anderson,M,,2010-01-22,james.anderson@circles.com,Istanbul,26402
14399,AW00014399,Jeremy,Peterson,S,,2010-01-23,jeremy.peterson@fountains.com,Istanbul,23149
14400,AW00014400,Brandon,Brown,S,,2010-01-23,brandon.brown@hostinger.com,Shanghai,15901
14401,AW00014401,Jose,Kumar,M,,2010-01-23,jose.kumar@winds.com,Madrid,42141
14402,AW00014402,Hailey,Parker,S,,2010-01-23,hailey.parker@circles.com,Jakarta,46704
14403,AW00014403,Angelica,Russell,S,,2010-01-23,angelica.russell@sticks.com,Rome,32653
14404,AW00014404,Rachel,Davis,S,,2010-01-23,rachel.davis@circles.com,Berlin,37343
14405,AW00014405,Dylan,Walker,M,,2010-01-23,dylan.walker@towels.com,Bangkok,29797
14406,AW00014406,Carrie,Schmidt,M,,2010-01-23,carrie.schmidt@circles.com,Berlin,57136
14407,AW00014407,Thomas,Bryant,M,,2010-01-23,thomas.bryant@nappa.com,Istanbul,55829
14408,AW00014408,Jasmine,Cook,S,,2010-01-24,jasmine.cook@fountains.com,Berlin,43577
14409,AW00014409,Eric,Wang,M,,2010-01-24,eric.wang@circles.com,Rome,45006
14410,AW00014410,Arianna,Brooks,M,,2010-01-24,arianna.brooks@nappa.com,Jakarta,44080
14411,AW00014411,Ashley,Johnson,S,,2010-01-24,ashley.johnson@winds.com,Rome,15695
14412,AW00014412,Nicole,Blue,S,,2010-01-25,nicole.blue@circles.com,Berlin,28410
14413,AW00014413,Rachel,Patterson,M,,2010-01-25,rachel.patterson@sticks.com,Tokyo,50470
14414,AW00014414,Rachel,Wilson,M,,2010-01-25,rachel.wilson@sticks.com,Bangkok,56154
14415,AW00014415,William,Davis,M,,2010-01-25,william.davis@mouse.com,Rome,18631
14416,AW00014416,Madison,Flores,M,,2010-01-25,madison.flores@nappa.com,Tokyo,17186
14417,AW00014417,Ernest,Lu,S,,2010-01-26,ernest.lu@hostinger.com,Seoul,47281
14418,AW00014418,Rebecca,Young,M,,2010-01-26,rebecca.young@cappo.com,Rome,40115
14419,AW00014419,Abigail,Ward,M,,2010-01-26,abigail.ward@winds.com,Istanbul,44626
14420,AW00014420,Chloe,Wright,S,,2010-01-26,chloe.wright@winds.com,Istanbul,38282
14421,AW00014421,Hannah,Barnes,M,,2010-01-26,hannah.barnes@mouse.com,Tokyo,36329
14422,AW00014422,Cara,Lu,S,,2010-01-26,cara.lu@circles.com,Madrid,56035
14423,AW00014423,Jill,Ruiz,M,,2010-01-26,jill.ruiz@papers.com,Jakarta,27105
14424,AW00014424,Stefanie,Raman,S,,2010-01-26,stefanie.raman@cappo.com,Seoul,18212
14425,AW00014425,Victor,Carlson,M,,2010-01-26,victor.carlson@towels.com,Moscow,18014
14426,AW00014426,Madison,Hughes,M,,2010-01-26,madison.hughes@nappa.com,Bangkok,30868
14427,AW00014427,Emmanuel,Patel,M,,2010-01-27,emmanuel.patel@papers.com,Bangkok,48115
14428,AW00014428,Cassie,Andersen,S,,2010-01-27,cassie.andersen@papers.com,Shanghai,19254
14429,AW00014429,Lacey,He,S,,2010-01-27,lacey.he@papers.com,Madrid,52355
14430,AW00014430,Sydney,Jones,M,,2010-01-27,sydney.jones@hostinger.com,Shanghai,57335
14431,AW00014431,Kayla,Moore,M,,2010-01-27,kayla.moore@sticks.com,Mumbai,28125
14432,AW00014432,Antonio,Russell,S,,2010-01-27,antonio.russell@papers.com,Mumbai,55101
14433,AW00014433,Jennifer,Peterson,M,,2010-01-27,jennifer.peterson@papers.com,Singapore,33541
14434,AW00014434,Sophia,Hill,S,,2010-01-27,sophia.hill@sticks.com,Moscow,37905
14435,AW00014435,Jennifer,Wilson,M,,2010-01-28,jennifer.wilson@fountains.com,Istanbul,13571
14436,AW00014436,John,Martin,M,,2010-01-28,john.martin@fountains.com,Jakarta,26029
14437,AW00014437,Mitchell,Anand,M,,2010-01-28,mitchell.anand@sticks.com,Rome,43192
14438,AW00014438,Gabrielle,Gonzales,S,,2010-01-28,gabrielle.gonzales@mouse.com,Mumbai,21199
14439,AW00014439,Brian,Cox,M,,2010-01-28,brian.cox@mouse.com,London,45246
14440,AW00014440,Jon,Tang,M,,2010-01-28,jon.tang@mouse.com,Seoul,31290
14441,AW00014441,William,Lewis,M,,2010-01-28,william.lewis@cappo.com,Madrid,41232
14442,AW00014442,Shelby,Peterson,S,,2010-01-28,shelby.peterson@towels.com,Berlin,12655
14443,AW00014443,Benjamin,Wilson,M,,2010-01-28,benjamin.wilson@circles.com,Istanbul,57668
14444,AW00014444,Patrick,Sanders,M,,2010-01-29,patrick.sanders@cappo.com,Moscow,13925
14445,AW00014445,Benjamin,Henderson,M,,2010-01-29,benjamin.henderson@circles.com,Mumbai,36787
14446,AW00014446,Jeremiah,Johnson,M,,2010-01-29,jeremiah.johnson@fountains.com,Bangkok,47386
14447,AW00014447,Madison,Alexander,S,,2010-01-29,madison.alexander@papers.com,Berlin,55490
14448,AW00014448,Lauren,Butler,M,,2010-01-29,lauren.butler@winds.com,Mumbai,56430
14449,AW00014449,Logan,Jenkins,S,,2010-01-30,logan.jenkins@mouse.com,Istanbul,13298
14450,AW00014450,Kevin,Butler,M,,2010-01-30,kevin.butler@papers.com,Singapore,23711
14451,AW00014451,Tyler,Moore,S,,2010-01-30,tyler.moore@hostinger.com,Delhi,36637
14452,AW00014452,Alex,Gonzalez,M,,2010-01-30,alex.gonzalez@cappo.com,Bangkok,30647
14453,AW00014453,Jesse,Scott,S,,2010-01-30,jesse.scott@cappo.com,Jakarta,33423
14454,AW00014454,Kayla,Anderson,M,,2010-01-30,kayla.anderson@fountains.com,Delhi,27999
14455,AW00014455,Alexandra,Mitchell,M,,2010-01-30,alexandra.mitchell@cappo.com,Berlin,39906
14456,AW00014456,Benjamin,Walker,S,,2010-01-30,benjamin.walker@papers.com,Madrid,59738
14457,AW00014457,Thomas,White,M,,2010-01-30,thomas.white@mouse.com,Bangkok,46128
14458,AW00014458,Jordan,Yang,M,,2010-01-31,jordan.yang@nappa.com,London,10098
14459,AW00014459,Cody,Gray,S,,2010-01-31,cody.gray@circles.com,London,44277
14460,AW00014460,Jose,Long,M,,2010-01-31,jose.long@mouse.com,Berlin,55347
14461,AW00014461,Chloe,Gonzalez,M,,2010-01-31,chloe.gonzalez@cappo.com,London,25916
14462,AW00014462,Beth,Sanz,M,,2010-01-31,beth.sanz@sticks.com,Mumbai,53566
14463,AW00014463,Julia,Patterson,M,,2010-01-31,julia.patterson@winds.com,Paris,39918
14464,AW00014464,Elizabeth,Price,M,,2010-01-31,elizabeth.price@towels.com,Delhi,21639
14465,AW00014465,Dakota,Patterson,M,,2010-01-31,dakota.patterson@fountains.com,Shanghai,22848
14466,AW00014466,Logan,Adams,M,,2010-01-31,logan.adams@circles.com,Berlin,24687
14467,AW00014467,Aidan,Russell,M,,2010-01-31,aidan.russell@hostinger.com,Bangkok,10851
14468,AW00014468,Grace,Rivera,S,,2010-01-31,grace.rivera@towels.com,Paris,32657
14469,AW00014469,Angela,Bell,M,,2010-02-01,angela.bell@winds.com,Tokyo,32629
14470,AW00014470,Jeremy,Robinson,M,,2010-02-01,jeremy.robinson@circles.com,Istanbul,50880
14471,AW00014471,Gabriel,Gonzalez,S,,2010-02-01,gabriel.gonzalez@mouse.com,Tokyo,22401
14472,AW00014472,Natalie,Diaz,M,,2010-02-01,natalie.diaz@sticks.com,Seoul,57721
14473,AW00014473,Miguel,King,M,,2010-02-01,miguel.king@fountains.com,Tokyo,39117
14474,AW00014474,Jacqueline,Murphy,M,,2010-02-01,jacqueline.murphy@circles.com,Shanghai,25253
14475,AW00014475,Isabella,Perry,M,,2010-02-01,isabella.perry@fountains.com,Rome,18213
14476,AW00014476,Bryce,Reed,M,,2010-02-02,bryce.reed@winds.com,Seoul,10474
14477,AW00014477,Lauren,Lee,S,,2010-02-02,lauren.lee@papers.com,Mumbai,58848
14478,AW00014478,Abigail,Patterson,S,,2010-02-02,abigail.patterson@nappa.com,Istanbul,36018
14479,AW00014479,Samantha,Smith,S,,2010-02-02,samantha.smith@winds.com,Tokyo,35792
14480,AW00014480,Jackson,Gonzalez,M,,2010-02-02,jackson.gonzalez@nappa.com,Rome,17771
14481,AW00014481,Mary,Edwards,S,,2010-02-02,mary.edwards@circles.com,Istanbul,20117
14482,AW00014482,Noah,Perez,M,,2010-02-02,noah.perez@mouse.com,Mumbai,57742
14483,AW00014483,Nicole,Henderson,M,,2010-02-03,nicole.henderson@mouse.com,Istanbul,36919
14484,AW00014484,Samantha,Hall,M,,2010-02-03,samantha.hall@nappa.com,Rome,49667
14485,AW00014485,Bailey,Stewart,M,,2010-02-03,bailey.stewart@papers.com,Rome,28914
14486,AW00014486,Jonathan,Coleman,M,,2010-02-03,jonathan.coleman@mouse.com,Madrid,41114
14487,AW00014487,Seth,Hall,M,,2010-02-04,seth.hall@fountains.com,Delhi,39440
14488,AW00014488,Connor,Hughes,M,,2010-02-04,connor.hughes@sticks.com,Istanbul,16534
14489,AW00014489,Jason,Wang,M,,2010-02-04,jason.wang@circles.com,Rome,18766
14490,AW00014490,Aidan,Butler,M,,2010-02-04,aidan.butler@papers.com,Singapore,55608
14491,AW00014491,Isaac,Bailey,S,,2010-02-04,isaac.bailey@towels.com,Delhi,20070
14492,AW00014492,Justin,Patterson,M,,2010-02-04,justin.patterson@winds.com,Moscow,38646
14493,AW00014493,Sara,Parker,S,,2010-02-04,sara.parker@winds.com,Rome,48083
14494,AW00014494,Cameron,Diaz,M,,2010-02-04,cameron.diaz@papers.com,Bangkok,26702
14495,AW00014495,Nathan,Diaz,M,,2010-02-05,nathan.diaz@cappo.com,Paris,16840
14496,AW00014496,Cindy,Stewart,M,,2010-02-05,cindy.stewart@hostinger.com,Shanghai,15467
14497,AW00014497,Allison,Scott,M,,2010-02-05,allison.scott@mouse.com,Moscow,13216
14498,AW00014498,Katie,Luo,M,,2010-02-06,katie.luo@papers.com,Istanbul,12679
14499,AW00014499,Samuel,Flores,M,,2010-02-06,samuel.flores@cappo.com,Istanbul,55341
14500,AW00014500,Jasmine,Ward,S,,2010-02-06,jasmine.ward@sticks.com,Tokyo,26764
14501,AW00014501,Ruben,Prasad,M,,2010-02-06,ruben.prasad@sticks.com,Tokyo,29436
14502,AW00014502,Katelyn,Wright,M,,2010-02-06,katelyn.wright@fountains.com,Mumbai,14758
14503,AW00014503,Brianna,Alexander,M,,2010-02-07,brianna.alexander@towels.com,Paris,11263
14504,AW00014504,Nicole,Jones,M,,2010-02-07,nicole.jones@nappa.com,London,29193
14505,AW00014505,Alex,Edwards,M,,2010-02-07,alex.edwards@mouse.com,Singapore,30879
14506,AW00014506,Stacy,Suarez,M,,2010-02-07,stacy.suarez@papers.com,Bangkok,18186
14507,AW00014507,Eric,Wright,M,,2010-02-07,eric.wright@papers.com,Delhi,11023
14508,AW00014508,Madison,Hall,M,,2010-02-07,madison.hall@papers.com,Bangkok,37477
14509,AW00014509,Bridget,Deng,S,,2010-02-07,bridget.deng@papers.com,Berlin,43094
14510,AW00014510,Samuel,Hernandez,S,,2010-02-07,samuel.hernandez@towels.com,Seoul,48495
14511,AW00014511,Danielle,Rogers,M,,2010-02-07,danielle.rogers@hostinger.com,Rome,40298
14512,AW00014512,Christopher,Jones,M,,2010-02-07,christopher.jones@circles.com,Madrid,15908
14513,AW00014513,Alexandra,Turner,M,,2010-02-07,alexandra.turner@towels.com,Tokyo,56607
14514,AW00014514,Rachel,Jones,S,,2010-02-07,rachel.jones@papers.com,Mumbai,58421
14515,AW00014515,Anna,Cooper,S,,2010-02-08,anna.cooper@fountains.com,Delhi,56691
14516,AW00014516,Tommy,Lal,S,,2010-02-08,tommy.lal@hostinger.com,Delhi,27593
14517,AW00014517,Ebony,Rodriguez,M,,2010-02-08,ebony.rodriguez@papers.com,London,25305
14518,AW00014518,Ann,Mehta,M,,2010-02-08,ann.mehta@sticks.com,Bangkok,37285
14519,AW00014519,Denise,Rana,S,,2010-02-08,denise.rana@winds.com,London,59178
14520,AW00014520,Bonnie,Xu,S,,2010-02-08,bonnie.xu@fountains.com,Shanghai,42800
14521,AW00014521,Rodney,Romero,M,,2010-02-08,rodney.romero@fountains.com,Madrid,11323
14522,AW00014522,Omar,Zheng,M,,2010-02-08,omar.zheng@mouse.com,Delhi,10058
14523,AW00014523,Lydia,Fernandez,M,,2010-02-08,lydia.fernandez@fountains.com,Bangkok,29876
14524,AW00014524,Carla,Prasad,M,,2010-02-08,carla.prasad@nappa.com,Mumbai,15472
14525,AW00014525,Claudia,Sun,M,,2010-02-09,claudia.sun@sticks.com,Rome,52219
14526,AW00014526,Emily,Hall,M,,2010-02-09,emily.hall@sticks.com,London,45545
14527,AW00014527,Kurt,Raji,M,,2010-02-09,kurt.raji@fountains.com,Shanghai,39332
14528,AW00014528,Casey,Ramos,M,,2010-02-09,casey.ramos@towels.com,Singapore,47054
14529,AW00014529,Kaitlin,Sai,S,,2010-02-09,kaitlin.sai@mouse.com,Moscow,33487
14530,AW00014530,Ethan,Smith,M,,2010-02-09,ethan.smith@mouse.com,Paris,53752
14531,AW00014531,Abigail,Garcia,M,,2010-02-09,abigail.garcia@towels.com,Jakarta,45706
14532,AW00014532,Barbara,Wu,M,,2010-02-09,barbara.wu@hostinger.com,Bangkok,32759
14533,AW00014533,Roberto,Alonso,S,,2010-02-09,roberto.alonso@cappo.com,Singapore,41804
14534,AW00014534,Abby,Rana,S,,2010-02-09,abby.rana@towels.com,Moscow,54429
14535,AW00014535,Dustin,Anand,S,,2010-02-09,dustin.anand@winds.com,Mumbai,53520
14536,AW00014536,Krystal,Wu,S,,2010-02-10,krystal.wu@winds.com,Paris,24483
14537,AW00014537,Clayton,Cai,M,,2010-02-10,clayton.cai@cappo.com,Mumbai,52164
14538,AW00014538,Katherine,Brown,S,,2010-02-10,katherine.brown@papers.com,Bangkok,42001
14539,AW00014539,Carrie,Alonso,S,,2010-02-10,carrie.alonso@towels.com,Madrid,41605
14540,AW00014540,Randy,Lin,M,,2010-02-10,randy.lin@cappo.com,Moscow,20481
14541,AW00014541,Douglas,Kapoor,S,,2010-02-10,douglas.kapoor@towels.com,Jakarta,10073
14542,AW00014542,Alex,Ward,M,,2010-02-10,alex.ward@hostinger.com,Singapore,48914
14543,AW00014543,Heather,Lu,M,,2010-02-11,heather.lu@towels.com,Shanghai,18481
14544,AW00014544,Darryl,West,S,,2010-02-11,darryl.west@winds.com,Rome,51185
14545,AW00014545,Faith,Henderson,M,,2010-02-11,faith.henderson@nappa.com,Mumbai,15536
14546,AW00014546,Christina,Sanchez,M,,2010-02-11,christina.sanchez@circles.com,Paris,38834
14547,AW00014547,Noah,Thompson,M,,2010-02-11,noah.thompson@sticks.com,Delhi,14056
14548,AW00014548,Maria,Turner,M,,2010-02-11,maria.turner@towels.com,Mumbai,14813
14549,AW00014549,Arturo,Goel,M,,2010-02-11,arturo.goel@towels.com,Jakarta,38220
14550,AW00014550,Kristy,Vazquez,M,,2010-02-11,kristy.vazquez@fountains.com,London,46305
14551,AW00014551,Michele,Vance,M,,2010-02-11,michele.vance@sticks.com,Berlin,48901
14552,AW00014552,Daisy,Ramos,M,,2010-02-11,daisy.ramos@sticks.com,Tokyo,25777
14553,AW00014553,Leah,Ma,M,,2010-02-11,leah.ma@fountains.com,Paris,10828
14554,AW00014554,Isaac,Mitchell,M,,2010-02-11,isaac.mitchell@towels.com,Delhi,48214
14555,AW00014555,Jodi,Kumar,S,,2010-02-11,jodi.kumar@papers.com,Seoul,31995
14556,AW00014556,Rafael,He,M,,2010-02-11,rafael.he@hostinger.com,Seoul,26703
14557,AW00014557,Mathew,Sanz,M,,2010-02-11,mathew.sanz@papers.com,Madrid,14445
14558,AW00014558,Marcel,Truempy,M,,2010-02-11,marcel.truempy@papers.com,Bangkok,11793
14559,AW00014559,Ashley,Washington,M,,2010-02-12,ashley.washington@cappo.com,Istanbul,18012
14560,AW00014560,Kelvin,Huang,M,,2010-02-12,kelvin.huang@circles.com,Seoul,12098
14561,AW00014561,Eduardo,Miller,M,,2010-02-12,eduardo.miller@towels.com,Shanghai,45104
14562,AW00014562,Bryce,Stewart,M,,2010-02-12,bryce.stewart@towels.com,Moscow,50569
14563,AW00014563,Fernando,Carter,M,,2010-02-12,fernando.carter@sticks.com,Istanbul,30453
14564,AW00014564,Chloe,Bailey,M,,2010-02-12,chloe.bailey@fountains.com,Seoul,24479
14565,AW00014565,Natalie,Hernandez,S,,2010-02-12,natalie.hernandez@circles.com,Paris,56762
14566,AW00014566,Kaylee,Mitchell,M,,2010-02-12,kaylee.mitchell@cappo.com,Moscow,28114
14567,AW00014567,Seth,Thomas,M,,2010-02-12,seth.thomas@papers.com,Shanghai,20468
14568,AW00014568,Priscilla,Kumar,S,,2010-02-12,priscilla.kumar@nappa.com,Istanbul,46671
14569,AW00014569,Kristopher,Rodriguez,M,,2010-02-12,kristopher.rodriguez@cappo.com,Rome,10288
14570,AW00014570,Hannah,Henderson,M,,2010-02-12,hannah.henderson@towels.com,Seoul,58355
14571,AW00014571,Rachel,Richardson,M,,2010-02-12,rachel.richardson@towels.com,Madrid,33533
14572,AW00014572,Melanie,Foster,M,,2010-02-13,melanie.foster@papers.com,London,14869
14573,AW00014573,Madison,Wood,M,,2010-02-13,madison.wood@papers.com,Rome,40228
14574,AW00014574,Katherine,Powell,S,,2010-02-13,katherine.powell@cappo.com,Moscow,10748
14575,AW00014575,Rachel,Lee,M,,2010-02-13,rachel.lee@sticks.com,Seoul,20704
14576,AW00014576,Anna,Price,S,,2010-02-13,anna.price@towels.com,Singapore,50464
14577,AW00014577,Natalie,Rogers,S,,2010-02-13,natalie.rogers@towels.com,Moscow,46211
14578,AW00014578,Jonathan,Carter,M,,2010-02-13,jonathan.carter@sticks.com,Seoul,36483
14579,AW00014579,Luis,Henderson,S,,2010-02-13,luis.henderson@circles.com,Mumbai,21442
14580,AW00014580,Kyle,Diaz,S,,2010-02-13,kyle.diaz@hostinger.com,Singapore,13016
14581,AW00014581,Kevin,Adams,S,,2010-02-13,kevin.adams@papers.com,Moscow,13100
14582,AW00014582,Marcus,Reed,M,,2010-02-13,marcus.reed@fountains.com,Jakarta,53861
14583,AW00014583,Sydney,Morris,M,,2010-02-13,sydney.morris@cappo.com,Istanbul,51761
14584,AW00014584,Gabrielle,Mitchell,S,,2010-02-14,gabrielle.mitchell@fountains.com,Mumbai,46855
14585,AW00014585,Kimberly,Torres,M,,2010-02-14,kimberly.torres@fountains.com,Singapore,46536
14586,AW00014586,Todd,Rowe,S,,2010-02-14,todd.rowe@towels.com,Madrid,45406
14587,AW00014587,Jade,Peterson,S,,2010-02-14,jade.peterson@papers.com,London,58673
14588,AW00014588,Alexander,Taylor,S,,2010-02-14,alexander.taylor@fountains.com,Jakarta,43336
14589,AW00014589,Mackenzie,Cook,S,,2010-02-14,mackenzie.cook@nappa.com,Mumbai,57962
14590,AW00014590,Marissa,Butler,S,,2010-02-14,marissa.butler@winds.com,Shanghai,52462
14591,AW00014591,Charles,Harris,S,,2010-02-15,charles.harris@cappo.com,Shanghai,49889
14592,AW00014592,Jessica,Thompson,M,,2010-02-15,jessica.thompson@sticks.com,Moscow,38705
14593,AW00014593,Jack,Washington,M,,2010-02-15,jack.washington@sticks.com,Jakarta,20303
14594,AW00014594,Lauren,Taylor,M,,2010-02-15,lauren.taylor@cappo.com,Mumbai,24782
14595,AW00014595,Andrea,Ward,M,,2010-02-15,andrea.ward@mouse.com,Seoul,54448
14596,AW00014596,Amber,Hill,M,,2010-02-16,amber.hill@nappa.com,Paris,28255
14597,AW00014597,Sean,Reed,M,,2010-02-16,sean.reed@winds.com,Jakarta,37308
14598,AW00014598,Miranda,Ross,M,,2010-02-16,miranda.ross@towels.com,Berlin,10219
14599,AW00014599,Charles,Wilson,M,,2010-02-16,charles.wilson@hostinger.com,Mumbai,25157
14600,AW00014600,Ariana,Ramirez,M,,2010-02-16,ariana.ramirez@cappo.com,Paris,21093
14601,AW00014601,Nicolas,Rai,M,,2010-02-16,nicolas.rai@winds.com,Seoul,39196
14602,AW00014602,Kaylee,Kelly,M,,2010-02-16,kaylee.kelly@hostinger.com,Seoul,32206
14603,AW00014603,Sara,Ward,S,,2010-02-16,sara.ward@sticks.com,Delhi,46259
14604,AW00014604,Nicholas,Rodriguez,M,,2010-02-16,nicholas.rodriguez@towels.com,Bangkok,45525
14605,AW00014605,Allison,Brooks,S,,2010-02-16,allison.brooks@fountains.com,Berlin,46717
14606,AW00014606,Amanda,Cooper,S,,2010-02-16,amanda.cooper@sticks.com,Moscow,40666
14607,AW00014607,Isaiah,Nelson,M,,2010-02-16,isaiah.nelson@fountains.com,Rome,54667
14608,AW00014608,Warren,Gao,M,,2010-02-17,warren.gao@cappo.com,Bangkok,27721
14609,AW00014609,Julia,Phillips,S,,2010-02-17,julia.phillips@fountains.com,Seoul,41889
14610,AW00014610,Lauren,Jenkins,S,,2010-02-17,lauren.jenkins@winds.com,Bangkok,31901
14611,AW00014611,Zoe,James,S,,2010-02-17,zoe.james@fountains.com,Delhi,54880
14612,AW00014612,Ernest,Zhang,M,,2010-02-17,ernest.zhang@mouse.com,Istanbul,17633
14613,AW00014613,Glenn,Huang,M,,2010-02-17,glenn.huang@sticks.com,Seoul,23624
14614,AW00014614,Dylan,Bryant,S,,2010-02-17,dylan.bryant@winds.com,Seoul,18805
14615,AW00014615,Audrey,Dominguez,S,,2010-02-17,audrey.dominguez@circles.com,Bangkok,46623
14616,AW00014616,Emma,Sandberg,S,,2010-02-17,emma.sandberg@circles.com,Madrid,53465
14617,AW00014617,Aaron,Flores,S,,2010-02-17,aaron.flores@papers.com,Berlin,35664
14618,AW00014618,Gabrielle,Baker,M,,2010-02-17,gabrielle.baker@nappa.com,London,40842
14619,AW00014619,Nathaniel,Sanders,M,,2010-02-17,nathaniel.sanders@mouse.com,Istanbul,56362
14620,AW00014620,Kayla,Patterson,M,,2010-02-17,kayla.patterson@fountains.com,Istanbul,45580
14621,AW00014621,Chloe,Morris,S,,2010-02-18,chloe.morris@cappo.com,Mumbai,17340
14622,AW00014622,Brandon,Patterson,M,,2010-02-18,brandon.patterson@papers.com,Singapore,59835
14623,AW00014623,Benjamin,Li,M,,2010-02-18,benjamin.li@sticks.com,Rome,24975
14624,AW00014624,Anna,Thomas,M,,2010-02-18,anna.thomas@fountains.com,Delhi,42399
14625,AW00014625,Benjamin,Simmons,M,,2010-02-18,benjamin.simmons@nappa.com,Shanghai,24056
14626,AW00014626,Jesse,Gray,M,,2010-02-18,jesse.gray@sticks.com,Delhi,46616
14627,AW00014627,Isaiah,Hill,M,,2010-02-18,isaiah.hill@towels.com,Berlin,37372
14628,AW00014628,Carlos,Brooks,M,,2010-02-18,carlos.brooks@circles.com,Jakarta,23191
14629,AW00014629,Blake,Hernandez,M,,2010-02-18,blake.hernandez@circles.com,Jakarta,59109
14630,AW00014630,Isaiah,James,M,,2010-02-18,isaiah.james@cappo.com,Jakarta,41820
14631,AW00014631,Logan,Flores,M,,2010-02-19,logan.flores@papers.com,Delhi,54546
14632,AW00014632,Austin,Wang,M,,2010-02-19,austin.wang@mouse.com,London,30411
14633,AW00014633,Timothy,Morgan,M,,2010-02-19,timothy.morgan@papers.com,Berlin,29296
14634,AW00014634,Amber,Baker,M,,2010-02-19,amber.baker@hostinger.com,Berlin,17107
14635,AW00014635,Luke,Carter,M,,2010-02-19,luke.carter@winds.com,Moscow,12744
14636,AW00014636,Kelly,Powell,M,,2010-02-19,kelly.powell@cappo.com,Rome,43501
14637,AW00014637,Dustin,Nath,M,,2010-02-19,dustin.nath@sticks.com,Paris,49850
14638,AW00014638,Blake,Scott,S,,2010-02-19,blake.scott@hostinger.com,Istanbul,15935
14639,AW00014639,Jeremiah,Howard,M,,2010-02-19,jeremiah.howard@winds.com,Madrid,39683
14640,AW00014640,Mackenzie,Adams,S,,2010-02-19,mackenzie.adams@hostinger.com,Seoul,24765
14641,AW00014641,Timothy,Turner,M,,2010-02-20,timothy.turner@mouse.com,London,23890
14642,AW00014642,Jeffery,Zeng,S,,2010-02-20,jeffery.zeng@cappo.com,Berlin,40960
14643,AW00014643,Eric,Simmons,S,,2010-02-20,eric.simmons@winds.com,Shanghai,56462
14644,AW00014644,Jennifer,Lee,S,,2010-02-20,jennifer.lee@winds.com,Istanbul,18192
14645,AW00014645,Isaac,Kelly,S,,2010-02-20,isaac.kelly@hostinger.com,Tokyo,25487
14646,AW00014646,Dylan,Garcia,S,,2010-02-20,dylan.garcia@sticks.com,Moscow,29032
14647,AW00014647,Sean,Howard,M,,2010-02-20,sean.howard@sticks.com,Jakarta,22871
14648,AW00014648,Eric,Evans,S,,2010-02-20,eric.evans@papers.com,Rome,34270
14649,AW00014649,Grace,Cox,M,,2010-02-21,grace.cox@papers.com,Tokyo,42947
14650,AW00014650,Adam,Perry,M,,2010-02-21,adam.perry@sticks.com,Madrid,48833
14651,AW00014651,Amber,Green,M,,2010-02-21,amber.green@cappo.com,Moscow,34719
14652,AW00014652,Russell,Luo,M,,2010-02-21,russell.luo@fountains.com,Delhi,59091
14653,AW00014653,Troy,Fernandez,M,,2010-02-21,troy.fernandez@nappa.com,Madrid,25060
14654,AW00014654,Kyle,Collins,M,,2010-02-21,kyle.collins@sticks.com,London,53900
14655,AW00014655,Kayla,Washington,M,,2010-02-21,kayla.washington@winds.com,Paris,58300
14656,AW00014656,Bryant,Fernandez,M,,2010-02-21,bryant.fernandez@hostinger.com,Istanbul,38461
14657,AW00014657,John,Thomas,M,,2010-02-21,john.thomas@cappo.com,Tokyo,31997
14658,AW00014658,Chloe,Green,M,,2010-02-22,chloe.green@cappo.com,Seoul,54970
14659,AW00014659,Zachary,Harris,M,,2010-02-22,zachary.harris@nappa.com,Jakarta,26092
14660,AW00014660,Gabrielle,Howard,M,,2010-02-22,gabrielle.howard@cappo.com,Bangkok,31146
14661,AW00014661,Jade,Ward,M,,2010-02-22,jade.ward@hostinger.com,Madrid,18373
14662,AW00014662,Jack,Ross,M,,2010-02-22,jack.ross@mouse.com,Bangkok,14369
14663,AW00014663,Arturo,Hu,M,,2010-02-22,arturo.hu@winds.com,Paris,41520
14664,AW00014664,Kayla,Ross,S,,2010-02-22,kayla.ross@hostinger.com,Mumbai,51169
14665,AW00014665,Jesse,King,M,,2010-02-22,jesse.king@winds.com,Jakarta,48237
14666,AW00014666,Louis,Gao,M,,2010-02-22,louis.gao@winds.com,Istanbul,52915
14667,AW00014667,Olivia,Alexander,M,,2010-02-22,olivia.alexander@nappa.com,Jakarta,34324
14668,AW00014668,Joe,Martin,M,,2010-02-22,joe.martin@hostinger.com,Berlin,26727
14669,AW00014669,Erika,Blanco,M,,2010-02-23,erika.blanco@cappo.com,Madrid,32416
14670,AW00014670,Leslie,Gill,S,,2010-02-23,leslie.gill@nappa.com,Tokyo,33925
14671,AW00014671,Cristina,Lal,M,,2010-02-23,cristina.lal@circles.com,Istanbul,27549
14672,AW00014672,Omar,Nath,S,,2010-02-23,omar.nath@winds.com,Moscow,24399
14673,AW00014673,Willie,Rai,M,,2010-02-23,willie.rai@fountains.com,Moscow,50416
14674,AW00014674,Alexis,Williams,M,,2010-02-23,alexis.williams@towels.com,Shanghai,48618
14675,AW00014675,Brandi,Gomez,M,,2010-02-23,brandi.gomez@mouse.com,Singapore,16786
14676,AW00014676,Micah,Wang,S,,2010-02-23,micah.wang@towels.com,Singapore,28137
14677,AW00014677,Ross,Hernandez,S,,2010-02-23,ross.hernandez@papers.com,Istanbul,30801
14678,AW00014678,Shannon,Zheng,M,,2010-02-23,shannon.zheng@towels.com,Shanghai,36061
14679,AW00014679,Natasha,Suarez,S,,2010-02-24,natasha.suarez@mouse.com,Berlin,25089
14680,AW00014680,Marvin,Munoz,S,,2010-02-24,marvin.munoz@fountains.com,Singapore,44894
14681,AW00014681,Veronica,Chandra,S,,2010-02-24,veronica.chandra@nappa.com,Tokyo,37583
14682,AW00014682,Gail,Alexander,S,,2010-02-24,gail.alexander@circles.com,Bangkok,43277
14683,AW00014683,Molly,Sai,M,,2010-02-24,molly.sai@papers.com,Singapore,25074
14684,AW00014684,James,Zhang,M,,2010-02-24,james.zhang@sticks.com,Rome,22250
14685,AW00014685,Lawrence,Ortega,S,,2010-02-24,lawrence.ortega@hostinger.com,Singapore,36282
14686,AW00014686,Casey,Raje,M,,2010-02-25,casey.raje@towels.com,Delhi,56716
14687,AW00014687,Olivia,Price,S,,2010-02-25,olivia.price@winds.com,Madrid,31376
14688,AW00014688,Tabitha,Carlson,S,,2010-02-25,tabitha.carlson@sticks.com,Tokyo,19600
14689,AW00014689,Lloyd,Saunders,S,,2010-02-25,lloyd.saunders@mouse.com,Seoul,11417
14690,AW00014690,Drew,Rai,S,,2010-02-25,drew.rai@mouse.com,Mumbai,52039
14691,AW00014691,Derrick,Torres,M,,2010-02-25,derrick.torres@hostinger.com,Madrid,23021
14692,AW00014692,Nichole,Sharma,S,,2010-02-25,nichole.sharma@papers.com,Moscow,24321
14693,AW00014693,Robert,Parker,S,,2010-02-25,robert.parker@cappo.com,Berlin,40953
14694,AW00014694,Haley,Parker,S,,2010-02-25,haley.parker@fountains.com,Moscow,33760
14695,AW00014695,Russell,Andersen,S,,2010-02-26,russell.andersen@winds.com,Moscow,56296
14696,AW00014696,Shawn,Anand,S,,2010-02-26,shawn.anand@papers.com,Mumbai,22427
14697,AW00014697,Nelson,Jimenez,S,,2010-02-26,nelson.jimenez@circles.com,Rome,59703
14698,AW00014698,Diane,Navarro,M,,2010-02-26,diane.navarro@sticks.com,Tokyo,25908
14699,AW00014699,Gerald,Munoz,M,,2010-02-26,gerald.munoz@winds.com,Bangkok,59267
14700,AW00014700,Edward,Edwards,M,,2010-02-27,edward.edwards@hostinger.com,Rome,14567
14701,AW00014701,Maurizio,Macagno,S,,2010-02-27,maurizio.macagno@circles.com,Bangkok,13015
14702,AW00014702,Curtis,Zimmerman,M,,2010-02-27,curtis.zimmerman@towels.com,Delhi,29469
14703,AW00014703,Clifford,Srini,S,,2010-02-27,clifford.srini@mouse.com,Istanbul,16993
14704,AW00014704,Kara,Andersen,S,,2010-02-27,kara.andersen@circles.com,Berlin,23753
14705,AW00014705,Riley,Wood,S,,2010-02-27,riley.wood@nappa.com,Delhi,46185
14706,AW00014706,Kate,Jai,S,,2010-02-28,kate.jai@circles.com,Delhi,12581
14707,AW00014707,Tonya,Raje,S,,2010-02-28,tonya.raje@sticks.com,Bangkok,38615
14708,AW00014708,Evelyn,Kapoor,S,,2010-02-28,evelyn.kapoor@towels.com,Istanbul,16825
14709,AW00014709,Ian,Martin,S,,2010-02-28,ian.martin@circles.com,Berlin,18020
14710,AW00014710,Lisa,Ma,S,,2010-02-28,lisa.ma@fountains.com,Moscow,22472
14711,AW00014711,Deborah,Xu,S,,2010-02-28,deborah.xu@sticks.com,Tokyo,51990
14712,AW00014712,Eugene,Liu,S,,2010-03-01,eugene.liu@mouse.com,Shanghai,50930
14713,AW00014713,Jon,Ye,S,,2010-03-01,jon.ye@papers.com,Berlin,55326
14714,AW00014714,Meghan,Diaz,S,,2010-03-01,meghan.diaz@towels.com,Singapore,50751
14715,AW00014715,Erik,Munoz,M,,2010-03-02,erik.munoz@mouse.com,Moscow,19880
14716,AW00014716,Shannon,Zhou,S,,2010-03-02,shannon.zhou@nappa.com,Madrid,15099
14717,AW00014717,Abigail,Rivera,S,,2010-03-02,abigail.rivera@hostinger.com,Tokyo,33279
14718,AW00014718,Gregory,Raji,S,,2010-03-02,gregory.raji@nappa.com,Singapore,40872
14719,AW00014719,Ronnie,He,M,,2010-03-02,ronnie.he@papers.com,Jakarta,53966
14720,AW00014720,Naomi,Dominguez,S,,2010-03-02,naomi.dominguez@sticks.com,Bangkok,59290
14721,AW00014721,Daniel,Jones,S,,2010-03-02,daniel.jones@fountains.com,Rome,46964
14722,AW00014722,Sharon,Carson,S,,2010-03-02,sharon.carson@fountains.com,Istanbul,40282
14723,AW00014723,Andrew,Smith,S,,2010-03-03,andrew.smith@circles.com,Seoul,29880
14724,AW00014724,Dylan,Robinson,M,,2010-03-03,dylan.robinson@towels.com,Mumbai,55894
14725,AW00014725,Evan,Morgan,M,,2010-03-03,evan.morgan@cappo.com,Berlin,23761
14726,AW00014726,Zachary,Yang,S,,2010-03-03,zachary.yang@towels.com,Berlin,26481
14727,AW00014727,Anna,Bryant,S,,2010-03-03,anna.bryant@papers.com,Shanghai,48511
14728,AW00014728,Elizabeth,Henderson,S,,2010-03-03,elizabeth.henderson@sticks.com,Berlin,39755
14729,AW00014729,Gloria,Rubio,S,,2010-03-03,gloria.rubio@hostinger.com,Singapore,18564
14730,AW00014730,Jerry,Ferrier,M,,2010-03-04,jerry.ferrier@nappa.com,Istanbul,22407
14731,AW00014731,Seth,Brown,M,,2010-03-04,seth.brown@cappo.com,Rome,51478
14732,AW00014732,Trinity,Cook,M,,2010-03-04,trinity.cook@cappo.com,Singapore,44594
14733,AW00014733,Clarence,Raji,M,,2010-03-04,clarence.raji@mouse.com,Seoul,27587
14734,AW00014734,Kevin,Edwards,M,,2010-03-04,kevin.edwards@nappa.com,Istanbul,10579
14735,AW00014735,Maria,Rogers,M,,2010-03-04,maria.rogers@mouse.com,Tokyo,12987
14736,AW00014736,Jack,Roberts,M,,2010-03-04,jack.roberts@hostinger.com,Mumbai,22180
14737,AW00014737,Dominic,Srini,S,,2010-03-04,dominic.srini@sticks.com,Tokyo,22241
14738,AW00014738,Ethan,Garcia,M,,2010-03-05,ethan.garcia@sticks.com,Istanbul,35313
14739,AW00014739,Charles,Gonzalez,M,,2010-03-05,charles.gonzalez@hostinger.com,Mumbai,11638
14740,AW00014740,Jenna,Scott,M,,2010-03-05,jenna.scott@towels.com,Moscow,42671
14741,AW00014741,Emma,Cooper,M,,2010-03-05,emma.cooper@hostinger.com,Moscow,50235
14742,AW00014742,Andrea,Howard,M,,2010-03-05,andrea.howard@fountains.com,Paris,24644
14743,AW00014743,Nathan,Turner,M,,2010-03-05,nathan.turner@cappo.com,Shanghai,33155
14744,AW00014744,Elijah,Yang,M,,2010-03-05,elijah.yang@sticks.com,London,58697
14745,AW00014745,Luke,Hall,M,,2010-03-05,luke.hall@hostinger.com,Tokyo,38368
14746,AW00014746,Courtney,Nelson,M,,2010-03-06,courtney.nelson@winds.com,Madrid,28073
14747,AW00014747,Aidan,Wood,M,,2010-03-06,aidan.wood@nappa.com,Moscow,21818
14748,AW00014748,Don,Roessler,M,,2010-03-06,don.roessler@cappo.com,Jakarta,37395
14749,AW00014749,Jose,Jenkins,M,,2010-03-06,jose.jenkins@winds.com,Mumbai,58558
14750,AW00014750,Mary,Green,M,,2010-03-07,mary.green@sticks.com,Tokyo,22566
14751,AW00014751,Gabrielle,Price,M,,2010-03-07,gabrielle.price@circles.com,Shanghai,54453
14752,AW00014752,Seth,Turner,M,,2010-03-07,seth.turner@nappa.com,Paris,39860
14753,AW00014753,Austin,Foster,M,,2010-03-07,austin.foster@fountains.com,Berlin,26476
14754,AW00014754,Grant,Pal,M,,2010-03-07,grant.pal@nappa.com,Paris,34340
14755,AW00014755,Robert,Davis,M,,2010-03-07,robert.davis@towels.com,Shanghai,23326
14756,AW00014756,Charles,Reed,M,,2010-03-08,charles.reed@papers.com,Shanghai,39892
14757,AW00014757,Elizabeth,Garcia,M,,2010-03-08,elizabeth.garcia@sticks.com,Singapore,49230
14758,AW00014758,Victoria,Long,S,,2010-03-08,victoria.long@nappa.com,Paris,15670
14759,AW00014759,Madison,Davis,S,,2010-03-08,madison.davis@fountains.com,Shanghai,12956
14760,AW00014760,Zachary,Lewis,M,,2010-03-08,zachary.lewis@towels.com,Berlin,35203
14761,AW00014761,Morgan,Kelly,S,,2010-03-08,morgan.kelly@fountains.com,Tokyo,49354
14762,AW00014762,Adriana,Perez,S,,2010-03-09,adriana.perez@mouse.com,Jakarta,21766
14763,AW00014763,George,Arun,S,,2010-03-09,george.arun@fountains.com,Jakarta,40454
14764,AW00014764,Xavier,Scott,S,,2010-03-09,xavier.scott@towels.com,Singapore,37834
14765,AW00014765,Kevin,Nelson,M,,2010-03-09,kevin.nelson@mouse.com,Jakarta,18090
14766,AW00014766,Curtis,Xu,S,,2010-03-09,curtis.xu@nappa.com,Delhi,25762
14767,AW00014767,Stacy,Blanco,S,,2010-03-09,stacy.blanco@towels.com,Mumbai,29162
14768,AW00014768,Ian,Kelly,M,,2010-03-09,ian.kelly@mouse.com,Tokyo,20739
14769,AW00014769,Jessica,Powell,M,,2010-03-09,jessica.powell@towels.com,Seoul,42911
14770,AW00014770,Melvin,Andersen,M,,2010-03-09,melvin.andersen@cappo.com,Mumbai,57820
14771,AW00014771,Heidi,Vance,M,,2010-03-09,heidi.vance@towels.com,Berlin,11872
14772,AW00014772,Stacy,Torres,M,,2010-03-09,stacy.torres@nappa.com,Istanbul,50035
14773,AW00014773,Noah,Ross,M,,2010-03-09,noah.ross@hostinger.com,Madrid,49496
14774,AW00014774,Max,Ferrier,S,,2010-03-10,max.ferrier@sticks.com,Rome,49195
14775,AW00014775,Bonnie,Xie,M,,2010-03-10,bonnie.xie@nappa.com,Moscow,13299
14776,AW00014776,Ronald,Arthur,M,,2010-03-10,ronald.arthur@circles.com,Delhi,41465
14777,AW00014777,Kayla,Jenkins,M,,2010-03-10,kayla.jenkins@fountains.com,Rome,46746
14778,AW00014778,Renee,Jimenez,S,,2010-03-10,renee.jimenez@mouse.com,Berlin,22444
14779,AW00014779,Henry,Fernandez,S,,2010-03-10,henry.fernandez@nappa.com,Jakarta,33867
14780,AW00014780,Tabitha,Alonso,S,,2010-03-10,tabitha.alonso@hostinger.com,Tokyo,58567
14781,AW00014781,Robert,Butler,S,,2010-03-10,robert.butler@hostinger.com,Istanbul,57356
14782,AW00014782,Michael,Lewis,S,,2010-03-10,michael.lewis@cappo.com,Jakarta,32784
14783,AW00014783,Cristina,Shan,S,,2010-03-10,cristina.shan@fountains.com,Madrid,49825
14784,AW00014784,Victor,Dominguez,S,,2010-03-10,victor.dominguez@sticks.com,Istanbul,11011
14785,AW00014785,Gavin,Patterson,S,,2010-03-10,gavin.patterson@towels.com,Shanghai,17460
14786,AW00014786,Tristan,Jenkins,M,,2010-03-11,tristan.jenkins@fountains.com,Shanghai,10056
14787,AW00014787,Tabitha,Smith,S,,2010-03-11,tabitha.smith@nappa.com,Istanbul,47499
14788,AW00014788,Gerald,Rana,S,,2010-03-11,gerald.rana@cappo.com,Jakarta,54128
14789,AW00014789,Rosa,Zhang,S,,2010-03-11,rosa.zhang@circles.com,Berlin,34415
14790,AW00014790,Terry,Tang,M,,2010-03-11,terry.tang@circles.com,Jakarta,46744
14791,AW00014791,Ashlee,Deng,M,,2010-03-11,ashlee.deng@fountains.com,Jakarta,22234
14792,AW00014792,Jerome,Rubio,M,,2010-03-11,jerome.rubio@cappo.com,Berlin,24317
14793,AW00014793,Clayton,Nath,S,,2010-03-12,clayton.nath@papers.com,Paris,54039
14794,AW00014794,Gilbert,Becker,M,,2010-03-12,gilbert.becker@hostinger.com,Jakarta,58120
14795,AW00014795,Crystal,Gao,M,,2010-03-12,crystal.gao@circles.com,Shanghai,43719
14796,AW00014796,Michael,Miller,S,,2010-03-12,michael.miller@circles.com,Berlin,26387
14797,AW00014797,Steve,Gao,S,,2010-03-12,steve.gao@fountains.com,Delhi,28129
14798,AW00014798,Colleen,Nara,S,,2010-03-12,colleen.nara@papers.com,Seoul,35495
14799,AW00014799,Katie,Xu,S,,2010-03-12,katie.xu@circles.com,Jakarta,35997
14800,AW00014800,Abby,Arthur,M,,2010-03-12,abby.arthur@fountains.com,London,16702
14801,AW00014801,Riley,Simmons,M,,2010-03-13,riley.simmons@fountains.com,Paris,12697
14802,AW00014802,Audrey,Moreno,S,,2010-03-13,audrey.moreno@nappa.com,Tokyo,24437
14803,AW00014803,Stacy,Martin,S,,2010-03-13,stacy.martin@sticks.com,Paris,45010
14804,AW00014804,Martha,Zhou,S,,2010-03-13,martha.zhou@sticks.com,Madrid,54914
14805,AW00014805,Kari,Garcia,S,,2010-03-13,kari.garcia@fountains.com,Berlin,22985
14806,AW00014806,Damien,Jai,S,,2010-03-14,damien.jai@hostinger.com,Jakarta,38261
14807,AW00014807,Brenda,Martinez,S,,2010-03-14,brenda.martinez@winds.com,Jakarta,17969
14808,AW00014808,Cynthia,Prasad,S,,2010-03-14,cynthia.prasad@mouse.com,Moscow,18850
14809,AW00014809,Max,Suarez,S,,2010-03-14,max.suarez@fountains.com,Shanghai,29100
14810,AW00014810,Russell,Anand,M,,2010-03-14,russell.anand@fountains.com,Singapore,21810
14811,AW00014811,Molly,Sanchez,M,,2010-03-14,molly.sanchez@nappa.com,Mumbai,23904
14812,AW00014812,Hunter,Henderson,M,,2010-03-14,hunter.henderson@sticks.com,Istanbul,12062
14813,AW00014813,Madison,Hayes,S,,2010-03-14,madison.hayes@mouse.com,London,20016
14814,AW00014814,Christine,Jai,S,,2010-03-15,christine.jai@papers.com,Paris,48831
14815,AW00014815,Isabella,Gonzales,M,,2010-03-15,isabella.gonzales@hostinger.com,Tokyo,27034
14816,AW00014816,Katherine,Lewis,M,,2010-03-15,katherine.lewis@fountains.com,Delhi,59773
14817,AW00014817,Anna,Washington,M,,2010-03-15,anna.washington@fountains.com,Jakarta,27615
14818,AW00014818,Diane,Ruiz,S,,2010-03-15,diane.ruiz@cappo.com,Madrid,11951
14819,AW00014819,Dana,Ruiz,M,,2010-03-15,dana.ruiz@winds.com,Berlin,11517
14820,AW00014820,Drew,Bhat,M,,2010-03-15,drew.bhat@circles.com,Moscow,27362
14821,AW00014821,Maurice,Raje,M,,2010-03-15,maurice.raje@sticks.com,Paris,19941
14822,AW00014822,Jessica,Martin,S,,2010-03-15,jessica.martin@fountains.com,London,52066
14823,AW00014823,Nelson,Harrison,S,,2010-03-16,nelson.harrison@towels.com,Seoul,49007
14824,AW00014824,Miguel,Baker,S,,2010-03-16,miguel.baker@fountains.com,Seoul,36156
14825,AW00014825,Rebekah,Alonso,S,,2010-03-16,rebekah.alonso@papers.com,Moscow,53200
14826,AW00014826,Stefanie,Lopez,M,,2010-03-16,stefanie.lopez@hostinger.com,Shanghai,17377
14827,AW00014827,Ernest,Xu,S,,2010-03-16,ernest.xu@cappo.com,Rome,39160
14828,AW00014828,Hector,Muñoz,S,,2010-03-16,hector.muñoz@hostinger.com,Rome,56040
14829,AW00014829,Gina,Vazquez,S,,2010-03-16,gina.vazquez@nappa.com,Jakarta,31563
14830,AW00014830,Isabella,Ward,M,,2010-03-17,isabella.ward@sticks.com,Seoul,31923
14831,AW00014831,Gilbert,Xie,M,,2010-03-17,gilbert.xie@mouse.com,Delhi,29817
14832,AW00014832,Barry,Rana,M,,2010-03-17,barry.rana@cappo.com,Berlin,28148
14833,AW00014833,Riley,Hayes,S,,2010-03-17,riley.hayes@hostinger.com,Rome,40852
14834,AW00014834,Ebony,Jimenez,S,,2010-03-17,ebony.jimenez@sticks.com,Istanbul,59002
14835,AW00014835,Melody,Saunders,S,,2010-03-17,melody.saunders@towels.com,London,19479
14836,AW00014836,Peter,Chander,M,,2010-03-17,peter.chander@fountains.com,Tokyo,33526
14837,AW00014837,Dennis,Li,S,,2010-03-17,dennis.li@papers.com,Delhi,31685
14838,AW00014838,Darren,Alvarez,S,,2010-03-17,darren.alvarez@winds.com,Seoul,41280
14839,AW00014839,Natasha,Sanz,S,,2010-03-17,natasha.sanz@mouse.com,Istanbul,15422
14840,AW00014840,Autumn,Zhu,S,,2010-03-17,autumn.zhu@papers.com,Delhi,46333
14841,AW00014841,Franklin,Pal,M,,2010-03-17,franklin.pal@sticks.com,Rome,23965
14842,AW00014842,Meagan,Kim,S,,2010-03-17,meagan.kim@nappa.com,Moscow,18564
14843,AW00014843,Lee,Vazquez,S,,2010-03-17,lee.vazquez@circles.com,Singapore,16459
14844,AW00014844,Blake,Miller,S,,2010-03-17,blake.miller@circles.com,London,21076
14845,AW00014845,Chelsea,Sai,S,,2010-03-17,chelsea.sai@winds.com,Jakarta,20966
14846,AW00014846,Kelsey,Chande,S,,2010-03-18,kelsey.chande@fountains.com,Bangkok,36499
14847,AW00014847,Vadim,Sazanovich,S,,2010-03-18,vadim.sazanovich@fountains.com,Madrid,13121
14848,AW00014848,George,Louverdis,S,,2010-03-18,george.louverdis@nappa.com,London,51702
14849,AW00014849,Dwayne,Martin,S,,2010-03-18,dwayne.martin@winds.com,Bangkok,47073
14850,AW00014850,Audrey,Vazquez,S,,2010-03-18,audrey.vazquez@fountains.com,Moscow,39267
14851,AW00014851,Karla,Tang,S,,2010-03-18,karla.tang@nappa.com,Bangkok,10089
14852,AW00014852,Adam,Gonzalez,S,,2010-03-19,adam.gonzalez@fountains.com,Istanbul,45879
14853,AW00014853,Derrick,Diaz,M,,2010-03-19,derrick.diaz@mouse.com,Bangkok,11897
14854,AW00014854,Nancy,Fernandez,S,,2010-03-19,nancy.fernandez@winds.com,Berlin,15284
14855,AW00014855,Deanna,Weber,S,,2010-03-19,deanna.weber@nappa.com,Paris,49079
14856,AW00014856,Kari,Carlson,S,,2010-03-19,kari.carlson@towels.com,Delhi,42368
14857,AW00014857,Diane,Serrano,M,,2010-03-19,diane.serrano@nappa.com,Jakarta,57258
14858,AW00014858,Louis,Zhu,M,,2010-03-19,louis.zhu@towels.com,Shanghai,30081
14859,AW00014859,Jarrod,Weber,M,,2010-03-19,jarrod.weber@sticks.com,Madrid,29258
14860,AW00014860,Arturo,Chande,M,,2010-03-19,arturo.chande@winds.com,Berlin,10289
14861,AW00014861,Misty,Deng,S,,2010-03-19,misty.deng@nappa.com,Paris,22973
14862,AW00014862,Spencer,Jenkins,S,,2010-03-19,spencer.jenkins@fountains.com,Paris,44800
14863,AW00014863,Dana,Carlson,S,,2010-03-20,dana.carlson@fountains.com,Moscow,22367
14864,AW00014864,Desiree,Carlson,S,,2010-03-20,desiree.carlson@circles.com,Singapore,28882
14865,AW00014865,Austin,Coleman,S,,2010-03-20,austin.coleman@fountains.com,Rome,43827
14866,AW00014866,Hailey,Peterson,S,,2010-03-20,hailey.peterson@sticks.com,Moscow,50031
14867,AW00014867,Lauren,Richardson,S,,2010-03-20,lauren.richardson@cappo.com,Rome,35089
14868,AW00014868,Ariana,Morgan,S,,2010-03-20,ariana.morgan@winds.com,Berlin,32265
14869,AW00014869,Jennifer,Bryant,S,,2010-03-20,jennifer.bryant@sticks.com,London,36460
14870,AW00014870,Brandi,Ortega,S,,2010-03-20,brandi.ortega@cappo.com,Bangkok,31373
14871,AW00014871,Timothy,Hill,S,,2010-03-20,timothy.hill@towels.com,Berlin,29058
14872,AW00014872,Fernando,Clark,M,,2010-03-20,fernando.clark@circles.com,London,34573
14873,AW00014873,Fernando,Long,M,,2010-03-21,fernando.long@winds.com,Tokyo,56719
14874,AW00014874,Nicole,Sanchez,S,,2010-03-21,nicole.sanchez@hostinger.com,Paris,27381
14875,AW00014875,Alyssa,Foster,S,,2010-03-21,alyssa.foster@hostinger.com,Moscow,45638
14876,AW00014876,Nathan,Anderson,M,,2010-03-21,nathan.anderson@sticks.com,Bangkok,42436
14877,AW00014877,Steven,Brooks,S,,2010-03-21,steven.brooks@hostinger.com,Seoul,34881
14878,AW00014878,Marcus,Murphy,M,,2010-03-21,marcus.murphy@cappo.com,Moscow,34735
14879,AW00014879,Andrea,Richardson,S,,2010-03-22,andrea.richardson@towels.com,Delhi,56074
14880,AW00014880,Jessica,Ross,M,,2010-03-22,jessica.ross@fountains.com,Rome,50192
14881,AW00014881,Eric,Griffin,M,,2010-03-22,eric.griffin@winds.com,Delhi,53507
14882,AW00014882,Kathryn,Nara,M,,2010-03-22,kathryn.nara@sticks.com,Tokyo,16334
14883,AW00014883,Gabrielle,Barnes,M,,2010-03-22,gabrielle.barnes@nappa.com,Shanghai,44454
14884,AW00014884,Kristi,Torres,M,,2010-03-22,kristi.torres@papers.com,Istanbul,15104
14885,AW00014885,Judith,White,M,,2010-03-22,judith.white@towels.com,London,26261
14886,AW00014886,Sydney,Powell,S,,2010-03-23,sydney.powell@circles.com,Delhi,41569
14887,AW00014887,Lauren,Wilson,M,,2010-03-23,lauren.wilson@papers.com,Rome,53744
14888,AW00014888,Jasmine,Russell,M,,2010-03-23,jasmine.russell@sticks.com,Rome,53629
14889,AW00014889,Drew,Kumar,M,,2010-03-23,drew.kumar@papers.com,Mumbai,10738
14890,AW00014890,Wyatt,Adams,M,,2010-03-23,wyatt.adams@circles.com,Bangkok,53475
14891,AW00014891,Kyle,Hayes,M,,2010-03-23,kyle.hayes@towels.com,London,47728
14892,AW00014892,Savannah,Sanders,M,,2010-03-24,savannah.sanders@winds.com,Mumbai,36596
14893,AW00014893,Gabrielle,Diaz,M,,2010-03-24,gabrielle.diaz@papers.com,Moscow,32640
14894,AW00014894,James,Baker,M,,2010-03-24,james.baker@papers.com,Moscow,10738
14895,AW00014895,Connor,Hernandez,M,,2010-03-24,connor.hernandez@cappo.com,Madrid,53151
14896,AW00014896,Alexia,Flores,M,,2010-03-24,alexia.flores@papers.com,Shanghai,33487
14897,AW00014897,Hunter,Moore,M,,2010-03-24,hunter.moore@nappa.com,Paris,57537
14898,AW00014898,Katelyn,Edwards,M,,2010-03-24,katelyn.edwards@papers.com,Delhi,12358
14899,AW00014899,Rodney,Dominguez,M,,2010-03-25,rodney.dominguez@winds.com,Singapore,45898
14900,AW00014900,Rachel,Lewis,M,,2010-03-25,rachel.lewis@cappo.com,Bangkok,39331
14901,AW00014901,Katherine,Richardson,M,,2010-03-25,katherine.richardson@fountains.com,Istanbul,25219
14902,AW00014902,Arianna,Diaz,M,,2010-03-25,arianna.diaz@towels.com,Madrid,24612
14903,AW00014903,Amanda,Morgan,M,,2010-03-25,amanda.morgan@winds.com,Seoul,16813
14904,AW00014904,Spencer,Powell,M,,2010-03-25,spencer.powell@papers.com,Tokyo,55760
14905,AW00014905,Ricardo,Shen,M,,2010-03-25,ricardo.shen@nappa.com,Tokyo,15479
14906,AW00014906,Robert,Washington,M,,2010-03-25,robert.washington@mouse.com,Shanghai,44883
14907,AW00014907,Sheena,Anand,M,,2010-03-26,sheena.anand@hostinger.com,Shanghai,38161
14908,AW00014908,Morgan,Mitchell,M,,2010-03-26,morgan.mitchell@hostinger.com,Istanbul,34793
14909,AW00014909,Benjamin,Bryant,M,,2010-03-26,benjamin.bryant@circles.com,Mumbai,58294
14910,AW00014910,Caitlin,Murphy,M,,2010-03-26,caitlin.murphy@winds.com,Seoul,33701
14911,AW00014911,Shelby,Watson,M,,2010-03-26,shelby.watson@towels.com,Bangkok,40096
14912,AW00014912,Emma,Taylor,M,,2010-03-26,emma.taylor@hostinger.com,London,12913
14913,AW00014913,Chloe,Roberts,M,,2010-03-26,chloe.roberts@nappa.com,Rome,24326
14914,AW00014914,Arianna,Gray,M,,2010-03-26,arianna.gray@fountains.com,Singapore,25740
14915,AW00014915,Katherine,Howard,M,,2010-03-27,katherine.howard@sticks.com,Singapore,57804
14916,AW00014916,Paige,Washington,S,,2010-03-27,paige.washington@mouse.com,Mumbai,44879
14917,AW00014917,Adrian,Morgan,M,,2010-03-27,adrian.morgan@mouse.com,Singapore,51216
14918,AW00014918,Mariah,Howard,S,,2010-03-27,mariah.howard@sticks.com,Bangkok,42956
14919,AW00014919,Erik,Torres,M,,2010-03-27,erik.torres@nappa.com,Delhi,46540
14920,AW00014920,Jason,Hill,M,,2010-03-27,jason.hill@winds.com,Jakarta,13448
14921,AW00014921,Sara,Watson,S,,2010-03-27,sara.watson@papers.com,Shanghai,51099
14922,AW00014922,Paige,Perry,S,,2010-03-28,paige.perry@winds.com,Bangkok,39652
14923,AW00014923,Andy,Blanco,S,,2010-03-28,andy.blanco@cappo.com,Paris,54308
14924,AW00014924,Cynthia,Sai,M,,2010-03-28,cynthia.sai@hostinger.com,Jakarta,18388
14925,AW00014925,Ashley,Hughes,M,,2010-03-28,ashley.hughes@nappa.com,Paris,35891
14926,AW00014926,Juan,Rogers,M,,2010-03-28,juan.rogers@papers.com,London,51827
14927,AW00014927,Chelsea,Martinez,M,,2010-03-28,chelsea.martinez@towels.com,Berlin,30475
14928,AW00014928,Roy,Patel,M,,2010-03-28,roy.patel@hostinger.com,London,55530
14929,AW00014929,Peter,Anand,M,,2010-03-28,peter.anand@sticks.com,Berlin,29197
14930,AW00014930,Cindy,Sara,S,,2010-03-29,cindy.sara@papers.com,London,43410
14931,AW00014931,Andres,Pal,M,,2010-03-29,andres.pal@cappo.com,Istanbul,44731
14932,AW00014932,Pedro,Fernandez,M,,2010-03-29,pedro.fernandez@hostinger.com,Mumbai,51885
14933,AW00014933,Ronald,Patel,M,,2010-03-29,ronald.patel@hostinger.com,Berlin,47146
14934,AW00014934,Jermaine,Sai,S,,2010-03-30,jermaine.sai@papers.com,Paris,13296
14935,AW00014935,Rafael,Liang,S,,2010-03-30,rafael.liang@mouse.com,Shanghai,41756
14936,AW00014936,Bryan,Sanchez,S,,2010-03-30,bryan.sanchez@mouse.com,London,12111
14937,AW00014937,Brendan,Xu,S,,2010-03-30,brendan.xu@towels.com,Moscow,25469
14938,AW00014938,Mallory,Sanz,S,,2010-03-31,mallory.sanz@cappo.com,Shanghai,33228
14939,AW00014939,Cory,Kapoor,M,,2010-03-31,cory.kapoor@fountains.com,Madrid,14386
14940,AW00014940,Carmen,Rana,M,,2010-03-31,carmen.rana@cappo.com,Shanghai,57826
14941,AW00014941,Emma,Patterson,S,,2010-03-31,emma.patterson@fountains.com,Jakarta,32325
14942,AW00014942,Whitney,Madan,S,,2010-03-31,whitney.madan@towels.com,Tokyo,53406
14943,AW00014943,Lindsay,Pal,M,,2010-03-31,lindsay.pal@circles.com,Jakarta,32441
14944,AW00014944,Sebastian,Watson,S,,2010-03-31,sebastian.watson@winds.com,Jakarta,53144
14945,AW00014945,Samantha,Lewis,S,,2010-03-31,samantha.lewis@papers.com,Madrid,13707
14946,AW00014946,Frederick,Vance,S,,2010-03-31,frederick.vance@cappo.com,Tokyo,25835
14947,AW00014947,Alejandro,Chen,S,,2010-03-31,alejandro.chen@cappo.com,Seoul,15981
14948,AW00014948,Damien,Lal,M,,2010-03-31,damien.lal@papers.com,Madrid,10154
14949,AW00014949,Steve,Wu,M,,2010-03-31,steve.wu@fountains.com,Tokyo,51488
14950,AW00014950,Maria,Hernandez,S,,2010-03-31,maria.hernandez@nappa.com,Jakarta,24860
14951,AW00014951,Katie,Rai,M,,2010-03-31,katie.rai@sticks.com,Jakarta,16576
14952,AW00014952,Holly,Srini,M,,2010-03-31,holly.srini@towels.com,Istanbul,11737
14953,AW00014953,Adrienne,Gill,S,,2010-03-31,adrienne.gill@sticks.com,Berlin,31950
14954,AW00014954,Denise,Perez,S,,2010-04-01,denise.perez@circles.com,Madrid,26359
14955,AW00014955,Jorge,Xu,M,,2010-04-01,jorge.xu@fountains.com,London,28675
14956,AW00014956,Krista,Romero,S,,2010-04-01,krista.romero@cappo.com,Bangkok,23478
14957,AW00014957,Lacey,Shan,S,,2010-04-01,lacey.shan@fountains.com,Rome,17882
14958,AW00014958,Clayton,Liang,M,,2010-04-01,clayton.liang@towels.com,Shanghai,33953
14959,AW00014959,Ross,Patel,S,,2010-04-01,ross.patel@towels.com,Paris,37316
14960,AW00014960,Leonard,Pal,S,,2010-04-01,leonard.pal@winds.com,Bangkok,57088
14961,AW00014961,Jaclyn,Yang,M,,2010-04-02,jaclyn.yang@hostinger.com,Shanghai,18093
14962,AW00014962,Justin,Jai,M,,2010-04-02,justin.jai@towels.com,Singapore,54392
14963,AW00014963,Sydney,Perry,M,,2010-04-02,sydney.perry@sticks.com,Moscow,59902
14964,AW00014964,Damien,Shen,M,,2010-04-02,damien.shen@hostinger.com,Bangkok,29320
14965,AW00014965,Edwin,Zhou,M,,2010-04-02,edwin.zhou@papers.com,Bangkok,51956
14966,AW00014966,Derrick,Vazquez,S,,2010-04-03,derrick.vazquez@mouse.com,Rome,44590
14967,AW00014967,Bridget,Xu,S,,2010-04-03,bridget.xu@papers.com,Rome,22830
14968,AW00014968,Troy,Patel,M,,2010-04-03,troy.patel@hostinger.com,Bangkok,14039
14969,AW00014969,Julio,Vazquez,S,,2010-04-03,julio.vazquez@towels.com,Mumbai,47326
14970,AW00014970,Bruce,Chandra,M,,2010-04-03,bruce.chandra@papers.com,Delhi,33740
14971,AW00014971,Susan,Zhu,M,,2010-04-03,susan.zhu@cappo.com,Rome,10598
14972,AW00014972,Cristina,Deng,S,,2010-04-03,cristina.deng@winds.com,Istanbul,58966
14973,AW00014973,Alicia,Jai,S,,2010-04-03,alicia.jai@sticks.com,Seoul,57883
14974,AW00014974,K.,Saravan,S,,2010-04-03,k..saravan@nappa.com,London,33457
14975,AW00014975,Dalton,Scott,M,,2010-04-03,dalton.scott@nappa.com,Jakarta,30088
14976,AW00014976,Randy,Hu,M,,2010-04-03,randy.hu@mouse.com,Mumbai,56970
14977,AW00014977,Stacy,Carlson,S,,2010-04-03,stacy.carlson@cappo.com,Rome,11477
14978,AW00014978,Jamie,Ortega,S,,2010-04-03,jamie.ortega@winds.com,Paris,49751
14979,AW00014979,Rodney,Serrano,S,,2010-04-04,rodney.serrano@cappo.com,Rome,47712
14980,AW00014980,Michele,Garcia,S,,2010-04-04,michele.garcia@towels.com,Tokyo,29287
14981,AW00014981,April,Raji,S,,2010-04-04,april.raji@fountains.com,Mumbai,55418
14982,AW00014982,Kayla,Hughes,M,,2010-04-04,kayla.hughes@sticks.com,Moscow,37545
14983,AW00014983,Juan,Sanz,S,,2010-04-04,juan.sanz@fountains.com,Delhi,45604
14984,AW00014984,Regina,Vance,S,,2010-04-04,regina.vance@winds.com,Tokyo,27493
14985,AW00014985,Jaclyn,Zhu,S,,2010-04-04,jaclyn.zhu@mouse.com,London,24938
14986,AW00014986,Richard,Martinez,M,,2010-04-04,richard.martinez@hostinger.com,Seoul,52777
14987,AW00014987,Misty,Nara,S,,2010-04-04,misty.nara@winds.com,Madrid,45579
14988,AW00014988,Mandy,Lu,M,,2010-04-05,mandy.lu@nappa.com,London,35567
14989,AW00014989,Shawna,She,S,,2010-04-05,shawna.she@towels.com,Berlin,59307
14990,AW00014990,Nelson,Ramos,S,,2010-04-05,nelson.ramos@sticks.com,Madrid,38383
14991,AW00014991,Edwin,Zhao,S,,2010-04-05,edwin.zhao@hostinger.com,Bangkok,46206
14992,AW00014992,Dale,Andersen,M,,2010-04-05,dale.andersen@towels.com,Singapore,16056
14993,AW00014993,Sean,Morgan,S,,2010-04-05,sean.morgan@winds.com,Mumbai,52627
14994,AW00014994,Seth,King,S,,2010-04-05,seth.king@circles.com,Jakarta,36268
14995,AW00014995,Stefanie,Malhotra,S,,2010-04-06,stefanie.malhotra@winds.com,Shanghai,13120
14996,AW00014996,Ross,Gill,S,,2010-04-06,ross.gill@fountains.com,Delhi,53671
14997,AW00014997,Angel,Cooper,M,,2010-04-06,angel.cooper@hostinger.com,Moscow,20282
14998,AW00014998,Robert,Rodriguez,S,,2010-04-06,robert.rodriguez@winds.com,Delhi,10181
14999,AW00014999,Arianna,Morris,S,,2010-04-06,arianna.morris@mouse.com,Bangkok,39525
15000,AW00015000,Kelli,Zhou,S,,2010-04-06,kelli.zhou@mouse.com,Seoul,59030
15001,AW00015001,Autumn,Lu,S,,2010-04-06,autumn.lu@nappa.com,Istanbul,17365
15002,AW00015002,Jenny,Lin,S,,2010-04-06,jenny.lin@mouse.com,Singapore,44223
15003,AW00015003,Dennis,Yang,S,,2010-04-07,dennis.yang@circles.com,Moscow,12556
15004,AW00015004,Suzanne,Hu,S,,2010-04-07,suzanne.hu@towels.com,Istanbul,52871
15005,AW00015005,Adrian,Cooper,S,,2010-04-07,adrian.cooper@circles.com,Rome,48381
15006,AW00015006,Grace,Jackson,M,,2010-04-07,grace.jackson@circles.com,Shanghai,13295
15007,AW00015007,Jaime,Rubio,S,,2010-04-07,jaime.rubio@nappa.com,Paris,49944
15008,AW00015008,Blake,Parker,M,,2010-04-07,blake.parker@nappa.com,Delhi,21643
15009,AW00015009,Chloe,Patterson,S,,2010-04-07,chloe.patterson@nappa.com,Bangkok,14340
15010,AW00015010,Cory,Suri,M,,2010-04-07,cory.suri@papers.com,Mumbai,10458
15011,AW00015011,Amber,Mitchell,S,,2010-04-08,amber.mitchell@papers.com,Istanbul,50229
15012,AW00015012,Emma,Hughes,M,,2010-04-08,emma.hughes@circles.com,Istanbul,56805
15013,AW00015013,Julia,Campbell,S,,2010-04-08,julia.campbell@hostinger.com,Delhi,47427
15014,AW00015014,Warren,Liu,M,,2010-04-08,warren.liu@nappa.com,Madrid,32041
15015,AW00015015,Randy,Liu,M,,2010-04-08,randy.liu@sticks.com,London,56545
15016,AW00015016,Daniel,Clark,S,,2010-04-08,daniel.clark@cappo.com,Berlin,24909
15017,AW00015017,Amanda,Ramirez,S,,2010-04-09,amanda.ramirez@nappa.com,Istanbul,34000
15018,AW00015018,Felicia,Martin,M,,2010-04-09,felicia.martin@nappa.com,Mumbai,22724
15019,AW00015019,Mary,Ramos,S,,2010-04-09,mary.ramos@papers.com,Istanbul,25019
15020,AW00015020,Christy,Ma,M,,2010-04-09,christy.ma@winds.com,Bangkok,22211
15021,AW00015021,Lucas,Moore,M,,2010-04-09,lucas.moore@winds.com,Moscow,17857
15022,AW00015022,Latasha,Gutierrez,M,,2010-04-10,latasha.gutierrez@towels.com,Delhi,56061
15023,AW00015023,Juan,Watson,M,,2010-04-10,juan.watson@hostinger.com,Delhi,24069
15024,AW00015024,Nathan,Jones,M,,2010-04-10,nathan.jones@nappa.com,Seoul,18363
15025,AW00015025,Kristi,Subram,S,,2010-04-10,kristi.subram@cappo.com,Mumbai,39523
15026,AW00015026,Felicia,Diaz,S,,2010-04-10,felicia.diaz@papers.com,Singapore,33999
15027,AW00015027,Tommy,Jai,M,,2010-04-10,tommy.jai@cappo.com,Bangkok,51587
15028,AW00015028,Tabitha,Alvarez,S,,2010-04-10,tabitha.alvarez@nappa.com,Madrid,30988
15029,AW00015029,Alejandro,Ye,S,,2010-04-10,alejandro.ye@mouse.com,London,17975
15030,AW00015030,Jeffery,Zheng,M,,2010-04-11,jeffery.zheng@towels.com,Rome,40672
15031,AW00015031,Darryl,Lin,M,,2010-04-11,darryl.lin@papers.com,Seoul,58191
15032,AW00015032,Meredith,Suarez,S,,2010-04-11,meredith.suarez@papers.com,Singapore,37537
15033,AW00015033,Dana,Moreno,S,,2010-04-11,dana.moreno@towels.com,Shanghai,21981
15034,AW00015034,Hector,Suarez,S,,2010-04-11,hector.suarez@fountains.com,Bangkok,37634
15035,AW00015035,Jay,Mehta,S,,2010-04-11,jay.mehta@circles.com,Jakarta,48240
15036,AW00015036,Derek,She,S,,2010-04-11,derek.she@circles.com,Paris,30751
15037,AW00015037,Jaime,Raji,S,,2010-04-11,jaime.raji@cappo.com,Delhi,40709
15038,AW00015038,Cedric,Yang,M,,2010-04-12,cedric.yang@towels.com,Istanbul,18047
15039,AW00015039,Michele,Xie,S,,2010-04-12,michele.xie@cappo.com,Tokyo,14532
15040,AW00015040,George,Lopez,M,,2010-04-12,george.lopez@winds.com,Delhi,40519
15041,AW00015041,Michele,Goel,M,,2010-04-12,michele.goel@sticks.com,Singapore,22524
15042,AW00015042,Bryant,Perez,S,,2010-04-12,bryant.perez@sticks.com,Delhi,40480
15043,AW00015043,Joel,Gonzalez,S,,2010-04-12,joel.gonzalez@circles.com,Tokyo,18488
15044,AW00015044,Valerie,Hu,S,,2010-04-12,valerie.hu@nappa.com,Seoul,18313
15045,AW00015045,Tasha,Luo,M,,2010-04-12,tasha.luo@nappa.com,Madrid,40110
15046,AW00015046,Casey,Tang,M,,2010-04-12,casey.tang@nappa.com,Paris,10614
15047,AW00015047,Meghan,Vazquez,M,,2010-04-12,meghan.vazquez@papers.com,Berlin,24624
15048,AW00015048,Bonnie,Yuan,M,,2010-04-12,bonnie.yuan@papers.com,Shanghai,28285
15049,AW00015049,Frank,Dominguez,S,,2010-04-12,frank.dominguez@nappa.com,Bangkok,42493
15050,AW00015050,Joshua,Miller,S,,2010-04-12,joshua.miller@towels.com,Tokyo,13309
15051,AW00015051,Harold,McDonald,S,,2010-04-13,harold.mcdonald@nappa.com,Paris,25993
15052,AW00015052,Kari,Moreno,M,,2010-04-13,kari.moreno@circles.com,Paris,48441
15053,AW00015053,Kurt,Andersen,S,,2010-04-13,kurt.andersen@sticks.com,Paris,13157
15054,AW00015054,Roger,Anand,S,,2010-04-13,roger.anand@circles.com,Paris,42790
15055,AW00015055,Patrick,Torres,M,,2010-04-13,patrick.torres@towels.com,Delhi,45946
15056,AW00015056,Jaime,Suarez,M,,2010-04-13,jaime.suarez@fountains.com,Moscow,38309
15057,AW00015057,Regina,Chandra,S,,2010-04-13,regina.chandra@hostinger.com,Paris,13058
15058,AW00015058,Julio,Suarez,M,,2010-04-14,julio.suarez@fountains.com,Jakarta,22457
15059,AW00015059,Lisa,Zhu,M,,2010-04-14,lisa.zhu@sticks.com,Istanbul,51794
15060,AW00015060,Max,Vazquez,S,,2010-04-14,max.vazquez@circles.com,Paris,50618
15061,AW00015061,Margaret,Ma,M,,2010-04-14,margaret.ma@circles.com,Shanghai,29475
15062,AW00015062,Jaime,Alonso,S,,2010-04-14,jaime.alonso@fountains.com,Jakarta,14766
15063,AW00015063,Kari,Malhotra,M,,2010-04-14,kari.malhotra@nappa.com,London,50979
15064,AW00015064,Erik,Rubio,M,,2010-04-14,erik.rubio@nappa.com,Shanghai,39961
15065,AW00015065,Alejandro,Gao,S,,2010-04-14,alejandro.gao@papers.com,London,11449
15066,AW00015066,Diana,Munoz,M,,2010-04-14,diana.munoz@nappa.com,Shanghai,28138
15067,AW00015067,Dana,Alvarez,S,,2010-04-14,dana.alvarez@cappo.com,Berlin,57428
15068,AW00015068,Jessica,Barnes,S,,2010-04-14,jessica.barnes@nappa.com,Istanbul,46259
15069,AW00015069,Noah,Lal,S,,2010-04-15,noah.lal@sticks.com,Singapore,18162
15070,AW00015070,Alfredo,Navarro,S,,2010-04-15,alfredo.navarro@towels.com,Tokyo,25432
15071,AW00015071,Krista,Gutierrez,S,,2010-04-15,krista.gutierrez@sticks.com,Bangkok,59061
15072,AW00015072,Whitney,Subram,S,,2010-04-15,whitney.subram@cappo.com,Madrid,12336
15073,AW00015073,Tasha,Chander,M,,2010-04-15,tasha.chander@towels.com,Jakarta,16258
15074,AW00015074,Elizabeth,Perry,M,,2010-04-15,elizabeth.perry@fountains.com,Mumbai,40615
15075,AW00015075,Alexa,Kelly,M,,2010-04-15,alexa.kelly@cappo.com,Tokyo,31317
15076,AW00015076,Sheila,Ramos,M,,2010-04-15,sheila.ramos@sticks.com,Rome,36143
15077,AW00015077,Dominique,Lopez,M,,2010-04-15,dominique.lopez@papers.com,Berlin,45691
15078,AW00015078,Jacob,Wilson,S,,2010-04-16,jacob.wilson@towels.com,Delhi,30231
15079,AW00015079,Jose,Martin,M,,2010-04-16,jose.martin@hostinger.com,Istanbul,28248
15080,AW00015080,Evelyn,Chandra,M,,2010-04-16,evelyn.chandra@circles.com,Bangkok,23707
15081,AW00015081,Daisy,Munoz,M,,2010-04-16,daisy.munoz@circles.com,Madrid,30232
15082,AW00015082,Kelvin,Lal,M,,2010-04-16,kelvin.lal@cappo.com,Moscow,53504
15083,AW00015083,Teresa,Gutierrez,M,,2010-04-16,teresa.gutierrez@sticks.com,Shanghai,40706
15084,AW00015084,Adrienne,Serrano,S,,2010-04-17,adrienne.serrano@circles.com,Moscow,55538
15085,AW00015085,Kristin,Jai,S,,2010-04-17,kristin.jai@cappo.com,Singapore,16124
15086,AW00015086,Latasha,Dominguez,S,,2010-04-17,latasha.dominguez@towels.com,Jakarta,11767
15087,AW00015087,Robin,Sanz,S,,2010-04-17,robin.sanz@circles.com,Berlin,35955
15088,AW00015088,Colleen,Cai,S,,2010-04-17,colleen.cai@fountains.com,Mumbai,32743
15089,AW00015089,Martin,Prasad,M,,2010-04-17,martin.prasad@winds.com,London,34602
15090,AW00015090,Troy,Mehta,S,,2010-04-17,troy.mehta@mouse.com,Istanbul,25850
15091,AW00015091,Jermaine,Madan,M,,2010-04-17,jermaine.madan@cappo.com,Delhi,33646
15092,AW00015092,Adrian,Morris,M,,2010-04-17,adrian.morris@mouse.com,Shanghai,38148
15093,AW00015093,Johnny,Moyer,M,,2010-04-17,johnny.moyer@fountains.com,Singapore,34609
15094,AW00015094,Wendy,Ortega,M,,2010-04-17,wendy.ortega@papers.com,Madrid,10158
15095,AW00015095,Jodi,Shan,M,,2010-04-17,jodi.shan@fountains.com,Delhi,55923
15096,AW00015096,Gary,Schare,M,,2010-04-18,gary.schare@nappa.com,Moscow,57322
15097,AW00015097,Morgan,Bennett,M,,2010-04-18,morgan.bennett@hostinger.com,Madrid,32339
15098,AW00015098,Diana,Sanz,S,,2010-04-18,diana.sanz@cappo.com,Shanghai,27539
15099,AW00015099,Alvin,Ma,S,,2010-04-18,alvin.ma@hostinger.com,Rome,20296
15100,AW00015100,Brenda,Chandra,M,,2010-04-18,brenda.chandra@mouse.com,Berlin,48810
15101,AW00015101,Shawn,Shan,S,,2010-04-18,shawn.shan@sticks.com,Mumbai,18686
15102,AW00015102,Allen,Malhotra,M,,2010-04-19,allen.malhotra@papers.com,Istanbul,50839
15103,AW00015103,Jonathan,Lopez,M,,2010-04-19,jonathan.lopez@winds.com,Mumbai,51070
15104,AW00015104,Ashley,Thompson,M,,2010-04-19,ashley.thompson@circles.com,Shanghai,30665
15105,AW00015105,Tina,Rana,M,,2010-04-19,tina.rana@towels.com,Jakarta,34686
15106,AW00015106,Shannon,Navarro,M,,2010-04-19,shannon.navarro@hostinger.com,Moscow,28321
15107,AW00015107,Roy,Saunders,M,,2010-04-19,roy.saunders@mouse.com,Seoul,39490
15108,AW00015108,Colleen,Gao,M,,2010-04-19,colleen.gao@papers.com,Delhi,41015
15109,AW00015109,Meghan,Carlson,M,,2010-04-19,meghan.carlson@papers.com,Madrid,32623
15110,AW00015110,Janelle,Prasad,M,,2010-04-19,janelle.prasad@mouse.com,Tokyo,43687
15111,AW00015111,Leah,Huang,M,,2010-04-20,leah.huang@hostinger.com,Shanghai,16858
15112,AW00015112,Alicia,Luo,M,,2010-04-20,alicia.luo@sticks.com,Tokyo,45161
15113,AW00015113,Robert,Smith,M,,2010-04-20,robert.smith@papers.com,Berlin,49630
15114,AW00015114,Erika,Munoz,M,,2010-04-20,erika.munoz@winds.com,Madrid,39332
15115,AW00015115,Christian,Patterson,S,,2010-04-20,christian.patterson@winds.com,Paris,20875
15116,AW00015116,Mackenzie,Ramirez,M,,2010-04-20,mackenzie.ramirez@fountains.com,Singapore,34050
15117,AW00015117,Dana,Dominguez,M,,2010-04-21,dana.dominguez@mouse.com,Jakarta,46070
15118,AW00015118,Nelson,Ortega,M,,2010-04-21,nelson.ortega@sticks.com,Singapore,52394
15119,AW00015119,Johnny,Tang,M,,2010-04-21,johnny.tang@papers.com,Rome,56419
15120,AW00015120,Erika,Suarez,M,,2010-04-21,erika.suarez@mouse.com,Rome,40315
15121,AW00015121,Brendan,Andersen,S,,2010-04-21,brendan.andersen@nappa.com,Mumbai,32322
15122,AW00015122,Abby,Raman,S,,2010-04-21,abby.raman@cappo.com,Singapore,53262
15123,AW00015123,Sergio,Lopez,S,,2010-04-21,sergio.lopez@hostinger.com,Moscow,33386
15124,AW00015124,Wendy,Hernandez,S,,2010-04-21,wendy.hernandez@cappo.com,Paris,26557
15125,AW00015125,Cory,Martinez,S,,2010-04-21,cory.martinez@hostinger.com,Paris,55594
15126,AW00015126,Manuel,Sanchez,S,,2010-04-21,manuel.sanchez@mouse.com,London,10824
15127,AW00015127,Wesley,Yang,S,,2010-04-21,wesley.yang@papers.com,Mumbai,38689
15128,AW00015128,Angelica,Barnes,S,,2010-04-21,angelica.barnes@fountains.com,Mumbai,52551
15129,AW00015129,Jennifer,Patterson,M,,2010-04-22,jennifer.patterson@towels.com,Singapore,27426
15130,AW00015130,Roger,Ma,S,,2010-04-22,roger.ma@papers.com,Mumbai,46416
15131,AW00015131,Lacey,Sun,S,,2010-04-22,lacey.sun@fountains.com,Paris,41870
15132,AW00015132,Jenny,Pal,M,,2010-04-22,jenny.pal@mouse.com,Rome,27832
15133,AW00015133,Raul,Rai,M,,2010-04-22,raul.rai@fountains.com,Tokyo,58106
15134,AW00015134,Meagan,Raman,S,,2010-04-22,meagan.raman@towels.com,Moscow,28719
15135,AW00015135,Derek,Kumar,S,,2010-04-22,derek.kumar@cappo.com,London,49075
15136,AW00015136,Emma,Johnson,M,,2010-04-22,emma.johnson@winds.com,Berlin,14948
15137,AW00015137,Luke,Foster,M,,2010-04-22,luke.foster@sticks.com,Rome,24929
15138,AW00015138,Monique,Hernandez,S,,2010-04-23,monique.hernandez@towels.com,Mumbai,12154
15139,AW00015139,Colin,She,M,,2010-04-23,colin.she@papers.com,Berlin,51540
15140,AW00015140,Diane,Bradley,S,,2010-04-23,diane.bradley@winds.com,Paris,10714
15141,AW00015141,Sandra,Zheng,S,,2010-04-23,sandra.zheng@mouse.com,Seoul,23529
15142,AW00015142,Karl,Nara,M,,2010-04-23,karl.nara@cappo.com,Delhi,27465
15143,AW00015143,Kelvin,Wang,M,,2010-04-23,kelvin.wang@nappa.com,Bangkok,58200
15144,AW00015144,Deanna,Serrano,S,,2010-04-23,deanna.serrano@circles.com,Jakarta,39194
15145,AW00015145,Crystal,Lu,S,,2010-04-23,crystal.lu@fountains.com,Shanghai,33051
15146,AW00015146,Adriana,Sara,M,,2010-04-24,adriana.sara@sticks.com,Paris,17683
15147,AW00015147,Clarence,Chen,M,,2010-04-24,clarence.chen@fountains.com,Seoul,12443
15148,AW00015148,James,West,M,,2010-04-24,james.west@sticks.com,Jakarta,13382
15149,AW00015149,Natalie,Morgan,M,,2010-04-24,natalie.morgan@sticks.com,Jakarta,22648
15150,AW00015150,Colleen,Shan,M,,2010-04-24,colleen.shan@nappa.com,London,32216
15151,AW00015151,Karl,Shen,M,,2010-04-24,karl.shen@fountains.com,Bangkok,56768
15152,AW00015152,Meghan,Moreno,M,,2010-04-24,meghan.moreno@winds.com,Moscow,20167
15153,AW00015153,Kristen,Li,M,,2010-04-24,kristen.li@fountains.com,London,17481
15154,AW00015154,Joe,Hernandez,M,,2010-04-24,joe.hernandez@sticks.com,Berlin,28008
15155,AW00015155,Jamie,Harrison,M,,2010-04-24,jamie.harrison@fountains.com,Shanghai,52626
15156,AW00015156,Dylan,Foster,M,,2010-04-24,dylan.foster@cappo.com,Moscow,35895
15157,AW00015157,Jordan,Gonzalez,M,,2010-04-24,jordan.gonzalez@circles.com,Delhi,13894
15158,AW00015158,Victoria,Moore,M,,2010-04-25,victoria.moore@cappo.com,Mumbai,31643
15159,AW00015159,Eric,Washington,M,,2010-04-25,eric.washington@mouse.com,Bangkok,30451
15160,AW00015160,Candace,Van,M,,2010-04-25,candace.van@sticks.com,Mumbai,34212
15161,AW00015161,Trinity,James,S,,2010-04-25,trinity.james@hostinger.com,Tokyo,16464
15162,AW00015162,Kaitlyn,Barnes,M,,2010-04-25,kaitlyn.barnes@nappa.com,Seoul,13844
15163,AW00015163,Victoria,Murphy,M,,2010-04-25,victoria.murphy@circles.com,Tokyo,13861
15164,AW00015164,Savannah,Collins,M,,2010-04-25,savannah.collins@hostinger.com,Jakarta,24124
15165,AW00015165,Carl,Anand,M,,2010-04-25,carl.anand@circles.com,Singapore,21788
15166,AW00015166,Nina,Goel,M,,2010-04-25,nina.goel@hostinger.com,Rome,58690
15167,AW00015167,Sara,Hernandez,M,,2010-04-26,sara.hernandez@nappa.com,Seoul,42796
15168,AW00015168,Xavier,Bell,M,,2010-04-26,xavier.bell@hostinger.com,Istanbul,58742
15169,AW00015169,Zachary,Miller,M,,2010-04-26,zachary.miller@hostinger.com,Madrid,48923
15170,AW00015170,Jermaine,Martinez,M,,2010-04-26,jermaine.martinez@papers.com,London,13243
15171,AW00015171,Destiny,Jones,S,,2010-04-26,destiny.jones@nappa.com,Seoul,51803
15172,AW00015172,Alexandra,Hill,S,,2010-04-26,alexandra.hill@papers.com,Delhi,59017
15173,AW00015173,Miguel,Henderson,S,,2010-04-26,miguel.henderson@winds.com,Shanghai,55958
15174,AW00015174,Trinity,Rogers,S,,2010-04-26,trinity.rogers@hostinger.com,Shanghai,51870
15175,AW00015175,Kristi,Malhotra,S,,2010-04-26,kristi.malhotra@circles.com,Mumbai,53219
15176,AW00015176,Kristi,Ramos,M,,2010-04-26,kristi.ramos@mouse.com,Singapore,13383
15177,AW00015177,Jorge,Lu,S,,2010-04-26,jorge.lu@circles.com,Seoul,23637
15178,AW00015178,Drew,Tang,M,,2010-04-26,drew.tang@sticks.com,Mumbai,22549
15179,AW00015179,Jay,Rubio,S,,2010-04-27,jay.rubio@cappo.com,Tokyo,45461
15180,AW00015180,Jillian,Suri,S,,2010-04-27,jillian.suri@hostinger.com,Jakarta,10319
15181,AW00015181,Rosa,Huang,S,,2010-04-27,rosa.huang@nappa.com,Madrid,49698
15182,AW00015182,Deanna,Srini,S,,2010-04-27,deanna.srini@fountains.com,Seoul,36423
15183,AW00015183,Michele,Raji,S,,2010-04-27,michele.raji@sticks.com,Bangkok,18445
15184,AW00015184,Mathew,Hernandez,S,,2010-04-27,mathew.hernandez@circles.com,Mumbai,50766
15185,AW00015185,Jonathan,Evans,M,,2010-04-27,jonathan.evans@mouse.com,Bangkok,13802
15186,AW00015186,Leah,Yang,M,,2010-04-27,leah.yang@hostinger.com,Rome,43913
15187,AW00015187,Benjamin,Brown,S,,2010-04-27,benjamin.brown@towels.com,Mumbai,22512
15188,AW00015188,Isaac,Watson,S,,2010-04-27,isaac.watson@papers.com,Singapore,33899
15189,AW00015189,Kayla,Russell,M,,2010-04-28,kayla.russell@papers.com,Singapore,13089
15190,AW00015190,Katherine,Watson,S,,2010-04-28,katherine.watson@hostinger.com,Madrid,27286
15191,AW00015191,Andres,Kumar,S,,2010-04-28,andres.kumar@hostinger.com,Seoul,18132
15192,AW00015192,Tasha,Shan,S,,2010-04-28,tasha.shan@winds.com,London,41149
15193,AW00015193,Samuel,King,S,,2010-04-28,samuel.king@winds.com,London,37321
15194,AW00015194,Erik,Suarez,S,,2010-04-28,erik.suarez@sticks.com,Shanghai,23299
15195,AW00015195,Edwin,Huang,S,,2010-04-28,edwin.huang@papers.com,Istanbul,54885
15196,AW00015196,Isaiah,Reed,S,,2010-04-28,isaiah.reed@papers.com,Paris,30561
15197,AW00015197,Elijah,Kumar,M,,2010-04-28,elijah.kumar@mouse.com,Singapore,25878
15198,AW00015198,Lauren,Watson,M,,2010-04-28,lauren.watson@winds.com,Paris,27248
15199,AW00015199,Joe,Jordan,M,,2010-04-29,joe.jordan@sticks.com,Shanghai,42524
15200,AW00015200,Mindy,Simpson,M,,2010-04-29,mindy.simpson@cappo.com,Moscow,25115
15201,AW00015201,Miranda,Washington,S,,2010-04-29,miranda.washington@sticks.com,Moscow,20631
15202,AW00015202,Blake,Bryant,M,,2010-04-29,blake.bryant@fountains.com,London,51944
15203,AW00015203,David,Lewis,M,,2010-04-29,david.lewis@papers.com,Paris,54674
15204,AW00015204,Deanna,Gonzalez,M,,2010-04-29,deanna.gonzalez@nappa.com,Jakarta,38665
15205,AW00015205,Shawna,Black,S,,2010-04-29,shawna.black@towels.com,Madrid,31196
15206,AW00015206,Maurice,Andersen,M,,2010-04-29,maurice.andersen@sticks.com,Bangkok,53434
15207,AW00015207,Josue,Diaz,S,,2010-04-30,josue.diaz@nappa.com,London,36742
15208,AW00015208,Colleen,Luo,M,,2010-04-30,colleen.luo@papers.com,Delhi,30765
15209,AW00015209,Frank,Romero,M,,2010-04-30,frank.romero@sticks.com,Delhi,21287
15210,AW00015210,Kurt,Raje,S,,2010-04-30,kurt.raje@circles.com,Madrid,55071
15211,AW00015211,Kenneth,Luo,S,,2010-04-30,kenneth.luo@papers.com,Rome,18685
15212,AW00015212,Marcus,Henderson,M,,2010-04-30,marcus.henderson@hostinger.com,Seoul,48154
15213,AW00015213,Briana,Martin,M,,2010-04-30,briana.martin@cappo.com,Moscow,39343
15214,AW00015214,Amanda,Jenkins,S,,2010-04-30,amanda.jenkins@cappo.com,Shanghai,23605
15215,AW00015215,Alberto,Jiménez,S,,2010-04-30,alberto.jiménez@circles.com,Moscow,12956
15216,AW00015216,Desiree,Gutierrez,M,,2010-05-01,desiree.gutierrez@fountains.com,Seoul,54345
15217,AW00015217,Ethan,Jai,S,,2010-05-01,ethan.jai@hostinger.com,Moscow,22527
15218,AW00015218,Willie,Johnsen,S,,2010-05-01,willie.johnsen@cappo.com,Paris,18562
15219,AW00015219,Clayton,Chen,S,,2010-05-01,clayton.chen@sticks.com,Mumbai,52116
15220,AW00015220,Micah,Liu,S,,2010-05-01,micah.liu@papers.com,Seoul,47938
15221,AW00015221,Troy,Arun,S,,2010-05-01,troy.arun@towels.com,Seoul,46295
15222,AW00015222,Cynthia,Patel,M,,2010-05-01,cynthia.patel@hostinger.com,Mumbai,10060
15223,AW00015223,Ebony,Martin,S,,2010-05-01,ebony.martin@circles.com,Mumbai,32246
15224,AW00015224,Pedro,Gutierrez,S,,2010-05-01,pedro.gutierrez@hostinger.com,Moscow,38372
15225,AW00015225,Yolanda,Bhat,M,,2010-05-02,yolanda.bhat@towels.com,Madrid,59019
15226,AW00015226,Lori,Moreno,S,,2010-05-02,lori.moreno@mouse.com,Mumbai,41555
15227,AW00015227,Harold,Malhotra,S,,2010-05-02,harold.malhotra@winds.com,Delhi,19960
15228,AW00015228,Jermaine,Raman,M,,2010-05-02,jermaine.raman@fountains.com,Shanghai,21761
15229,AW00015229,Calvin,Rai,M,,2010-05-02,calvin.rai@cappo.com,Mumbai,36242
15230,AW00015230,Jillian,Vance,M,,2010-05-02,jillian.vance@cappo.com,Jakarta,58647
15231,AW00015231,Alexia,Barnes,M,,2010-05-02,alexia.barnes@sticks.com,Jakarta,39937
15232,AW00015232,Omar,Ma,S,,2010-05-02,omar.ma@hostinger.com,Jakarta,20435
15233,AW00015233,Tammy,Rodriguez,M,,2010-05-02,tammy.rodriguez@sticks.com,Istanbul,37496
15234,AW00015234,Kathleen,Moreno,S,,2010-05-02,kathleen.moreno@cappo.com,Shanghai,49066
15235,AW00015235,Kari,Lopez,M,,2010-05-03,kari.lopez@winds.com,Istanbul,36445
15236,AW00015236,Brandy,Kapoor,M,,2010-05-03,brandy.kapoor@papers.com,Shanghai,13353
15237,AW00015237,Devon,Lal,M,,2010-05-03,devon.lal@sticks.com,Madrid,12426
15238,AW00015238,Jonathon,Alonso,M,,2010-05-03,jonathon.alonso@sticks.com,Singapore,59887
15239,AW00015239,Sergio,Rodriguez,M,,2010-05-03,sergio.rodriguez@sticks.com,Singapore,38838
15240,AW00015240,Monique,Navarro,M,,2010-05-03,monique.navarro@fountains.com,Rome,15777
15241,AW00015241,Geoffrey,Madan,M,,2010-05-03,geoffrey.madan@winds.com,Moscow,26604
15242,AW00015242,Neil,Suarez,M,,2010-05-03,neil.suarez@cappo.com,Seoul,57364
15243,AW00015243,Lauren,Harris,M,,2010-05-03,lauren.harris@towels.com,Mumbai,25597
15244,AW00015244,Alexis,Rodriguez,M,,2010-05-03,alexis.rodriguez@papers.com,Bangkok,23223
15245,AW00015245,Eduardo,Ross,M,,2010-05-04,eduardo.ross@circles.com,Madrid,47373
15246,AW00015246,Kaitlyn,Watson,M,,2010-05-04,kaitlyn.watson@sticks.com,Istanbul,48120
15247,AW00015247,Catherine,Stewart,S,,2010-05-04,catherine.stewart@winds.com,Moscow,58329
15248,AW00015248,Richard,Harris,M,,2010-05-04,richard.harris@cappo.com,Rome,42216
15249,AW00015249,Abigail,Anderson,S,,2010-05-04,abigail.anderson@fountains.com,London,42671
15250,AW00015250,Jose,Scott,S,,2010-05-04,jose.scott@circles.com,Jakarta,27247
15251,AW00015251,Noah,Hall,S,,2010-05-04,noah.hall@cappo.com,Moscow,24149
15252,AW00015252,Jada,Murphy,M,,2010-05-04,jada.murphy@mouse.com,Delhi,11493
15253,AW00015253,Barry,Suri,M,,2010-05-04,barry.suri@fountains.com,Berlin,30290
15254,AW00015254,Carla,Chapman,M,,2010-05-04,carla.chapman@winds.com,Paris,31000
15255,AW00015255,Evan,Collins,M,,2010-05-04,evan.collins@hostinger.com,Paris,30579
15256,AW00015256,Dalton,Ramirez,S,,2010-05-04,dalton.ramirez@mouse.com,Istanbul,23133
15257,AW00015257,Matthew,Anderson,S,,2010-05-04,matthew.anderson@nappa.com,Seoul,31818
15258,AW00015258,Chloe,Reed,M,,2010-05-04,chloe.reed@hostinger.com,Moscow,59213
15259,AW00015259,Franklin,Zhu,S,,2010-05-04,franklin.zhu@fountains.com,Istanbul,13881
15260,AW00015260,Kathleen,Torres,S,,2010-05-04,kathleen.torres@fountains.com,Paris,52804
15261,AW00015261,Carolyn,Torres,M,,2010-05-04,carolyn.torres@winds.com,Seoul,54366
15262,AW00015262,Jan,Gonzalez,M,,2010-05-04,jan.gonzalez@towels.com,Tokyo,11474
15263,AW00015263,Paige,Coleman,M,,2010-05-05,paige.coleman@nappa.com,Bangkok,40853
15264,AW00015264,Peter,Goel,M,,2010-05-05,peter.goel@towels.com,Seoul,19258
15265,AW00015265,Kristopher,Malhotra,S,,2010-05-05,kristopher.malhotra@towels.com,Seoul,34017
15266,AW00015266,Briana,Suarez,M,,2010-05-05,briana.suarez@papers.com,Paris,30918
15267,AW00015267,Kendra,Alvarez,M,,2010-05-05,kendra.alvarez@hostinger.com,Seoul,29149
15268,AW00015268,Shannon,Wu,S,,2010-05-06,shannon.wu@mouse.com,Bangkok,41950
15269,AW00015269,Chloe,King,M,,2010-05-06,chloe.king@nappa.com,London,55530
15270,AW00015270,Ariana,Cox,S,,2010-05-06,ariana.cox@cappo.com,Jakarta,24112
15271,AW00015271,Samuel,Yang,S,,2010-05-07,samuel.yang@papers.com,Mumbai,36118
15272,AW00015272,Kyle,Gonzales,S,,2010-05-07,kyle.gonzales@winds.com,Paris,26123
15273,AW00015273,Brandon,Alexander,S,,2010-05-07,brandon.alexander@nappa.com,Tokyo,21328
15274,AW00015274,Alexander,Johnson,S,,2010-05-07,alexander.johnson@hostinger.com,London,32241
15275,AW00015275,Eric,Collins,M,,2010-05-07,eric.collins@papers.com,Madrid,26419
15276,AW00015276,Megan,Hall,S,,2010-05-07,megan.hall@cappo.com,Paris,14018
15277,AW00015277,Hailey,Griffin,S,,2010-05-07,hailey.griffin@towels.com,Berlin,11303
15278,AW00015278,Brandon,Russell,S,,2010-05-07,brandon.russell@cappo.com,Mumbai,31924
15279,AW00015279,Hunter,Lee,S,,2010-05-07,hunter.lee@hostinger.com,Jakarta,42852
15280,AW00015280,Mya,Griffin,S,,2010-05-07,mya.griffin@fountains.com,Madrid,39972
15281,AW00015281,Hunter,Anderson,S,,2010-05-08,hunter.anderson@sticks.com,Berlin,49605
15282,AW00015282,Elizabeth,Thomas,M,,2010-05-08,elizabeth.thomas@fountains.com,Mumbai,55269
15283,AW00015283,Eugene,Li,S,,2010-05-08,eugene.li@cappo.com,Shanghai,23538
15284,AW00015284,Jay,Prasad,S,,2010-05-08,jay.prasad@cappo.com,London,31773
15285,AW00015285,Olivia,Rodriguez,S,,2010-05-08,olivia.rodriguez@nappa.com,Bangkok,38974
15286,AW00015286,Thomas,Nelson,M,,2010-05-09,thomas.nelson@fountains.com,Singapore,59171
15287,AW00015287,Stephanie,Baker,S,,2010-05-09,stephanie.baker@sticks.com,Paris,40739
15288,AW00015288,Logan,Perry,M,,2010-05-09,logan.perry@hostinger.com,Seoul,28170
15289,AW00015289,Katelyn,Gray,M,,2010-05-09,katelyn.gray@mouse.com,Jakarta,46989
15290,AW00015290,Edward,Thompson,M,,2010-05-09,edward.thompson@hostinger.com,Moscow,59339
15291,AW00015291,Julia,Alexander,S,,2010-05-09,julia.alexander@nappa.com,Istanbul,36146
15292,AW00015292,Megan,Bailey,S,,2010-05-09,megan.bailey@cappo.com,Berlin,31838
15293,AW00015293,Mason,Watson,M,,2010-05-09,mason.watson@hostinger.com,Rome,43352
15294,AW00015294,Michael,Robinson,M,,2010-05-09,michael.robinson@towels.com,Bangkok,42938
15295,AW00015295,Louis,Shan,M,,2010-05-10,louis.shan@nappa.com,Madrid,31835
15296,AW00015296,Chloe,Peterson,M,,2010-05-10,chloe.peterson@cappo.com,Bangkok,21451
15297,AW00015297,Nicole,Bryant,M,,2010-05-10,nicole.bryant@sticks.com,Moscow,34027
15298,AW00015298,Joe,Chandra,M,,2010-05-10,joe.chandra@fountains.com,Moscow,28219
15299,AW00015299,Charles,Lopez,M,,2010-05-11,charles.lopez@papers.com,Rome,51852
15300,AW00015300,Seth,Butler,M,,2010-05-11,seth.butler@papers.com,Moscow,42177
15301,AW00015301,Amy,Guo,S,,2010-05-11,amy.guo@papers.com,Berlin,29826
15302,AW00015302,Brianna,Thomas,S,,2010-05-11,brianna.thomas@mouse.com,Tokyo,31335
15303,AW00015303,Haley,Patterson,S,,2010-05-11,haley.patterson@fountains.com,Singapore,43596
15304,AW00015304,Miranda,Powell,M,,2010-05-11,miranda.powell@circles.com,Singapore,42820
15305,AW00015305,Jacquelyn,Ortega,S,,2010-05-11,jacquelyn.ortega@towels.com,Jakarta,16576
15306,AW00015306,Victoria,Sanchez,M,,2010-05-11,victoria.sanchez@mouse.com,Delhi,51741
15307,AW00015307,Jennifer,Garcia,M,,2010-05-11,jennifer.garcia@fountains.com,Paris,43724
15308,AW00015308,Christy,Lal,M,,2010-05-12,christy.lal@circles.com,Rome,15126
15309,AW00015309,Dylan,Wilson,M,,2010-05-12,dylan.wilson@circles.com,Singapore,13408
15310,AW00015310,Amanda,Stewart,M,,2010-05-12,amanda.stewart@towels.com,Istanbul,23411
15311,AW00015311,Brandon,Thompson,M,,2010-05-12,brandon.thompson@circles.com,Singapore,52568
15312,AW00015312,Alexandria,Gonzales,M,,2010-05-12,alexandria.gonzales@winds.com,Bangkok,18637
15313,AW00015313,Garrett,Morris,M,,2010-05-12,garrett.morris@circles.com,Jakarta,54573
15314,AW00015314,Eduardo,Torres,S,,2010-05-12,eduardo.torres@fountains.com,Berlin,12876
15315,AW00015315,Katherine,Bennett,M,,2010-05-12,katherine.bennett@cappo.com,Rome,34729
15316,AW00015316,Alexis,Harris,M,,2010-05-13,alexis.harris@towels.com,Bangkok,21337
15317,AW00015317,Rachel,Jenkins,M,,2010-05-13,rachel.jenkins@mouse.com,Paris,34197
15318,AW00015318,Grace,Watson,M,,2010-05-13,grace.watson@circles.com,Madrid,28506
15319,AW00015319,Jade,Sanchez,M,,2010-05-13,jade.sanchez@mouse.com,Singapore,35598
15320,AW00015320,Eduardo,Brooks,M,,2010-05-13,eduardo.brooks@cappo.com,Bangkok,55819
15321,AW00015321,Blake,Phillips,M,,2010-05-13,blake.phillips@hostinger.com,Rome,12985
15322,AW00015322,Evan,Green,M,,2010-05-14,evan.green@mouse.com,Singapore,55928
15323,AW00015323,Eduardo,Wilson,M,,2010-05-14,eduardo.wilson@towels.com,Rome,32313
15324,AW00015324,Renee,Serrano,M,,2010-05-14,renee.serrano@cappo.com,Moscow,51018
15325,AW00015325,Elijah,Hayes,M,,2010-05-14,elijah.hayes@sticks.com,Shanghai,10120
15326,AW00015326,Todd,Zheng,M,,2010-05-14,todd.zheng@towels.com,Mumbai,50430
15327,AW00015327,Paula,Hernandez,S,,2010-05-14,paula.hernandez@sticks.com,Mumbai,20350
15328,AW00015328,Fernando,Jackson,M,,2010-05-14,fernando.jackson@hostinger.com,Shanghai,17175
15329,AW00015329,Brianna,Cox,S,,2010-05-14,brianna.cox@cappo.com,Bangkok,56832
15330,AW00015330,Catherine,Richardson,S,,2010-05-14,catherine.richardson@papers.com,Tokyo,48106
15331,AW00015331,Jacob,Taylor,M,,2010-05-14,jacob.taylor@nappa.com,Jakarta,36213
15332,AW00015332,Jason,Sharma,M,,2010-05-14,jason.sharma@winds.com,Moscow,29237
15333,AW00015333,Marie,Diaz,M,,2010-05-14,marie.diaz@towels.com,Madrid,28425
15334,AW00015334,Sydney,Williams,S,,2010-05-15,sydney.williams@winds.com,Rome,30870
15335,AW00015335,Emily,Patterson,S,,2010-05-15,emily.patterson@winds.com,Paris,55110
15336,AW00015336,Marco,Garcia,M,,2010-05-15,marco.garcia@papers.com,Istanbul,47923
15337,AW00015337,Rachel,Gonzales,M,,2010-05-15,rachel.gonzales@towels.com,Madrid,18433
15338,AW00015338,Marie,Navarro,M,,2010-05-15,marie.navarro@papers.com,Mumbai,17885
15339,AW00015339,Noah,Zhang,M,,2010-05-16,noah.zhang@fountains.com,Shanghai,18918
15340,AW00015340,Brittany,Barnes,M,,2010-05-16,brittany.barnes@winds.com,London,40408
15341,AW00015341,Lacey,Deng,M,,2010-05-16,lacey.deng@cappo.com,Rome,12423
15342,AW00015342,Ashlee,Raji,M,,2010-05-16,ashlee.raji@nappa.com,Paris,39436
15343,AW00015343,Carson,Barnes,M,,2010-05-16,carson.barnes@nappa.com,Shanghai,40915
15344,AW00015344,Luke,Russell,M,,2010-05-16,luke.russell@papers.com,Mumbai,48857
15345,AW00015345,Ashley,Perry,M,,2010-05-16,ashley.perry@fountains.com,Rome,59123
15346,AW00015346,Charles,Rodriguez,S,,2010-05-16,charles.rodriguez@hostinger.com,Madrid,18789
15347,AW00015347,Deanna,Alonso,M,,2010-05-16,deanna.alonso@fountains.com,Singapore,38169
15348,AW00015348,Greg,Carter,S,,2010-05-16,greg.carter@nappa.com,Delhi,11425
15349,AW00015349,Stephanie,Gonzalez,M,,2010-05-16,stephanie.gonzalez@papers.com,Bangkok,50424
15350,AW00015350,Kathleen,Serrano,M,,2010-05-17,kathleen.serrano@fountains.com,Singapore,20294
15351,AW00015351,Steve,Lu,M,,2010-05-17,steve.lu@circles.com,Delhi,20985
15352,AW00015352,Raymond,Martinez,S,,2010-05-17,raymond.martinez@fountains.com,Shanghai,24181
15353,AW00015353,Michele,Xu,S,,2010-05-17,michele.xu@towels.com,Bangkok,38668
15354,AW00015354,Corey,Kumar,M,,2010-05-17,corey.kumar@fountains.com,Tokyo,55479
15355,AW00015355,Janelle,Martinez,M,,2010-05-17,janelle.martinez@towels.com,Mumbai,27462
15356,AW00015356,Dawn,Jai,M,,2010-05-18,dawn.jai@towels.com,London,24363
15357,AW00015357,Craig,Navarro,M,,2010-05-18,craig.navarro@mouse.com,Berlin,51404
15358,AW00015358,Danielle,Sanders,S,,2010-05-18,danielle.sanders@circles.com,Paris,13012
15359,AW00015359,Logan,Yang,M,,2010-05-18,logan.yang@towels.com,Moscow,34342
15360,AW00015360,Ryan,Martin,M,,2010-05-18,ryan.martin@circles.com,Moscow,29281
15361,AW00015361,Thomas,Gonzales,S,,2010-05-18,thomas.gonzales@circles.com,Bangkok,39521
15362,AW00015362,Jennifer,Adams,M,,2010-05-19,jennifer.adams@papers.com,Istanbul,58117
15363,AW00015363,Justin,Yang,M,,2010-05-19,justin.yang@towels.com,London,59699
15364,AW00015364,Aidan,Bryant,S,,2010-05-19,aidan.bryant@sticks.com,Rome,59650
15365,AW00015365,Victoria,Gray,M,,2010-05-19,victoria.gray@fountains.com,Mumbai,52174
15366,AW00015366,Alyssa,Coleman,M,,2010-05-19,alyssa.coleman@hostinger.com,Shanghai,41326
15367,AW00015367,Alyssa,White,S,,2010-05-19,alyssa.white@towels.com,Singapore,35033
15368,AW00015368,Brandi,Martin,M,,2010-05-19,brandi.martin@cappo.com,Mumbai,50685
15369,AW00015369,Connor,Perez,M,,2010-05-19,connor.perez@mouse.com,London,55684
15370,AW00015370,Jessica,Butler,M,,2010-05-19,jessica.butler@hostinger.com,Mumbai,57736
15371,AW00015371,Cameron,Bryant,M,,2010-05-19,cameron.bryant@mouse.com,Shanghai,33652
15372,AW00015372,Miguel,Alexander,M,,2010-05-19,miguel.alexander@circles.com,Mumbai,10585
15373,AW00015373,Kaitlyn,Jones,M,,2010-05-20,kaitlyn.jones@winds.com,Delhi,50039
15374,AW00015374,Donna,Kumar,M,,2010-05-20,donna.kumar@fountains.com,London,38440
15375,AW00015375,Alisha,Chande,S,,2010-05-20,alisha.chande@circles.com,Berlin,26893
15376,AW00015376,Megan,Sanders,S,,2010-05-20,megan.sanders@fountains.com,Shanghai,39230
15377,AW00015377,Brianna,Jackson,S,,2010-05-20,brianna.jackson@papers.com,Madrid,18102
15378,AW00015378,Devin,Ward,M,,2010-05-20,devin.ward@nappa.com,Bangkok,22038
15379,AW00015379,Amanda,Griffin,M,,2010-05-20,amanda.griffin@hostinger.com,Jakarta,42584
15380,AW00015380,Nathan,Robinson,M,,2010-05-20,nathan.robinson@hostinger.com,Rome,26664
15381,AW00015381,Alexa,Howard,M,,2010-05-20,alexa.howard@mouse.com,Paris,57111
15382,AW00015382,Kimberly,Blue,M,,2010-05-20,kimberly.blue@mouse.com,Paris,31203
15383,AW00015383,Charles,Rivera,M,,2010-05-20,charles.rivera@nappa.com,Seoul,52151
15384,AW00015384,Xavier,Alan,M,,2010-05-21,xavier.alan@mouse.com,Singapore,31755
15385,AW00015385,Destiny,Reed,M,,2010-05-21,destiny.reed@hostinger.com,Tokyo,18143
15386,AW00015386,Nicholas,Taylor,S,,2010-05-21,nicholas.taylor@winds.com,Istanbul,16715
15387,AW00015387,Miguel,Rodriguez,M,,2010-05-21,miguel.rodriguez@mouse.com,Berlin,31209
15388,AW00015388,Victoria,Smith,M,,2010-05-21,victoria.smith@circles.com,Istanbul,11079
15389,AW00015389,Joan,King,S,,2010-05-21,joan.king@mouse.com,Mumbai,34915
15390,AW00015390,Jonathan,Turner,M,,2010-05-21,jonathan.turner@papers.com,Moscow,42640
15391,AW00015391,Jordyn,Powell,M,,2010-05-21,jordyn.powell@circles.com,London,21941
15392,AW00015392,Sydney,Brown,S,,2010-05-22,sydney.brown@circles.com,Seoul,20341
15393,AW00015393,Rebekah,Ruiz,M,,2010-05-22,rebekah.ruiz@papers.com,Delhi,10506
15394,AW00015394,Natalie,Wilson,M,,2010-05-22,natalie.wilson@sticks.com,Seoul,47894
15395,AW00015395,Joseph,Clark,S,,2010-05-22,joseph.clark@towels.com,Mumbai,22115
15396,AW00015396,Julia,Wilson,M,,2010-05-22,julia.wilson@hostinger.com,Tokyo,39236
15397,AW00015397,Karl,Tang,M,,2010-05-23,karl.tang@circles.com,Bangkok,20260
15398,AW00015398,Jose,Wang,M,,2010-05-23,jose.wang@circles.com,Jakarta,57458
15399,AW00015399,Mackenzie,Murphy,S,,2010-05-23,mackenzie.murphy@papers.com,Singapore,13539
15400,AW00015400,Samuel,Roberts,M,,2010-05-23,samuel.roberts@nappa.com,Seoul,12579
15401,AW00015401,Rachel,Hughes,S,,2010-05-23,rachel.hughes@mouse.com,Istanbul,47407
15402,AW00015402,Connor,Evans,M,,2010-05-23,connor.evans@hostinger.com,Istanbul,27673
15403,AW00015403,Jeremiah,Ross,M,,2010-05-23,jeremiah.ross@winds.com,Mumbai,28931
15404,AW00015404,Sydney,Robinson,S,,2010-05-23,sydney.robinson@towels.com,Seoul,23521
15405,AW00015405,Miguel,Ross,M,,2010-05-23,miguel.ross@nappa.com,London,20653
15406,AW00015406,Amanda,Butler,S,,2010-05-24,amanda.butler@fountains.com,Mumbai,22456
15407,AW00015407,Julia,Lee,S,,2010-05-24,julia.lee@mouse.com,Delhi,38051
15408,AW00015408,Olivia,Thompson,S,,2010-05-24,olivia.thompson@mouse.com,Seoul,46130
15409,AW00015409,Eduardo,Cooper,M,,2010-05-24,eduardo.cooper@hostinger.com,Tokyo,25272
15410,AW00015410,Katherine,Harris,M,,2010-05-24,katherine.harris@fountains.com,Bangkok,13020
15411,AW00015411,Jay,Chandra,S,,2010-05-24,jay.chandra@papers.com,Jakarta,18162
15412,AW00015412,Ryan,Griffin,M,,2010-05-24,ryan.griffin@hostinger.com,Moscow,53729
15413,AW00015413,Donald,Prasad,M,,2010-05-24,donald.prasad@papers.com,Seoul,42186
15414,AW00015414,Isaac,Richardson,M,,2010-05-24,isaac.richardson@nappa.com,Madrid,18885
15415,AW00015415,Rachel,Gray,M,,2010-05-24,rachel.gray@fountains.com,Madrid,56138
15416,AW00015416,Edward,Barnes,M,,2010-05-25,edward.barnes@hostinger.com,Paris,34046
15417,AW00015417,Alvin,Lu,S,,2010-05-25,alvin.lu@nappa.com,Seoul,32998
15418,AW00015418,Angel,Kelly,S,,2010-05-25,angel.kelly@cappo.com,Istanbul,46793
15419,AW00015419,Carlos,Baker,S,,2010-05-25,carlos.baker@nappa.com,Seoul,56923
15420,AW00015420,Nathan,Hernandez,M,,2010-05-25,nathan.hernandez@circles.com,Rome,56792
15421,AW00015421,Cameron,Clark,S,,2010-05-25,cameron.clark@circles.com,Jakarta,24687
15422,AW00015422,Kelly,Griffin,M,,2010-05-25,kelly.griffin@hostinger.com,Madrid,28127
15423,AW00015423,Jack,Long,S,,2010-05-26,jack.long@hostinger.com,Seoul,11785
15424,AW00015424,Rebecca,Hill,S,,2010-05-26,rebecca.hill@cappo.com,Madrid,50851
15425,AW00015425,Tina,Sai,M,,2010-05-26,tina.sai@fountains.com,Bangkok,15131
15426,AW00015426,Cristina,Kumar,S,,2010-05-26,cristina.kumar@circles.com,Shanghai,55718
15427,AW00015427,Jade,Murphy,S,,2010-05-26,jade.murphy@nappa.com,London,56773
15428,AW00015428,Richard,Howard,M,,2010-05-26,richard.howard@towels.com,Rome,14201
15429,AW00015429,Aaron,Li,M,,2010-05-26,aaron.li@nappa.com,Rome,43490
15430,AW00015430,Alfredo,Jiménez,M,,2010-05-26,alfredo.jiménez@hostinger.com,Shanghai,24042
15431,AW00015431,John,Jackson,M,,2010-05-26,john.jackson@towels.com,Singapore,27288
15432,AW00015432,Alvin,Kumar,S,,2010-05-26,alvin.kumar@winds.com,Delhi,45217
15433,AW00015433,Adam,Sharma,S,,2010-05-27,adam.sharma@mouse.com,Jakarta,27125
15434,AW00015434,Brent,Zhou,M,,2010-05-27,brent.zhou@fountains.com,Delhi,38563
15435,AW00015435,Geoffrey,Raman,S,,2010-05-27,geoffrey.raman@mouse.com,Delhi,45308
15436,AW00015436,Patricia,Suri,S,,2010-05-27,patricia.suri@circles.com,Istanbul,54681
15437,AW00015437,Candace,Srini,M,,2010-05-27,candace.srini@winds.com,Moscow,49342
15438,AW00015438,Arthur,Rodriguez,M,,2010-05-27,arthur.rodriguez@hostinger.com,Jakarta,33059
15439,AW00015439,Mason,Evans,M,,2010-05-27,mason.evans@cappo.com,Moscow,29408
15440,AW00015440,Jon,Pal,M,,2010-05-28,jon.pal@mouse.com,Tokyo,41174
15441,AW00015441,Christy,Zeng,M,,2010-05-28,christy.zeng@papers.com,Berlin,28221
15442,AW00015442,Alejandro,Shen,M,,2010-05-28,alejandro.shen@cappo.com,Berlin,58909
15443,AW00015443,Francisco,Patel,M,,2010-05-28,francisco.patel@sticks.com,Rome,32044
15444,AW00015444,Roy,Fernandez,M,,2010-05-28,roy.fernandez@mouse.com,Moscow,55833
15445,AW00015445,Bob,Lopez,M,,2010-05-28,bob.lopez@winds.com,Tokyo,24200
15446,AW00015446,Levi,Madan,S,,2010-05-28,levi.madan@winds.com,Istanbul,35269
15447,AW00015447,Regina,Madan,M,,2010-05-28,regina.madan@cappo.com,Tokyo,12060
15448,AW00015448,Omar,She,M,,2010-05-29,omar.she@papers.com,London,34487
15449,AW00015449,Cedric,Yuan,M,,2010-05-29,cedric.yuan@sticks.com,Seoul,32664
15450,AW00015450,Marshall,Black,M,,2010-05-29,marshall.black@circles.com,Berlin,21788
15451,AW00015451,Linda,Munoz,M,,2010-05-29,linda.munoz@mouse.com,Delhi,49163
15452,AW00015452,Alison,Goel,M,,2010-05-29,alison.goel@circles.com,Moscow,52884
15453,AW00015453,Isabelle,Barnes,M,,2010-05-29,isabelle.barnes@sticks.com,Madrid,42276
15454,AW00015454,Ian,Bennett,M,,2010-05-29,ian.bennett@hostinger.com,London,21981
15455,AW00015455,Denise,Raman,S,,2010-05-29,denise.raman@papers.com,Rome,20324
15456,AW00015456,Donald,Suri,S,,2010-05-29,donald.suri@hostinger.com,Shanghai,20770
15457,AW00015457,Adriana,Martinez,M,,2010-05-29,adriana.martinez@hostinger.com,Singapore,26282
15458,AW00015458,Krystal,Ma,M,,2010-05-30,krystal.ma@sticks.com,London,52145
15459,AW00015459,Beth,Dominguez,M,,2010-05-30,beth.dominguez@hostinger.com,Shanghai,28168
15460,AW00015460,Bethany,Nara,M,,2010-05-30,bethany.nara@towels.com,Tokyo,23397
15461,AW00015461,Alberto,Gutierrez,M,,2010-05-30,alberto.gutierrez@fountains.com,Seoul,28809
15462,AW00015462,Tony,Chande,M,,2010-05-30,tony.chande@hostinger.com,Tokyo,21048
15463,AW00015463,Terrence,Yuan,S,,2010-05-30,terrence.yuan@hostinger.com,Madrid,58642
15464,AW00015464,Kristi,Blanco,M,,2010-05-30,kristi.blanco@hostinger.com,Rome,49798
15465,AW00015465,Jacquelyn,Navarro,M,,2010-05-30,jacquelyn.navarro@winds.com,Tokyo,30831
15466,AW00015466,Elijah,Perez,M,,2010-05-30,elijah.perez@circles.com,Madrid,50558
15467,AW00015467,Caleb,Shan,M,,2010-05-31,caleb.shan@hostinger.com,Madrid,28016
15468,AW00015468,Emma,Foster,M,,2010-05-31,emma.foster@sticks.com,Singapore,20520
15469,AW00015469,Fernando,Williams,M,,2010-05-31,fernando.williams@fountains.com,Rome,18466
15470,AW00015470,Hailey,Lopez,M,,2010-05-31,hailey.lopez@winds.com,Paris,36983
15471,AW00015471,Destiny,White,S,,2010-05-31,destiny.white@papers.com,Seoul,34616
15472,AW00015472,Jennifer,Torres,S,,2010-05-31,jennifer.torres@mouse.com,Mumbai,37683
15473,AW00015473,Abigail,Jenkins,S,,2010-05-31,abigail.jenkins@circles.com,Istanbul,16341
15474,AW00015474,Cameron,Lal,M,,2010-05-31,cameron.lal@fountains.com,Rome,17964
15475,AW00015475,Kaitlyn,Brooks,S,,2010-05-31,kaitlyn.brooks@cappo.com,Bangkok,38652
15476,AW00015476,Alyssa,Powell,S,,2010-05-31,alyssa.powell@hostinger.com,Singapore,11546
15477,AW00015477,Jose,Adams,S,,2010-06-01,jose.adams@cappo.com,Jakarta,46675
15478,AW00015478,Melanie,Russell,M,,2010-06-01,melanie.russell@mouse.com,Jakarta,25634
15479,AW00015479,Andrea,Wright,M,,2010-06-01,andrea.wright@mouse.com,Istanbul,50519
15480,AW00015480,Denise,Lopez,M,,2010-06-01,denise.lopez@nappa.com,Moscow,26971
15481,AW00015481,Jamie,Zhang,S,,2010-06-01,jamie.zhang@towels.com,Moscow,43069
15482,AW00015482,Audrey,Rubio,M,,2010-06-01,audrey.rubio@towels.com,Moscow,56511
15483,AW00015483,Katherine,Robinson,M,,2010-06-01,katherine.robinson@winds.com,Singapore,57171
15484,AW00015484,Samuel,Henderson,M,,2010-06-01,samuel.henderson@towels.com,Istanbul,26966
15485,AW00015485,Jordan,Wright,M,,2010-06-01,jordan.wright@fountains.com,Mumbai,54147
15486,AW00015486,Kevin,Griffin,M,,2010-06-01,kevin.griffin@nappa.com,Singapore,48307
15487,AW00015487,Jesse,Ramirez,S,,2010-06-01,jesse.ramirez@mouse.com,Shanghai,28648
15488,AW00015488,Evan,Richardson,M,,2010-06-01,evan.richardson@fountains.com,Bangkok,31416
15489,AW00015489,Emily,Thompson,S,,2010-06-02,emily.thompson@hostinger.com,Seoul,47828
15490,AW00015490,Kaitlyn,Rivera,S,,2010-06-02,kaitlyn.rivera@cappo.com,Berlin,31694
15491,AW00015491,Shannon,Li,S,,2010-06-02,shannon.li@towels.com,Rome,39509
15492,AW00015492,Grace,Long,S,,2010-06-02,grace.long@winds.com,Seoul,10033
15493,AW00015493,Eric,Chen,M,,2010-06-02,eric.chen@fountains.com,Paris,19882
15494,AW00015494,Anna,Ross,S,,2010-06-02,anna.ross@cappo.com,Bangkok,33538
15495,AW00015495,Craig,Alonso,M,,2010-06-03,craig.alonso@papers.com,Delhi,47470
15496,AW00015496,Kelli,Goel,S,,2010-06-03,kelli.goel@towels.com,Singapore,46003
15497,AW00015497,Katelyn,Phillips,M,,2010-06-03,katelyn.phillips@circles.com,Paris,36061
15498,AW00015498,Alexandra,Washington,M,,2010-06-03,alexandra.washington@winds.com,London,37541
15499,AW00015499,Robert,Thomas,M,,2010-06-03,robert.thomas@nappa.com,Delhi,12605
15500,AW00015500,Keith,Raji,M,,2010-06-03,keith.raji@towels.com,Paris,15019
15501,AW00015501,Justin,Simmons,M,,2010-06-04,justin.simmons@hostinger.com,Singapore,54186
15502,AW00015502,Nathaniel,Howard,S,,2010-06-04,nathaniel.howard@nappa.com,Berlin,27924
15503,AW00015503,Caitlin,James,S,,2010-06-04,caitlin.james@papers.com,Singapore,30606
15504,AW00015504,Jared,James,S,,2010-06-04,jared.james@nappa.com,Bangkok,50343
15505,AW00015505,Gabriella,Bailey,S,,2010-06-04,gabriella.bailey@cappo.com,Bangkok,46746
15506,AW00015506,Evan,Sanders,S,,2010-06-04,evan.sanders@papers.com,London,26168
15507,AW00015507,Hailey,Campbell,M,,2010-06-05,hailey.campbell@cappo.com,Singapore,42932
15508,AW00015508,Megan,Brooks,M,,2010-06-05,megan.brooks@hostinger.com,Jakarta,33570
15509,AW00015509,Zachary,Washington,M,,2010-06-05,zachary.washington@papers.com,Rome,20032
15510,AW00015510,Ernest,She,M,,2010-06-05,ernest.she@papers.com,Seoul,16376
15511,AW00015511,Haley,Kelly,M,,2010-06-05,haley.kelly@winds.com,Moscow,45328
15512,AW00015512,Jose,Hayes,M,,2010-06-05,jose.hayes@fountains.com,Moscow,29128
15513,AW00015513,Madeline,Perez,S,,2010-06-05,madeline.perez@cappo.com,Delhi,21853
15514,AW00015514,Angela,Ramirez,S,,2010-06-05,angela.ramirez@nappa.com,Madrid,14222
15515,AW00015515,Carlos,Wright,M,,2010-06-05,carlos.wright@hostinger.com,Jakarta,17413
15516,AW00015516,Shaun,Raje,M,,2010-06-06,shaun.raje@towels.com,Moscow,52342
15517,AW00015517,Thomas,Edwards,S,,2010-06-06,thomas.edwards@towels.com,Paris,26220
15518,AW00015518,Richard,Bryant,M,,2010-06-06,richard.bryant@mouse.com,Mumbai,40073
15519,AW00015519,Jennifer,Evans,M,,2010-06-06,jennifer.evans@circles.com,Shanghai,50145
15520,AW00015520,Desiree,Navarro,S,,2010-06-06,desiree.navarro@towels.com,Singapore,32294
15521,AW00015521,Kathryn,Deng,S,,2010-06-06,kathryn.deng@hostinger.com,London,20152
15522,AW00015522,Ethan,Russell,M,,2010-06-06,ethan.russell@nappa.com,Tokyo,10178
15523,AW00015523,Jonathan,Yang,S,,2010-06-07,jonathan.yang@circles.com,Rome,30903
15524,AW00015524,Dalton,Stone,M,,2010-06-07,dalton.stone@fountains.com,Berlin,47267
15525,AW00015525,Marie,Gonzalez,S,,2010-06-07,marie.gonzalez@circles.com,Singapore,41080
15526,AW00015526,Isabelle,Flores,S,,2010-06-07,isabelle.flores@fountains.com,Rome,56366
15527,AW00015527,Megan,Rivera,S,,2010-06-07,megan.rivera@winds.com,Delhi,54814
15528,AW00015528,Lucas,Ramirez,M,,2010-06-07,lucas.ramirez@nappa.com,Seoul,26718
15529,AW00015529,Jason,Allen,M,,2010-06-08,jason.allen@hostinger.com,Tokyo,58631
15530,AW00015530,Madison,Johnson,S,,2010-06-08,madison.johnson@winds.com,Berlin,10885
15531,AW00015531,Calvin,Raji,M,,2010-06-08,calvin.raji@fountains.com,Moscow,59525
15532,AW00015532,Marshall,Jai,S,,2010-06-08,marshall.jai@nappa.com,Paris,56862
15533,AW00015533,Anna,Richardson,S,,2010-06-08,anna.richardson@cappo.com,Tokyo,55883
15534,AW00015534,Steven,Bell,S,,2010-06-08,steven.bell@towels.com,Singapore,40838
15535,AW00015535,Jordan,Scott,M,,2010-06-09,jordan.scott@nappa.com,Rome,34435
15536,AW00015536,Victoria,Thomas,M,,2010-06-09,victoria.thomas@fountains.com,Paris,22280
15537,AW00015537,Destiny,Peterson,M,,2010-06-09,destiny.peterson@papers.com,Shanghai,57407
15538,AW00015538,Luis,Lal,S,,2010-06-09,luis.lal@cappo.com,Tokyo,41640
15539,AW00015539,Raul,Goel,S,,2010-06-09,raul.goel@winds.com,Moscow,31447
15540,AW00015540,Randall,Ortega,S,,2010-06-09,randall.ortega@mouse.com,Jakarta,45431
15541,AW00015541,Zoe,Morris,S,,2010-06-09,zoe.morris@hostinger.com,Seoul,14673
15542,AW00015542,Andrea,Baker,S,,2010-06-10,andrea.baker@towels.com,Singapore,14961
15543,AW00015543,Emma,Flores,S,,2010-06-10,emma.flores@nappa.com,Mumbai,22146
15544,AW00015544,Thomas,Brown,M,,2010-06-10,thomas.brown@towels.com,Seoul,33847
15545,AW00015545,Jennifer,Rivera,M,,2010-06-10,jennifer.rivera@circles.com,Mumbai,19583
15546,AW00015546,Robert,Jenkins,M,,2010-06-10,robert.jenkins@winds.com,Singapore,25272
15547,AW00015547,Cassidy,Wood,M,,2010-06-10,cassidy.wood@mouse.com,Jakarta,34251
15548,AW00015548,Morgan,Brooks,M,,2010-06-11,morgan.brooks@cappo.com,Madrid,40427
15549,AW00015549,Richard,Davis,S,,2010-06-11,richard.davis@winds.com,Jakarta,47647
15550,AW00015550,Orlando,Alonso,S,,2010-06-11,orlando.alonso@nappa.com,Istanbul,18888
15551,AW00015551,Kaylee,Gray,S,,2010-06-11,kaylee.gray@mouse.com,Jakarta,52493
15552,AW00015552,Tyler,Lewis,S,,2010-06-11,tyler.lewis@towels.com,Moscow,37654
15553,AW00015553,Ivan,Lopez,S,,2010-06-11,ivan.lopez@nappa.com,Seoul,12981
15554,AW00015554,Zoe,Bailey,S,,2010-06-11,zoe.bailey@cappo.com,Mumbai,13725
15555,AW00015555,Hailey,Barnes,M,,2010-06-11,hailey.barnes@winds.com,Shanghai,50680
15556,AW00015556,Dylan,Davis,M,,2010-06-11,dylan.davis@nappa.com,Berlin,17015
15557,AW00015557,Nathaniel,Murphy,M,,2010-06-11,nathaniel.murphy@winds.com,London,18542
15558,AW00015558,Hailey,Morris,M,,2010-06-12,hailey.morris@mouse.com,Mumbai,42914
15559,AW00015559,Devin,Flores,M,,2010-06-12,devin.flores@cappo.com,Berlin,10656
15560,AW00015560,Gabrielle,Gray,M,,2010-06-12,gabrielle.gray@winds.com,Shanghai,18595
15561,AW00015561,Angel,Young,S,,2010-06-12,angel.young@nappa.com,Mumbai,37532
15562,AW00015562,Kaitlyn,James,S,,2010-06-12,kaitlyn.james@nappa.com,Bangkok,53446
15563,AW00015563,Luke,Lopez,M,,2010-06-12,luke.lopez@papers.com,Mumbai,51320
15564,AW00015564,Eduardo,Hughes,M,,2010-06-12,eduardo.hughes@papers.com,Delhi,22367
15565,AW00015565,Kyle,Mitchell,S,,2010-06-12,kyle.mitchell@circles.com,Delhi,51021
15566,AW00015566,Aaron,Foster,M,,2010-06-13,aaron.foster@papers.com,Singapore,13128
15567,AW00015567,Carmen,Madan,M,,2010-06-13,carmen.madan@cappo.com,Istanbul,50758
15568,AW00015568,Aaron,Hayes,M,,2010-06-13,aaron.hayes@hostinger.com,Singapore,58871
15569,AW00015569,Morgan,Ward,M,,2010-06-13,morgan.ward@winds.com,Mumbai,10610
15570,AW00015570,Brianna,Powell,S,,2010-06-13,brianna.powell@sticks.com,Shanghai,53364
15571,AW00015571,Angel,Allen,S,,2010-06-13,angel.allen@hostinger.com,London,35237
15572,AW00015572,Anna,Garcia,M,,2010-06-13,anna.garcia@fountains.com,Bangkok,43831
15573,AW00015573,Thomas,Wilson,S,,2010-06-13,thomas.wilson@circles.com,Madrid,12590
15574,AW00015574,Carlos,Peterson,S,,2010-06-13,carlos.peterson@winds.com,Bangkok,29716
15575,AW00015575,Alvin,Ye,M,,2010-06-13,alvin.ye@sticks.com,Delhi,45425
15576,AW00015576,Carly,Raje,S,,2010-06-13,carly.raje@nappa.com,Singapore,55092
15577,AW00015577,Mayra,Malhotra,M,,2010-06-13,mayra.malhotra@nappa.com,Madrid,34748
15578,AW00015578,Diane,Gill,M,,2010-06-13,diane.gill@papers.com,Berlin,32000
15579,AW00015579,Brittany,Coleman,S,,2010-06-14,brittany.coleman@winds.com,Delhi,56269
15580,AW00015580,Ruben,Raman,M,,2010-06-14,ruben.raman@hostinger.com,Paris,40319
15581,AW00015581,Toni,Perez,S,,2010-06-14,toni.perez@nappa.com,Delhi,57567
15582,AW00015582,Jeffery,Cai,M,,2010-06-14,jeffery.cai@cappo.com,Seoul,41457
15583,AW00015583,Lindsey,Xu,S,,2010-06-14,lindsey.xu@towels.com,Bangkok,43012
15584,AW00015584,Christy,Raji,M,,2010-06-14,christy.raji@towels.com,Istanbul,15299
15585,AW00015585,Roy,Garcia,M,,2010-06-14,roy.garcia@mouse.com,Shanghai,13651
15586,AW00015586,Victor,Blanco,M,,2010-06-14,victor.blanco@hostinger.com,Shanghai,40137
15587,AW00015587,Jessica,Ward,M,,2010-06-15,jessica.ward@mouse.com,Singapore,32696
15588,AW00015588,Kristy,Alvarez,M,,2010-06-15,kristy.alvarez@nappa.com,Shanghai,39392
15589,AW00015589,Gilbert,He,M,,2010-06-15,gilbert.he@winds.com,Shanghai,13894
15590,AW00015590,Marshall,Wu,M,,2010-06-15,marshall.wu@nappa.com,Bangkok,20888
15591,AW00015591,Darren,Srini,S,,2010-06-16,darren.srini@mouse.com,Bangkok,39798
15592,AW00015592,Janet,Moreno,M,,2010-06-16,janet.moreno@hostinger.com,Istanbul,14641
15593,AW00015593,Naomi,Martin,M,,2010-06-16,naomi.martin@papers.com,Bangkok,14330
15594,AW00015594,Joanna,Carlson,S,,2010-06-17,joanna.carlson@circles.com,Jakarta,47191
15595,AW00015595,Andre,Sanchez,M,,2010-06-17,andre.sanchez@mouse.com,Singapore,19675
15596,AW00015596,Gilbert,Goel,S,,2010-06-17,gilbert.goel@fountains.com,Istanbul,13860
15597,AW00015597,Terry,Raji,M,,2010-06-17,terry.raji@circles.com,London,41196
15598,AW00015598,Tanya,Rubio,S,,2010-06-17,tanya.rubio@circles.com,London,48971
15599,AW00015599,Darryl,Ma,S,,2010-06-17,darryl.ma@fountains.com,Bangkok,15393
15600,AW00015600,Josue,Dominguez,M,,2010-06-17,josue.dominguez@papers.com,Jakarta,27612
15601,AW00015601,Naomi,Moreno,M,,2010-06-17,naomi.moreno@towels.com,Moscow,52085
15602,AW00015602,Warren,Wu,S,,2010-06-17,warren.wu@circles.com,Madrid,12815
15603,AW00015603,Philip,Blanco,M,,2010-06-17,philip.blanco@nappa.com,Paris,16782
15604,AW00015604,Clifford,Prasad,M,,2010-06-17,clifford.prasad@circles.com,Istanbul,50727
15605,AW00015605,Alan,Yang,M,,2010-06-18,alan.yang@papers.com,Mumbai,40326
15606,AW00015606,Marco,Prasad,M,,2010-06-18,marco.prasad@towels.com,Bangkok,26800
15607,AW00015607,Ricky,Gill,S,,2010-06-18,ricky.gill@sticks.com,Rome,42263
15608,AW00015608,Faith,James,S,,2010-06-18,faith.james@towels.com,Shanghai,30432
15609,AW00015609,Karl,Sharma,S,,2010-06-18,karl.sharma@winds.com,Shanghai,53592
15610,AW00015610,Jessica,Gonzales,S,,2010-06-18,jessica.gonzales@towels.com,Jakarta,37090
15611,AW00015611,Michele,Patel,S,,2010-06-18,michele.patel@sticks.com,Istanbul,35331
15612,AW00015612,Damien,Ma,S,,2010-06-18,damien.ma@sticks.com,Moscow,35397
15613,AW00015613,Melinda,Moreno,S,,2010-06-18,melinda.moreno@fountains.com,Istanbul,39027
15614,AW00015614,Faith,Simmons,M,,2010-06-19,faith.simmons@papers.com,Seoul,11187
15615,AW00015615,Erika,Alvarez,S,,2010-06-19,erika.alvarez@papers.com,Istanbul,45564
15616,AW00015616,Janet,Alonso,S,,2010-06-19,janet.alonso@nappa.com,Mumbai,17497
15617,AW00015617,Dawn,Chande,S,,2010-06-19,dawn.chande@fountains.com,Bangkok,29159
15618,AW00015618,Gabriel,Sharma,M,,2010-06-19,gabriel.sharma@circles.com,Moscow,35964
15619,AW00015619,Levi,Subram,M,,2010-06-19,levi.subram@fountains.com,Mumbai,53596
15620,AW00015620,Dominique,Subram,S,,2010-06-19,dominique.subram@circles.com,Tokyo,41370
15621,AW00015621,Kelli,Wu,S,,2010-06-19,kelli.wu@fountains.com,Seoul,13996
15622,AW00015622,Yvonne,Schleger,S,,2010-06-20,yvonne.schleger@winds.com,Singapore,11941
15623,AW00015623,Molly,Madan,M,F,2010-06-20,molly.madan@mouse.com,Delhi,47702
