cst_id,cst_key,cst_firstname,cst_lastname,cst_marital_status,cst_gndr,cst_create_date,email,place_of_residence,postal_code
20248,AW00020248,Gina,Suarez,M,F,2011-12-11,gina.suarez@sticks.com,London,23241
20249,AW00020249,Tasha,Kumar,S,F,2011-12-11,tasha.kumar@fountains.com,Bangkok,33578
20250,AW00020250,Charles,Garcia,M,M,2011-12-11,charles.garcia@nappa.com,Singapore,57860
20251,AW00020251,Luis,Li,M,M,2011-12-11,luis.li@hostinger.com,Mumbai,12857
20252,AW00020252,Darrell,Raje,M,M,2011-12-11,darrell.raje@winds.com,Tokyo,17725
20253,AW00020253,Veronica,Kapoor,S,F,2011-12-11,veronica.kapoor@circles.com,Moscow,54096
20254,AW00020254,Dana,Gutierrez,S,F,2011-12-11,dana.gutierrez@papers.com,Moscow,36480
20255,AW00020255,Stephanie,Russell,M,F,2011-12-11,stephanie.russell@circles.com,Singapore,10239
20256,AW00020256,Javier,Serrano,S,M,2011-12-12,javier.serrano@cappo.com,Seoul,17425
20257,AW00020257,Roy,Carlson,S,M,2011-12-12,roy.carlson@fountains.com,Singapore,25623
20258,AW00020258,Katelyn,Ward,S,F,2011-12-12,katelyn.ward@hostinger.com,Singapore,43861
20259,AW00020259,Jenny,Andersen,S,F,2011-12-12,jenny.andersen@cappo.com,Madrid,50176
20260,AW00020260,Ethan,Martinez,S,M,2011-12-12,ethan.martinez@sticks.com,Delhi,47900
20261,AW00020261,Mariah,Rivera,M,F,2011-12-13,mariah.rivera@towels.com,Jakarta,11339
20262,AW00020262,Brett,Prasad,M,M,2011-12-13,brett.prasad@mouse.com,Seoul,13777
20263,AW00020263,Steve,Zhou,S,M,2011-12-13,steve.zhou@papers.com,Singapore,20590
20264,AW00020264,Jay,Carlson,S,M,2011-12-14,jay.carlson@towels.com,Rome,49829
20265,AW00020265,Clarence,Guo,M,M,2011-12-14,clarence.guo@fountains.com,Delhi,17548
20266,AW00020266,Summer,Gonzalez,M,F,2011-12-14,summer.gonzalez@papers.com,Bangkok,20593
20267,AW00020267,Monica,Garcia,M,F,2011-12-14,monica.garcia@mouse.com,Delhi,45620
20268,AW00020268,Jorge,He,M,M,2011-12-14,jorge.he@circles.com,Mumbai,11749
20269,AW00020269,Hunter,Foster,M,M,2011-12-14,hunter.foster@fountains.com,Rome,57356
20270,AW00020270,Kevin,Phillips,M,M,2011-12-15,kevin.phillips@cappo.com,Mumbai,35201
20271,AW00020271,Barry,Fernandez,S,M,2011-12-15,barry.fernandez@papers.com,Moscow,26938
20272,AW00020272,Seth,James,S,M,2011-12-15,seth.james@papers.com,Madrid,16649
20273,AW00020273,Katherine,Martin,S,F,2011-12-15,katherine.martin@winds.com,Rome,38773
20274,AW00020274,Brent,Wang,M,M,2011-12-15,brent.wang@sticks.com,Jakarta,15873
20275,AW00020275,Angela,Kelly,M,F,2011-12-16,angela.kelly@cappo.com,Istanbul,56832
20276,AW00020276,Haley,Sanchez,S,F,2011-12-16,haley.sanchez@nappa.com,Seoul,44089
20277,AW00020277,Mary,Hall,M,F,2011-12-16,mary.hall@mouse.com,Jakarta,26319
20278,AW00020278,Alisha,Oliver,M,F,2011-12-16,alisha.oliver@cappo.com,Mumbai,26449
20279,AW00020279,Trevor,Henderson,S,M,2011-12-16,trevor.henderson@nappa.com,Jakarta,16517
20280,AW00020280,Joshua,Harris,S,M,2011-12-16,joshua.harris@winds.com,Berlin,25682
20281,AW00020281,Karl,Xie,S,M,2011-12-16,karl.xie@circles.com,Bangkok,44865
20282,AW00020282,Trisha,Xu,S,F,2011-12-17,trisha.xu@cappo.com,Paris,56223
20283,AW00020283,Katie,Shen,M,F,2011-12-17,katie.shen@towels.com,Delhi,41877
20284,AW00020284,Deanna,Ashe,S,F,2011-12-17,deanna.ashe@hostinger.com,Seoul,20959
20285,AW00020285,Aaron,Alexander,M,M,2011-12-17,aaron.alexander@sticks.com,Rome,17333
20286,AW00020286,Stacey,Wu,S,F,2011-12-17,stacey.wu@nappa.com,Singapore,47683
20287,AW00020287,Destiny,Simmons,S,F,2011-12-17,destiny.simmons@fountains.com,Delhi,43640
20288,AW00020288,Jeremiah,Edwards,S,M,2011-12-17,jeremiah.edwards@circles.com,Berlin,42242
20289,AW00020289,Jada,Richardson,S,F,2011-12-17,jada.richardson@cappo.com,Paris,46671
20290,AW00020290,Austin,Simmons,S,M,2011-12-18,austin.simmons@nappa.com,Istanbul,32398
20291,AW00020291,Alexis,Walker,S,F,2011-12-18,alexis.walker@nappa.com,Berlin,45380
20292,AW00020292,Katherine,Ross,S,F,2011-12-18,katherine.ross@mouse.com,Madrid,17638
20293,AW00020293,Rachel,Jackson,S,F,2011-12-18,rachel.jackson@winds.com,Singapore,41111
20294,AW00020294,Julia,Davis,S,F,2011-12-18,julia.davis@cappo.com,Shanghai,43544
20295,AW00020295,Christopher,Brown,M,M,2011-12-18,christopher.brown@papers.com,Jakarta,21254
20296,AW00020296,Morgan,Diaz,S,F,2011-12-18,morgan.diaz@circles.com,Madrid,50236
20297,AW00020297,Valerie,Wu,S,F,2011-12-18,valerie.wu@hostinger.com,Singapore,24262
20298,AW00020298,Edgar,Arun,S,M,2011-12-18,edgar.arun@hostinger.com,Shanghai,11682
20299,AW00020299,Megan,Cook,M,F,2011-12-19,megan.cook@winds.com,London,32099
20300,AW00020300,Xavier,Garcia,S,M,2011-12-19,xavier.garcia@winds.com,Paris,46117
20301,AW00020301,Gloria,Bradley,M,F,2011-12-19,gloria.bradley@cappo.com,Singapore,26948
20302,AW00020302,Tasha,Andersen,S,F,2011-12-19,tasha.andersen@mouse.com,Moscow,53347
20303,AW00020303,Bryce,Morgan,M,M,2011-12-19,bryce.morgan@circles.com,Berlin,41630
20304,AW00020304,Jesse,Edwards,S,M,2011-12-19,jesse.edwards@circles.com,Istanbul,24506
20305,AW00020305,Caleb,Ross,S,M,2011-12-20,caleb.ross@nappa.com,Tokyo,44192
20306,AW00020306,Mary,Baker,S,F,2011-12-20,mary.baker@mouse.com,London,16467
20307,AW00020307,Natalie,Blue,S,F,2011-12-20,natalie.blue@mouse.com,Paris,49713
20308,AW00020308,Pieter,Uittenbogaard,M,F,2011-12-20,pieter.uittenbogaard@towels.com,Jakarta,53175
20309,AW00020309,Cristina,Sharma,M,F,2011-12-20,cristina.sharma@mouse.com,Rome,29242
20310,AW00020310,Timothy,Ramirez,S,M,2011-12-20,timothy.ramirez@winds.com,Tokyo,48091
20311,AW00020311,Cole,Bell,M,M,2011-12-20,cole.bell@sticks.com,Moscow,55716
20312,AW00020312,Ryan,Lewis,M,M,2011-12-20,ryan.lewis@fountains.com,London,59008
20313,AW00020313,Oscar,Bennett,S,M,2011-12-20,oscar.bennett@fountains.com,Paris,43894
20314,AW00020314,Russell,Deng,M,M,2011-12-20,russell.deng@winds.com,Mumbai,38620
20315,AW00020315,Devin,Ramirez,S,M,2011-12-20,devin.ramirez@towels.com,Madrid,21237
20316,AW00020316,Suzanne,Zhang,S,F,2011-12-20,suzanne.zhang@fountains.com,Madrid,32443
20317,AW00020317,Alex,Green,M,M,2011-12-20,alex.green@hostinger.com,Bangkok,39120
20318,AW00020318,Amanda,Turner,M,F,2011-12-21,amanda.turner@nappa.com,Delhi,38882
20319,AW00020319,Dylan,Alexander,M,M,2011-12-21,dylan.alexander@papers.com,Jakarta,49178
20320,AW00020320,Mindy,Nath,M,F,2011-12-21,mindy.nath@sticks.com,Delhi,58493
20321,AW00020321,Colleen,Chen,M,F,2011-12-21,colleen.chen@hostinger.com,London,59172
20322,AW00020322,Rachel,Wood,S,F,2011-12-21,rachel.wood@fountains.com,Istanbul,34496
20323,AW00020323,Justin,Coleman,S,M,2011-12-21,justin.coleman@hostinger.com,Delhi,40968
20324,AW00020324,Ashley,Rodriguez,M,F,2011-12-21,ashley.rodriguez@sticks.com,Seoul,52627
20325,AW00020325,Charles,Williams,S,M,2011-12-21,charles.williams@hostinger.com,Shanghai,46494
20326,AW00020326,Paige,Blue,M,F,2011-12-22,paige.blue@nappa.com,Berlin,40449
20327,AW00020327,Sophia,Perez,M,F,2011-12-22,sophia.perez@papers.com,Bangkok,31705
20328,AW00020328,Sierra,Carter,M,F,2011-12-22,sierra.carter@papers.com,Delhi,10855
20329,AW00020329,Jose,Yang,M,M,2011-12-22,jose.yang@cappo.com,Seoul,18909
20330,AW00020330,Nathan,Thomas,M,M,2011-12-22,nathan.thomas@cappo.com,Jakarta,33365
20331,AW00020331,Jeremy,Cox,M,M,2011-12-22,jeremy.cox@fountains.com,Madrid,23427
20332,AW00020332,Danny,Navarro,M,M,2011-12-22,danny.navarro@winds.com,Moscow,33534
20333,AW00020333,Abigail,Gonzales,S,F,2011-12-23,abigail.gonzales@towels.com,Shanghai,26368
20334,AW00020334,Jeremiah,Mitchell,M,M,2011-12-23,jeremiah.mitchell@towels.com,London,53621
20335,AW00020335,Adam,Gonzales,S,M,2011-12-23,adam.gonzales@towels.com,Mumbai,29644
20336,AW00020336,Ian,Young,M,M,2011-12-23,ian.young@winds.com,Paris,43659
20337,AW00020337,Xavier,Hall,M,M,2011-12-23,xavier.hall@towels.com,Seoul,45149
20338,AW00020338,Anna,James,S,F,2011-12-23,anna.james@circles.com,London,28248
20339,AW00020339,Kaitlyn,Hughes,M,F,2011-12-24,kaitlyn.hughes@hostinger.com,Paris,13090
20340,AW00020340,Makayla,Kelly,M,F,2011-12-24,makayla.kelly@cappo.com,Rome,33618
20341,AW00020341,Tyler,Smith,M,M,2011-12-24,tyler.smith@papers.com,Moscow,16669
20342,AW00020342,Aimee,Lu,M,F,2011-12-24,aimee.lu@hostinger.com,Mumbai,59603
20343,AW00020343,Sierra,Hill,M,F,2011-12-24,sierra.hill@nappa.com,Tokyo,29028
20344,AW00020344,Ashlee,Anand,M,F,2011-12-24,ashlee.anand@hostinger.com,Rome,31729
20345,AW00020345,Regina,Martinez,S,F,2011-12-24,regina.martinez@cappo.com,Istanbul,24235
20346,AW00020346,Angelica,Washington,S,F,2011-12-24,angelica.washington@circles.com,Rome,41525
20347,AW00020347,Savannah,Roberts,M,F,2011-12-24,savannah.roberts@nappa.com,Istanbul,59872
20348,AW00020348,Chloe,Evans,S,F,2011-12-24,chloe.evans@towels.com,Istanbul,26580
20349,AW00020349,Nicole,Harris,M,F,2011-12-24,nicole.harris@winds.com,Mumbai,21907
20350,AW00020350,Isabella,Campbell,M,F,2011-12-24,isabella.campbell@mouse.com,Moscow,24086
20351,AW00020351,Maria,Gonzalez,M,F,2011-12-24,maria.gonzalez@circles.com,Tokyo,39803
20352,AW00020352,Melissa,Foster,M,F,2011-12-25,melissa.foster@papers.com,London,57752
20353,AW00020353,Allison,Phillips,S,F,2011-12-25,allison.phillips@mouse.com,Berlin,44017
20354,AW00020354,Austin,Williams,M,M,2011-12-25,austin.williams@nappa.com,Jakarta,58398
20355,AW00020355,Melanie,Gray,S,F,2011-12-25,melanie.gray@towels.com,Seoul,36614
20356,AW00020356,Louis,Lu,M,M,2011-12-25,louis.lu@sticks.com,Madrid,44404
20357,AW00020357,Julian,Price,M,F,2011-12-25,julian.price@winds.com,Delhi,44731
20358,AW00020358,Brian,Murphy,M,M,2011-12-26,brian.murphy@mouse.com,London,30786
20359,AW00020359,Rachel,Blue,M,F,2011-12-26,rachel.blue@mouse.com,Paris,54093
20360,AW00020360,Brianna,Russell,M,F,2011-12-26,brianna.russell@fountains.com,Delhi,41406
20361,AW00020361,Jonathon,Moreno,M,M,2011-12-26,jonathon.moreno@fountains.com,Moscow,20579
20362,AW00020362,Seth,Gonzalez,M,M,2011-12-26,seth.gonzalez@towels.com,Bangkok,17468
20363,AW00020363,Alexander,Brown,S,M,2011-12-27,alexander.brown@sticks.com,Paris,33974
20364,AW00020364,Anna,Jackson,M,F,2011-12-27,anna.jackson@mouse.com,Seoul,28236
20365,AW00020365,Isaac,Scott,M,M,2011-12-27,isaac.scott@sticks.com,Paris,33955
20366,AW00020366,Marcus,Powell,M,M,2011-12-27,marcus.powell@sticks.com,Singapore,56519
20367,AW00020367,Jessica,Anderson,M,F,2011-12-27,jessica.anderson@cappo.com,London,12098
20368,AW00020368,Thomas,Jackson,S,M,2011-12-27,thomas.jackson@towels.com,Madrid,58485
20369,AW00020369,Trevor,Barnes,S,M,2011-12-27,trevor.barnes@towels.com,Moscow,30169
20370,AW00020370,Blake,Young,M,M,2011-12-27,blake.young@towels.com,Rome,22621
20371,AW00020371,Grace,Bryant,M,F,2011-12-27,grace.bryant@papers.com,Tokyo,21773
20372,AW00020372,Kaitlyn,Edwards,M,F,2011-12-27,kaitlyn.edwards@papers.com,Moscow,17435
20373,AW00020373,Morgan,Williams,M,F,2011-12-27,morgan.williams@mouse.com,Istanbul,29241
20374,AW00020374,Fernando,Adams,M,M,2011-12-27,fernando.adams@hostinger.com,Tokyo,33910
20375,AW00020375,Olivia,Perry,S,F,2011-12-28,olivia.perry@cappo.com,Singapore,18434
20376,AW00020376,Destiny,Lewis,S,F,2011-12-28,destiny.lewis@nappa.com,Bangkok,20313
20377,AW00020377,Brian,Reed,M,M,2011-12-28,brian.reed@towels.com,Tokyo,38546
20378,AW00020378,Nathan,Jai,M,M,2011-12-28,nathan.jai@sticks.com,London,51435
20379,AW00020379,Brittney,Chen,S,F,2011-12-28,brittney.chen@nappa.com,London,38372
20380,AW00020380,Catherine,Reed,M,F,2011-12-28,catherine.reed@fountains.com,Singapore,51166
20381,AW00020381,Blake,Bennett,M,M,2011-12-28,blake.bennett@sticks.com,Istanbul,17124
20382,AW00020382,Jack,Hernandez,M,M,2011-12-28,jack.hernandez@sticks.com,Madrid,13064
20383,AW00020383,Richard,Hernandez,S,M,2011-12-28,richard.hernandez@nappa.com,Seoul,14241
20384,AW00020384,Luis,Gonzalez,M,M,2011-12-28,luis.gonzalez@hostinger.com,Jakarta,33785
20385,AW00020385,Jason,Patterson,M,M,2011-12-28,jason.patterson@nappa.com,Istanbul,18908
20386,AW00020386,Anna,Russell,M,F,2011-12-28,anna.russell@papers.com,London,24990
20387,AW00020387,Jordan,Adams,M,M,2011-12-28,jordan.adams@towels.com,Shanghai,58886
20388,AW00020388,Natasha,Gill,M,F,2011-12-29,natasha.gill@sticks.com,Rome,15701
20389,AW00020389,Lee,Romero,M,M,2011-12-29,lee.romero@fountains.com,Jakarta,57309
20390,AW00020390,Ross,Ramos,S,M,2011-12-29,ross.ramos@nappa.com,Bangkok,17460
20391,AW00020391,Meghan,Serrano,M,F,2011-12-29,meghan.serrano@sticks.com,Tokyo,19891
20392,AW00020392,Destiny,Ramirez,M,F,2011-12-29,destiny.ramirez@fountains.com,Tokyo,36547
20393,AW00020393,Kaitlyn,White,S,F,2011-12-29,kaitlyn.white@fountains.com,Mumbai,15176
20394,AW00020394,Emma,Butler,M,F,2011-12-29,emma.butler@cappo.com,Berlin,19241
20395,AW00020395,Katherine,Rogers,S,F,2011-12-29,katherine.rogers@circles.com,Singapore,29686
20396,AW00020396,Jason,Simmons,S,M,2011-12-30,jason.simmons@hostinger.com,Rome,15772
20397,AW00020397,Isaiah,Gray,M,M,2011-12-30,isaiah.gray@winds.com,Tokyo,17913
20398,AW00020398,Jordan,Collins,S,F,2011-12-30,jordan.collins@hostinger.com,Mumbai,23906
20399,AW00020399,Benjamin,Rodriguez,M,M,2011-12-30,benjamin.rodriguez@hostinger.com,Paris,55964
20400,AW00020400,Sydney,Henderson,M,F,2011-12-30,sydney.henderson@towels.com,Paris,46089
20401,AW00020401,Hannah,Jenkins,M,F,2011-12-30,hannah.jenkins@winds.com,Rome,39799
20402,AW00020402,Vincent,Liang,M,M,2011-12-30,vincent.liang@nappa.com,Tokyo,32840
20403,AW00020403,Mitchell,Lal,M,M,2011-12-30,mitchell.lal@papers.com,Jakarta,35059
20404,AW00020404,Jorge,Yang,S,M,2011-12-30,jorge.yang@hostinger.com,Istanbul,28654
20405,AW00020405,Isaiah,Campbell,S,M,2011-12-30,isaiah.campbell@mouse.com,Moscow,47890
20406,AW00020406,Felicia,Munoz,M,F,2011-12-30,felicia.munoz@mouse.com,London,41156
20407,AW00020407,Kristopher,Vance,M,M,2011-12-30,kristopher.vance@winds.com,Seoul,56341
20408,AW00020408,Isaac,Morgan,S,M,2011-12-31,isaac.morgan@fountains.com,Bangkok,59222
20409,AW00020409,Sophia,Young,S,F,2011-12-31,sophia.young@sticks.com,Tokyo,35545
20410,AW00020410,Richard,Jackson,M,M,2011-12-31,richard.jackson@hostinger.com,London,46992
20411,AW00020411,Cole,James,M,M,2011-12-31,cole.james@hostinger.com,Seoul,37693
20412,AW00020412,David,Jackson,M,M,2011-12-31,david.jackson@towels.com,Berlin,29711
20413,AW00020413,Taylor,Powell,M,F,2011-12-31,taylor.powell@papers.com,Delhi,25261
20414,AW00020414,Amanda,Bailey,M,F,2011-12-31,amanda.bailey@sticks.com,Bangkok,30647
20415,AW00020415,Evelyn,Sai,M,F,2011-12-31,evelyn.sai@towels.com,Seoul,52800
20416,AW00020416,Dale,Goel,S,M,2012-01-01,dale.goel@papers.com,Jakarta,17228
20417,AW00020417,Bruce,Vazquez,M,M,2012-01-01,bruce.vazquez@circles.com,Shanghai,27113
20418,AW00020418,Joe,Vazquez,M,M,2012-01-01,joe.vazquez@winds.com,Istanbul,27344
20419,AW00020419,Billy,Romero,M,M,2012-01-01,billy.romero@winds.com,Madrid,52726
20420,AW00020420,Evelyn,Mehta,M,F,2012-01-01,evelyn.mehta@sticks.com,Seoul,52872
20421,AW00020421,Victoria,Alexander,S,F,2012-01-01,victoria.alexander@winds.com,Istanbul,31254
20422,AW00020422,Maria,Brooks,S,F,2012-01-01,maria.brooks@winds.com,Delhi,46656
20423,AW00020423,Alicia,Goel,S,F,2012-01-01,alicia.goel@winds.com,Jakarta,35821
20424,AW00020424,Marie,Romero,M,F,2012-01-01,marie.romero@winds.com,London,16410
20425,AW00020425,Sabrina,Torres,M,F,2012-01-02,sabrina.torres@nappa.com,Seoul,51667
20426,AW00020426,Johnathan,Perez,M,M,2012-01-02,johnathan.perez@fountains.com,Rome,50305
20427,AW00020427,Mario,Raje,S,M,2012-01-02,mario.raje@circles.com,Tokyo,55221
20428,AW00020428,Brent,Ma,M,M,2012-01-02,brent.ma@circles.com,Singapore,41419
20429,AW00020429,Curtis,Gao,M,M,2012-01-02,curtis.gao@winds.com,Istanbul,11666
20430,AW00020430,Maurice,Ashe,M,M,2012-01-03,maurice.ashe@sticks.com,Delhi,30364
20431,AW00020431,Corey,Raje,S,M,2012-01-03,corey.raje@nappa.com,Shanghai,57523
20432,AW00020432,Juan,Sanders,S,M,2012-01-03,juan.sanders@nappa.com,Moscow,32704
20433,AW00020433,Chloe,Taylor,M,F,2012-01-03,chloe.taylor@circles.com,Paris,27152
20434,AW00020434,Nathan,Sharma,S,M,2012-01-03,nathan.sharma@winds.com,Tokyo,35384
20435,AW00020435,Natalie,Green,M,F,2012-01-03,natalie.green@fountains.com,Moscow,56956
20436,AW00020436,Anna,Barnes,S,F,2012-01-03,anna.barnes@winds.com,Bangkok,45090
20437,AW00020437,Gabriella,Howard,S,F,2012-01-03,gabriella.howard@sticks.com,Tokyo,13080
20438,AW00020438,Robert,Scott,S,M,2012-01-03,robert.scott@cappo.com,Bangkok,24464
20439,AW00020439,Chloe,Rogers,M,F,2012-01-04,chloe.rogers@papers.com,Mumbai,41480
20440,AW00020440,Alexandra,Hughes,S,F,2012-01-04,alexandra.hughes@sticks.com,Istanbul,30725
20441,AW00020441,Abigail,Henderson,M,F,2012-01-04,abigail.henderson@sticks.com,Moscow,14627
20442,AW00020442,Jorge,Chen,M,M,2012-01-04,jorge.chen@fountains.com,Delhi,36939
20443,AW00020443,Adrian,Cox,S,M,2012-01-05,adrian.cox@mouse.com,Rome,52119
20444,AW00020444,Cara,Zeng,S,F,2012-01-05,cara.zeng@cappo.com,Shanghai,38678
20445,AW00020445,Barbara,Deng,M,F,2012-01-05,barbara.deng@circles.com,London,53620
20446,AW00020446,Clayton,Rai,M,M,2012-01-05,clayton.rai@mouse.com,Istanbul,16113
20447,AW00020447,Jodi,Goel,S,F,2012-01-05,jodi.goel@sticks.com,Bangkok,39412
20448,AW00020448,Jésus,Blanco,M,M,2012-01-05,jésus.blanco@papers.com,Jakarta,54904
20449,AW00020449,Rachel,Walker,S,F,2012-01-05,rachel.walker@towels.com,Singapore,48369
20450,AW00020450,Edwin,Tang,S,M,2012-01-06,edwin.tang@fountains.com,Singapore,49945
20451,AW00020451,Kelli,Anand,S,F,2012-01-06,kelli.anand@sticks.com,Delhi,20523
20452,AW00020452,Kelli,Xie,S,F,2012-01-06,kelli.xie@hostinger.com,Rome,17547
20453,AW00020453,Bryant,Arun,M,M,2012-01-06,bryant.arun@fountains.com,Singapore,50813
20454,AW00020454,Fernando,Martinez,S,M,2012-01-06,fernando.martinez@papers.com,London,33330
20455,AW00020455,Bruce,Blanco,M,M,2012-01-06,bruce.blanco@papers.com,Delhi,40840
20456,AW00020456,Alfredo,Ramos,S,M,2012-01-06,alfredo.ramos@papers.com,London,10743
20457,AW00020457,Alexandra,Morris,M,F,2012-01-06,alexandra.morris@circles.com,Paris,26820
20458,AW00020458,Erick,Subram,M,M,2012-01-06,erick.subram@fountains.com,Jakarta,33332
20459,AW00020459,Maria,Barnes,M,F,2012-01-06,maria.barnes@sticks.com,Shanghai,52280
20460,AW00020460,Wesley,Zeng,M,M,2012-01-06,wesley.zeng@mouse.com,Rome,51695
20461,AW00020461,Mackenzie,Nelson,S,F,2012-01-06,mackenzie.nelson@mouse.com,Shanghai,32846
20462,AW00020462,Haley,Mitchell,S,F,2012-01-07,haley.mitchell@winds.com,Jakarta,47637
20463,AW00020463,Jasmine,Bryant,M,F,2012-01-07,jasmine.bryant@nappa.com,Jakarta,43887
20464,AW00020464,Amy,Lu,M,F,2012-01-07,amy.lu@winds.com,Mumbai,32142
20465,AW00020465,Isabel,Henderson,M,F,2012-01-07,isabel.henderson@towels.com,Jakarta,45090
20466,AW00020466,Benjamin,Jai,M,M,2012-01-07,benjamin.jai@mouse.com,Mumbai,32541
20467,AW00020467,Gabrielle,Bennett,M,F,2012-01-07,gabrielle.bennett@circles.com,Seoul,35323
20468,AW00020468,Olivia,Richardson,M,F,2012-01-07,olivia.richardson@nappa.com,Istanbul,12442
20469,AW00020469,Manuel,Suri,M,M,2012-01-07,manuel.suri@cappo.com,Madrid,25549
20470,AW00020470,Melissa,Gonzales,S,F,2012-01-07,melissa.gonzales@sticks.com,Moscow,49923
20471,AW00020471,Carlos,Gonzalez,M,M,2012-01-08,carlos.gonzalez@hostinger.com,Bangkok,41082
20472,AW00020472,Edward,Coleman,S,M,2012-01-08,edward.coleman@sticks.com,Seoul,25052
20473,AW00020473,Mason,Rivera,M,M,2012-01-08,mason.rivera@winds.com,Tokyo,41564
20474,AW00020474,Edward,Turner,M,M,2012-01-08,edward.turner@sticks.com,Madrid,19049
20475,AW00020475,Blake,Martinez,M,M,2012-01-08,blake.martinez@fountains.com,Moscow,19389
20476,AW00020476,Destiny,Long,S,F,2012-01-08,destiny.long@fountains.com,Singapore,52416
20477,AW00020477,Brandon,Washington,S,M,2012-01-08,brandon.washington@winds.com,Bangkok,33191
20478,AW00020478,Jonathan,Moore,M,M,2012-01-08,jonathan.moore@mouse.com,Jakarta,13011
20479,AW00020479,Andrew,Jackson,M,M,2012-01-09,andrew.jackson@sticks.com,London,21115
20480,AW00020480,Carlos,Cox,S,M,2012-01-09,carlos.cox@papers.com,Berlin,27175
20481,AW00020481,Jordan,Edwards,M,M,2012-01-09,jordan.edwards@towels.com,London,23911
20482,AW00020482,Gina,Diaz,S,F,2012-01-09,gina.diaz@fountains.com,Tokyo,50634
20483,AW00020483,Austin,Kumar,M,M,2012-01-09,austin.kumar@circles.com,Jakarta,32080
20484,AW00020484,Gabriella,Morgan,S,F,2012-01-09,gabriella.morgan@sticks.com,Delhi,10159
20485,AW00020485,Richard,Reed,M,M,2012-01-10,richard.reed@towels.com,Paris,27164
20486,AW00020486,Jack,Butler,M,M,2012-01-10,jack.butler@fountains.com,Shanghai,41936
20487,AW00020487,Alexander,White,M,M,2012-01-10,alexander.white@towels.com,Berlin,45938
20488,AW00020488,Cassidy,Foster,M,F,2012-01-10,cassidy.foster@papers.com,Paris,24140
20489,AW00020489,Jacob,Davis,S,M,2012-01-10,jacob.davis@cappo.com,London,33646
20490,AW00020490,Kaylee,Roberts,M,F,2012-01-10,kaylee.roberts@cappo.com,Singapore,34143
20491,AW00020491,Dakota,Perry,M,M,2012-01-10,dakota.perry@cappo.com,Tokyo,45817
20492,AW00020492,Madison,Martin,M,F,2012-01-10,madison.martin@circles.com,Madrid,59762
20493,AW00020493,Matthew,Jackson,M,M,2012-01-11,matthew.jackson@sticks.com,Singapore,24037
20494,AW00020494,Jesse,Peterson,M,M,2012-01-11,jesse.peterson@papers.com,Istanbul,37392
20495,AW00020495,Wesley,Wang,M,M,2012-01-11,wesley.wang@nappa.com,Shanghai,57950
20496,AW00020496,Jada,Roberts,M,F,2012-01-11,jada.roberts@towels.com,Tokyo,58103
20497,AW00020497,Francisco,Javier Castrejón,M,F,2012-01-11,francisco.javier castrejón@nappa.com,Moscow,29588
20498,AW00020498,Miguel,Phillips,M,M,2012-01-11,miguel.phillips@nappa.com,Istanbul,21821
20499,AW00020499,Christian,Robinson,S,M,2012-01-11,christian.robinson@towels.com,Mumbai,43894
20500,AW00020500,Morgan,Butler,M,F,2012-01-12,morgan.butler@mouse.com,Mumbai,54709
20501,AW00020501,Morgan,Nelson,M,F,2012-01-12,morgan.nelson@winds.com,Moscow,45042
20502,AW00020502,John,Harris,M,M,2012-01-12,john.harris@cappo.com,Seoul,59727
20503,AW00020503,Tony,Jai,M,M,2012-01-12,tony.jai@fountains.com,Tokyo,54492
20504,AW00020504,Rakesh,Tangirala,M,F,2012-01-12,rakesh.tangirala@hostinger.com,Paris,36492
20505,AW00020505,Alexa,Cox,M,F,2012-01-12,alexa.cox@winds.com,Berlin,33587
20506,AW00020506,Paige,Bradley,M,F,2012-01-13,paige.bradley@towels.com,Seoul,29550
20507,AW00020507,Joshua,Anderson,M,M,2012-01-13,joshua.anderson@papers.com,Tokyo,51575
20508,AW00020508,Logan,Robinson,S,M,2012-01-13,logan.robinson@hostinger.com,Tokyo,43737
20509,AW00020509,Alexandria,Murphy,M,F,2012-01-13,alexandria.murphy@papers.com,Istanbul,47865
20510,AW00020510,Caitlin,Cox,M,F,2012-01-13,caitlin.cox@mouse.com,Madrid,15839
20511,AW00020511,Matthew,Taylor,M,M,2012-01-13,matthew.taylor@fountains.com,London,21937
20512,AW00020512,Sydney,Parker,M,F,2012-01-13,sydney.parker@papers.com,Singapore,27271
20513,AW00020513,Joseph,Smith,S,M,2012-01-14,joseph.smith@winds.com,Seoul,29908
20514,AW00020514,Hannah,Griffin,M,F,2012-01-14,hannah.griffin@hostinger.com,Shanghai,29607
20515,AW00020515,Jenna,Edwards,S,F,2012-01-14,jenna.edwards@papers.com,Paris,29549
20516,AW00020516,Gabriel,Russell,M,M,2012-01-14,gabriel.russell@circles.com,London,10571
20517,AW00020517,Amber,Edwards,M,F,2012-01-14,amber.edwards@mouse.com,Berlin,32271
20518,AW00020518,Desiree,Sanz,M,F,2012-01-14,desiree.sanz@circles.com,Rome,13260
20519,AW00020519,Trevor,Diaz,M,M,2012-01-14,trevor.diaz@circles.com,Seoul,18932
20520,AW00020520,Cassandra,Srini,S,F,2012-01-14,cassandra.srini@hostinger.com,Seoul,15027
20521,AW00020521,Gina,Carlson,M,F,2012-01-14,gina.carlson@sticks.com,Delhi,50695
20522,AW00020522,Kevin,Parker,M,M,2012-01-14,kevin.parker@winds.com,Istanbul,52649
20523,AW00020523,Emma,Howard,M,F,2012-01-15,emma.howard@circles.com,Rome,47956
20524,AW00020524,Angelica,Jenkins,S,F,2012-01-15,angelica.jenkins@cappo.com,Rome,31060
20525,AW00020525,James,Kumar,M,M,2012-01-15,james.kumar@sticks.com,Rome,14633
20526,AW00020526,Brittany,Alexander,S,F,2012-01-15,brittany.alexander@sticks.com,Mumbai,24490
20527,AW00020527,Sydney,Harris,M,F,2012-01-16,sydney.harris@mouse.com,Berlin,54944
20528,AW00020528,Mason,Adams,M,M,2012-01-16,mason.adams@sticks.com,Seoul,51497
20529,AW00020529,Destiny,Jackson,S,F,2012-01-16,destiny.jackson@hostinger.com,Berlin,32488
20530,AW00020530,Mariah,Jenkins,M,F,2012-01-16,mariah.jenkins@sticks.com,Moscow,51653
20531,AW00020531,James,Young,M,M,2012-01-16,james.young@mouse.com,Moscow,11300
20532,AW00020532,Joan,Watson,M,F,2012-01-16,joan.watson@fountains.com,Singapore,51291
20533,AW00020533,Luis,Perry,M,M,2012-01-17,luis.perry@sticks.com,Berlin,14657
20534,AW00020534,Dalton,Lopez,M,M,2012-01-17,dalton.lopez@sticks.com,Jakarta,38527
20535,AW00020535,Riley,Torres,M,F,2012-01-17,riley.torres@sticks.com,Seoul,41605
20536,AW00020536,Taylor,Gray,S,F,2012-01-17,taylor.gray@fountains.com,Tokyo,34683
20537,AW00020537,Thomas,Evans,S,M,2012-01-17,thomas.evans@hostinger.com,Berlin,58264
20538,AW00020538,Hailey,Bennett,M,F,2012-01-17,hailey.bennett@towels.com,Berlin,58050
20539,AW00020539,Luis,Baker,M,M,2012-01-17,luis.baker@sticks.com,Tokyo,28343
20540,AW00020540,Jasmine,Flores,M,F,2012-01-18,jasmine.flores@fountains.com,Shanghai,51963
20541,AW00020541,Allison,Hernandez,M,F,2012-01-18,allison.hernandez@mouse.com,Delhi,57169
20542,AW00020542,Hailey,Green,M,F,2012-01-18,hailey.green@circles.com,Moscow,51529
20543,AW00020543,Seth,Miller,M,M,2012-01-18,seth.miller@fountains.com,Mumbai,49042
20544,AW00020544,Dalton,Hall,M,M,2012-01-18,dalton.hall@sticks.com,Jakarta,50384
20545,AW00020545,Vanessa,Butler,S,F,2012-01-18,vanessa.butler@winds.com,Istanbul,50852
20546,AW00020546,Ruth,Fernandez,M,F,2012-01-19,ruth.fernandez@sticks.com,Rome,53917
20547,AW00020547,Ethan,Chen,M,M,2012-01-19,ethan.chen@mouse.com,Mumbai,38674
20548,AW00020548,Phillip,Rodriguez,M,M,2012-01-19,phillip.rodriguez@circles.com,Rome,20387
20549,AW00020549,Jennifer,Morris,M,F,2012-01-19,jennifer.morris@towels.com,Tokyo,28182
20550,AW00020550,Mohamed,Pal,M,F,2012-01-19,mohamed.pal@papers.com,Mumbai,24621
20551,AW00020551,Daisy,Blanco,M,F,2012-01-19,daisy.blanco@papers.com,Madrid,41440
20552,AW00020552,Heather,Liang,M,F,2012-01-19,heather.liang@winds.com,London,35551
20553,AW00020553,Damien,Xie,M,M,2012-01-19,damien.xie@hostinger.com,Istanbul,40651
20554,AW00020554,Donna,Tang,M,F,2012-01-19,donna.tang@papers.com,Shanghai,26298
20555,AW00020555,Kelvin,Raje,M,M,2012-01-19,kelvin.raje@nappa.com,Tokyo,55226
20556,AW00020556,Glenn,Sun,M,M,2012-01-19,glenn.sun@winds.com,Singapore,58439
20557,AW00020557,Lindsay,Lal,M,F,2012-01-19,lindsay.lal@towels.com,Jakarta,42651
20558,AW00020558,Brianna,Stewart,M,F,2012-01-20,brianna.stewart@fountains.com,Tokyo,44192
20559,AW00020559,Isabella,Diaz,M,F,2012-01-20,isabella.diaz@towels.com,Istanbul,20615
20560,AW00020560,Mindy,Raji,M,F,2012-01-20,mindy.raji@winds.com,Tokyo,40979
20561,AW00020561,Willie,Liu,S,M,2012-01-20,willie.liu@cappo.com,Rome,12807
20562,AW00020562,Jim,Rodman,M,F,2012-01-20,jim.rodman@towels.com,Berlin,56097
20563,AW00020563,Kendra,Blanco,M,F,2012-01-20,kendra.blanco@sticks.com,Rome,46996
20564,AW00020564,Jessie,Gao,S,M,2012-01-20,jessie.gao@nappa.com,Shanghai,58163
20565,AW00020565,Tasha,Yuan,M,F,2012-01-20,tasha.yuan@cappo.com,Moscow,44317
20566,AW00020566,George,Mehta,M,M,2012-01-20,george.mehta@sticks.com,Shanghai,24937
20567,AW00020567,Nicolas,Anand,M,M,2012-01-20,nicolas.anand@sticks.com,Paris,36103
20568,AW00020568,Dustin,Raji,M,M,2012-01-20,dustin.raji@sticks.com,Rome,16977
20569,AW00020569,Patricia,Patel,M,F,2012-01-21,patricia.patel@mouse.com,Singapore,14828
20570,AW00020570,George,Martinez,M,M,2012-01-21,george.martinez@winds.com,London,17236
20571,AW00020571,Allison,Gray,S,F,2012-01-21,allison.gray@winds.com,Moscow,47376
20572,AW00020572,Caroline,Diaz,M,F,2012-01-21,caroline.diaz@mouse.com,Madrid,53207
20573,AW00020573,Megan,Ward,M,F,2012-01-21,megan.ward@hostinger.com,Seoul,15853
20574,AW00020574,Brett,Patel,M,M,2012-01-21,brett.patel@mouse.com,London,41352
20575,AW00020575,Stacey,Cai,M,F,2012-01-21,stacey.cai@fountains.com,Istanbul,13282
20576,AW00020576,Johnathan,Kapoor,S,M,2012-01-21,johnathan.kapoor@fountains.com,Bangkok,32224
20577,AW00020577,Sheila,Romero,M,F,2012-01-21,sheila.romero@hostinger.com,Paris,26340
20578,AW00020578,Martin,Kapoor,M,M,2012-01-22,martin.kapoor@winds.com,Paris,42599
20579,AW00020579,Alexandra,King,M,F,2012-01-22,alexandra.king@circles.com,Shanghai,57127
20580,AW00020580,Ernest,Huang,S,M,2012-01-22,ernest.huang@nappa.com,Shanghai,56829
20581,AW00020581,Ruth,Sanchez,M,F,2012-01-22,ruth.sanchez@mouse.com,Tokyo,20981
20582,AW00020582,Desiree,Bradley,S,F,2012-01-22,desiree.bradley@sticks.com,Bangkok,43157
20583,AW00020583,Kristen,Wang,M,F,2012-01-22,kristen.wang@winds.com,London,34576
20584,AW00020584,Molly,Schmidt,S,F,2012-01-22,molly.schmidt@nappa.com,Bangkok,25615
20585,AW00020585,Emily,Lee,M,F,2012-01-22,emily.lee@mouse.com,Mumbai,11601
20586,AW00020586,Clayton,Zhao,M,M,2012-01-22,clayton.zhao@winds.com,Jakarta,44141
20587,AW00020587,Shannon,Johnston,M,M,2012-01-22,shannon.johnston@fountains.com,Tokyo,15691
20588,AW00020588,Nancy,Raman,M,F,2012-01-23,nancy.raman@winds.com,Seoul,48565
20589,AW00020589,Mackenzie,Rogers,M,F,2012-01-23,mackenzie.rogers@nappa.com,London,39251
20590,AW00020590,Todd,Zhang,M,M,2012-01-23,todd.zhang@towels.com,Berlin,59760
20591,AW00020591,Kara,Tang,M,F,2012-01-23,kara.tang@papers.com,Paris,33122
20592,AW00020592,Jorge,Liu,M,M,2012-01-23,jorge.liu@mouse.com,London,34124
20593,AW00020593,Joel,Jordan,M,M,2012-01-23,joel.jordan@papers.com,Delhi,12958
20594,AW00020594,Arthur,Torres,M,M,2012-01-23,arthur.torres@cappo.com,Paris,48980
20595,AW00020595,Karla,Andersen,S,F,2012-01-24,karla.andersen@hostinger.com,Mumbai,19781
20596,AW00020596,Janet,Ramos,M,F,2012-01-24,janet.ramos@cappo.com,Berlin,31666
20597,AW00020597,Carly,Beck,M,F,2012-01-24,carly.beck@cappo.com,Rome,16193
20598,AW00020598,Jackson,Powell,M,M,2012-01-24,jackson.powell@papers.com,Mumbai,59573
20599,AW00020599,Kyle,Wang,M,M,2012-01-24,kyle.wang@winds.com,Mumbai,59988
20600,AW00020600,Dennis,Hu,S,M,2012-01-24,dennis.hu@nappa.com,Singapore,29308
20601,AW00020601,Carrie,Munoz,M,F,2012-01-24,carrie.munoz@cappo.com,London,34270
20602,AW00020602,Casey,Moreno,S,M,2012-01-25,casey.moreno@nappa.com,Istanbul,39972
20603,AW00020603,Henry,Sullivan,S,M,2012-01-25,henry.sullivan@nappa.com,Rome,45375
20604,AW00020604,Harold,Martinez,S,M,2012-01-25,harold.martinez@mouse.com,Seoul,35266
20605,AW00020605,Kevin,Yang,S,M,2012-01-25,kevin.yang@papers.com,Delhi,39602
20606,AW00020606,Jocelyn,Coleman,M,F,2012-01-25,jocelyn.coleman@mouse.com,Singapore,13451
20607,AW00020607,Donna,Raje,S,F,2012-01-26,donna.raje@sticks.com,Istanbul,31701
20608,AW00020608,Cara,Hu,S,F,2012-01-26,cara.hu@hostinger.com,Mumbai,55103
20609,AW00020609,Fernando,Bryant,M,M,2012-01-26,fernando.bryant@towels.com,Seoul,41351
20610,AW00020610,Jessie,Zhou,M,M,2012-01-26,jessie.zhou@sticks.com,Bangkok,58863
20611,AW00020611,Carla,Sullivan,M,F,2012-01-26,carla.sullivan@hostinger.com,Singapore,23383
20612,AW00020612,Colin,Yang,M,M,2012-01-26,colin.yang@circles.com,Tokyo,37601
20613,AW00020613,Lindsay,Raje,M,F,2012-01-26,lindsay.raje@cappo.com,Seoul,37070
20614,AW00020614,Gregory,Shan,S,M,2012-01-26,gregory.shan@fountains.com,Delhi,49909
20615,AW00020615,Laura,Wu,S,F,2012-01-26,laura.wu@winds.com,Tokyo,39574
20616,AW00020616,Kristi,Serrano,S,F,2012-01-26,kristi.serrano@papers.com,Jakarta,15319
20617,AW00020617,Chloe,Johnson,S,F,2012-01-26,chloe.johnson@papers.com,Paris,22664
20618,AW00020618,Marie,Rubio,S,F,2012-01-26,marie.rubio@nappa.com,Seoul,12293
20619,AW00020619,Maurice,Raji,S,M,2012-01-26,maurice.raji@sticks.com,Madrid,27070
20620,AW00020620,Victoria,Cook,S,F,2012-01-27,victoria.cook@towels.com,Paris,10980
20621,AW00020621,Meredith,Alonso,M,F,2012-01-27,meredith.alonso@sticks.com,Bangkok,37350
20622,AW00020622,Jerome,Suarez,M,M,2012-01-27,jerome.suarez@papers.com,Shanghai,53372
20623,AW00020623,Ruth,Garcia,M,F,2012-01-27,ruth.garcia@towels.com,Bangkok,28839
20624,AW00020624,Deborah,Shan,S,F,2012-01-27,deborah.shan@cappo.com,Bangkok,48967
20625,AW00020625,Rafael,Yuan,M,M,2012-01-27,rafael.yuan@circles.com,Shanghai,26018
20626,AW00020626,Jarrod,Sara,M,M,2012-01-27,jarrod.sara@fountains.com,Moscow,18975
20627,AW00020627,Theresa,Navarro,M,F,2012-01-27,theresa.navarro@fountains.com,Istanbul,22684
20628,AW00020628,Rodney,Gutierrez,S,M,2012-01-27,rodney.gutierrez@circles.com,Berlin,12192
20629,AW00020629,Bonnie,Raje,M,F,2012-01-27,bonnie.raje@cappo.com,Bangkok,43943
20630,AW00020630,Diane,Alonso,M,F,2012-01-27,diane.alonso@papers.com,Mumbai,59996
20631,AW00020631,Gerald,Dominguez,S,M,2012-01-27,gerald.dominguez@mouse.com,Istanbul,46086
20632,AW00020632,Marcus,Stewart,S,M,2012-01-27,marcus.stewart@sticks.com,Shanghai,27155
20633,AW00020633,Luke,Collins,M,M,2012-01-28,luke.collins@winds.com,Seoul,38611
20634,AW00020634,Stephanie,Bryant,M,F,2012-01-28,stephanie.bryant@papers.com,Shanghai,29063
20635,AW00020635,Nathan,Young,M,M,2012-01-28,nathan.young@sticks.com,Tokyo,58671
20636,AW00020636,Olivia,Patterson,M,F,2012-01-28,olivia.patterson@mouse.com,Singapore,30598
20637,AW00020637,John,Brown,M,M,2012-01-28,john.brown@nappa.com,Mumbai,40527
20638,AW00020638,Thomas,Collins,S,M,2012-01-29,thomas.collins@fountains.com,Moscow,28212
20639,AW00020639,Emily,Ross,M,F,2012-01-29,emily.ross@nappa.com,Moscow,57357
20640,AW00020640,Noah,Turner,M,M,2012-01-29,noah.turner@nappa.com,Berlin,19666
20641,AW00020641,Isabella,Robinson,S,F,2012-01-29,isabella.robinson@cappo.com,London,16458
20642,AW00020642,Patricia,Prasad,S,F,2012-01-29,patricia.prasad@mouse.com,Singapore,53741
20643,AW00020643,Abigail,Patterson,M,F,2012-01-29,abigail.patterson@circles.com,Paris,33241
20644,AW00020644,Patrick,Brooks,S,M,2012-01-29,patrick.brooks@hostinger.com,London,24493
20645,AW00020645,Xavier,Stewart,M,M,2012-01-29,xavier.stewart@winds.com,Bangkok,41616
20646,AW00020646,Ryan,Chen,M,M,2012-01-29,ryan.chen@sticks.com,Delhi,29482
20647,AW00020647,Jared,Bailey,M,M,2012-01-30,jared.bailey@hostinger.com,Delhi,29277
20648,AW00020648,Jordan,Mitchell,M,M,2012-01-30,jordan.mitchell@nappa.com,Moscow,58862
20649,AW00020649,Natalie,Ramirez,S,F,2012-01-30,natalie.ramirez@nappa.com,Rome,56246
20650,AW00020650,Bryan,Gray,M,M,2012-01-30,bryan.gray@sticks.com,Berlin,24002
20651,AW00020651,Timothy,Cooper,M,M,2012-01-30,timothy.cooper@circles.com,Moscow,56531
20652,AW00020652,Amanda,Scott,M,F,2012-01-30,amanda.scott@papers.com,Jakarta,47712
20653,AW00020653,Jessica,White,M,F,2012-01-30,jessica.white@fountains.com,Singapore,15658
20654,AW00020654,Taylor,Murphy,M,F,2012-01-30,taylor.murphy@fountains.com,Mumbai,43013
20655,AW00020655,Edward,Butler,M,M,2012-01-30,edward.butler@cappo.com,Madrid,57057
20656,AW00020656,Marcus,Perry,M,M,2012-01-30,marcus.perry@mouse.com,Rome,22582
20657,AW00020657,Blake,Russell,S,M,2012-01-30,blake.russell@winds.com,London,14562
20658,AW00020658,Kaylee,Campbell,M,F,2012-01-30,kaylee.campbell@mouse.com,Mumbai,38845
20659,AW00020659,Xavier,Baker,M,M,2012-01-30,xavier.baker@cappo.com,Seoul,25974
20660,AW00020660,Christina,Cox,M,F,2012-01-30,christina.cox@papers.com,Jakarta,11211
20661,AW00020661,Taylor,Diaz,M,F,2012-01-30,taylor.diaz@fountains.com,Jakarta,36636
20662,AW00020662,Taylor,Perry,M,F,2012-01-30,taylor.perry@mouse.com,Moscow,41933
20663,AW00020663,Kaitlyn,Stewart,S,F,2012-01-30,kaitlyn.stewart@cappo.com,Madrid,11997
20664,AW00020664,Isaiah,Watson,M,M,2012-01-31,isaiah.watson@hostinger.com,London,38773
20665,AW00020665,James,Evans,S,M,2012-01-31,james.evans@cappo.com,London,54441
20666,AW00020666,Lacey,Rai,S,F,2012-01-31,lacey.rai@fountains.com,Singapore,52379
20667,AW00020667,Jodi,Pal,S,F,2012-01-31,jodi.pal@cappo.com,Madrid,10837
20668,AW00020668,Eric,Rothenberg,S,F,2012-01-31,eric.rothenberg@sticks.com,Seoul,29958
20669,AW00020669,Rachel,Ross,S,F,2012-01-31,rachel.ross@winds.com,Jakarta,41227
20670,AW00020670,Julia,Cox,M,F,2012-01-31,julia.cox@circles.com,Paris,13820
20671,AW00020671,Ronald,Sanchez,M,M,2012-01-31,ronald.sanchez@mouse.com,Tokyo,18559
20672,AW00020672,Fernando,Ross,S,M,2012-01-31,fernando.ross@circles.com,Bangkok,29745
20673,AW00020673,Dylan,Washington,M,M,2012-01-31,dylan.washington@papers.com,Mumbai,49001
20674,AW00020674,Samuel,Butler,S,M,2012-01-31,samuel.butler@hostinger.com,Moscow,38968
20675,AW00020675,Natalie,Martin,S,F,2012-01-31,natalie.martin@fountains.com,Rome,38879
20676,AW00020676,Carlos,Parker,M,M,2012-01-31,carlos.parker@sticks.com,Mumbai,15957
20677,AW00020677,Trinity,Bailey,S,F,2012-01-31,trinity.bailey@cappo.com,Delhi,38945
20678,AW00020678,Martha,Lin,S,F,2012-02-01,martha.lin@mouse.com,Berlin,14070
20679,AW00020679,Dakota,Jenkins,M,M,2012-02-01,dakota.jenkins@winds.com,Shanghai,31314
20680,AW00020680,Ashley,Anderson,S,F,2012-02-01,ashley.anderson@winds.com,Paris,10185
20681,AW00020681,Walter,Moreno,S,M,2012-02-01,walter.moreno@nappa.com,Singapore,42458
20682,AW00020682,John,Davis,M,M,2012-02-01,john.davis@papers.com,Bangkok,41038
20683,AW00020683,Amanda,Mitchell,M,F,2012-02-01,amanda.mitchell@circles.com,Istanbul,44158
20684,AW00020684,Olivia,Lee,M,F,2012-02-01,olivia.lee@papers.com,Moscow,55615
20685,AW00020685,Mariah,Powell,M,F,2012-02-01,mariah.powell@hostinger.com,Bangkok,54923
20686,AW00020686,Lucas,Nelson,S,M,2012-02-01,lucas.nelson@nappa.com,Rome,11212
20687,AW00020687,Rebecca,Campbell,S,F,2012-02-01,rebecca.campbell@fountains.com,Paris,16452
20688,AW00020688,Steven,Ramirez,M,M,2012-02-02,steven.ramirez@towels.com,Istanbul,17877
20689,AW00020689,Connor,Green,M,M,2012-02-02,connor.green@fountains.com,Moscow,49420
20690,AW00020690,Nathaniel,Torres,M,M,2012-02-02,nathaniel.torres@winds.com,Shanghai,53402
20691,AW00020691,Eduardo,Smith,M,M,2012-02-02,eduardo.smith@fountains.com,Singapore,14599
20692,AW00020692,John,Lewis,M,M,2012-02-02,john.lewis@circles.com,Paris,48839
20693,AW00020693,Zachary,Perry,S,M,2012-02-03,zachary.perry@sticks.com,Berlin,22119
20694,AW00020694,Daniel,Anderson,M,M,2012-02-03,daniel.anderson@towels.com,Jakarta,11082
20695,AW00020695,Joshua,Brown,M,M,2012-02-03,joshua.brown@fountains.com,Moscow,42207
20696,AW00020696,Ethan,Gonzales,M,M,2012-02-03,ethan.gonzales@cappo.com,Shanghai,41984
20697,AW00020697,Stefanie,Schmidt,M,F,2012-02-03,stefanie.schmidt@sticks.com,Rome,54772
20698,AW00020698,Darren,Chandra,M,M,2012-02-03,darren.chandra@winds.com,Seoul,37428
20699,AW00020699,Hunter,Wang,S,M,2012-02-03,hunter.wang@papers.com,London,28406
20700,AW00020700,Marcus,Scott,M,M,2012-02-03,marcus.scott@fountains.com,Delhi,32256
20701,AW00020701,Liz,Anderson,S,F,2012-02-04,liz.anderson@papers.com,Singapore,28961
20702,AW00020702,Oscar,Ross,S,M,2012-02-04,oscar.ross@hostinger.com,Madrid,23122
20703,AW00020703,Seth,White,S,M,2012-02-04,seth.white@hostinger.com,Moscow,40124
20704,AW00020704,Shane,Rodriguez,M,M,2012-02-04,shane.rodriguez@circles.com,Seoul,34297
20705,AW00020705,Kevin,Roberts,M,M,2012-02-04,kevin.roberts@cappo.com,Berlin,59250
20706,AW00020706,Haley,Gonzalez,S,F,2012-02-04,haley.gonzalez@towels.com,Paris,15423
20707,AW00020707,Danielle,Stewart,S,F,2012-02-04,danielle.stewart@hostinger.com,Rome,30915
20708,AW00020708,Devin,Thompson,S,M,2012-02-05,devin.thompson@sticks.com,Bangkok,49626
20709,AW00020709,Samuel,Evans,M,M,2012-02-05,samuel.evans@sticks.com,London,45063
20710,AW00020710,Andres,Raje,M,M,2012-02-05,andres.raje@winds.com,Shanghai,54559
20711,AW00020711,Ebony,Sanz,M,F,2012-02-05,ebony.sanz@sticks.com,Singapore,50894
20712,AW00020712,Colin,Huang,M,M,2012-02-05,colin.huang@papers.com,Rome,30840
20713,AW00020713,Kathleen,Gill,S,F,2012-02-05,kathleen.gill@winds.com,Delhi,19825
20714,AW00020714,Christine,Beck,S,F,2012-02-05,christine.beck@winds.com,Seoul,50021
20715,AW00020715,Henry,Kapoor,S,M,2012-02-05,henry.kapoor@sticks.com,Rome,51039
20716,AW00020716,Kristina,Arun,M,F,2012-02-05,kristina.arun@cappo.com,Berlin,25568
20717,AW00020717,Chelsea,Ray,S,F,2012-02-05,chelsea.ray@nappa.com,Madrid,16705
20718,AW00020718,Ricky,Ruiz,S,M,2012-02-06,ricky.ruiz@mouse.com,Paris,50979
20719,AW00020719,Lawrence,Alvarez,S,M,2012-02-06,lawrence.alvarez@circles.com,London,57302
20720,AW00020720,Regina,Subram,S,F,2012-02-06,regina.subram@sticks.com,Seoul,51746
20721,AW00020721,Hailey,Perry,S,F,2012-02-06,hailey.perry@hostinger.com,Shanghai,22554
20722,AW00020722,Kellie,Serrano,S,F,2012-02-06,kellie.serrano@winds.com,Berlin,36280
20723,AW00020723,Cedric,Zhu,S,M,2012-02-06,cedric.zhu@mouse.com,Mumbai,19962
20724,AW00020724,Ebony,Vance,S,F,2012-02-06,ebony.vance@towels.com,Mumbai,31671
20725,AW00020725,Linda,Romero,S,F,2012-02-06,linda.romero@circles.com,Rome,34261
20726,AW00020726,Beth,Romero,S,F,2012-02-06,beth.romero@nappa.com,Rome,19860
20727,AW00020727,Arturo,Ye,S,M,2012-02-06,arturo.ye@papers.com,Jakarta,39445
20728,AW00020728,Cedric,Chande,S,M,2012-02-06,cedric.chande@papers.com,Shanghai,38952
20729,AW00020729,Aimee,Zhou,M,F,2012-02-06,aimee.zhou@cappo.com,Berlin,10343
20730,AW00020730,Aaron,Shan,S,M,2012-02-06,aaron.shan@mouse.com,Jakarta,35118
20731,AW00020731,Andre,Kovár,S,M,2012-02-07,andre.kovár@hostinger.com,Moscow,12753
20732,AW00020732,Joshua,Walker,S,M,2012-02-07,joshua.walker@mouse.com,Tokyo,15440
20733,AW00020733,Sheena,Luo,S,F,2012-02-07,sheena.luo@hostinger.com,London,29365
20734,AW00020734,Luis,Phillips,M,M,2012-02-07,luis.phillips@cappo.com,Mumbai,11382
20735,AW00020735,Caitlin,Cooper,M,F,2012-02-07,caitlin.cooper@papers.com,Seoul,19872
20736,AW00020736,Alexandra,Howard,S,F,2012-02-07,alexandra.howard@papers.com,Rome,34540
20737,AW00020737,Victoria,Griffin,M,F,2012-02-07,victoria.griffin@winds.com,London,24442
20738,AW00020738,Alex,Kelly,M,M,2012-02-07,alex.kelly@circles.com,Mumbai,28847
20739,AW00020739,Kaitlyn,Carter,S,F,2012-02-07,kaitlyn.carter@towels.com,Madrid,16051
20740,AW00020740,Kathryn,Sharma,M,F,2012-02-07,kathryn.sharma@mouse.com,Istanbul,16040
20741,AW00020741,Jocelyn,Foster,S,F,2012-02-07,jocelyn.foster@cappo.com,Moscow,19507
20742,AW00020742,Isabella,Stewart,M,F,2012-02-07,isabella.stewart@nappa.com,Madrid,37126
20743,AW00020743,Arianna,Howard,M,F,2012-02-07,arianna.howard@sticks.com,Bangkok,26257
20744,AW00020744,Amanda,Barnes,M,F,2012-02-07,amanda.barnes@sticks.com,Jakarta,30183
20745,AW00020745,Mariah,Price,M,F,2012-02-07,mariah.price@cappo.com,Madrid,47657
20746,AW00020746,Christina,Torres,M,F,2012-02-07,christina.torres@cappo.com,Seoul,11605
20747,AW00020747,Melody,Vazquez,M,F,2012-02-07,melody.vazquez@towels.com,London,52845
20748,AW00020748,Stephanie,Watson,S,F,2012-02-07,stephanie.watson@sticks.com,Shanghai,17854
20749,AW00020749,Joan,Morgan,M,F,2012-02-07,joan.morgan@papers.com,London,41466
20750,AW00020750,Katherine,King,M,F,2012-02-07,katherine.king@circles.com,Jakarta,38126
20751,AW00020751,Jermaine,Arthur,M,M,2012-02-07,jermaine.arthur@mouse.com,Jakarta,58869
20752,AW00020752,Christian,Simmons,M,M,2012-02-08,christian.simmons@sticks.com,Jakarta,55847
20753,AW00020753,Taylor,Kelly,M,F,2012-02-08,taylor.kelly@mouse.com,Paris,59748
20754,AW00020754,Ian,Davis,M,M,2012-02-08,ian.davis@towels.com,Paris,12129
20755,AW00020755,Alex,Lopez,M,M,2012-02-08,alex.lopez@winds.com,Berlin,53371
20756,AW00020756,Marcus,Griffin,M,M,2012-02-08,marcus.griffin@winds.com,Istanbul,36376
20757,AW00020757,Alexia,Powell,M,F,2012-02-08,alexia.powell@winds.com,Madrid,55528
20758,AW00020758,Jesse,Sanders,M,M,2012-02-08,jesse.sanders@sticks.com,Paris,13003
20759,AW00020759,Teresa,Serrano,M,F,2012-02-08,teresa.serrano@fountains.com,Jakarta,21418
20760,AW00020760,Thomas,Alexander,M,M,2012-02-08,thomas.alexander@winds.com,Berlin,24932
20761,AW00020761,Jonathan,Washington,M,M,2012-02-09,jonathan.washington@cappo.com,Shanghai,37363
20762,AW00020762,Jennifer,King,M,F,2012-02-09,jennifer.king@sticks.com,Madrid,26221
20763,AW00020763,Lucas,Carter,M,M,2012-02-09,lucas.carter@winds.com,Mumbai,14021
20764,AW00020764,Christian,Taylor,M,M,2012-02-09,christian.taylor@papers.com,Madrid,36800
20765,AW00020765,Wyatt,Lopez,M,M,2012-02-09,wyatt.lopez@hostinger.com,Madrid,31486
20766,AW00020766,Charles,Morgan,M,M,2012-02-09,charles.morgan@nappa.com,Paris,44316
20767,AW00020767,Rachel,Thomas,S,F,2012-02-09,rachel.thomas@hostinger.com,Paris,28085
20768,AW00020768,Marshall,Nara,S,M,2012-02-09,marshall.nara@papers.com,Rome,56816
20769,AW00020769,Michelle,Sanders,M,F,2012-02-09,michelle.sanders@mouse.com,Istanbul,15944
20770,AW00020770,Carlos,Mitchell,M,M,2012-02-09,carlos.mitchell@fountains.com,Jakarta,59130
20771,AW00020771,Madeline,Edwards,M,F,2012-02-09,madeline.edwards@fountains.com,Madrid,46118
20772,AW00020772,Samantha,Garcia,S,F,2012-02-10,samantha.garcia@circles.com,Jakarta,14726
20773,AW00020773,Natalie,Rodriguez,S,F,2012-02-10,natalie.rodriguez@hostinger.com,Singapore,47210
20774,AW00020774,Anthony,Miller,S,M,2012-02-10,anthony.miller@hostinger.com,Bangkok,54728
20775,AW00020775,Bruce,Alonso,M,M,2012-02-10,bruce.alonso@mouse.com,Moscow,20254
20776,AW00020776,Haley,Long,M,F,2012-02-10,haley.long@cappo.com,London,19952
20777,AW00020777,Carly,Sharma,M,F,2012-02-10,carly.sharma@sticks.com,Bangkok,44152
20778,AW00020778,Seth,Ramirez,M,M,2012-02-10,seth.ramirez@sticks.com,Jakarta,18697
20779,AW00020779,Maria,Russell,M,F,2012-02-10,maria.russell@sticks.com,Mumbai,14531
20780,AW00020780,Michael,White,M,M,2012-02-10,michael.white@circles.com,Tokyo,54449
20781,AW00020781,Kayla,Lee,M,F,2012-02-10,kayla.lee@cappo.com,Bangkok,38983
20782,AW00020782,Alan,Ye,M,M,2012-02-11,alan.ye@sticks.com,Seoul,53536
20783,AW00020783,Amanda,Collins,M,F,2012-02-11,amanda.collins@winds.com,Rome,39423
20784,AW00020784,Eduardo,Walker,M,M,2012-02-11,eduardo.walker@towels.com,Paris,14551
20785,AW00020785,Isabella,Taylor,S,F,2012-02-11,isabella.taylor@circles.com,Tokyo,39621
20786,AW00020786,Marcus,Perez,M,M,2012-02-11,marcus.perez@cappo.com,Moscow,12062
20787,AW00020787,Bridget,Pal,M,F,2012-02-11,bridget.pal@fountains.com,Rome,19587
20788,AW00020788,Sara,Gonzalez,S,F,2012-02-11,sara.gonzalez@cappo.com,Madrid,25103
20789,AW00020789,Miguel,Williams,M,M,2012-02-11,miguel.williams@hostinger.com,Rome,21305
20790,AW00020790,Kayla,Harrison,M,F,2012-02-11,kayla.harrison@papers.com,Moscow,39092
20791,AW00020791,Ryan,Patterson,M,M,2012-02-11,ryan.patterson@mouse.com,Paris,15753
20792,AW00020792,Hailey,Rivera,M,F,2012-02-11,hailey.rivera@nappa.com,Jakarta,35339
20793,AW00020793,Gary,Martin,S,M,2012-02-11,gary.martin@sticks.com,Mumbai,37051
20794,AW00020794,Brenda,Rana,M,F,2012-02-12,brenda.rana@winds.com,London,30598
20795,AW00020795,Emmanuel,Subram,S,M,2012-02-12,emmanuel.subram@mouse.com,Paris,18884
20796,AW00020796,Claudia,Guo,S,F,2012-02-12,claudia.guo@cappo.com,Rome,19403
20797,AW00020797,Dawn,Hu,M,F,2012-02-12,dawn.hu@sticks.com,Moscow,25423
20798,AW00020798,Mathew,Munoz,M,M,2012-02-12,mathew.munoz@towels.com,Mumbai,41638
20799,AW00020799,Peter,Raje,M,M,2012-02-12,peter.raje@towels.com,Paris,46099
20800,AW00020800,Connor,Jenkins,M,M,2012-02-12,connor.jenkins@sticks.com,Madrid,37639
20801,AW00020801,Ronald,Chandra,S,M,2012-02-12,ronald.chandra@mouse.com,London,57049
20802,AW00020802,Jon,Li,S,M,2012-02-13,jon.li@fountains.com,Moscow,30809
20803,AW00020803,Nicole,Rodriguez,S,F,2012-02-13,nicole.rodriguez@mouse.com,Tokyo,18509
20804,AW00020804,Katelyn,Torres,M,F,2012-02-13,katelyn.torres@fountains.com,Shanghai,50993
20805,AW00020805,Brandon,Williams,M,M,2012-02-13,brandon.williams@hostinger.com,Seoul,26522
20806,AW00020806,James,Lopez,M,M,2012-02-13,james.lopez@papers.com,Tokyo,37731
20807,AW00020807,Jordan,Foster,M,M,2012-02-13,jordan.foster@winds.com,Rome,20053
20808,AW00020808,Julie,Jai,M,F,2012-02-13,julie.jai@circles.com,Jakarta,35873
20809,AW00020809,Benjamin,Anderson,M,M,2012-02-14,benjamin.anderson@winds.com,Seoul,24698
20810,AW00020810,Brittney,He,M,F,2012-02-14,brittney.he@mouse.com,Jakarta,59543
20811,AW00020811,Calvin,Shan,S,M,2012-02-14,calvin.shan@winds.com,Shanghai,54528
20812,AW00020812,Preston,Prasad,S,M,2012-02-14,preston.prasad@nappa.com,Shanghai,46813
20813,AW00020813,Michael,Rothkugel,M,M,2012-02-14,michael.rothkugel@nappa.com,Tokyo,56106
20814,AW00020814,Margaret,Lu,S,F,2012-02-14,margaret.lu@sticks.com,Mumbai,11109
20815,AW00020815,Tracy,Andersen,S,F,2012-02-14,tracy.andersen@cappo.com,Jakarta,52454
20816,AW00020816,Connor,Ross,M,M,2012-02-14,connor.ross@sticks.com,Paris,47768
20817,AW00020817,Geoffrey,Rodriguez,S,M,2012-02-14,geoffrey.rodriguez@circles.com,Seoul,28462
20818,AW00020818,Rachel,Powell,S,F,2012-02-14,rachel.powell@winds.com,Tokyo,38585
20819,AW00020819,Raymond,Madan,S,M,2012-02-14,raymond.madan@hostinger.com,Tokyo,10329
20820,AW00020820,Kathleen,Rubio,M,F,2012-02-14,kathleen.rubio@hostinger.com,Bangkok,21052
20821,AW00020821,Hany,Morcos,M,M,2012-02-14,hany.morcos@towels.com,Moscow,55989
20822,AW00020822,Shannon,Ruiz,S,M,2012-02-15,shannon.ruiz@nappa.com,Paris,37960
20823,AW00020823,Troy,Martinez,M,M,2012-02-15,troy.martinez@papers.com,Seoul,24564
20824,AW00020824,Derek,Xu,S,M,2012-02-15,derek.xu@winds.com,Berlin,10022
20825,AW00020825,Pamela,Kapoor,M,F,2012-02-15,pamela.kapoor@towels.com,Mumbai,54652
20826,AW00020826,Jillian,Raman,S,F,2012-02-15,jillian.raman@papers.com,Madrid,12203
20827,AW00020827,Jillian,Perez,S,F,2012-02-15,jillian.perez@circles.com,Jakarta,23019
20828,AW00020828,Jaclyn,Shan,M,F,2012-02-15,jaclyn.shan@sticks.com,Seoul,12826
20829,AW00020829,Andy,Diaz,M,M,2012-02-15,andy.diaz@nappa.com,Bangkok,11834
20830,AW00020830,Whitney,Martinez,M,F,2012-02-15,whitney.martinez@cappo.com,Tokyo,49892
20831,AW00020831,Drew,Xu,M,M,2012-02-15,drew.xu@towels.com,Paris,19678
20832,AW00020832,Kelvin,Tang,S,M,2012-02-15,kelvin.tang@winds.com,Istanbul,14818
20833,AW00020833,Douglas,Sai,S,M,2012-02-15,douglas.sai@fountains.com,Seoul,41756
20834,AW00020834,Brenda,Kapoor,S,F,2012-02-16,brenda.kapoor@hostinger.com,Jakarta,47041
20835,AW00020835,Ruben,Gutierrez,M,M,2012-02-16,ruben.gutierrez@towels.com,Istanbul,58081
20836,AW00020836,Stanley,Chandra,M,M,2012-02-16,stanley.chandra@nappa.com,Delhi,54778
20837,AW00020837,Jimmy,Rubio,M,M,2012-02-16,jimmy.rubio@mouse.com,Jakarta,39536
20838,AW00020838,Chloe,Jones,S,F,2012-02-16,chloe.jones@hostinger.com,Madrid,49147
20839,AW00020839,Courtney,Lopez,S,F,2012-02-16,courtney.lopez@circles.com,Bangkok,58638
20840,AW00020840,Alison,Xie,S,F,2012-02-16,alison.xie@winds.com,Rome,54790
20841,AW00020841,Jésus,Alonso,S,M,2012-02-16,jésus.alonso@papers.com,Jakarta,12678
20842,AW00020842,Tyrone,Moreno,S,M,2012-02-16,tyrone.moreno@cappo.com,Shanghai,56933
20843,AW00020843,Jose,Shan,M,M,2012-02-17,jose.shan@nappa.com,Jakarta,33335
20844,AW00020844,Nicolas,Pal,M,M,2012-02-17,nicolas.pal@sticks.com,Istanbul,21836
20845,AW00020845,Barry,Malhotra,M,M,2012-02-17,barry.malhotra@fountains.com,Rome,42117
20846,AW00020846,Lee,Alonso,M,M,2012-02-17,lee.alonso@cappo.com,Jakarta,31306
20847,AW00020847,Kyle,Young,M,M,2012-02-17,kyle.young@nappa.com,London,55193
20848,AW00020848,Vincent,Liu,M,M,2012-02-17,vincent.liu@nappa.com,Berlin,34478
20849,AW00020849,Faith,Washington,S,F,2012-02-18,faith.washington@cappo.com,Rome,45008
20850,AW00020850,Lance,Navarro,M,M,2012-02-18,lance.navarro@nappa.com,London,56766
20851,AW00020851,Frank,Sanz,S,M,2012-02-18,frank.sanz@mouse.com,Seoul,45690
20852,AW00020852,Yolanda,Raje,M,F,2012-02-18,yolanda.raje@mouse.com,Shanghai,24422
20853,AW00020853,Jarrod,Rana,M,M,2012-02-18,jarrod.rana@cappo.com,Jakarta,10637
20854,AW00020854,Kara,Raji,S,F,2012-02-18,kara.raji@nappa.com,Paris,49155
20855,AW00020855,Abigail,Ross,M,F,2012-02-18,abigail.ross@circles.com,Istanbul,40141
20856,AW00020856,Tiffany,Hu,S,F,2012-02-18,tiffany.hu@towels.com,Singapore,10100
20857,AW00020857,Jerry,Becker,S,M,2012-02-18,jerry.becker@towels.com,Moscow,16739
20858,AW00020858,Damien,Stone,M,M,2012-02-18,damien.stone@fountains.com,Istanbul,41123
20859,AW00020859,Roy,Romero,S,M,2012-02-19,roy.romero@hostinger.com,Seoul,26074
20860,AW00020860,Preston,Lopez,S,M,2012-02-19,preston.lopez@hostinger.com,Rome,22322
20861,AW00020861,Nicolas,Nara,M,M,2012-02-19,nicolas.nara@cappo.com,Mumbai,59218
20862,AW00020862,Marshall,Sutton,M,M,2012-02-19,marshall.sutton@nappa.com,Mumbai,16541
20863,AW00020863,Erica,Xu,M,F,2012-02-19,erica.xu@mouse.com,Seoul,55141
20864,AW00020864,Grace,Howard,M,F,2012-02-20,grace.howard@mouse.com,Seoul,33730
20865,AW00020865,Luis,Ross,M,M,2012-02-20,luis.ross@papers.com,Delhi,15257
20866,AW00020866,David,Jones,M,M,2012-02-20,david.jones@papers.com,Shanghai,56690
20867,AW00020867,Noah,Johnson,M,M,2012-02-20,noah.johnson@circles.com,Shanghai,47615
20868,AW00020868,Misty,Shan,M,F,2012-02-21,misty.shan@cappo.com,Moscow,52962
20869,AW00020869,David,Martinez,S,M,2012-02-21,david.martinez@nappa.com,Berlin,31259
20870,AW00020870,Jaime,Moreno,S,F,2012-02-21,jaime.moreno@fountains.com,Tokyo,49645
20871,AW00020871,Adriana,Arthur,S,F,2012-02-21,adriana.arthur@circles.com,London,47642
20872,AW00020872,Theodore,Moreno,S,M,2012-02-21,theodore.moreno@towels.com,Jakarta,20216
20873,AW00020873,Joel,Subram,M,M,2012-02-21,joel.subram@mouse.com,Delhi,11736
20874,AW00020874,Edwin,Lal,S,M,2012-02-22,edwin.lal@fountains.com,Berlin,54503
20875,AW00020875,Julia,Washington,M,F,2012-02-22,julia.washington@cappo.com,Singapore,55644
20876,AW00020876,Jackson,Alexander,S,M,2012-02-22,jackson.alexander@cappo.com,Madrid,30761
20877,AW00020877,Richard,Ross,S,M,2012-02-22,richard.ross@nappa.com,Rome,13941
20878,AW00020878,Erika,Ortega,M,F,2012-02-22,erika.ortega@towels.com,Mumbai,29220
20879,AW00020879,Pamela,Sanchez,M,F,2012-02-22,pamela.sanchez@winds.com,Mumbai,18973
20880,AW00020880,Isabella,Washington,S,F,2012-02-22,isabella.washington@cappo.com,Singapore,45732
20881,AW00020881,Wendy,Navarro,S,F,2012-02-22,wendy.navarro@mouse.com,Mumbai,42876
20882,AW00020882,Sabrina,Suarez,M,F,2012-02-22,sabrina.suarez@hostinger.com,Madrid,19861
20883,AW00020883,Latoya,Rai,M,F,2012-02-22,latoya.rai@circles.com,Rome,18903
20884,AW00020884,Darren,Schmidt,S,M,2012-02-22,darren.schmidt@winds.com,Berlin,52636
20885,AW00020885,Terry,Xie,S,M,2012-02-22,terry.xie@fountains.com,Seoul,58010
20886,AW00020886,Bruce,Raman,M,M,2012-02-23,bruce.raman@fountains.com,Tokyo,56462
20887,AW00020887,Damien,Li,S,M,2012-02-23,damien.li@fountains.com,Madrid,35197
20888,AW00020888,Clayton,Raje,S,M,2012-02-23,clayton.raje@towels.com,Madrid,38580
20889,AW00020889,Manuel,Patel,S,M,2012-02-23,manuel.patel@nappa.com,Paris,13366
20890,AW00020890,Clayton,Anand,S,M,2012-02-23,clayton.anand@hostinger.com,Berlin,29829
20891,AW00020891,Darrell,Anand,M,M,2012-02-23,darrell.anand@mouse.com,Berlin,30416
20892,AW00020892,Henry,Sara,M,M,2012-02-23,henry.sara@sticks.com,Singapore,18603
20893,AW00020893,Robert,Hall,M,M,2012-02-23,robert.hall@circles.com,Moscow,29014
20894,AW00020894,Alyssa,Thomas,S,F,2012-02-24,alyssa.thomas@papers.com,Paris,18485
20895,AW00020895,Ruben,Jimenez,S,M,2012-02-24,ruben.jimenez@cappo.com,Jakarta,25099
20896,AW00020896,Arthur,Sai,M,M,2012-02-24,arthur.sai@cappo.com,Bangkok,24424
20897,AW00020897,Mayra,Sai,M,F,2012-02-24,mayra.sai@towels.com,Berlin,36956
20898,AW00020898,Grant,Ferrier,M,M,2012-02-24,grant.ferrier@nappa.com,Jakarta,32370
20899,AW00020899,Angela,Cook,S,F,2012-02-24,angela.cook@fountains.com,Moscow,16480
20900,AW00020900,Natalie,Russell,S,F,2012-02-24,natalie.russell@winds.com,Moscow,11109
20901,AW00020901,Chad,Xu,S,M,2012-02-24,chad.xu@towels.com,Mumbai,25689
20902,AW00020902,Shane,Subram,M,M,2012-02-25,shane.subram@towels.com,Istanbul,55203
20903,AW00020903,Robyn,Diaz,M,F,2012-02-25,robyn.diaz@fountains.com,Istanbul,36308
20904,AW00020904,Ebony,Gomez,M,F,2012-02-25,ebony.gomez@fountains.com,London,58955
20905,AW00020905,Jessie,Munoz,S,F,2012-02-25,jessie.munoz@cappo.com,London,30658
20906,AW00020906,Briana,Ruiz,S,F,2012-02-25,briana.ruiz@sticks.com,Madrid,17039
20907,AW00020907,Terrence,Shan,S,M,2012-02-25,terrence.shan@fountains.com,Istanbul,59558
20908,AW00020908,Wyatt,Foster,S,M,2012-02-25,wyatt.foster@sticks.com,Madrid,55650
20909,AW00020909,Kelly,Weadock,S,F,2012-02-25,kelly.weadock@fountains.com,Tokyo,45989
20910,AW00020910,Carolyn,Malhotra,M,F,2012-02-25,carolyn.malhotra@sticks.com,Paris,23907
20911,AW00020911,Katrina,Raje,M,F,2012-02-26,katrina.raje@mouse.com,Mumbai,20763
20912,AW00020912,Christy,Hu,M,F,2012-02-26,christy.hu@sticks.com,Bangkok,46654
20913,AW00020913,Wesley,Liu,S,M,2012-02-26,wesley.liu@cappo.com,Singapore,32996
20914,AW00020914,Gilbert,Zeng,M,M,2012-02-26,gilbert.zeng@nappa.com,Rome,31604
20915,AW00020915,Latasha,Carlson,S,F,2012-02-26,latasha.carlson@winds.com,Jakarta,18105
20916,AW00020916,Kathleen,Carlson,S,F,2012-02-26,kathleen.carlson@towels.com,Jakarta,55684
20917,AW00020917,Tonya,Tang,M,F,2012-02-26,tonya.tang@hostinger.com,London,56792
20918,AW00020918,Neil,Ramos,M,M,2012-02-26,neil.ramos@circles.com,Seoul,48259
20919,AW00020919,Gretchen,Rivas,S,F,2012-02-27,gretchen.rivas@cappo.com,Madrid,29952
20920,AW00020920,Jaclyn,Rai,S,F,2012-02-27,jaclyn.rai@nappa.com,Rome,20775
20921,AW00020921,Melinda,Carlson,M,F,2012-02-27,melinda.carlson@nappa.com,Singapore,37843
20922,AW00020922,Clayton,Wagner,M,M,2012-02-27,clayton.wagner@papers.com,London,59291
20923,AW00020923,Isabella,Powell,M,F,2012-02-27,isabella.powell@cappo.com,Madrid,18097
20924,AW00020924,Alberto,Sanz,S,M,2012-02-27,alberto.sanz@circles.com,Istanbul,32628
20925,AW00020925,Kristin,Xu,S,F,2012-02-27,kristin.xu@mouse.com,Delhi,17648
20926,AW00020926,Jeffery,Guo,S,M,2012-02-27,jeffery.guo@towels.com,Bangkok,38181
20927,AW00020927,Tammy,Martinez,S,F,2012-02-28,tammy.martinez@cappo.com,Moscow,58297
20928,AW00020928,Raymond,Kapoor,S,M,2012-02-28,raymond.kapoor@winds.com,Mumbai,29745
20929,AW00020929,Darryl,Zeng,S,M,2012-02-28,darryl.zeng@sticks.com,London,57543
20930,AW00020930,Drew,Chande,M,M,2012-02-28,drew.chande@circles.com,Seoul,24421
20931,AW00020931,Brian,Sanchez,M,M,2012-02-28,brian.sanchez@nappa.com,Berlin,13338
20932,AW00020932,Cole,Kelly,S,M,2012-02-28,cole.kelly@sticks.com,London,51097
20933,AW00020933,Laura,Li,S,F,2012-02-28,laura.li@towels.com,Moscow,17181
20934,AW00020934,Haley,Young,S,F,2012-02-28,haley.young@sticks.com,Delhi,52030
20935,AW00020935,Desiree,Jimenez,S,F,2012-02-28,desiree.jimenez@circles.com,Berlin,36466
20936,AW00020936,Christy,Cai,S,F,2012-02-29,christy.cai@papers.com,Berlin,37243
20937,AW00020937,Natalie,Williams,S,F,2012-02-29,natalie.williams@sticks.com,Singapore,14985
20938,AW00020938,Carolyn,Rowe,S,F,2012-02-29,carolyn.rowe@fountains.com,Rome,45094
20939,AW00020939,Joshua,Johnson,S,M,2012-02-29,joshua.johnson@sticks.com,Seoul,45571
20940,AW00020940,Jillian,Rodriguez,S,F,2012-02-29,jillian.rodriguez@winds.com,Singapore,53981
20941,AW00020941,Arturo,Guo,M,M,2012-02-29,arturo.guo@circles.com,Delhi,27607
20942,AW00020942,Tasha,Sharma,S,F,2012-02-29,tasha.sharma@sticks.com,London,21695
20943,AW00020943,Brett,Rana,S,M,2012-02-29,brett.rana@winds.com,Jakarta,14428
20944,AW00020944,Rebecca,Hernandez,S,F,2012-02-29,rebecca.hernandez@nappa.com,London,21300
20945,AW00020945,Roger,Tang,S,M,2012-02-29,roger.tang@cappo.com,Shanghai,39414
20946,AW00020946,Abby,Chandra,S,F,2012-03-01,abby.chandra@nappa.com,Delhi,56740
20947,AW00020947,Marie,Alvarez,S,F,2012-03-01,marie.alvarez@papers.com,Berlin,50106
20948,AW00020948,Xavier,White,S,M,2012-03-01,xavier.white@circles.com,Paris,23461
20949,AW00020949,Sandra,Liang,S,F,2012-03-01,sandra.liang@fountains.com,Tokyo,11902
20950,AW00020950,Albert,Suarez,S,M,2012-03-01,albert.suarez@winds.com,London,22524
20951,AW00020951,Darrell,Jai,S,M,2012-03-01,darrell.jai@winds.com,Delhi,37559
20952,AW00020952,Micah,Ye,S,M,2012-03-01,micah.ye@winds.com,London,44079
20953,AW00020953,Neil,Rubio,S,M,2012-03-01,neil.rubio@papers.com,Mumbai,49445
20954,AW00020954,Nathan,Foster,S,M,2012-03-01,nathan.foster@winds.com,Istanbul,49701
20955,AW00020955,Dawn,Pal,S,F,2012-03-01,dawn.pal@hostinger.com,Paris,57561
20956,AW00020956,Kristy,Alonso,S,F,2012-03-01,kristy.alonso@papers.com,Mumbai,14961
20957,AW00020957,Darren,Kapoor,S,M,2012-03-01,darren.kapoor@sticks.com,Singapore,14795
20958,AW00020958,Gerald,Alonso,S,M,2012-03-02,gerald.alonso@circles.com,Mumbai,17956
20959,AW00020959,Ruben,Arun,M,M,2012-03-02,ruben.arun@papers.com,Mumbai,17654
20960,AW00020960,Darrell,Beck,S,M,2012-03-02,darrell.beck@fountains.com,Delhi,21877
20961,AW00020961,Keith,Goldberg,M,M,2012-03-02,keith.goldberg@cappo.com,Istanbul,26627
20962,AW00020962,Sharon,Xie,M,F,2012-03-02,sharon.xie@cappo.com,Tokyo,43377
20963,AW00020963,Teresa,Dominguez,M,F,2012-03-02,teresa.dominguez@hostinger.com,Jakarta,43089
20964,AW00020964,Emily,Butler,S,F,2012-03-03,emily.butler@nappa.com,Istanbul,57444
20965,AW00020965,Cynthia,Subram,M,F,2012-03-03,cynthia.subram@mouse.com,Shanghai,20377
20966,AW00020966,Virginia,Madan,M,F,2012-03-03,virginia.madan@fountains.com,Rome,11065
20967,AW00020967,Casey,Rowe,M,M,2012-03-03,casey.rowe@towels.com,Rome,33134
20968,AW00020968,Arturo,Yuan,M,M,2012-03-03,arturo.yuan@nappa.com,Moscow,25357
20969,AW00020969,Ashley,Foster,M,F,2012-03-03,ashley.foster@sticks.com,London,19872
20970,AW00020970,Isaiah,Richardson,S,M,2012-03-03,isaiah.richardson@circles.com,Mumbai,14108
20971,AW00020971,Preston,Suri,S,M,2012-03-03,preston.suri@sticks.com,Moscow,31780
20972,AW00020972,Francisco,Vance,M,M,2012-03-03,francisco.vance@mouse.com,Singapore,45285
20973,AW00020973,April,Andersen,M,F,2012-03-03,april.andersen@cappo.com,Tokyo,31062
20974,AW00020974,George,Subram,M,M,2012-03-04,george.subram@cappo.com,Tokyo,52861
20975,AW00020975,Jerry,Andersen,M,M,2012-03-04,jerry.andersen@fountains.com,Istanbul,52434
20976,AW00020976,Jaclyn,Kumar,M,F,2012-03-04,jaclyn.kumar@mouse.com,Madrid,33174
20977,AW00020977,Mario,Andersen,M,M,2012-03-04,mario.andersen@circles.com,Moscow,37565
20978,AW00020978,Bruce,Srini,M,M,2012-03-04,bruce.srini@hostinger.com,Mumbai,48922
20979,AW00020979,Diane,Jimenez,M,F,2012-03-04,diane.jimenez@mouse.com,Seoul,24586
20980,AW00020980,Matthew,Miller,S,M,2012-03-04,matthew.miller@hostinger.com,Paris,28039
20981,AW00020981,Craig,Romero,M,M,2012-03-04,craig.romero@papers.com,Paris,43808
20982,AW00020982,Arthur,Jiménez,S,M,2012-03-04,arthur.jiménez@fountains.com,Bangkok,41091
20983,AW00020983,Meredith,Vance,S,F,2012-03-04,meredith.vance@towels.com,Berlin,53142
20984,AW00020984,Sabrina,Rubio,M,F,2012-03-04,sabrina.rubio@towels.com,Seoul,30247
20985,AW00020985,Autumn,Liu,M,F,2012-03-05,autumn.liu@mouse.com,Mumbai,24501
20986,AW00020986,Brandi,Blanco,M,F,2012-03-05,brandi.blanco@sticks.com,Bangkok,12364
20987,AW00020987,Marshall,Zeng,S,M,2012-03-05,marshall.zeng@nappa.com,Paris,49684
20988,AW00020988,Anna,Martin,M,F,2012-03-05,anna.martin@sticks.com,Rome,31643
20989,AW00020989,Cassandra,Sara,M,F,2012-03-05,cassandra.sara@mouse.com,Moscow,18381
20990,AW00020990,Mayra,Raman,M,F,2012-03-05,mayra.raman@fountains.com,Berlin,40731
20991,AW00020991,Frederick,Sai,M,M,2012-03-06,frederick.sai@hostinger.com,London,41968
20992,AW00020992,Julio,Serrano,M,M,2012-03-06,julio.serrano@circles.com,London,26276
20993,AW00020993,Mitchell,Xie,S,M,2012-03-06,mitchell.xie@circles.com,Singapore,31736
20994,AW00020994,Autumn,Ma,M,F,2012-03-06,autumn.ma@fountains.com,Istanbul,22186
20995,AW00020995,Danny,Suarez,S,M,2012-03-06,danny.suarez@cappo.com,Shanghai,51996
20996,AW00020996,Keith,Shan,S,M,2012-03-06,keith.shan@circles.com,Delhi,27338
20997,AW00020997,Joanna,Ashe,M,F,2012-03-06,joanna.ashe@hostinger.com,Rome,33678
20998,AW00020998,Eugene,She,M,M,2012-03-06,eugene.she@mouse.com,London,15234
20999,AW00020999,Carolyn,Garcia,M,F,2012-03-06,carolyn.garcia@winds.com,Bangkok,35291
21000,AW00021000,Geoffrey,Perez,M,M,2012-03-07,geoffrey.perez@towels.com,Bangkok,51707
21001,AW00021001,Clinton,Gutierrez,S,M,2012-03-07,clinton.gutierrez@cappo.com,Singapore,25144
21002,AW00021002,Carolyn,Rodriguez,S,F,2012-03-07,carolyn.rodriguez@nappa.com,Delhi,41520
21003,AW00021003,Jimmy,Hernandez,M,M,2012-03-07,jimmy.hernandez@mouse.com,Istanbul,23377
21004,AW00021004,Kaitlyn,Campbell,M,F,2012-03-07,kaitlyn.campbell@winds.com,Singapore,37253
21005,AW00021005,Barbara,Zhu,M,F,2012-03-07,barbara.zhu@sticks.com,Berlin,26766
21006,AW00021006,Sydney,Young,S,F,2012-03-07,sydney.young@cappo.com,Mumbai,15373
21007,AW00021007,Nuan,Ma,M,M,2012-03-07,nuan.ma@circles.com,London,44681
21008,AW00021008,Melody,Carlson,S,F,2012-03-08,melody.carlson@cappo.com,Istanbul,14490
21009,AW00021009,Clinton,Sandberg,S,M,2012-03-08,clinton.sandberg@winds.com,Delhi,24711
21010,AW00021010,Ruben,Navarro,M,M,2012-03-08,ruben.navarro@towels.com,Moscow,19729
21011,AW00021011,Aimee,Wang,S,F,2012-03-08,aimee.wang@mouse.com,Rome,47638
21012,AW00021012,Marie,Vance,M,F,2012-03-08,marie.vance@towels.com,Jakarta,46172
21013,AW00021013,Connor,Nelson,M,M,2012-03-08,connor.nelson@fountains.com,Seoul,40631
21014,AW00021014,Diana,Carlson,M,F,2012-03-08,diana.carlson@papers.com,Mumbai,20760
21015,AW00021015,Diane,Hernandez,M,F,2012-03-08,diane.hernandez@fountains.com,Mumbai,54594
21016,AW00021016,Michele,Kapoor,M,F,2012-03-08,michele.kapoor@hostinger.com,London,12946
21017,AW00021017,Leslie,Romero,M,F,2012-03-09,leslie.romero@hostinger.com,Bangkok,49712
21018,AW00021018,Sheila,Serrano,M,F,2012-03-09,sheila.serrano@circles.com,Rome,54092
21019,AW00021019,Monica,Prasad,S,F,2012-03-09,monica.prasad@circles.com,Tokyo,36974
21020,AW00021020,Omar,Ye,M,M,2012-03-09,omar.ye@papers.com,London,53926
21021,AW00021021,Gary,Serrano,M,M,2012-03-10,gary.serrano@mouse.com,Rome,32860
21022,AW00021022,Bianca,Huang,M,F,2012-03-10,bianca.huang@nappa.com,Jakarta,40588
21023,AW00021023,Cara,Wang,M,F,2012-03-10,cara.wang@sticks.com,Seoul,10740
21024,AW00021024,Lori,Jimenez,S,F,2012-03-10,lori.jimenez@mouse.com,Shanghai,21605
21025,AW00021025,Cedric,Wu,S,M,2012-03-10,cedric.wu@nappa.com,Delhi,42543
21026,AW00021026,Clifford,Fernandez,S,M,2012-03-10,clifford.fernandez@towels.com,Berlin,10265
21027,AW00021027,Luke,Nelson,S,M,2012-03-10,luke.nelson@circles.com,Moscow,28642
21028,AW00021028,Joe,Suri,S,M,2012-03-10,joe.suri@towels.com,Istanbul,56520
21029,AW00021029,Kristi,Martin,S,F,2012-03-10,kristi.martin@winds.com,Madrid,56836
21030,AW00021030,Lindsay,Xu,S,F,2012-03-11,lindsay.xu@nappa.com,Madrid,52940
21031,AW00021031,Cassie,She,S,F,2012-03-11,cassie.she@towels.com,London,24465
21032,AW00021032,Brendan,Shan,S,M,2012-03-11,brendan.shan@papers.com,London,47561
21033,AW00021033,Preston,Subram,S,M,2012-03-11,preston.subram@sticks.com,London,16968
21034,AW00021034,Jacqueline,Kelly,S,F,2012-03-11,jacqueline.kelly@cappo.com,Singapore,49036
21035,AW00021035,Roy,Sanchez,M,M,2012-03-11,roy.sanchez@mouse.com,Bangkok,41819
21036,AW00021036,Ruben,Hernandez,M,M,2012-03-11,ruben.hernandez@cappo.com,Jakarta,17724
21037,AW00021037,Bruce,Arun,M,M,2012-03-11,bruce.arun@hostinger.com,Istanbul,48834
21038,AW00021038,Pedro,Lopez,M,M,2012-03-11,pedro.lopez@mouse.com,Madrid,35801
21039,AW00021039,Jill,Ramos,S,F,2012-03-12,jill.ramos@towels.com,Madrid,14568
21040,AW00021040,Chad,Luo,S,M,2012-03-12,chad.luo@sticks.com,Tokyo,13417
21041,AW00021041,Eddie,Serrano,M,M,2012-03-12,eddie.serrano@fountains.com,Paris,12618
21042,AW00021042,Jon,Liang,M,M,2012-03-12,jon.liang@winds.com,Seoul,43445
21043,AW00021043,Johnathan,McDonald,M,M,2012-03-12,johnathan.mcdonald@nappa.com,Delhi,11782
21044,AW00021044,Franklin,Zheng,M,M,2012-03-12,franklin.zheng@winds.com,Berlin,28378
21045,AW00021045,Evelyn,Prasad,S,F,2012-03-12,evelyn.prasad@towels.com,Istanbul,44122
21046,AW00021046,Terrance,Suri,M,M,2012-03-13,terrance.suri@hostinger.com,Tokyo,46904
21047,AW00021047,Sheena,Andersen,S,F,2012-03-13,sheena.andersen@winds.com,London,42346
21048,AW00021048,Karen,Liang,M,F,2012-03-13,karen.liang@towels.com,Tokyo,30147
21049,AW00021049,James,Sharma,S,M,2012-03-13,james.sharma@nappa.com,Mumbai,41770
21050,AW00021050,Alan,Cai,M,M,2012-03-13,alan.cai@towels.com,Berlin,55494
21051,AW00021051,Sabrina,Alonso,M,F,2012-03-13,sabrina.alonso@papers.com,Madrid,43200
21052,AW00021052,Sheena,Xu,S,F,2012-03-13,sheena.xu@circles.com,Tokyo,50305
21053,AW00021053,Jamie,Vazquez,M,M,2012-03-14,jamie.vazquez@cappo.com,Rome,46756
21054,AW00021054,Keith,Jai,M,M,2012-03-14,keith.jai@mouse.com,Berlin,16791
21055,AW00021055,Kristi,Carlson,M,F,2012-03-14,kristi.carlson@hostinger.com,Jakarta,56804
21056,AW00021056,Walter,Munoz,M,M,2012-03-14,walter.munoz@sticks.com,Paris,54867
21057,AW00021057,Elizabeth,Butler,M,F,2012-03-14,elizabeth.butler@fountains.com,Singapore,11938
21058,AW00021058,Meredith,Suri,S,F,2012-03-14,meredith.suri@sticks.com,Rome,20655
21059,AW00021059,Misty,Chande,M,F,2012-03-14,misty.chande@fountains.com,Tokyo,41713
21060,AW00021060,Jaclyn,Tang,S,F,2012-03-14,jaclyn.tang@sticks.com,Moscow,55808
21061,AW00021061,Desiree,Suarez,M,F,2012-03-14,desiree.suarez@sticks.com,Madrid,49237
21062,AW00021062,Miranda,Barnes,S,F,2012-03-14,miranda.barnes@towels.com,Jakarta,38331
21063,AW00021063,Louis,Li,M,M,2012-03-14,louis.li@mouse.com,Singapore,49133
21064,AW00021064,Colleen,Sun,S,F,2012-03-14,colleen.sun@circles.com,Rome,41797
21065,AW00021065,Robert,Thompson,M,M,2012-03-15,robert.thompson@sticks.com,Jakarta,16966
21066,AW00021066,Ebony,Arun,M,F,2012-03-15,ebony.arun@papers.com,Jakarta,24833
21067,AW00021067,Frank,Jimenez,S,M,2012-03-15,frank.jimenez@winds.com,Mumbai,19938
21068,AW00021068,Lawrence,Jimenez,S,M,2012-03-15,lawrence.jimenez@papers.com,Singapore,12618
21069,AW00021069,Colin,Lu,M,M,2012-03-15,colin.lu@towels.com,Berlin,27356
21070,AW00021070,Latoya,Yuan,M,F,2012-03-15,latoya.yuan@hostinger.com,Madrid,28280
21071,AW00021071,Lindsey,Pal,S,F,2012-03-15,lindsey.pal@hostinger.com,Seoul,24939
21072,AW00021072,Dominic,Sanchez,S,M,2012-03-15,dominic.sanchez@fountains.com,Delhi,30414
21073,AW00021073,Catherine,Kelly,S,F,2012-03-15,catherine.kelly@cappo.com,Tokyo,43605
21074,AW00021074,Diane,Carlson,M,F,2012-03-15,diane.carlson@sticks.com,Bangkok,42286
21075,AW00021075,Manuel,Rana,M,M,2012-03-15,manuel.rana@papers.com,Seoul,40718
21076,AW00021076,Terrence,Nath,S,M,2012-03-15,terrence.nath@circles.com,Paris,23643
21077,AW00021077,Rachel,James,S,F,2012-03-16,rachel.james@cappo.com,Shanghai,18836
21078,AW00021078,Grace,Gray,S,F,2012-03-16,grace.gray@mouse.com,Jakarta,29641
21079,AW00021079,Lee,Carlson,S,M,2012-03-16,lee.carlson@circles.com,Istanbul,57938
21080,AW00021080,Ebony,Lopez,M,F,2012-03-16,ebony.lopez@towels.com,Rome,37752
21081,AW00021081,Xavier,Smith,S,M,2012-03-16,xavier.smith@towels.com,Madrid,53372
21082,AW00021082,Jason,Edwards,S,M,2012-03-16,jason.edwards@cappo.com,Shanghai,29659
21083,AW00021083,Trisha,Chen,S,F,2012-03-16,trisha.chen@sticks.com,Berlin,53402
21084,AW00021084,Clarence,Deng,M,M,2012-03-16,clarence.deng@papers.com,Rome,53890
21085,AW00021085,Leslie,Vazquez,M,F,2012-03-17,leslie.vazquez@circles.com,Moscow,30310
21086,AW00021086,Katelyn,Bell,M,F,2012-03-17,katelyn.bell@sticks.com,Madrid,46705
21087,AW00021087,Rebecca,Scott,S,F,2012-03-17,rebecca.scott@towels.com,Singapore,16068
21088,AW00021088,Alvin,Anand,S,M,2012-03-17,alvin.anand@cappo.com,Bangkok,58592
21089,AW00021089,Yiroyuki,Sato,S,F,2012-03-17,yiroyuki.sato@hostinger.com,Berlin,16872
21090,AW00021090,Thomas,Garcia,S,M,2012-03-17,thomas.garcia@circles.com,Istanbul,27795
21091,AW00021091,Ashley,Jenkins,S,F,2012-03-17,ashley.jenkins@fountains.com,Delhi,18467
21092,AW00021092,Gina,Gutierrez,M,F,2012-03-17,gina.gutierrez@hostinger.com,Delhi,28473
21093,AW00021093,Jacquelyn,Castro,M,F,2012-03-17,jacquelyn.castro@cappo.com,Berlin,44743
21094,AW00021094,Alison,Sharma,S,F,2012-03-17,alison.sharma@nappa.com,Delhi,34906
21095,AW00021095,Lance,Munoz,S,M,2012-03-18,lance.munoz@winds.com,Mumbai,37649
21096,AW00021096,Jon,Lin,S,M,2012-03-18,jon.lin@fountains.com,Istanbul,35009
21097,AW00021097,Gary,Ruiz,M,M,2012-03-18,gary.ruiz@fountains.com,London,31898
21098,AW00021098,Steve,Ma,M,M,2012-03-18,steve.ma@cappo.com,Seoul,29144
21099,AW00021099,Sandra,Liu,S,F,2012-03-18,sandra.liu@winds.com,Singapore,19030
21100,AW00021100,Sandra,Zhang,S,F,2012-03-18,sandra.zhang@sticks.com,Singapore,22631
21101,AW00021101,Meagan,Perez,S,F,2012-03-18,meagan.perez@nappa.com,Istanbul,56528
21102,AW00021102,Willie,Zheng,M,M,2012-03-18,willie.zheng@sticks.com,Tokyo,19959
21103,AW00021103,Francis,Hernandez,M,M,2012-03-18,francis.hernandez@towels.com,Tokyo,58350
21104,AW00021104,Robin,Gutierrez,M,F,2012-03-19,robin.gutierrez@hostinger.com,Bangkok,43223
21105,AW00021105,Cory,Sara,M,M,2012-03-19,cory.sara@fountains.com,Moscow,41905
21106,AW00021106,Katie,Sharma,M,F,2012-03-19,katie.sharma@mouse.com,Moscow,54736
21107,AW00021107,Kaitlin,Rodriguez,M,F,2012-03-19,kaitlin.rodriguez@fountains.com,London,40683
21108,AW00021108,Kristine,Martin,M,F,2012-03-19,kristine.martin@mouse.com,London,15385
21109,AW00021109,Katie,Pal,S,F,2012-03-19,katie.pal@hostinger.com,Delhi,14434
21110,AW00021110,Brent,Zeng,M,M,2012-03-19,brent.zeng@fountains.com,Delhi,31856
21111,AW00021111,Ricardo,Deng,S,M,2012-03-19,ricardo.deng@papers.com,Singapore,40286
21112,AW00021112,Johnathan,Prasad,M,M,2012-03-20,johnathan.prasad@hostinger.com,Madrid,26454
21113,AW00021113,Laura,Cai,S,F,2012-03-20,laura.cai@papers.com,Paris,57574
21114,AW00021114,Savannah,Murphy,M,F,2012-03-20,savannah.murphy@cappo.com,Moscow,18977
21115,AW00021115,Bobby,Raman,S,M,2012-03-20,bobby.raman@nappa.com,Bangkok,15866
21116,AW00021116,Carson,Russell,M,M,2012-03-20,carson.russell@papers.com,Rome,19525
21117,AW00021117,Bryant,Sara,S,M,2012-03-20,bryant.sara@towels.com,Jakarta,51473
21118,AW00021118,Lisa,Hu,S,F,2012-03-20,lisa.hu@papers.com,Bangkok,57193
21119,AW00021119,Edward,Campbell,S,M,2012-03-20,edward.campbell@hostinger.com,Seoul,44171
21120,AW00021120,Roger,Chen,M,M,2012-03-20,roger.chen@nappa.com,Delhi,32008
21121,AW00021121,Garrett,Reed,S,M,2012-03-20,garrett.reed@cappo.com,Berlin,19090
21122,AW00021122,Julie,Xie,M,F,2012-03-20,julie.xie@mouse.com,Jakarta,55999
21123,AW00021123,Carl,Luo,S,M,2012-03-20,carl.luo@hostinger.com,Istanbul,42073
21124,AW00021124,Mallory,Alvarez,S,F,2012-03-20,mallory.alvarez@winds.com,Madrid,29457
21125,AW00021125,Bruce,Rana,S,M,2012-03-21,bruce.rana@mouse.com,Jakarta,44350
21126,AW00021126,Kaitlin,Gonzalez,S,F,2012-03-21,kaitlin.gonzalez@hostinger.com,Seoul,56575
21127,AW00021127,Crystal,Zheng,S,F,2012-03-21,crystal.zheng@papers.com,Paris,45727
21128,AW00021128,Kenneth,Andersen,S,M,2012-03-21,kenneth.andersen@mouse.com,Mumbai,20525
21129,AW00021129,Rafael,Wang,S,M,2012-03-21,rafael.wang@winds.com,Berlin,38919
21130,AW00021130,Mackenzie,Ward,M,F,2012-03-21,mackenzie.ward@sticks.com,Delhi,33127
21131,AW00021131,Gilbert,Nath,S,M,2012-03-21,gilbert.nath@hostinger.com,London,33509
21132,AW00021132,Jeffery,Hu,S,M,2012-03-22,jeffery.hu@mouse.com,Delhi,23402
21133,AW00021133,April,Kumar,S,F,2012-03-22,april.kumar@mouse.com,Rome,40057
21134,AW00021134,Bob,Chapman,S,M,2012-03-22,bob.chapman@circles.com,Paris,14819
21135,AW00021135,Raul,Raji,M,M,2012-03-22,raul.raji@cappo.com,Istanbul,31681
21136,AW00021136,Natasha,Carlson,M,F,2012-03-22,natasha.carlson@mouse.com,Rome,32082
21137,AW00021137,Steve,Li,S,M,2012-03-22,steve.li@mouse.com,Shanghai,28947
21138,AW00021138,Kaylee,Phillips,M,F,2012-03-22,kaylee.phillips@sticks.com,Shanghai,28162
21139,AW00021139,Alex,Adams,M,M,2012-03-22,alex.adams@hostinger.com,Shanghai,33047
21140,AW00021140,Byron,Diaz,M,M,2012-03-23,byron.diaz@fountains.com,Tokyo,40931
21141,AW00021141,Omar,Li,S,M,2012-03-23,omar.li@towels.com,Madrid,57777
21142,AW00021142,Mason,Brooks,M,M,2012-03-23,mason.brooks@sticks.com,London,15574
21143,AW00021143,Allison,Campbell,M,F,2012-03-23,allison.campbell@hostinger.com,Berlin,52659
21144,AW00021144,Lucas,Richardson,M,M,2012-03-23,lucas.richardson@hostinger.com,Rome,15378
21145,AW00021145,Mindy,Lal,M,F,2012-03-24,mindy.lal@hostinger.com,Berlin,42399
21146,AW00021146,Robert,Taylor,M,M,2012-03-24,robert.taylor@hostinger.com,London,19378
21147,AW00021147,Angel,Rogers,M,M,2012-03-24,angel.rogers@nappa.com,Jakarta,45293
21148,AW00021148,Brianna,Gonzales,S,F,2012-03-24,brianna.gonzales@fountains.com,London,11557
21149,AW00021149,Miguel,Diaz,S,M,2012-03-24,miguel.diaz@towels.com,Berlin,41963
21150,AW00021150,Alyssa,Ramirez,S,F,2012-03-24,alyssa.ramirez@towels.com,Madrid,13070
21151,AW00021151,Aaron,Campbell,S,M,2012-03-24,aaron.campbell@papers.com,Delhi,43540
21152,AW00021152,Amanda,Hill,S,F,2012-03-24,amanda.hill@nappa.com,Shanghai,25340
21153,AW00021153,James,Thompson,M,M,2012-03-24,james.thompson@circles.com,Istanbul,23773
21154,AW00021154,Michael,Clark,M,M,2012-03-24,michael.clark@winds.com,Jakarta,32711
21155,AW00021155,Jeremiah,Flores,M,M,2012-03-24,jeremiah.flores@nappa.com,Jakarta,49979
21156,AW00021156,Maria,Lopez,M,F,2012-03-24,maria.lopez@circles.com,Tokyo,38188
21157,AW00021157,Robert,Perry,M,M,2012-03-25,robert.perry@nappa.com,Mumbai,28421
21158,AW00021158,Trevor,Patterson,S,M,2012-03-25,trevor.patterson@fountains.com,Seoul,40047
21159,AW00021159,Kaitlyn,Rodriguez,M,F,2012-03-25,kaitlyn.rodriguez@papers.com,Moscow,50633
21160,AW00021160,April,Xie,M,F,2012-03-25,april.xie@hostinger.com,Madrid,16489
21161,AW00021161,Megan,Johnson,M,F,2012-03-25,megan.johnson@cappo.com,Tokyo,50745
21162,AW00021162,Brooke,Sanchez,S,F,2012-03-25,brooke.sanchez@fountains.com,Rome,29146
21163,AW00021163,William,Williams,M,M,2012-03-25,william.williams@mouse.com,Berlin,37010
21164,AW00021164,Troy,Raman,M,M,2012-03-26,troy.raman@hostinger.com,Bangkok,47315
21165,AW00021165,Sheila,Gomez,S,F,2012-03-26,sheila.gomez@hostinger.com,London,11653
21166,AW00021166,Tamara,Yuan,S,F,2012-03-26,tamara.yuan@cappo.com,Seoul,17195
21167,AW00021167,Kara,Becker,S,F,2012-03-26,kara.becker@sticks.com,Berlin,57247
21168,AW00021168,Clifford,Chapman,M,M,2012-03-26,clifford.chapman@winds.com,Istanbul,38144
21169,AW00021169,Nancy,Arun,M,F,2012-03-26,nancy.arun@hostinger.com,Istanbul,55441
21170,AW00021170,Edwin,Sun,M,M,2012-03-27,edwin.sun@papers.com,Istanbul,32833
21171,AW00021171,Christopher,Taylor,S,M,2012-03-27,christopher.taylor@towels.com,Bangkok,16610
21172,AW00021172,Francisco,Sanchez,M,M,2012-03-27,francisco.sanchez@nappa.com,Mumbai,38895
21173,AW00021173,Chad,Yuan,M,M,2012-03-27,chad.yuan@cappo.com,Singapore,29378
21174,AW00021174,Andre,Smith,M,M,2012-03-27,andre.smith@circles.com,Moscow,35165
21175,AW00021175,Armando,Gomez,S,M,2012-03-27,armando.gomez@papers.com,Berlin,27436
21176,AW00021176,Raul,Chande,M,M,2012-03-28,raul.chande@papers.com,Moscow,28151
21177,AW00021177,Kara,Nath,M,F,2012-03-28,kara.nath@fountains.com,Mumbai,48188
21178,AW00021178,Jillian,Saunders,M,F,2012-03-28,jillian.saunders@mouse.com,Bangkok,38777
21179,AW00021179,Jaclyn,Zhou,M,F,2012-03-28,jaclyn.zhou@fountains.com,Bangkok,25127
21180,AW00021180,Katherine,Flores,S,F,2012-03-28,katherine.flores@hostinger.com,Berlin,56463
21181,AW00021181,Summer,Sullivan,S,F,2012-03-28,summer.sullivan@mouse.com,Mumbai,35138
21182,AW00021182,Lori,Navarro,M,F,2012-03-28,lori.navarro@towels.com,Berlin,13163
21183,AW00021183,Hector,Moreno,M,M,2012-03-29,hector.moreno@winds.com,London,26742
21184,AW00021184,Harold,Rodriguez,S,M,2012-03-29,harold.rodriguez@mouse.com,Tokyo,12091
21185,AW00021185,Gilbert,Jai,M,M,2012-03-29,gilbert.jai@towels.com,Moscow,54622
21186,AW00021186,Randall,Vazquez,S,M,2012-03-29,randall.vazquez@mouse.com,Madrid,34428
21187,AW00021187,Darrell,Luo,M,M,2012-03-29,darrell.luo@mouse.com,London,34725
21188,AW00021188,Clifford,Sanchez,M,M,2012-03-29,clifford.sanchez@circles.com,Rome,58645
21189,AW00021189,Desiree,Rubio,M,F,2012-03-29,desiree.rubio@hostinger.com,Singapore,49162
21190,AW00021190,Pablo,Rovira Diez,S,M,2012-03-29,pablo.rovira diez@fountains.com,Moscow,30574
21191,AW00021191,Willie,Lu,M,M,2012-03-29,willie.lu@cappo.com,Shanghai,20867
21192,AW00021192,Regina,Sai,M,F,2012-03-29,regina.sai@hostinger.com,Tokyo,27564
21193,AW00021193,Philip,Hernandez,M,M,2012-03-29,philip.hernandez@towels.com,Tokyo,39192
21194,AW00021194,Tara,Nara,M,F,2012-03-30,tara.nara@nappa.com,Berlin,32875
21195,AW00021195,Rafael,Xu,M,M,2012-03-30,rafael.xu@mouse.com,London,25366
21196,AW00021196,Kathleen,Alonso,M,F,2012-03-30,kathleen.alonso@fountains.com,Moscow,27036
21197,AW00021197,Sheena,Pal,S,F,2012-03-30,sheena.pal@hostinger.com,Paris,37923
21198,AW00021198,Madison,Williams,M,F,2012-03-30,madison.williams@winds.com,Madrid,34993
21199,AW00021199,Ruth,Raman,S,F,2012-03-30,ruth.raman@sticks.com,London,14030
21200,AW00021200,Alison,Kumar,S,F,2012-03-31,alison.kumar@papers.com,Singapore,37401
21201,AW00021201,Anna,Rogers,S,F,2012-03-31,anna.rogers@towels.com,Mumbai,30242
21202,AW00021202,Theresa,Torres,S,F,2012-03-31,theresa.torres@papers.com,Shanghai,18540
21203,AW00021203,Mary,Allen,M,F,2012-03-31,mary.allen@hostinger.com,Paris,25681
21204,AW00021204,Candice,Lu,S,F,2012-03-31,candice.lu@cappo.com,Singapore,30818
21205,AW00021205,Denise,Vance,S,F,2012-03-31,denise.vance@cappo.com,Rome,16502
21206,AW00021206,Roberto,Moreno,S,M,2012-03-31,roberto.moreno@hostinger.com,London,50706
21207,AW00021207,Vincent,Li,M,M,2012-04-01,vincent.li@cappo.com,Paris,56211
21208,AW00021208,Olivia,Griffin,S,F,2012-04-01,olivia.griffin@circles.com,Madrid,22114
21209,AW00021209,Randall,Moreno,S,M,2012-04-01,randall.moreno@hostinger.com,Paris,56475
21210,AW00021210,Colin,Luo,S,M,2012-04-01,colin.luo@towels.com,Jakarta,26616
21211,AW00021211,Louis,He,S,M,2012-04-01,louis.he@winds.com,Singapore,14478
21212,AW00021212,Nicolas,Lal,S,M,2012-04-01,nicolas.lal@papers.com,Mumbai,11502
21213,AW00021213,Peter,Black,S,M,2012-04-01,peter.black@mouse.com,Shanghai,41604
21214,AW00021214,Corey,She,S,M,2012-04-01,corey.she@mouse.com,Paris,55804
21215,AW00021215,Tiffany,Yang,S,F,2012-04-01,tiffany.yang@nappa.com,Seoul,14821
21216,AW00021216,Larry,Blanco,S,M,2012-04-02,larry.blanco@papers.com,Istanbul,42343
21217,AW00021217,Casey,Xie,S,F,2012-04-02,casey.xie@papers.com,Jakarta,50857
21218,AW00021218,Wyatt,Rodriguez,S,M,2012-04-02,wyatt.rodriguez@circles.com,Jakarta,51881
21219,AW00021219,Candice,Zhu,S,F,2012-04-02,candice.zhu@circles.com,Moscow,39739
21220,AW00021220,Meghan,Moyer,M,F,2012-04-02,meghan.moyer@cappo.com,Paris,44767
21221,AW00021221,Martin,Sai,M,M,2012-04-02,martin.sai@towels.com,Singapore,14272
21222,AW00021222,Kelvin,Xu,M,M,2012-04-02,kelvin.xu@towels.com,Delhi,10097
21223,AW00021223,Evelyn,Suri,S,F,2012-04-03,evelyn.suri@hostinger.com,Madrid,28466
21224,AW00021224,Jamie,Alan,M,M,2012-04-03,jamie.alan@cappo.com,Bangkok,55645
21225,AW00021225,Michele,Jai,S,F,2012-04-03,michele.jai@papers.com,Istanbul,33134
21226,AW00021226,Dale,Nara,S,M,2012-04-03,dale.nara@sticks.com,London,43723
21227,AW00021227,Melanie,Morgan,M,F,2012-04-03,melanie.morgan@cappo.com,Delhi,22110
21228,AW00021228,Cassidy,Henderson,M,F,2012-04-03,cassidy.henderson@fountains.com,Delhi,47768
21229,AW00021229,Latoya,Jai,S,F,2012-04-03,latoya.jai@towels.com,Shanghai,56159
21230,AW00021230,Carla,Rodriguez,M,F,2012-04-03,carla.rodriguez@nappa.com,Shanghai,22182
21231,AW00021231,Christine,Goel,M,F,2012-04-03,christine.goel@fountains.com,Istanbul,54500
21232,AW00021232,Levi,Garcia,M,M,2012-04-03,levi.garcia@cappo.com,Seoul,58026
21233,AW00021233,Christopher,Smith,M,M,2012-04-03,christopher.smith@papers.com,Moscow,38192
21234,AW00021234,Brianna,Rivera,S,F,2012-04-03,brianna.rivera@fountains.com,Istanbul,32006
21235,AW00021235,Stephanie,Hernandez,S,F,2012-04-03,stephanie.hernandez@hostinger.com,Paris,34718
21236,AW00021236,Adrian,Peterson,S,M,2012-04-04,adrian.peterson@sticks.com,Singapore,25221
21237,AW00021237,Luke,Washington,M,M,2012-04-04,luke.washington@hostinger.com,Seoul,30399
21238,AW00021238,Carl,Tang,S,M,2012-04-04,carl.tang@papers.com,Rome,37181
21239,AW00021239,Christy,Liang,M,F,2012-04-04,christy.liang@nappa.com,Shanghai,30838
21240,AW00021240,Aaron,Jenkins,S,M,2012-04-04,aaron.jenkins@cappo.com,Jakarta,48072
21241,AW00021241,Carson,Griffin,S,M,2012-04-04,carson.griffin@cappo.com,London,33960
21242,AW00021242,Morgan,Patterson,S,F,2012-04-04,morgan.patterson@nappa.com,Jakarta,17329
21243,AW00021243,Juan,Bailey,M,M,2012-04-04,juan.bailey@papers.com,Rome,25153
21244,AW00021244,Allison,Torres,M,F,2012-04-04,allison.torres@papers.com,Tokyo,44713
21245,AW00021245,Samantha,Rodriguez,M,F,2012-04-04,samantha.rodriguez@hostinger.com,Seoul,32353
21246,AW00021246,Samuel,Nelson,S,M,2012-04-04,samuel.nelson@cappo.com,Madrid,18712
21247,AW00021247,Alex,Sanders,M,M,2012-04-05,alex.sanders@mouse.com,Singapore,53738
21248,AW00021248,Ramon,Li,M,M,2012-04-05,ramon.li@fountains.com,Rome,56119
21249,AW00021249,Alvin,Xu,S,M,2012-04-05,alvin.xu@sticks.com,Delhi,25733
21250,AW00021250,Fernando,Coleman,M,M,2012-04-05,fernando.coleman@papers.com,Delhi,14052
21251,AW00021251,Erika,Dominguez,S,F,2012-04-05,erika.dominguez@winds.com,Seoul,27692
21252,AW00021252,Luis,Chen,S,M,2012-04-05,luis.chen@cappo.com,Tokyo,21996
21253,AW00021253,Victoria,Williams,S,F,2012-04-05,victoria.williams@nappa.com,Berlin,46793
21254,AW00021254,Tonya,Black,M,F,2012-04-05,tonya.black@papers.com,Jakarta,29974
21255,AW00021255,Martha,Lu,M,F,2012-04-05,martha.lu@papers.com,Madrid,32269
21256,AW00021256,Meghan,Torres,M,F,2012-04-05,meghan.torres@nappa.com,Bangkok,31383
21257,AW00021257,Evelyn,Subram,M,F,2012-04-06,evelyn.subram@circles.com,Madrid,17790
21258,AW00021258,Alfredo,Serrano,S,M,2012-04-06,alfredo.serrano@cappo.com,Mumbai,54722
21259,AW00021259,Curtis,Cai,S,M,2012-04-06,curtis.cai@towels.com,Mumbai,58839
21260,AW00021260,Ariana,Howard,S,F,2012-04-06,ariana.howard@towels.com,Moscow,47211
21261,AW00021261,Jessica,Kelly,S,F,2012-04-06,jessica.kelly@sticks.com,Istanbul,22584
21262,AW00021262,Sara,Edwards,S,F,2012-04-06,sara.edwards@winds.com,Istanbul,12471
21263,AW00021263,Gail,Russell,S,F,2012-04-06,gail.russell@fountains.com,Seoul,56525
21264,AW00021264,Caleb,Butler,S,M,2012-04-06,caleb.butler@hostinger.com,Rome,22317
21265,AW00021265,Richard,Stone,S,M,2012-04-07,richard.stone@towels.com,Jakarta,37362
21266,AW00021266,Taylor,Washington,S,F,2012-04-07,taylor.washington@mouse.com,Istanbul,58752
21267,AW00021267,Charles,Parker,M,M,2012-04-07,charles.parker@cappo.com,Madrid,28270
21268,AW00021268,Elizabeth,Lewis,M,F,2012-04-07,elizabeth.lewis@circles.com,Mumbai,46059
21269,AW00021269,Blake,Clark,S,M,2012-04-07,blake.clark@sticks.com,London,46430
21270,AW00021270,Daniel,Jackson,S,M,2012-04-07,daniel.jackson@papers.com,Shanghai,58102
21271,AW00021271,Thomas,Wang,M,M,2012-04-07,thomas.wang@hostinger.com,Moscow,32743
21272,AW00021272,Nicole,Ward,S,F,2012-04-07,nicole.ward@circles.com,Rome,52902
21273,AW00021273,Jennifer,Thomas,M,F,2012-04-08,jennifer.thomas@winds.com,Seoul,57409
21274,AW00021274,Seth,Scott,S,M,2012-04-08,seth.scott@fountains.com,Tokyo,26338
21275,AW00021275,Abigail,Cox,M,F,2012-04-08,abigail.cox@papers.com,Madrid,56946
21276,AW00021276,Ian,Coleman,M,M,2012-04-08,ian.coleman@hostinger.com,Jakarta,34516
21277,AW00021277,Lucas,Thompson,S,M,2012-04-08,lucas.thompson@papers.com,Shanghai,59245
21278,AW00021278,Julia,King,S,F,2012-04-09,julia.king@fountains.com,Madrid,45033
21279,AW00021279,Linda,Rousey,M,F,2012-04-09,linda.rousey@winds.com,Rome,55578
21280,AW00021280,Justin,Walker,S,M,2012-04-09,justin.walker@circles.com,Bangkok,59626
21281,AW00021281,Andrea,Hill,S,F,2012-04-09,andrea.hill@hostinger.com,Madrid,18363
21282,AW00021282,Julia,Smith,M,F,2012-04-09,julia.smith@papers.com,Tokyo,19887
21283,AW00021283,Orlando,Jiménez,M,M,2012-04-09,orlando.jiménez@papers.com,Istanbul,12277
21284,AW00021284,Cody,Stewart,M,M,2012-04-09,cody.stewart@circles.com,Bangkok,47894
21285,AW00021285,Mackenzie,Rivera,M,F,2012-04-10,mackenzie.rivera@mouse.com,London,18114
21286,AW00021286,Luke,Roy,S,M,2012-04-10,luke.roy@papers.com,Rome,10202
21287,AW00021287,Kendra,Jimenez,M,F,2012-04-10,kendra.jimenez@cappo.com,Madrid,40158
21288,AW00021288,Hunter,Hall,S,M,2012-04-10,hunter.hall@circles.com,Paris,24008
21289,AW00021289,Warren,Wang,S,M,2012-04-10,warren.wang@cappo.com,Berlin,58235
21290,AW00021290,Angel,Torres,S,M,2012-04-10,angel.torres@cappo.com,Madrid,39255
21291,AW00021291,Rachel,Morris,M,F,2012-04-10,rachel.morris@fountains.com,Madrid,57441
21292,AW00021292,Austin,Martinez,M,M,2012-04-10,austin.martinez@mouse.com,Tokyo,32403
21293,AW00021293,Ashley,Garcia,S,F,2012-04-10,ashley.garcia@circles.com,Rome,40163
21294,AW00021294,David,Foster,M,M,2012-04-10,david.foster@fountains.com,Rome,38121
21295,AW00021295,Benjamin,Thomas,M,M,2012-04-10,benjamin.thomas@fountains.com,Shanghai,52104
21296,AW00021296,Luis,Hall,M,M,2012-04-10,luis.hall@mouse.com,Singapore,19535
21297,AW00021297,Melanie,Murphy,S,F,2012-04-11,melanie.murphy@hostinger.com,Shanghai,28325
21298,AW00021298,Noah,Collins,M,M,2012-04-11,noah.collins@hostinger.com,Rome,27553
21299,AW00021299,Hannah,Gonzales,M,F,2012-04-11,hannah.gonzales@nappa.com,Madrid,12154
21300,AW00021300,Kaylee,Morgan,M,F,2012-04-11,kaylee.morgan@mouse.com,Madrid,48599
21301,AW00021301,Sierra,Gonzalez,S,F,2012-04-11,sierra.gonzalez@winds.com,Singapore,17519
21302,AW00021302,Logan,Foster,M,M,2012-04-11,logan.foster@papers.com,London,53380
21303,AW00021303,Sydney,Jenkins,M,F,2012-04-11,sydney.jenkins@nappa.com,Moscow,51876
21304,AW00021304,Jada,Cooper,M,F,2012-04-11,jada.cooper@cappo.com,Tokyo,13780
21305,AW00021305,Hunter,Garcia,M,M,2012-04-11,hunter.garcia@papers.com,Mumbai,42457
21306,AW00021306,Jackson,Perry,S,M,2012-04-11,jackson.perry@nappa.com,Tokyo,17077
21307,AW00021307,Olivia,Jones,M,F,2012-04-12,olivia.jones@hostinger.com,Mumbai,51488
21308,AW00021308,Kayla,Garcia,M,F,2012-04-12,kayla.garcia@mouse.com,Madrid,51607
21309,AW00021309,Julia,Anderson,M,F,2012-04-12,julia.anderson@papers.com,London,33839
21310,AW00021310,Mariah,Hayes,M,F,2012-04-12,mariah.hayes@towels.com,Rome,33019
21311,AW00021311,Jennifer,Ramirez,S,F,2012-04-12,jennifer.ramirez@fountains.com,Jakarta,10845
21312,AW00021312,Connor,Scott,M,M,2012-04-13,connor.scott@fountains.com,Tokyo,20799
21313,AW00021313,Beth,Diaz,M,F,2012-04-13,beth.diaz@mouse.com,Rome,59156
21314,AW00021314,Devin,Patterson,M,M,2012-04-13,devin.patterson@towels.com,Singapore,11495
21315,AW00021315,Audrey,Sanz,M,F,2012-04-13,audrey.sanz@nappa.com,Madrid,25582
21316,AW00021316,John,Thompson,M,M,2012-04-13,john.thompson@papers.com,London,20414
21317,AW00021317,Lauren,Rivera,M,F,2012-04-13,lauren.rivera@fountains.com,Paris,33955
21318,AW00021318,Devin,Richardson,S,M,2012-04-13,devin.richardson@hostinger.com,Delhi,24956
21319,AW00021319,Zachary,Lee,M,M,2012-04-13,zachary.lee@winds.com,Mumbai,25271
21320,AW00021320,Hannah,Coleman,M,F,2012-04-13,hannah.coleman@winds.com,Rome,54662
21321,AW00021321,Jon,Jai,S,M,2012-04-14,jon.jai@towels.com,Moscow,22682
21322,AW00021322,Carlos,Ramirez,M,M,2012-04-14,carlos.ramirez@towels.com,Bangkok,28757
21323,AW00021323,Robert,Jackson,M,M,2012-04-14,robert.jackson@hostinger.com,Delhi,58672
21324,AW00021324,Chloe,Baker,M,F,2012-04-14,chloe.baker@nappa.com,Mumbai,47466
21325,AW00021325,Angela,Hayes,M,F,2012-04-14,angela.hayes@hostinger.com,Paris,31282
21326,AW00021326,Andrea,Green,M,F,2012-04-14,andrea.green@cappo.com,Istanbul,52633
21327,AW00021327,Connor,Washington,S,M,2012-04-14,connor.washington@nappa.com,Istanbul,15087
21328,AW00021328,Xavier,Nelson,S,M,2012-04-14,xavier.nelson@hostinger.com,Rome,29727
21329,AW00021329,Wyatt,Brown,M,M,2012-04-15,wyatt.brown@nappa.com,Jakarta,59243
21330,AW00021330,Isabella,Clark,S,F,2012-04-15,isabella.clark@fountains.com,Singapore,33103
21331,AW00021331,Timothy,James,S,M,2012-04-15,timothy.james@hostinger.com,Istanbul,47897
21332,AW00021332,Bailey,Carter,M,F,2012-04-15,bailey.carter@nappa.com,Delhi,43903
21333,AW00021333,Mackenzie,Allen,M,F,2012-04-15,mackenzie.allen@nappa.com,Singapore,22609
21334,AW00021334,Mason,Nelson,S,M,2012-04-16,mason.nelson@mouse.com,Tokyo,20851
21335,AW00021335,Ana,Coleman,M,F,2012-04-16,ana.coleman@circles.com,Rome,24368
21336,AW00021336,Angel,Perez,M,M,2012-04-16,angel.perez@papers.com,Madrid,18849
21337,AW00021337,Jennifer,Smith,S,F,2012-04-16,jennifer.smith@mouse.com,London,44678
21338,AW00021338,Victoria,Price,M,F,2012-04-16,victoria.price@papers.com,Rome,59253
21339,AW00021339,Haley,Barnes,S,F,2012-04-16,haley.barnes@winds.com,Mumbai,18489
21340,AW00021340,Adam,Wang,M,M,2012-04-16,adam.wang@hostinger.com,Madrid,25152
21341,AW00021341,Louis,Liu,M,M,2012-04-16,louis.liu@papers.com,Berlin,24099
21342,AW00021342,Tonya,Xie,M,F,2012-04-17,tonya.xie@cappo.com,Berlin,32928
21343,AW00021343,Colin,Zeng,M,M,2012-04-17,colin.zeng@fountains.com,Berlin,55208
21344,AW00021344,Trevor,Perry,M,M,2012-04-17,trevor.perry@nappa.com,Istanbul,51318
21345,AW00021345,Kristina,Martinez,M,F,2012-04-17,kristina.martinez@sticks.com,Singapore,51197
21346,AW00021346,Christian,Rodriguez,M,M,2012-04-17,christian.rodriguez@cappo.com,Mumbai,41482
21347,AW00021347,Alisha,Raji,S,F,2012-04-17,alisha.raji@towels.com,Moscow,55163
21348,AW00021348,Alexis,Patterson,M,F,2012-04-17,alexis.patterson@hostinger.com,Berlin,45136
21349,AW00021349,Bryan,Kelly,M,M,2012-04-18,bryan.kelly@cappo.com,Singapore,47902
21350,AW00021350,Mindy,Sharma,M,F,2012-04-18,mindy.sharma@winds.com,Seoul,34054
21351,AW00021351,James,Coleman,M,M,2012-04-18,james.coleman@mouse.com,Rome,35769
21352,AW00021352,Morgan,Long,M,F,2012-04-18,morgan.long@cappo.com,Istanbul,55491
21353,AW00021353,Karen,Wu,S,F,2012-04-18,karen.wu@papers.com,Shanghai,16591
21354,AW00021354,Morgan,Bailey,S,F,2012-04-18,morgan.bailey@mouse.com,Jakarta,45952
21355,AW00021355,Mya,Diaz,M,F,2012-04-18,mya.diaz@sticks.com,Singapore,35310
21356,AW00021356,Gabriella,Evans,S,F,2012-04-18,gabriella.evans@towels.com,Madrid,52123
21357,AW00021357,Jada,Nelson,S,F,2012-04-18,jada.nelson@cappo.com,Mumbai,18037
21358,AW00021358,Cody,Reed,M,M,2012-04-19,cody.reed@towels.com,Delhi,44267
21359,AW00021359,Johnny,Luo,M,M,2012-04-19,johnny.luo@fountains.com,Rome,42493
21360,AW00021360,Orlando,Gill,M,M,2012-04-19,orlando.gill@cappo.com,Moscow,31515
21361,AW00021361,Ricky,Romero,M,M,2012-04-19,ricky.romero@hostinger.com,Tokyo,32987
21362,AW00021362,Angel,Evans,M,M,2012-04-20,angel.evans@hostinger.com,Mumbai,55495
21363,AW00021363,Tammy,Arthur,M,F,2012-04-20,tammy.arthur@sticks.com,Delhi,11674
21364,AW00021364,Charles,Gray,S,M,2012-04-20,charles.gray@hostinger.com,Singapore,16672
21365,AW00021365,Gloria,Ramos,M,F,2012-04-20,gloria.ramos@circles.com,Shanghai,16813
21366,AW00021366,Kelvin,Andersen,M,M,2012-04-20,kelvin.andersen@winds.com,Istanbul,51011
21367,AW00021367,Cindy,Rana,M,F,2012-04-20,cindy.rana@papers.com,Istanbul,21805
21368,AW00021368,Mason,Collins,M,M,2012-04-20,mason.collins@fountains.com,Mumbai,42130
21369,AW00021369,Sarah,Rodriguez,M,F,2012-04-20,sarah.rodriguez@mouse.com,Rome,50756
21370,AW00021370,Emmanuel,Martinez,M,M,2012-04-20,emmanuel.martinez@nappa.com,Singapore,41480
21371,AW00021371,Ann,Patel,M,F,2012-04-20,ann.patel@circles.com,Istanbul,35926
21372,AW00021372,Wayne,Raje,S,M,2012-04-20,wayne.raje@papers.com,Moscow,50956
21373,AW00021373,Clayton,Liu,M,M,2012-04-20,clayton.liu@cappo.com,Berlin,31625
21374,AW00021374,Stacey,Zhou,M,F,2012-04-20,stacey.zhou@sticks.com,Berlin,28291
21375,AW00021375,Carl,Sharma,S,M,2012-04-20,carl.sharma@papers.com,Mumbai,55465
21376,AW00021376,Paula,Ramos,M,F,2012-04-21,paula.ramos@circles.com,Paris,53713
21377,AW00021377,Allison,Bailey,S,F,2012-04-21,allison.bailey@sticks.com,London,13310
21378,AW00021378,Rebekah,Diaz,M,F,2012-04-21,rebekah.diaz@towels.com,Jakarta,11693
21379,AW00021379,Colleen,Huang,M,F,2012-04-21,colleen.huang@circles.com,Madrid,25426
21380,AW00021380,Candace,Sara,M,F,2012-04-21,candace.sara@circles.com,Seoul,12718
21381,AW00021381,Francis,Ruiz,M,M,2012-04-21,francis.ruiz@hostinger.com,Jakarta,23642
21382,AW00021382,Brad,Chander,M,M,2012-04-21,brad.chander@towels.com,Istanbul,55069
21383,AW00021383,Ricardo,Anand,M,M,2012-04-21,ricardo.anand@sticks.com,Rome,47901
21384,AW00021384,Ronnie,Lin,M,M,2012-04-21,ronnie.lin@winds.com,Rome,49397
21385,AW00021385,Nicole,Peterson,S,F,2012-04-21,nicole.peterson@sticks.com,Paris,44921
21386,AW00021386,Abigail,Wood,S,F,2012-04-21,abigail.wood@cappo.com,Seoul,30159
21387,AW00021387,Nelson,Diaz,S,M,2012-04-21,nelson.diaz@cappo.com,Singapore,50626
21388,AW00021388,Nicole,Lee,S,F,2012-04-21,nicole.lee@mouse.com,Delhi,11656
21389,AW00021389,Jamie,Sun,M,F,2012-04-22,jamie.sun@nappa.com,Shanghai,18024
21390,AW00021390,Grant,Becker,M,M,2012-04-22,grant.becker@cappo.com,Moscow,58883
21391,AW00021391,Dawn,Xie,M,F,2012-04-22,dawn.xie@circles.com,Jakarta,22328
21392,AW00021392,Kelli,Lin,M,F,2012-04-22,kelli.lin@circles.com,Mumbai,11068
21393,AW00021393,Candace,Arun,S,F,2012-04-22,candace.arun@hostinger.com,Mumbai,48979
21394,AW00021394,Gabriella,Parker,S,F,2012-04-22,gabriella.parker@circles.com,Berlin,54424
21395,AW00021395,Alexia,Hughes,M,F,2012-04-22,alexia.hughes@papers.com,Moscow,57800
21396,AW00021396,Megan,Martinez,S,F,2012-04-22,megan.martinez@papers.com,Paris,16481
21397,AW00021397,Mason,Howard,M,M,2012-04-22,mason.howard@cappo.com,Berlin,18639
21398,AW00021398,Ethan,Diaz,M,M,2012-04-22,ethan.diaz@mouse.com,Moscow,24287
21399,AW00021399,Ian,Hughes,M,M,2012-04-23,ian.hughes@hostinger.com,Moscow,55181
21400,AW00021400,Adam,Campbell,S,M,2012-04-23,adam.campbell@papers.com,Rome,34890
21401,AW00021401,Eric,Powell,S,M,2012-04-23,eric.powell@mouse.com,Jakarta,46902
21402,AW00021402,Kevin,King,M,M,2012-04-23,kevin.king@towels.com,Paris,38318
21403,AW00021403,Lisa,Roy,S,M,2012-04-23,lisa.roy@towels.com,Paris,18217
21404,AW00021404,Julio,Sanz,S,M,2012-04-23,julio.sanz@fountains.com,Berlin,55097
21405,AW00021405,Bonnie,Shen,M,F,2012-04-23,bonnie.shen@nappa.com,Singapore,50736
21406,AW00021406,Troy,Chandra,M,M,2012-04-23,troy.chandra@sticks.com,Singapore,19107
21407,AW00021407,Wesley,Lin,M,M,2012-04-24,wesley.lin@nappa.com,Paris,27885
21408,AW00021408,Autumn,Chen,M,F,2012-04-24,autumn.chen@towels.com,Seoul,15208
21409,AW00021409,Johnny,Deng,M,M,2012-04-24,johnny.deng@sticks.com,Berlin,28688
21410,AW00021410,Eric,Zhang,M,M,2012-04-24,eric.zhang@winds.com,Istanbul,47056
21411,AW00021411,Maria,Kelly,S,F,2012-04-24,maria.kelly@towels.com,Bangkok,22033
21412,AW00021412,Jordan,Alexander,M,M,2012-04-24,jordan.alexander@cappo.com,Bangkok,22189
21413,AW00021413,Dalton,Robinson,M,M,2012-04-24,dalton.robinson@circles.com,Berlin,14151
21414,AW00021414,Aaron,Butler,M,M,2012-04-24,aaron.butler@sticks.com,Paris,52871
21415,AW00021415,Sydney,Sanchez,S,F,2012-04-24,sydney.sanchez@papers.com,Rome,16079
21416,AW00021416,Ryan,Butler,S,M,2012-04-24,ryan.butler@nappa.com,Seoul,12618
21417,AW00021417,Gabrielle,Torres,S,F,2012-04-24,gabrielle.torres@circles.com,Mumbai,34165
21418,AW00021418,Alicia,Chapman,M,F,2012-04-24,alicia.chapman@towels.com,Moscow,38515
21419,AW00021419,Gilbert,Ma,M,M,2012-04-24,gilbert.ma@nappa.com,Paris,45890
21420,AW00021420,Isabella,Carter,S,F,2012-04-25,isabella.carter@sticks.com,Singapore,15537
21421,AW00021421,Ashley,Ross,M,F,2012-04-25,ashley.ross@cappo.com,Tokyo,46480
21422,AW00021422,Karen,Wood,M,F,2012-04-25,karen.wood@hostinger.com,Paris,34575
21423,AW00021423,Connor,Adams,S,M,2012-04-25,connor.adams@nappa.com,Istanbul,47956
21424,AW00021424,Emily,Alexander,M,F,2012-04-26,emily.alexander@winds.com,Shanghai,17814
21425,AW00021425,Carlos,Hall,M,M,2012-04-26,carlos.hall@nappa.com,Moscow,20805
21426,AW00021426,Jon,Raje,M,M,2012-04-26,jon.raje@hostinger.com,Tokyo,49322
21427,AW00021427,Kelly,Foster,M,F,2012-04-26,kelly.foster@mouse.com,Mumbai,43186
21428,AW00021428,Jada,Brooks,M,F,2012-04-26,jada.brooks@papers.com,Berlin,25029
21429,AW00021429,Isabella,Sandberg,M,F,2012-04-26,isabella.sandberg@fountains.com,Madrid,55057
21430,AW00021430,Savannah,Morgan,M,F,2012-04-27,savannah.morgan@mouse.com,Seoul,49622
21431,AW00021431,Preston,Kapoor,S,M,2012-04-27,preston.kapoor@cappo.com,Paris,42538
21432,AW00021432,Melanie,Ward,M,F,2012-04-27,melanie.ward@cappo.com,Rome,37136
21433,AW00021433,Gerald,Martinez,M,M,2012-04-27,gerald.martinez@towels.com,Jakarta,53858
21434,AW00021434,Isabella,Smith,S,F,2012-04-27,isabella.smith@winds.com,Moscow,21481
21435,AW00021435,Connor,Alexander,S,M,2012-04-27,connor.alexander@papers.com,Jakarta,52111
21436,AW00021436,Brandi,Serrano,S,F,2012-04-27,brandi.serrano@papers.com,Moscow,20827
21437,AW00021437,Whitney,Sara,S,F,2012-04-27,whitney.sara@nappa.com,Jakarta,13695
21438,AW00021438,Edward,Price,S,M,2012-04-28,edward.price@circles.com,Jakarta,27865
21439,AW00021439,Thomas,Clark,S,M,2012-04-28,thomas.clark@sticks.com,London,54683
21440,AW00021440,Ian,Morgan,S,M,2012-04-28,ian.morgan@nappa.com,Madrid,38562
21441,AW00021441,Edward,Nelson,M,M,2012-04-28,edward.nelson@nappa.com,London,15822
21442,AW00021442,Savannah,Cook,S,F,2012-04-28,savannah.cook@fountains.com,Seoul,53297
21443,AW00021443,Zoe,Morgan,M,F,2012-04-28,zoe.morgan@mouse.com,Rome,37241
21444,AW00021444,Blake,Lopez,M,M,2012-04-28,blake.lopez@sticks.com,Moscow,21365
21445,AW00021445,Madeline,Evans,M,F,2012-04-28,madeline.evans@nappa.com,Rome,40314
21446,AW00021446,Jeremy,Barnes,M,M,2012-04-28,jeremy.barnes@papers.com,Berlin,11110
21447,AW00021447,Anthony,Harris,M,M,2012-04-28,anthony.harris@circles.com,Rome,26702
21448,AW00021448,Jenna,Nelson,M,F,2012-04-28,jenna.nelson@nappa.com,Rome,34744
21449,AW00021449,Devon,Raheem,M,M,2012-04-28,devon.raheem@circles.com,Moscow,45470
21450,AW00021450,Nathan,Bryant,M,M,2012-04-28,nathan.bryant@winds.com,Bangkok,13129
21451,AW00021451,Jocelyn,Ross,M,F,2012-04-29,jocelyn.ross@papers.com,Singapore,11849
21452,AW00021452,Seth,Bailey,M,M,2012-04-29,seth.bailey@sticks.com,Bangkok,18877
21453,AW00021453,Wayne,Deng,M,M,2012-04-29,wayne.deng@mouse.com,Bangkok,50470
21454,AW00021454,Alvin,Goldstein,M,M,2012-04-29,alvin.goldstein@mouse.com,Shanghai,38098
21455,AW00021455,Samuel,Shan,M,M,2012-04-30,samuel.shan@nappa.com,Istanbul,43670
21456,AW00021456,Dalton,Gonzales,M,M,2012-04-30,dalton.gonzales@fountains.com,Istanbul,46369
21457,AW00021457,Jamie,Serrano,M,M,2012-04-30,jamie.serrano@hostinger.com,Tokyo,52287
21458,AW00021458,Carson,Price,M,M,2012-04-30,carson.price@towels.com,Jakarta,25197
21459,AW00021459,Luis,Alexander,M,M,2012-04-30,luis.alexander@papers.com,Madrid,43214
21460,AW00021460,Jack,Carter,M,M,2012-04-30,jack.carter@papers.com,Shanghai,25207
21461,AW00021461,Elizabeth,Simmons,M,F,2012-04-30,elizabeth.simmons@towels.com,Rome,44549
21462,AW00021462,Katelyn,Nelson,S,F,2012-04-30,katelyn.nelson@mouse.com,Istanbul,32999
21463,AW00021463,Logan,Roberts,M,M,2012-04-30,logan.roberts@hostinger.com,Tokyo,14974
21464,AW00021464,Miguel,Griffin,M,M,2012-04-30,miguel.griffin@papers.com,Singapore,58677
21465,AW00021465,Austin,Shan,M,M,2012-04-30,austin.shan@cappo.com,Jakarta,42369
21466,AW00021466,Austin,Jones,M,M,2012-04-30,austin.jones@winds.com,Shanghai,10016
21467,AW00021467,David,Harris,M,M,2012-05-01,david.harris@sticks.com,Shanghai,43962
21468,AW00021468,Ethan,Yang,M,M,2012-05-01,ethan.yang@hostinger.com,Tokyo,49813
21469,AW00021469,Caitlin,Bell,S,F,2012-05-01,caitlin.bell@fountains.com,Tokyo,49616
21470,AW00021470,Stephanie,Jenkins,S,F,2012-05-01,stephanie.jenkins@sticks.com,Jakarta,28071
21471,AW00021471,Marcus,Carter,M,M,2012-05-01,marcus.carter@winds.com,Tokyo,48804
21472,AW00021472,Patrick,Ward,M,M,2012-05-01,patrick.ward@towels.com,Rome,23356
21473,AW00021473,Stacy,Rubio,M,F,2012-05-01,stacy.rubio@towels.com,Berlin,54000
21474,AW00021474,Lucas,Gray,M,M,2012-05-01,lucas.gray@mouse.com,Berlin,45534
21475,AW00021475,Cassidy,Alexander,M,F,2012-05-01,cassidy.alexander@sticks.com,Madrid,54789
21476,AW00021476,Hunter,Jenkins,M,M,2012-05-02,hunter.jenkins@papers.com,Delhi,32833
21477,AW00021477,Katelyn,Watson,M,F,2012-05-02,katelyn.watson@papers.com,London,46128
21478,AW00021478,Abigail,Reed,M,F,2012-05-02,abigail.reed@cappo.com,Jakarta,44618
21479,AW00021479,Noah,Foster,M,M,2012-05-02,noah.foster@mouse.com,Mumbai,21842
21480,AW00021480,Alfredo,Martin,M,M,2012-05-02,alfredo.martin@nappa.com,Bangkok,14361
21481,AW00021481,Jose,Diaz,M,M,2012-05-02,jose.diaz@winds.com,Shanghai,26408
21482,AW00021482,Haley,Flores,S,F,2012-05-02,haley.flores@mouse.com,Tokyo,30528
21483,AW00021483,Michelle,Bailey,M,F,2012-05-02,michelle.bailey@circles.com,Delhi,25907
21484,AW00021484,Abigail,Coleman,M,F,2012-05-02,abigail.coleman@mouse.com,Moscow,17971
21485,AW00021485,Brandon,Clark,M,M,2012-05-03,brandon.clark@papers.com,Delhi,55945
21486,AW00021486,Suzanne,Gao,S,F,2012-05-03,suzanne.gao@winds.com,Jakarta,51551
21487,AW00021487,Jacqueline,Ramirez,S,F,2012-05-03,jacqueline.ramirez@hostinger.com,Madrid,31289
21488,AW00021488,Madison,Henderson,M,F,2012-05-03,madison.henderson@towels.com,Tokyo,19949
21489,AW00021489,Neil,Gutierrez,M,M,2012-05-03,neil.gutierrez@mouse.com,Moscow,23046
21490,AW00021490,Cole,Ward,M,M,2012-05-03,cole.ward@towels.com,Tokyo,58635
21491,AW00021491,Joseph,Lewis,M,M,2012-05-03,joseph.lewis@mouse.com,Madrid,54779
21492,AW00021492,Robert,Jai,S,M,2012-05-03,robert.jai@sticks.com,Jakarta,56949
21493,AW00021493,Carson,Coleman,S,M,2012-05-03,carson.coleman@nappa.com,Shanghai,17231
21494,AW00021494,Kayla,Gonzales,S,F,2012-05-04,kayla.gonzales@winds.com,London,43440
21495,AW00021495,James,Hughes,M,M,2012-05-04,james.hughes@mouse.com,Istanbul,44230
21496,AW00021496,Nichole,Rai,M,F,2012-05-04,nichole.rai@hostinger.com,London,33004
21497,AW00021497,Patrick,Cox,M,M,2012-05-04,patrick.cox@winds.com,Delhi,35212
21498,AW00021498,Cameron,Wilson,M,M,2012-05-04,cameron.wilson@papers.com,Istanbul,57235
21499,AW00021499,Bailey,Ramirez,M,F,2012-05-04,bailey.ramirez@winds.com,Tokyo,49463
21500,AW00021500,Devin,Long,M,M,2012-05-04,devin.long@fountains.com,Madrid,54951
21501,AW00021501,Deb,Foster,S,M,2012-05-04,deb.foster@mouse.com,Madrid,32200
21502,AW00021502,Morgan,Clark,S,F,2012-05-05,morgan.clark@hostinger.com,Singapore,46185
21503,AW00021503,Melanie,Long,M,F,2012-05-05,melanie.long@winds.com,Madrid,19788
21504,AW00021504,Chloe,Torres,M,F,2012-05-05,chloe.torres@mouse.com,Tokyo,15826
21505,AW00021505,Ronald,Gonzalez,S,M,2012-05-05,ronald.gonzalez@sticks.com,Rome,18013
21506,AW00021506,Randall,Gutierrez,M,M,2012-05-05,randall.gutierrez@fountains.com,Madrid,42889
21507,AW00021507,Hunter,Smith,M,M,2012-05-05,hunter.smith@towels.com,Berlin,33871
21508,AW00021508,Suzanne,Li,M,F,2012-05-05,suzanne.li@sticks.com,Madrid,55037
21509,AW00021509,Michele,Lopez,M,F,2012-05-05,michele.lopez@cappo.com,Seoul,48494
21510,AW00021510,Carol,Perry,M,F,2012-05-05,carol.perry@winds.com,Tokyo,29448
21511,AW00021511,Richard,Sanders,M,M,2012-05-05,richard.sanders@winds.com,Jakarta,24415
21512,AW00021512,Emma,Russell,M,F,2012-05-05,emma.russell@winds.com,Rome,47491
21513,AW00021513,Stacey,Xu,M,F,2012-05-05,stacey.xu@towels.com,Delhi,23429
21514,AW00021514,Krystal,Zhu,M,F,2012-05-05,krystal.zhu@papers.com,Madrid,58739
21515,AW00021515,Barbara,Yuan,M,F,2012-05-05,barbara.yuan@papers.com,Tokyo,24753
21516,AW00021516,Larry,Serrano,M,M,2012-05-06,larry.serrano@mouse.com,Mumbai,40491
21517,AW00021517,Gerald,Subram,M,M,2012-05-06,gerald.subram@fountains.com,Seoul,16468
21518,AW00021518,Ruben,Madan,M,M,2012-05-06,ruben.madan@cappo.com,Istanbul,41141
21519,AW00021519,Franklin,Becker,S,M,2012-05-06,franklin.becker@papers.com,Bangkok,34307
21520,AW00021520,Seth,Baker,M,M,2012-05-06,seth.baker@hostinger.com,Istanbul,31371
21521,AW00021521,Joanna,Romero,S,F,2012-05-06,joanna.romero@sticks.com,Bangkok,10581
21522,AW00021522,Morgan,Bryant,S,F,2012-05-06,morgan.bryant@cappo.com,Moscow,53815
21523,AW00021523,Timothy,Green,M,M,2012-05-06,timothy.green@fountains.com,Singapore,52080
21524,AW00021524,Faith,Wood,S,F,2012-05-07,faith.wood@mouse.com,Paris,24562
21525,AW00021525,Victoria,Howard,M,F,2012-05-07,victoria.howard@hostinger.com,Madrid,10500
21526,AW00021526,Jonathon,Munoz,S,M,2012-05-07,jonathon.munoz@papers.com,Mumbai,51384
21527,AW00021527,Sergio,Patel,S,M,2012-05-07,sergio.patel@cappo.com,Tokyo,28190
21528,AW00021528,Jay,Moreno,M,M,2012-05-07,jay.moreno@fountains.com,Madrid,34766
21529,AW00021529,Kristi,Martinez,S,F,2012-05-07,kristi.martinez@winds.com,Madrid,53831
21530,AW00021530,Toni,Raman,M,F,2012-05-07,toni.raman@nappa.com,London,13412
21531,AW00021531,Kari,Vance,M,F,2012-05-07,kari.vance@circles.com,Singapore,32487
21532,AW00021532,Sierra,Turner,M,F,2012-05-07,sierra.turner@sticks.com,Moscow,31947
21533,AW00021533,Gilbert,Tang,M,M,2012-05-07,gilbert.tang@sticks.com,Jakarta,41679
21534,AW00021534,Warren,Rai,S,M,2012-05-07,warren.rai@winds.com,Paris,48856
21535,AW00021535,Alfredo,Sandberg,S,M,2012-05-07,alfredo.sandberg@winds.com,Mumbai,11704
21536,AW00021536,Billy,Rubio,M,M,2012-05-07,billy.rubio@circles.com,Moscow,44064
21537,AW00021537,Gloria,Navarro,M,F,2012-05-08,gloria.navarro@hostinger.com,Istanbul,34281
21538,AW00021538,Tara,Luo,M,F,2012-05-08,tara.luo@fountains.com,Mumbai,17117
21539,AW00021539,Phillip,Raman,M,M,2012-05-08,phillip.raman@cappo.com,Rome,41995
21540,AW00021540,Ross,Rubio,S,M,2012-05-08,ross.rubio@sticks.com,Jakarta,14990
21541,AW00021541,Daisy,Gutierrez,M,F,2012-05-08,daisy.gutierrez@fountains.com,Madrid,55174
21542,AW00021542,Patricia,Vance,M,F,2012-05-08,patricia.vance@cappo.com,Jakarta,55268
21543,AW00021543,Naomi,Romero,M,F,2012-05-08,naomi.romero@circles.com,Bangkok,12336
21544,AW00021544,Gary,Moreno,M,M,2012-05-08,gary.moreno@hostinger.com,London,30724
21545,AW00021545,Michele,Schmidt,M,F,2012-05-08,michele.schmidt@winds.com,Shanghai,30731
21546,AW00021546,Cory,Garcia,M,M,2012-05-08,cory.garcia@mouse.com,London,17575
21547,AW00021547,Brad,Raje,S,M,2012-05-08,brad.raje@circles.com,Bangkok,26575
21548,AW00021548,Christy,Chander,M,F,2012-05-08,christy.chander@sticks.com,Singapore,15160
21549,AW00021549,Jerome,Ruiz,S,M,2012-05-08,jerome.ruiz@nappa.com,London,16077
21550,AW00021550,Kara,Deng,M,F,2012-05-09,kara.deng@towels.com,Delhi,46221
21551,AW00021551,Elijah,Butler,S,M,2012-05-09,elijah.butler@towels.com,Mumbai,12670
21552,AW00021552,Francis,Alvarez,M,M,2012-05-09,francis.alvarez@winds.com,Singapore,41525
21553,AW00021553,Allen,Suri,M,M,2012-05-09,allen.suri@circles.com,Rome,36604
21554,AW00021554,Molly,Rana,S,F,2012-05-09,molly.rana@mouse.com,Istanbul,12876
21555,AW00021555,Jarrod,Madan,S,M,2012-05-09,jarrod.madan@sticks.com,Jakarta,48291
21556,AW00021556,Gloria,Serrano,S,F,2012-05-09,gloria.serrano@papers.com,Madrid,57413
21557,AW00021557,Kate,Lal,S,F,2012-05-09,kate.lal@mouse.com,Berlin,20091
21558,AW00021558,Nicole,Coleman,S,F,2012-05-09,nicole.coleman@sticks.com,Paris,56801
21559,AW00021559,Pedro,Malhotra,M,M,2012-05-09,pedro.malhotra@towels.com,Bangkok,34978
21560,AW00021560,Kristopher,Lopez,M,M,2012-05-10,kristopher.lopez@papers.com,Istanbul,33033
21561,AW00021561,Albert,Navarro,S,M,2012-05-10,albert.navarro@mouse.com,Madrid,42161
21562,AW00021562,Drew,Jai,S,M,2012-05-10,drew.jai@towels.com,Rome,35697
21563,AW00021563,Carla,Mehta,S,F,2012-05-10,carla.mehta@winds.com,Shanghai,20683
21564,AW00021564,Erica,Liu,S,F,2012-05-10,erica.liu@towels.com,Shanghai,58115
21565,AW00021565,Sheena,Shan,M,F,2012-05-10,sheena.shan@nappa.com,Tokyo,36738
21566,AW00021566,Jermaine,Garcia,M,M,2012-05-10,jermaine.garcia@fountains.com,Delhi,52161
21567,AW00021567,Candace,Sanchez,M,F,2012-05-10,candace.sanchez@nappa.com,Singapore,55835
21568,AW00021568,Jacquelyn,Hernandez,M,F,2012-05-10,jacquelyn.hernandez@fountains.com,Delhi,50541
21569,AW00021569,Brendan,Rai,S,M,2012-05-10,brendan.rai@cappo.com,Shanghai,46601
21570,AW00021570,Barry,Kovár,M,M,2012-05-10,barry.kovár@towels.com,London,47889
21571,AW00021571,Darryl,Yang,M,M,2012-05-10,darryl.yang@towels.com,Shanghai,14584
21572,AW00021572,Randall,Ramos,M,M,2012-05-10,randall.ramos@papers.com,Shanghai,37145
21573,AW00021573,Jimmy,Munoz,S,M,2012-05-10,jimmy.munoz@circles.com,Paris,36347
21574,AW00021574,Fernando,Lewis,M,M,2012-05-11,fernando.lewis@winds.com,Jakarta,52991
21575,AW00021575,Justin,Foster,M,M,2012-05-11,justin.foster@sticks.com,Seoul,41563
21576,AW00021576,Benjamin,Gonzales,M,M,2012-05-11,benjamin.gonzales@hostinger.com,Delhi,53765
21577,AW00021577,Tiffany,Ma,M,F,2012-05-11,tiffany.ma@fountains.com,Delhi,25010
21578,AW00021578,Jordan,Green,M,M,2012-05-11,jordan.green@sticks.com,Singapore,27087
21579,AW00021579,Wyatt,Jackson,M,M,2012-05-11,wyatt.jackson@nappa.com,Mumbai,14500
21580,AW00021580,Mariah,Ward,S,F,2012-05-11,mariah.ward@nappa.com,Shanghai,26708
21581,AW00021581,Rachel,Russell,M,F,2012-05-11,rachel.russell@towels.com,Bangkok,10832
21582,AW00021582,Amber,Roberts,M,F,2012-05-12,amber.roberts@cappo.com,Shanghai,49312
21583,AW00021583,Jaclyn,Lal,M,F,2012-05-12,jaclyn.lal@papers.com,Rome,43701
21584,AW00021584,Gavin,Bryant,M,M,2012-05-12,gavin.bryant@sticks.com,Paris,47014
21585,AW00021585,Trinity,Gray,M,F,2012-05-12,trinity.gray@winds.com,Paris,25290
21586,AW00021586,Stephanie,Foster,M,F,2012-05-12,stephanie.foster@sticks.com,Madrid,46274
21587,AW00021587,Jenna,Roberts,M,F,2012-05-12,jenna.roberts@hostinger.com,Moscow,21055
21588,AW00021588,Theodore,Martin,M,M,2012-05-12,theodore.martin@papers.com,Paris,31970
21589,AW00021589,Vanessa,Coleman,M,F,2012-05-12,vanessa.coleman@towels.com,Jakarta,50306
21590,AW00021590,Taylor,Gonzales,M,F,2012-05-13,taylor.gonzales@mouse.com,Mumbai,26501
21591,AW00021591,Clayton,Goel,M,M,2012-05-13,clayton.goel@winds.com,Berlin,34615
21592,AW00021592,Christina,Reed,M,F,2012-05-13,christina.reed@mouse.com,Istanbul,25151
21593,AW00021593,Marcus,Roberts,S,M,2012-05-13,marcus.roberts@sticks.com,Bangkok,57802
21594,AW00021594,Brianna,Moore,M,F,2012-05-13,brianna.moore@towels.com,Madrid,56903
21595,AW00021595,Juan,Ward,M,M,2012-05-13,juan.ward@hostinger.com,Tokyo,45634
21596,AW00021596,Luke,Wright,M,M,2012-05-13,luke.wright@winds.com,Istanbul,48816
21597,AW00021597,Jose,Jones,M,M,2012-05-13,jose.jones@nappa.com,Istanbul,13052
21598,AW00021598,Chloe,Perez,M,F,2012-05-14,chloe.perez@winds.com,Mumbai,46995
21599,AW00021599,Sara,Lopez,M,F,2012-05-14,sara.lopez@papers.com,Jakarta,34626
21600,AW00021600,Alexa,Bell,M,F,2012-05-14,alexa.bell@cappo.com,Jakarta,45274
21601,AW00021601,Jacqueline,Bell,M,F,2012-05-14,jacqueline.bell@papers.com,Mumbai,32728
21602,AW00021602,Manuel,Malhotra,M,M,2012-05-14,manuel.malhotra@cappo.com,Istanbul,34476
21603,AW00021603,Seth,Barnes,M,M,2012-05-14,seth.barnes@sticks.com,Paris,53514
21604,AW00021604,Melanie,Howard,S,F,2012-05-14,melanie.howard@nappa.com,Jakarta,56469
21605,AW00021605,Brittney,Ye,M,F,2012-05-14,brittney.ye@mouse.com,Istanbul,14868
21606,AW00021606,Connor,Roberts,M,M,2012-05-14,connor.roberts@towels.com,Seoul,12468
21607,AW00021607,Bryce,Torres,M,M,2012-05-14,bryce.torres@papers.com,Delhi,22597
21608,AW00021608,David,Griffin,M,M,2012-05-14,david.griffin@mouse.com,Madrid,45747
21609,AW00021609,Tabitha,Blanco,S,F,2012-05-14,tabitha.blanco@circles.com,Delhi,30833
21610,AW00021610,Caleb,Edwards,M,M,2012-05-15,caleb.edwards@winds.com,Moscow,44301
21611,AW00021611,Ethan,Wilson,M,M,2012-05-15,ethan.wilson@circles.com,Mumbai,51546
21612,AW00021612,Spencer,Foster,S,M,2012-05-15,spencer.foster@winds.com,Jakarta,44856
21613,AW00021613,Caleb,Powell,S,M,2012-05-15,caleb.powell@hostinger.com,Singapore,32332
21614,AW00021614,William,Thomas,M,M,2012-05-15,william.thomas@sticks.com,Moscow,34362
21615,AW00021615,Grace,Torres,S,F,2012-05-16,grace.torres@nappa.com,Rome,17329
21616,AW00021616,Carson,Wood,M,M,2012-05-16,carson.wood@papers.com,Tokyo,22211
21617,AW00021617,Jennifer,Miller,S,F,2012-05-16,jennifer.miller@papers.com,Jakarta,37753
21618,AW00021618,Elijah,Carter,M,M,2012-05-16,elijah.carter@winds.com,Delhi,59334
21619,AW00021619,Angela,Patterson,S,F,2012-05-16,angela.patterson@hostinger.com,Singapore,59210
21620,AW00021620,Mariah,Brooks,M,F,2012-05-16,mariah.brooks@winds.com,Shanghai,13304
21621,AW00021621,Jordan,Parker,M,M,2012-05-17,jordan.parker@papers.com,Tokyo,46217
21622,AW00021622,Ethan,Winston,M,M,2012-05-17,ethan.winston@mouse.com,Madrid,14400
21623,AW00021623,Connor,Diaz,M,M,2012-05-17,connor.diaz@papers.com,Bangkok,24496
21624,AW00021624,Faith,Price,S,F,2012-05-17,faith.price@winds.com,London,19542
21625,AW00021625,Jennifer,Hall,M,F,2012-05-17,jennifer.hall@sticks.com,Delhi,32247
21626,AW00021626,Brianna,Garcia,M,F,2012-05-17,brianna.garcia@hostinger.com,Madrid,47695
21627,AW00021627,Bailey,Roberts,M,F,2012-05-17,bailey.roberts@towels.com,Seoul,54068
21628,AW00021628,Kelli,Xu,S,F,2012-05-17,kelli.xu@papers.com,Istanbul,25469
21629,AW00021629,Thomas,Thomas,S,M,2012-05-17,thomas.thomas@papers.com,Jakarta,36061
21630,AW00021630,Faith,Jenkins,M,F,2012-05-17,faith.jenkins@sticks.com,Shanghai,16423
21631,AW00021631,Martin,Sanchez,M,M,2012-05-18,martin.sanchez@mouse.com,London,28494
21632,AW00021632,Jaclyn,Liang,M,F,2012-05-18,jaclyn.liang@winds.com,Shanghai,17812
21633,AW00021633,Cameron,Zhang,M,M,2012-05-18,cameron.zhang@mouse.com,Istanbul,13360
21634,AW00021634,Arianna,Cook,M,F,2012-05-18,arianna.cook@papers.com,Singapore,20440
21635,AW00021635,Christian,Lewis,M,M,2012-05-18,christian.lewis@hostinger.com,Rome,21564
21636,AW00021636,Katherine,Rivera,M,F,2012-05-18,katherine.rivera@hostinger.com,Singapore,36107
21637,AW00021637,Richard,Lewis,S,M,2012-05-18,richard.lewis@circles.com,London,37066
21638,AW00021638,Olivia,Harris,S,F,2012-05-18,olivia.harris@circles.com,Delhi,37002
21639,AW00021639,Anthony,Wilson,M,M,2012-05-18,anthony.wilson@papers.com,Tokyo,41763
21640,AW00021640,Charles,Cooper,M,M,2012-05-18,charles.cooper@fountains.com,Moscow,26708
21641,AW00021641,Kaylee,Perez,M,F,2012-05-18,kaylee.perez@papers.com,Mumbai,48283
21642,AW00021642,Alexandra,Rodriguez,M,F,2012-05-18,alexandra.rodriguez@mouse.com,Rome,10441
21643,AW00021643,Wyatt,Diaz,M,M,2012-05-18,wyatt.diaz@sticks.com,Paris,21216
21644,AW00021644,Sydney,Howard,M,F,2012-05-18,sydney.howard@mouse.com,Paris,34332
21645,AW00021645,Spencer,Alexander,M,M,2012-05-18,spencer.alexander@fountains.com,Moscow,50456
21646,AW00021646,Luis,Bryant,M,M,2012-05-19,luis.bryant@circles.com,Istanbul,48993
21647,AW00021647,Blake,Brown,S,M,2012-05-19,blake.brown@papers.com,Berlin,21526
21648,AW00021648,Ronnie,Sun,S,M,2012-05-19,ronnie.sun@towels.com,Madrid,47811
21649,AW00021649,Keith,Nara,M,M,2012-05-19,keith.nara@fountains.com,Shanghai,38374
21650,AW00021650,Cedric,Zeng,M,M,2012-05-19,cedric.zeng@circles.com,Berlin,43093
21651,AW00021651,Sean,Cooper,M,M,2012-05-19,sean.cooper@hostinger.com,Delhi,25851
21652,AW00021652,Julia,Bell,M,F,2012-05-19,julia.bell@winds.com,Tokyo,12688
21653,AW00021653,Jose,Anderson,S,M,2012-05-19,jose.anderson@winds.com,London,36011
21654,AW00021654,Aidan,Barnes,S,M,2012-05-19,aidan.barnes@nappa.com,Istanbul,29400
21655,AW00021655,Zachary,Bryant,M,M,2012-05-19,zachary.bryant@mouse.com,Bangkok,57633
21656,AW00021656,Hannah,Hayes,M,F,2012-05-20,hannah.hayes@hostinger.com,Bangkok,35019
21657,AW00021657,Sara,Green,S,F,2012-05-20,sara.green@sticks.com,Rome,13762
21658,AW00021658,Jocelyn,Powell,M,F,2012-05-20,jocelyn.powell@mouse.com,Bangkok,36505
21659,AW00021659,Gabrielle,Jenkins,M,F,2012-05-20,gabrielle.jenkins@nappa.com,Madrid,37210
21660,AW00021660,Allison,Watson,M,F,2012-05-20,allison.watson@winds.com,Jakarta,13410
21661,AW00021661,Terry,Champion,S,M,2012-05-21,terry.champion@papers.com,Paris,26228
21662,AW00021662,Orlando,Muñoz,S,M,2012-05-21,orlando.muñoz@papers.com,Bangkok,53904
21663,AW00021663,Kenneth,Goel,S,M,2012-05-21,kenneth.goel@hostinger.com,Berlin,44588
21664,AW00021664,Edwin,Yuan,S,M,2012-05-21,edwin.yuan@winds.com,Rome,30845
21665,AW00021665,Karl,Jai,S,M,2012-05-21,karl.jai@nappa.com,Rome,59988
21666,AW00021666,Leslie,Jimenez,M,F,2012-05-21,leslie.jimenez@cappo.com,Berlin,32886
21667,AW00021667,Crystal,Zhang,M,F,2012-05-21,crystal.zhang@papers.com,Jakarta,38519
21668,AW00021668,Christina,Rogers,M,F,2012-05-21,christina.rogers@papers.com,Seoul,31092
21669,AW00021669,Jessica,Rodriguez,M,F,2012-05-22,jessica.rodriguez@towels.com,London,27281
21670,AW00021670,Benjamin,Lal,S,M,2012-05-22,benjamin.lal@hostinger.com,Shanghai,37874
21671,AW00021671,Nicolas,Jai,S,M,2012-05-22,nicolas.jai@nappa.com,Rome,58076
21672,AW00021672,Craig,Gomez,S,M,2012-05-22,craig.gomez@towels.com,Moscow,22683
21673,AW00021673,Jésus,Gill,S,M,2012-05-22,jésus.gill@hostinger.com,Seoul,31101
21674,AW00021674,Jada,Morris,M,F,2012-05-23,jada.morris@cappo.com,Seoul,26684
21675,AW00021675,Adriana,Rana,S,F,2012-05-23,adriana.rana@mouse.com,Berlin,25239
21676,AW00021676,Valerie,Guo,S,F,2012-05-23,valerie.guo@nappa.com,Madrid,12153
21677,AW00021677,Cedric,Chander,S,M,2012-05-23,cedric.chander@cappo.com,Madrid,48406
21678,AW00021678,Alvin,Tang,S,M,2012-05-23,alvin.tang@mouse.com,Shanghai,37041
21679,AW00021679,Drew,Yuan,S,M,2012-05-23,drew.yuan@winds.com,Seoul,14729
21680,AW00021680,Ricky,Torres,S,M,2012-05-23,ricky.torres@nappa.com,Istanbul,43511
21681,AW00021681,Casey,Ortega,S,M,2012-05-23,casey.ortega@circles.com,Mumbai,50950
21682,AW00021682,Katrina,Goel,S,F,2012-05-24,katrina.goel@sticks.com,Jakarta,26147
21683,AW00021683,Henry,Suri,S,M,2012-05-24,henry.suri@papers.com,Moscow,42393
21684,AW00021684,Mariah,Bennett,M,F,2012-05-24,mariah.bennett@sticks.com,Seoul,12381
21685,AW00021685,Bailey,Green,S,F,2012-05-24,bailey.green@mouse.com,Bangkok,12551
21686,AW00021686,Albert,Ortega,M,M,2012-05-24,albert.ortega@papers.com,Seoul,20213
21687,AW00021687,Sarah,Brown,S,F,2012-05-24,sarah.brown@circles.com,Paris,32782
21688,AW00021688,Jesse,Morris,S,M,2012-05-24,jesse.morris@nappa.com,Istanbul,27859
21689,AW00021689,Olivia,Simmons,M,F,2012-05-25,olivia.simmons@towels.com,Moscow,38527
21690,AW00021690,Samantha,Thomas,S,F,2012-05-26,samantha.thomas@cappo.com,Seoul,20004
21691,AW00021691,Brandon,Martin,S,M,2012-05-26,brandon.martin@papers.com,Berlin,25056
21692,AW00021692,Savannah,Ward,S,F,2012-05-26,savannah.ward@papers.com,Singapore,47296
21693,AW00021693,Alyssa,Ashe,S,F,2012-05-26,alyssa.ashe@sticks.com,Madrid,20609
21694,AW00021694,Bobby,Sai,S,M,2012-05-26,bobby.sai@circles.com,Istanbul,10620
21695,AW00021695,Ethan,Rodriguez,M,M,2012-05-26,ethan.rodriguez@papers.com,Jakarta,20332
21696,AW00021696,Gabrielle,Watson,M,F,2012-05-26,gabrielle.watson@mouse.com,Delhi,27103
21697,AW00021697,Dalton,Powell,M,M,2012-05-26,dalton.powell@nappa.com,Berlin,11696
21698,AW00021698,Tracy,She,M,F,2012-05-27,tracy.she@papers.com,Singapore,26806
21699,AW00021699,Logan,Sharma,M,M,2012-05-27,logan.sharma@winds.com,Delhi,55667
21700,AW00021700,Juan,Ramirez,M,M,2012-05-27,juan.ramirez@papers.com,Paris,45825
21701,AW00021701,Abigail,Sanders,M,F,2012-05-27,abigail.sanders@towels.com,London,35300
21702,AW00021702,Paige,Gonzales,M,F,2012-05-28,paige.gonzales@cappo.com,Singapore,43939
21703,AW00021703,Paige,Blue,M,F,2012-05-28,paige.blue@mouse.com,Bangkok,12641
21704,AW00021704,Charles,Martinez,M,M,2012-05-28,charles.martinez@circles.com,Moscow,26732
21705,AW00021705,Warren,Sharma,M,M,2012-05-28,warren.sharma@circles.com,Istanbul,12657
21706,AW00021706,Haley,Murphy,M,F,2012-05-28,haley.murphy@winds.com,Madrid,32559
21707,AW00021707,Cassidy,Simmons,M,F,2012-05-28,cassidy.simmons@sticks.com,Istanbul,27634
21708,AW00021708,Andrea,Brooks,M,F,2012-05-29,andrea.brooks@nappa.com,Seoul,52203
21709,AW00021709,Katherine,Torres,S,F,2012-05-29,katherine.torres@circles.com,Rome,56268
21710,AW00021710,Brittany,Gonzales,M,F,2012-05-29,brittany.gonzales@hostinger.com,Rome,10696
21711,AW00021711,Hailey,Gray,S,F,2012-05-29,hailey.gray@cappo.com,Rome,16938
21712,AW00021712,Megan,Ross,M,F,2012-05-29,megan.ross@cappo.com,Jakarta,28653
21713,AW00021713,Jose,Parker,S,M,2012-05-30,jose.parker@fountains.com,Delhi,55519
21714,AW00021714,Carmen,Patel,S,F,2012-05-30,carmen.patel@towels.com,Rome,33785
21715,AW00021715,Jonathan,Ross,M,M,2012-05-30,jonathan.ross@sticks.com,Seoul,34862
21716,AW00021716,Gerald,Sara,M,M,2012-05-30,gerald.sara@towels.com,Shanghai,57035
21717,AW00021717,Angel,King,M,M,2012-05-30,angel.king@circles.com,Tokyo,28239
21718,AW00021718,Devin,Roberts,S,M,2012-05-31,devin.roberts@hostinger.com,Istanbul,11908
21719,AW00021719,Morgan,Torres,S,F,2012-05-31,morgan.torres@winds.com,London,45877
21720,AW00021720,Raul,Jai,S,M,2012-05-31,raul.jai@towels.com,Moscow,16111
21721,AW00021721,Sara,Campbell,S,F,2012-05-31,sara.campbell@mouse.com,Istanbul,22822
21722,AW00021722,Spencer,Wood,M,M,2012-05-31,spencer.wood@nappa.com,Moscow,12868
21723,AW00021723,Tiffany,Huang,M,F,2012-05-31,tiffany.huang@mouse.com,Tokyo,38307
21724,AW00021724,Mandy,Yang,S,F,2012-05-31,mandy.yang@sticks.com,Shanghai,29634
21725,AW00021725,Gabrielle,Cannata,S,F,2012-05-31,gabrielle.cannata@cappo.com,Delhi,36675
21726,AW00021726,Morgan,Hall,S,F,2012-05-31,morgan.hall@hostinger.com,London,59672
21727,AW00021727,Arianna,Flores,M,F,2012-05-31,arianna.flores@papers.com,Madrid,53407
21728,AW00021728,Madison,Harris,S,F,2012-05-31,madison.harris@papers.com,Moscow,36725
21729,AW00021729,Alexandria,Morgan,S,F,2012-06-01,alexandria.morgan@towels.com,Delhi,13233
21730,AW00021730,Noah,Campbell,M,M,2012-06-01,noah.campbell@circles.com,Istanbul,16849
21731,AW00021731,Alexandra,Diaz,M,F,2012-06-01,alexandra.diaz@papers.com,Bangkok,51309
21732,AW00021732,Ian,Johnson,S,M,2012-06-01,ian.johnson@hostinger.com,Jakarta,53799
21733,AW00021733,Ian,Simmons,S,M,2012-06-01,ian.simmons@fountains.com,Istanbul,57199
21734,AW00021734,Grace,Garcia,M,F,2012-06-01,grace.garcia@winds.com,Paris,46269
21735,AW00021735,Grace,Diaz,M,F,2012-06-02,grace.diaz@towels.com,Singapore,54339
21736,AW00021736,Thomas,Thompson,M,M,2012-06-02,thomas.thompson@fountains.com,Jakarta,29321
21737,AW00021737,Timothy,Rivera,S,M,2012-06-02,timothy.rivera@sticks.com,Jakarta,49118
21738,AW00021738,Francis,Alonso,M,M,2012-06-02,francis.alonso@towels.com,Rome,37846
21739,AW00021739,Dale,Rai,S,M,2012-06-02,dale.rai@circles.com,Rome,24302
21740,AW00021740,Taylor,Walker,M,F,2012-06-02,taylor.walker@winds.com,Tokyo,37253
21741,AW00021741,Alexa,Sanders,M,F,2012-06-02,alexa.sanders@fountains.com,Mumbai,21783
21742,AW00021742,Katelyn,Cox,M,F,2012-06-02,katelyn.cox@mouse.com,Seoul,50666
21743,AW00021743,Theresa,Rubio,M,F,2012-06-02,theresa.rubio@winds.com,Berlin,26075
21744,AW00021744,Emma,Perry,M,F,2012-06-02,emma.perry@towels.com,Singapore,15704
21745,AW00021745,Isabel,Foster,S,F,2012-06-02,isabel.foster@hostinger.com,Rome,39535
21746,AW00021746,Xavier,Hernandez,M,M,2012-06-02,xavier.hernandez@papers.com,Tokyo,14601
21747,AW00021747,Derrick,Munoz,M,M,2012-06-03,derrick.munoz@fountains.com,Madrid,46192
21748,AW00021748,Wyatt,Harris,S,M,2012-06-03,wyatt.harris@mouse.com,Delhi,50253
21749,AW00021749,Ashley,Williams,S,F,2012-06-03,ashley.williams@winds.com,Singapore,52272
21750,AW00021750,Carlos,Reed,M,M,2012-06-03,carlos.reed@mouse.com,London,52550
21751,AW00021751,Logan,Jackson,M,M,2012-06-03,logan.jackson@mouse.com,London,18205
21752,AW00021752,Rafael,Li,M,M,2012-06-03,rafael.li@cappo.com,Delhi,41186
21753,AW00021753,Morgan,Robinson,M,F,2012-06-04,morgan.robinson@fountains.com,Madrid,19240
21754,AW00021754,Kaitlyn,Lopez,M,F,2012-06-04,kaitlyn.lopez@winds.com,Mumbai,59941
21755,AW00021755,Lucas,White,M,M,2012-06-04,lucas.white@winds.com,Mumbai,52346
21756,AW00021756,Allison,Carter,M,F,2012-06-04,allison.carter@winds.com,Tokyo,58808
21757,AW00021757,Elijah,Wang,M,M,2012-06-04,elijah.wang@hostinger.com,Shanghai,34445
21758,AW00021758,Patricia,Malhotra,M,F,2012-06-04,patricia.malhotra@papers.com,Rome,11326
21759,AW00021759,Jennifer,Moore,M,F,2012-06-04,jennifer.moore@circles.com,London,13297
21760,AW00021760,Margaret,She,M,F,2012-06-04,margaret.she@fountains.com,Istanbul,12497
21761,AW00021761,Makayla,Sanders,S,F,2012-06-04,makayla.sanders@nappa.com,Madrid,51313
21762,AW00021762,Andrea,Hernandez,M,F,2012-06-05,andrea.hernandez@hostinger.com,Mumbai,58445
21763,AW00021763,Madison,Brown,M,F,2012-06-05,madison.brown@papers.com,Seoul,24210
21764,AW00021764,Nathan,Smith,M,M,2012-06-05,nathan.smith@mouse.com,Seoul,15046
21765,AW00021765,Nathaniel,Kelly,M,M,2012-06-05,nathaniel.kelly@nappa.com,Jakarta,53794
21766,AW00021766,Jesse,Baker,M,M,2012-06-05,jesse.baker@fountains.com,Singapore,49496
21767,AW00021767,Mariah,Ramirez,M,F,2012-06-05,mariah.ramirez@mouse.com,Jakarta,31085
21768,AW00021768,Cole,Watson,S,M,2012-06-05,cole.watson@mouse.com,Seoul,36180
21769,AW00021769,Michele,Rubio,S,F,2012-06-05,michele.rubio@sticks.com,Moscow,39940
21770,AW00021770,Brandon,Thomas,M,M,2012-06-05,brandon.thomas@nappa.com,Jakarta,56792
21771,AW00021771,Sheena,Shen,M,F,2012-06-06,sheena.shen@fountains.com,Seoul,37813
21772,AW00021772,Sarah,Patterson,M,F,2012-06-06,sarah.patterson@towels.com,London,39412
21773,AW00021773,Alyssa,Rogers,M,F,2012-06-06,alyssa.rogers@nappa.com,Istanbul,46020
21774,AW00021774,Brian,James,M,M,2012-06-06,brian.james@nappa.com,Moscow,38089
21775,AW00021775,Sean,Ramirez,S,M,2012-06-07,sean.ramirez@winds.com,Seoul,35531
21776,AW00021776,Daniel,Thompson,M,M,2012-06-07,daniel.thompson@winds.com,Berlin,33980
21777,AW00021777,Emily,Gonzales,M,F,2012-06-07,emily.gonzales@nappa.com,Delhi,49494
21778,AW00021778,Louis,Shen,M,M,2012-06-07,louis.shen@sticks.com,Moscow,25604
21779,AW00021779,Maurice,Black,S,M,2012-06-07,maurice.black@mouse.com,Istanbul,20243
21780,AW00021780,Pedro,Gonzalez,M,M,2012-06-07,pedro.gonzalez@towels.com,Istanbul,29043
21781,AW00021781,Jared,Rivera,M,M,2012-06-07,jared.rivera@winds.com,Moscow,34763
21782,AW00021782,Blake,Martin,S,M,2012-06-07,blake.martin@circles.com,Jakarta,52197
21783,AW00021783,Kate,Goel,S,F,2012-06-07,kate.goel@winds.com,Seoul,47254
21784,AW00021784,Mackenzie,Hernandez,S,F,2012-06-08,mackenzie.hernandez@nappa.com,Tokyo,53383
21785,AW00021785,Tabitha,Rodriguez,S,F,2012-06-08,tabitha.rodriguez@hostinger.com,Paris,30711
21786,AW00021786,Alexis,Bennett,M,F,2012-06-08,alexis.bennett@papers.com,Shanghai,28575
21787,AW00021787,Rebecca,Allen,M,F,2012-06-08,rebecca.allen@winds.com,Paris,41606
21788,AW00021788,Spencer,Barnes,M,M,2012-06-08,spencer.barnes@sticks.com,London,39408
21789,AW00021789,Lauren,Griffin,M,F,2012-06-08,lauren.griffin@circles.com,Jakarta,13728
21790,AW00021790,James,Diaz,M,M,2012-06-09,james.diaz@mouse.com,Istanbul,58710
21791,AW00021791,Richard,Price,M,M,2012-06-09,richard.price@cappo.com,Rome,48454
21792,AW00021792,Cassidy,Butler,M,F,2012-06-09,cassidy.butler@fountains.com,Shanghai,49350
21793,AW00021793,Kaylee,Scott,M,F,2012-06-09,kaylee.scott@mouse.com,Mumbai,32926
21794,AW00021794,Alyssa,James,M,F,2012-06-09,alyssa.james@circles.com,Delhi,22797
21795,AW00021795,Tristan,Bennett,S,M,2012-06-10,tristan.bennett@fountains.com,Seoul,45807
21796,AW00021796,Emma,Ward,M,F,2012-06-10,emma.ward@circles.com,Tokyo,34621
21797,AW00021797,Kelvin,Gao,M,M,2012-06-10,kelvin.gao@circles.com,Mumbai,27163
21798,AW00021798,Jade,Sanders,M,F,2012-06-10,jade.sanders@mouse.com,Rome,19854
21799,AW00021799,Angel,Cook,M,M,2012-06-10,angel.cook@circles.com,Delhi,29182
21800,AW00021800,Heidi,Raman,M,F,2012-06-10,heidi.raman@towels.com,Tokyo,31731
21801,AW00021801,Kaylee,Cooper,M,F,2012-06-10,kaylee.cooper@fountains.com,London,43380
21802,AW00021802,Lucas,Roberts,M,M,2012-06-10,lucas.roberts@hostinger.com,Moscow,52042
21803,AW00021803,Emily,Thomas,M,F,2012-06-10,emily.thomas@cappo.com,Moscow,10365
21804,AW00021804,Brooke,Cook,M,F,2012-06-10,brooke.cook@fountains.com,Madrid,37750
21805,AW00021805,Lucas,Russell,M,M,2012-06-10,lucas.russell@fountains.com,Berlin,17113
21806,AW00021806,Kelvin,Xie,S,M,2012-06-11,kelvin.xie@hostinger.com,Shanghai,32118
21807,AW00021807,Amanda,Campbell,M,F,2012-06-11,amanda.campbell@nappa.com,Rome,36709
21808,AW00021808,Amanda,Green,M,F,2012-06-11,amanda.green@winds.com,Madrid,57127
21809,AW00021809,Sydney,Thompson,M,F,2012-06-11,sydney.thompson@hostinger.com,Berlin,13668
21810,AW00021810,Justin,Miller,M,M,2012-06-11,justin.miller@fountains.com,Seoul,15918
21811,AW00021811,Olivia,Williams,M,F,2012-06-11,olivia.williams@cappo.com,Seoul,21799
21812,AW00021812,Adrian,Bailey,M,M,2012-06-11,adrian.bailey@cappo.com,Istanbul,42263
21813,AW00021813,Dalton,Brown,M,M,2012-06-11,dalton.brown@towels.com,Moscow,43450
21814,AW00021814,Noah,Edwards,M,M,2012-06-11,noah.edwards@papers.com,Moscow,12787
21815,AW00021815,Gabrielle,Green,S,F,2012-06-11,gabrielle.green@circles.com,Paris,22252
21816,AW00021816,Jackson,Roberts,S,M,2012-06-11,jackson.roberts@papers.com,Rome,52402
21817,AW00021817,Jerome,Carlson,M,M,2012-06-11,jerome.carlson@papers.com,Rome,17813
21818,AW00021818,Willie,Chander,M,M,2012-06-11,willie.chander@sticks.com,Istanbul,23544
21819,AW00021819,Chloe,Howard,M,F,2012-06-11,chloe.howard@cappo.com,Singapore,56600
21820,AW00021820,Priscilla,Nath,M,F,2012-06-11,priscilla.nath@winds.com,Rome,13488
21821,AW00021821,Clayton,Tang,S,M,2012-06-11,clayton.tang@mouse.com,Berlin,58350
21822,AW00021822,Gregory,Yuan,S,M,2012-06-12,gregory.yuan@papers.com,Shanghai,10680
21823,AW00021823,Lacey,She,S,F,2012-06-12,lacey.she@circles.com,Istanbul,25577
21824,AW00021824,Warren,She,M,M,2012-06-12,warren.she@circles.com,Paris,52733
21825,AW00021825,Randy,Zhou,M,M,2012-06-12,randy.zhou@towels.com,Tokyo,43413
21826,AW00021826,Abigail,Russell,M,F,2012-06-12,abigail.russell@mouse.com,Tokyo,35549
21827,AW00021827,Mallory,Gutierrez,M,F,2012-06-12,mallory.gutierrez@hostinger.com,Rome,31510
21828,AW00021828,Megan,Gonzales,S,F,2012-06-12,megan.gonzales@towels.com,Jakarta,42597
21829,AW00021829,Carolyn,Rana,M,F,2012-06-12,carolyn.rana@circles.com,Mumbai,25537
21830,AW00021830,Briana,Alonso,M,F,2012-06-12,briana.alonso@fountains.com,Paris,19277
21831,AW00021831,Yolanda,Anand,M,F,2012-06-12,yolanda.anand@sticks.com,Bangkok,14271
21832,AW00021832,Pedro,Gill,M,M,2012-06-13,pedro.gill@hostinger.com,Shanghai,36305
21833,AW00021833,Terrance,Gonzalez,S,M,2012-06-13,terrance.gonzalez@mouse.com,Berlin,49258
21834,AW00021834,Jillian,Mehta,M,F,2012-06-13,jillian.mehta@hostinger.com,Mumbai,18619
21835,AW00021835,Susan,Sun,M,F,2012-06-13,susan.sun@hostinger.com,Delhi,54996
21836,AW00021836,Kristi,Raman,M,F,2012-06-13,kristi.raman@mouse.com,Istanbul,15555
21837,AW00021837,Megan,Alexander,M,F,2012-06-13,megan.alexander@circles.com,Singapore,47778
21838,AW00021838,Gerald,Ruiz,M,M,2012-06-13,gerald.ruiz@winds.com,Bangkok,21643
21839,AW00021839,Billy,Diaz,M,M,2012-06-14,billy.diaz@sticks.com,Paris,45359
21840,AW00021840,Stacey,Ma,M,F,2012-06-14,stacey.ma@circles.com,Istanbul,14572
21841,AW00021841,Lindsay,Nath,M,F,2012-06-14,lindsay.nath@papers.com,Shanghai,25170
21842,AW00021842,Neil,Navarro,M,M,2012-06-14,neil.navarro@circles.com,Berlin,40587
21843,AW00021843,Erica,He,S,F,2012-06-14,erica.he@hostinger.com,Berlin,50113
21844,AW00021844,James,Long,M,M,2012-06-14,james.long@sticks.com,Bangkok,20419
21845,AW00021845,Cameron,Miller,M,M,2012-06-14,cameron.miller@circles.com,Bangkok,42654
21846,AW00021846,Kevin,Patterson,M,M,2012-06-15,kevin.patterson@papers.com,Tokyo,46848
21847,AW00021847,Dominic,Madan,S,M,2012-06-15,dominic.madan@winds.com,Delhi,59311
21848,AW00021848,Jerry,Raje,M,M,2012-06-15,jerry.raje@papers.com,Singapore,22027
21849,AW00021849,Todd,Chow,M,M,2012-06-15,todd.chow@fountains.com,Rome,39427
21850,AW00021850,Bruce,Subram,M,M,2012-06-15,bruce.subram@papers.com,Singapore,56623
21851,AW00021851,Stuart,Railson,M,M,2012-06-15,stuart.railson@winds.com,Bangkok,12606
21852,AW00021852,Eduardo,Johnson,M,M,2012-06-15,eduardo.johnson@sticks.com,Paris,25931
21853,AW00021853,Stacy,Gutierrez,M,F,2012-06-15,stacy.gutierrez@mouse.com,Madrid,39666
21854,AW00021854,Theresa,Schmidt,M,F,2012-06-16,theresa.schmidt@fountains.com,Mumbai,43725
21855,AW00021855,Paula,Martin,M,F,2012-06-16,paula.martin@fountains.com,Mumbai,40156
21856,AW00021856,Emmanuel,Sanchez,M,M,2012-06-16,emmanuel.sanchez@nappa.com,Mumbai,34412
21857,AW00021857,Jay,Dominguez,S,M,2012-06-16,jay.dominguez@papers.com,Moscow,19561
21858,AW00021858,Curtis,Lin,S,M,2012-06-16,curtis.lin@sticks.com,Delhi,26746
21859,AW00021859,Monica,Kim,S,F,2012-06-16,monica.kim@mouse.com,Madrid,45916
21860,AW00021860,Jacquelyn,Gill,M,F,2012-06-17,jacquelyn.gill@winds.com,Jakarta,41745
21861,AW00021861,Kari,Romero,M,F,2012-06-17,kari.romero@nappa.com,Bangkok,50078
21862,AW00021862,Michele,Prasad,M,F,2012-06-17,michele.prasad@towels.com,Shanghai,18053
21863,AW00021863,Shawna,Anand,S,F,2012-06-17,shawna.anand@fountains.com,Rome,23092
21864,AW00021864,Martin,Lopez,S,M,2012-06-17,martin.lopez@hostinger.com,Mumbai,52632
21865,AW00021865,Kathryn,Andersen,M,F,2012-06-17,kathryn.andersen@circles.com,Madrid,36676
21866,AW00021866,Shannon,Zhu,M,F,2012-06-17,shannon.zhu@sticks.com,Shanghai,56629
21867,AW00021867,Michael,Ruggiero,M,M,2012-06-17,michael.ruggiero@fountains.com,Delhi,33826
21868,AW00021868,Aimee,Ma,M,F,2012-06-17,aimee.ma@nappa.com,Rome,24211
21869,AW00021869,Tina,Prasad,M,F,2012-06-18,tina.prasad@mouse.com,Shanghai,37498
21870,AW00021870,Jenny,Raji,M,F,2012-06-18,jenny.raji@hostinger.com,Shanghai,19145
21871,AW00021871,Devin,Adams,S,M,2012-06-18,devin.adams@towels.com,Singapore,46708
21872,AW00021872,Alisha,Lal,S,F,2012-06-18,alisha.lal@mouse.com,Moscow,17789
21873,AW00021873,Kellie,Navarro,M,F,2012-06-18,kellie.navarro@towels.com,Tokyo,47616
21874,AW00021874,Brandi,Suarez,M,F,2012-06-18,brandi.suarez@circles.com,Paris,56631
21875,AW00021875,Cedric,Nara,S,M,2012-06-18,cedric.nara@hostinger.com,Delhi,26290
21876,AW00021876,Philip,Rubio,S,M,2012-06-18,philip.rubio@nappa.com,Seoul,49743
21877,AW00021877,Clarence,Xu,S,M,2012-06-18,clarence.xu@nappa.com,Moscow,26949
21878,AW00021878,Bryant,Rana,M,M,2012-06-18,bryant.rana@hostinger.com,Mumbai,20479
21879,AW00021879,Louis,Ma,S,M,2012-06-18,louis.ma@towels.com,Rome,30551
21880,AW00021880,Marc,Gomez,M,M,2012-06-18,marc.gomez@cappo.com,Paris,36568
21881,AW00021881,Nicole,Lewis,S,F,2012-06-18,nicole.lewis@towels.com,Berlin,51246
21882,AW00021882,Jay,Ramos,S,M,2012-06-19,jay.ramos@mouse.com,Singapore,24087
21883,AW00021883,Patricia,Kapoor,S,F,2012-06-19,patricia.kapoor@circles.com,Istanbul,32126
21884,AW00021884,Tabitha,Gutierrez,M,F,2012-06-20,tabitha.gutierrez@sticks.com,Istanbul,18100
21885,AW00021885,Rafael,Xu,S,M,2012-06-20,rafael.xu@hostinger.com,Delhi,36233
21886,AW00021886,Jill,Carlson,S,F,2012-06-20,jill.carlson@fountains.com,Singapore,55883
21887,AW00021887,Ashley,White,M,F,2012-06-20,ashley.white@nappa.com,London,46829
21888,AW00021888,Evan,Edwards,S,M,2012-06-20,evan.edwards@hostinger.com,Paris,22041
21889,AW00021889,Sheila,Navarro,M,F,2012-06-20,sheila.navarro@circles.com,Seoul,19075
21890,AW00021890,Tiffany,Zeng,M,F,2012-06-20,tiffany.zeng@sticks.com,London,10057
21891,AW00021891,Dawn,Nara,M,F,2012-06-20,dawn.nara@sticks.com,Bangkok,17498
21892,AW00021892,Joan,Hernandez,M,F,2012-06-21,joan.hernandez@papers.com,London,46444
21893,AW00021893,Brandi,Hernandez,S,F,2012-06-21,brandi.hernandez@circles.com,Tokyo,46410
21894,AW00021894,David,Li,S,M,2012-06-21,david.li@winds.com,Jakarta,34177
21895,AW00021895,Kaylee,Gonzalez,S,F,2012-06-21,kaylee.gonzalez@towels.com,Rome,35333
21896,AW00021896,Roy,Subram,M,M,2012-06-21,roy.subram@hostinger.com,Bangkok,21228
21897,AW00021897,Francisco,Subram,M,M,2012-06-21,francisco.subram@cappo.com,Paris,43599
21898,AW00021898,Devon,Raji,M,M,2012-06-21,devon.raji@hostinger.com,Paris,16459
21899,AW00021899,Marie,Vazquez,M,F,2012-06-21,marie.vazquez@hostinger.com,Berlin,32555
21900,AW00021900,Robert,Jones,S,M,2012-06-21,robert.jones@cappo.com,Delhi,44590
21901,AW00021901,Elizabeth,Taylor,M,F,2012-06-22,elizabeth.taylor@fountains.com,Shanghai,42756
21902,AW00021902,Natalie,James,S,F,2012-06-22,natalie.james@fountains.com,Paris,32533
21903,AW00021903,Fernando,Jenkins,S,M,2012-06-22,fernando.jenkins@towels.com,Jakarta,27207
21904,AW00021904,Chase,Sandberg,M,M,2012-06-22,chase.sandberg@papers.com,Singapore,14220
21905,AW00021905,Pedro,Hernandez,M,M,2012-06-22,pedro.hernandez@sticks.com,Moscow,30857
21906,AW00021906,Miranda,Simmons,M,F,2012-06-22,miranda.simmons@winds.com,Istanbul,59885
21907,AW00021907,Jordan,Hall,M,F,2012-06-22,jordan.hall@hostinger.com,Shanghai,36452
21908,AW00021908,Isabel,Hayes,M,F,2012-06-23,isabel.hayes@towels.com,Rome,31477
21909,AW00021909,Allison,Ward,M,F,2012-06-23,allison.ward@mouse.com,Madrid,20710
21910,AW00021910,Rebekah,Perez,S,F,2012-06-23,rebekah.perez@towels.com,Seoul,49695
21911,AW00021911,Joan,Ross,S,F,2012-06-23,joan.ross@nappa.com,Tokyo,59326
21912,AW00021912,Colleen,Kumar,S,F,2012-06-24,colleen.kumar@circles.com,Berlin,50973
21913,AW00021913,Arthur,Blanco,S,M,2012-06-24,arthur.blanco@winds.com,Istanbul,18319
21914,AW00021914,Emily,Brown,S,F,2012-06-24,emily.brown@sticks.com,Tokyo,28885
21915,AW00021915,Tristan,Wood,M,M,2012-06-24,tristan.wood@hostinger.com,Seoul,46577
21916,AW00021916,Jesse,Evans,M,M,2012-06-24,jesse.evans@cappo.com,Shanghai,52725
21917,AW00021917,Dalton,Johnson,M,M,2012-06-24,dalton.johnson@fountains.com,Shanghai,31266
21918,AW00021918,Carol,Serrano,S,F,2012-06-24,carol.serrano@circles.com,Moscow,23234
21919,AW00021919,Melissa,Howard,M,F,2012-06-25,melissa.howard@towels.com,Madrid,48443
21920,AW00021920,Destiny,Bennett,M,F,2012-06-25,destiny.bennett@sticks.com,Istanbul,50831
21921,AW00021921,Lucas,Collins,M,M,2012-06-25,lucas.collins@winds.com,Paris,34408
21922,AW00021922,Bailey,Ward,M,F,2012-06-25,bailey.ward@mouse.com,Tokyo,53025
21923,AW00021923,Justin,Williams,M,M,2012-06-25,justin.williams@cappo.com,Shanghai,17781
21924,AW00021924,Eduardo,Cook,M,M,2012-06-25,eduardo.cook@towels.com,Paris,47538
21925,AW00021925,Tabitha,Dominguez,S,F,2012-06-25,tabitha.dominguez@winds.com,Shanghai,19514
21926,AW00021926,Melanie,Henderson,S,F,2012-06-25,melanie.henderson@papers.com,Singapore,55414
21927,AW00021927,Meredith,Browning,S,F,2012-06-26,meredith.browning@towels.com,Mumbai,22107
21928,AW00021928,Karl,Luo,S,M,2012-06-26,karl.luo@hostinger.com,Delhi,18033
21929,AW00021929,Karen,Perry,S,F,2012-06-26,karen.perry@towels.com,London,21019
21930,AW00021930,Marissa,Perry,S,F,2012-06-26,marissa.perry@nappa.com,London,56872
21931,AW00021931,Marcus,Wood,M,M,2012-06-26,marcus.wood@nappa.com,Tokyo,58103
21932,AW00021932,Leonard,Kumar,M,M,2012-06-26,leonard.kumar@circles.com,Moscow,50391
21933,AW00021933,Nicole,Martin,M,F,2012-06-26,nicole.martin@mouse.com,Jakarta,23531
21934,AW00021934,Jennifer,Cox,M,F,2012-06-26,jennifer.cox@sticks.com,Jakarta,11202
21935,AW00021935,Victoria,Simmons,M,F,2012-06-26,victoria.simmons@cappo.com,Delhi,53076
21936,AW00021936,Emma,Reed,M,F,2012-06-26,emma.reed@circles.com,Jakarta,19316
21937,AW00021937,Morgan,Ross,S,F,2012-06-26,morgan.ross@towels.com,Rome,38982
21938,AW00021938,Savannah,Hall,M,F,2012-06-26,savannah.hall@cappo.com,Delhi,16505
21939,AW00021939,Thomas,Roberts,M,M,2012-06-27,thomas.roberts@towels.com,Moscow,41081
21940,AW00021940,Alejandro,Sharma,M,M,2012-06-27,alejandro.sharma@winds.com,Paris,29653
21941,AW00021941,Gail,Moore,S,F,2012-06-27,gail.moore@hostinger.com,Delhi,54581
21942,AW00021942,Julia,Roberts,M,F,2012-06-27,julia.roberts@fountains.com,London,37272
21943,AW00021943,Cindy,Mehta,S,F,2012-06-27,cindy.mehta@sticks.com,Moscow,16917
21944,AW00021944,Daisy,Jiménez,M,F,2012-06-27,daisy.jiménez@hostinger.com,London,32885
21945,AW00021945,Pearlie,Rusek,S,F,2012-06-27,pearlie.rusek@winds.com,Mumbai,33444
21946,AW00021946,Michele,Deng,M,F,2012-06-27,michele.deng@mouse.com,Jakarta,40714
21947,AW00021947,Diane,Romero,M,F,2012-06-27,diane.romero@winds.com,Rome,38426
21948,AW00021948,Ann,Madan,M,F,2012-06-27,ann.madan@papers.com,Bangkok,38615
21949,AW00021949,Clayton,Chavez,S,M,2012-06-27,clayton.chavez@papers.com,Shanghai,59470
21950,AW00021950,Armando,Hernandez,S,M,2012-06-28,armando.hernandez@towels.com,Tokyo,56115
21951,AW00021951,Orlando,Hernandez,S,M,2012-06-28,orlando.hernandez@hostinger.com,Jakarta,41981
21952,AW00021952,Latasha,Vazquez,S,F,2012-06-28,latasha.vazquez@nappa.com,Singapore,25815
21953,AW00021953,Marvin,Vazquez,M,M,2012-06-28,marvin.vazquez@cappo.com,Paris,31281
21954,AW00021954,Yolanda,Andersen,S,F,2012-06-28,yolanda.andersen@hostinger.com,Moscow,43242
21955,AW00021955,Jenny,Ferrier,S,F,2012-06-28,jenny.ferrier@hostinger.com,Moscow,49755
21956,AW00021956,Jay,Kapoor,S,M,2012-06-28,jay.kapoor@nappa.com,Moscow,59551
21957,AW00021957,Kathryn,Shen,M,F,2012-06-28,kathryn.shen@papers.com,Shanghai,31934
21958,AW00021958,Mallory,Blanco,S,F,2012-06-29,mallory.blanco@papers.com,Tokyo,16499
21959,AW00021959,Jimmy,Dominguez,M,M,2012-06-29,jimmy.dominguez@papers.com,Berlin,58670
21960,AW00021960,Dawn,Liu,M,F,2012-06-29,dawn.liu@nappa.com,Berlin,11033
21961,AW00021961,Chelsea,Garcia,M,F,2012-06-29,chelsea.garcia@papers.com,Rome,51972
21962,AW00021962,Kristi,Smith,S,F,2012-06-29,kristi.smith@mouse.com,Moscow,30937
21963,AW00021963,Jacquelyn,Serrano,M,F,2012-06-29,jacquelyn.serrano@cappo.com,Madrid,12918
21964,AW00021964,Devon,Nara,M,M,2012-06-29,devon.nara@circles.com,Delhi,27208
21965,AW00021965,Bethany,Raheem,M,F,2012-06-29,bethany.raheem@fountains.com,Bangkok,48505
21966,AW00021966,Ross,Sai,M,M,2012-06-29,ross.sai@towels.com,Paris,58935
21967,AW00021967,Charles,Sanders,M,M,2012-06-29,charles.sanders@cappo.com,Shanghai,33952
21968,AW00021968,Jaime,Deng,S,M,2012-06-29,jaime.deng@cappo.com,Rome,19058
21969,AW00021969,Latoya,Deng,S,F,2012-06-30,latoya.deng@sticks.com,Madrid,26827
21970,AW00021970,Jada,Rivera,S,F,2012-06-30,jada.rivera@winds.com,Mumbai,50790
21971,AW00021971,Warren,Shan,M,M,2012-06-30,warren.shan@mouse.com,London,46943
21972,AW00021972,Mandy,She,M,F,2012-06-30,mandy.she@sticks.com,Shanghai,20525
21973,AW00021973,Janet,Vazquez,M,F,2012-06-30,janet.vazquez@mouse.com,Bangkok,37600
21974,AW00021974,Whitney,Suri,S,F,2012-06-30,whitney.suri@hostinger.com,Mumbai,46349
21975,AW00021975,Alfredo,Ruiz,M,M,2012-06-30,alfredo.ruiz@hostinger.com,Istanbul,27125
21976,AW00021976,Jacqueline,Torres,S,F,2012-07-01,jacqueline.torres@cappo.com,London,39937
21977,AW00021977,Phillip,Malhotra,S,M,2012-07-01,phillip.malhotra@cappo.com,Paris,28388
21978,AW00021978,Tracy,Deng,M,F,2012-07-01,tracy.deng@cappo.com,Jakarta,57532
21979,AW00021979,Philip,Gutierrez,M,M,2012-07-01,philip.gutierrez@winds.com,Moscow,37378
21980,AW00021980,Beth,Moreno,S,F,2012-07-01,beth.moreno@sticks.com,Mumbai,40611
21981,AW00021981,Isabella,Henderson,M,F,2012-07-01,isabella.henderson@cappo.com,Bangkok,20427
21982,AW00021982,Deborah,Lal,M,F,2012-07-01,deborah.lal@winds.com,Singapore,31304
21983,AW00021983,Glenn,Liang,M,M,2012-07-02,glenn.liang@sticks.com,Berlin,10018
21984,AW00021984,Kristy,Suarez,S,F,2012-07-02,kristy.suarez@towels.com,Mumbai,44439
21985,AW00021985,Eddie,Torres,M,M,2012-07-02,eddie.torres@sticks.com,Moscow,40259
21986,AW00021986,Kristi,Chapman,S,F,2012-07-02,kristi.chapman@towels.com,Shanghai,29165
21987,AW00021987,Theodore,Dominguez,S,M,2012-07-02,theodore.dominguez@nappa.com,Istanbul,58444
21988,AW00021988,Alisha,Zhao,M,F,2012-07-02,alisha.zhao@hostinger.com,London,29058
21989,AW00021989,Erik,Jimenez,M,M,2012-07-02,erik.jimenez@papers.com,Tokyo,45365
21990,AW00021990,Alejandro,Rai,S,M,2012-07-03,alejandro.rai@nappa.com,Delhi,18147
21991,AW00021991,Teresa,Gill,M,F,2012-07-03,teresa.gill@circles.com,Tokyo,32628
21992,AW00021992,Alejandro,Zhang,S,M,2012-07-03,alejandro.zhang@towels.com,Seoul,17301
21993,AW00021993,Craig,Sanz,M,M,2012-07-03,craig.sanz@winds.com,Delhi,42695
21994,AW00021994,Natasha,Ruiz,S,F,2012-07-03,natasha.ruiz@papers.com,Shanghai,34409
21995,AW00021995,Kathryn,Raji,S,F,2012-07-03,kathryn.raji@hostinger.com,Jakarta,15839
21996,AW00021996,Amy,Gao,M,F,2012-07-03,amy.gao@winds.com,Rome,36549
21997,AW00021997,Dennis,Xu,M,M,2012-07-03,dennis.xu@mouse.com,Tokyo,20861
21998,AW00021998,Erik,Hernandez,M,M,2012-07-03,erik.hernandez@papers.com,Paris,22059
21999,AW00021999,Julia,Barnes,M,F,2012-07-03,julia.barnes@hostinger.com,Bangkok,28495
22000,AW00022000,Cynthia,Chandra,M,F,2012-07-04,cynthia.chandra@mouse.com,Moscow,27887
22001,AW00022001,Gregory,Chander,S,M,2012-07-04,gregory.chander@winds.com,Jakarta,19829
22002,AW00022002,Kristen,Chen,M,F,2012-07-04,kristen.chen@fountains.com,Singapore,58645
22003,AW00022003,Jill,Navarro,M,F,2012-07-04,jill.navarro@cappo.com,Madrid,18796
22004,AW00022004,Meghan,Ortega,M,F,2012-07-04,meghan.ortega@fountains.com,Rome,22132
22005,AW00022005,Pamela,Mehta,M,F,2012-07-04,pamela.mehta@mouse.com,Seoul,19423
22006,AW00022006,Jon,Nara,M,M,2012-07-04,jon.nara@winds.com,Singapore,13224
22007,AW00022007,Kaylee,Hernandez,S,F,2012-07-04,kaylee.hernandez@circles.com,Rome,21748
22008,AW00022008,Alisha,Ye,S,F,2012-07-05,alisha.ye@hostinger.com,Istanbul,13857
22009,AW00022009,Ross,Alvarez,S,M,2012-07-05,ross.alvarez@mouse.com,Istanbul,55925
22010,AW00022010,Henry,Lopez,S,M,2012-07-05,henry.lopez@nappa.com,Berlin,11291
22011,AW00022011,Richard,Patterson,S,M,2012-07-05,richard.patterson@hostinger.com,Berlin,31381
22012,AW00022012,Regina,Malhotra,S,F,2012-07-05,regina.malhotra@mouse.com,Delhi,45707
22013,AW00022013,Marcus,Jenkins,S,M,2012-07-05,marcus.jenkins@cappo.com,Moscow,15329
22014,AW00022014,Jose,Gonzales,S,M,2012-07-06,jose.gonzales@hostinger.com,Mumbai,55774
22015,AW00022015,Mary,Turner,M,F,2012-07-06,mary.turner@nappa.com,Berlin,55715
22016,AW00022016,Terrence,Andersen,S,M,2012-07-06,terrence.andersen@cappo.com,Delhi,22284
22017,AW00022017,Sharon,She,M,F,2012-07-06,sharon.she@circles.com,Tokyo,52074
22018,AW00022018,Todd,Sun,M,M,2012-07-06,todd.sun@sticks.com,Rome,40204
22019,AW00022019,Rachel,Bryant,M,F,2012-07-06,rachel.bryant@hostinger.com,Singapore,24104
22020,AW00022020,Jaime,Shan,M,M,2012-07-07,jaime.shan@winds.com,Seoul,12071
22021,AW00022021,Ethan,White,S,M,2012-07-07,ethan.white@papers.com,Moscow,42955
22022,AW00022022,Christopher,Davis,S,M,2012-07-07,christopher.davis@hostinger.com,Paris,39999
22023,AW00022023,Rafael,Chen,S,M,2012-07-07,rafael.chen@papers.com,Singapore,18805
22024,AW00022024,Samuel,Chen,S,M,2012-07-07,samuel.chen@cappo.com,Paris,49602
22025,AW00022025,Riley,Peterson,S,F,2012-07-07,riley.peterson@nappa.com,Istanbul,13882
22026,AW00022026,Bridget,Kennedy,M,F,2012-07-07,bridget.kennedy@towels.com,Shanghai,50432
22027,AW00022027,Franklin,Luo,S,M,2012-07-07,franklin.luo@winds.com,Rome,55559
22028,AW00022028,Jodi,Shen,M,F,2012-07-08,jodi.shen@nappa.com,Moscow,34556
22029,AW00022029,Laura,Gao,M,F,2012-07-08,laura.gao@cappo.com,Rome,37598
22030,AW00022030,Barbara,Shen,M,F,2012-07-08,barbara.shen@winds.com,Jakarta,28041
22031,AW00022031,Jorge,Cai,M,M,2012-07-08,jorge.cai@hostinger.com,Madrid,11224
22032,AW00022032,Ivan,Fernandez,M,M,2012-07-08,ivan.fernandez@papers.com,Madrid,48309
22033,AW00022033,Marshall,Zhao,S,M,2012-07-08,marshall.zhao@papers.com,Rome,33241
22034,AW00022034,Seth,Clark,M,M,2012-07-09,seth.clark@hostinger.com,Seoul,53188
22035,AW00022035,Ryan,Wilson,M,M,2012-07-09,ryan.wilson@sticks.com,Berlin,55922
22036,AW00022036,Gabriella,Hall,S,F,2012-07-09,gabriella.hall@mouse.com,Shanghai,54771
22037,AW00022037,Angela,Gonzales,M,F,2012-07-09,angela.gonzales@cappo.com,Tokyo,20016
22038,AW00022038,Isabella,Jackson,S,F,2012-07-09,isabella.jackson@circles.com,Mumbai,54203
22039,AW00022039,Marissa,Simmons,S,F,2012-07-10,marissa.simmons@sticks.com,Paris,22299
22040,AW00022040,Devin,Brown,M,M,2012-07-10,devin.brown@papers.com,Singapore,41248
22041,AW00022041,Paige,Morris,S,F,2012-07-10,paige.morris@hostinger.com,Rome,46096
22042,AW00022042,Abigail,Bryant,M,F,2012-07-10,abigail.bryant@mouse.com,Madrid,16052
22043,AW00022043,Trinity,Cox,S,F,2012-07-10,trinity.cox@papers.com,Seoul,57943
22044,AW00022044,Connor,Young,S,M,2012-07-10,connor.young@towels.com,Tokyo,26609
22045,AW00022045,Cameron,Chen,S,M,2012-07-11,cameron.chen@mouse.com,Shanghai,49575
22046,AW00022046,Jasmine,Sanders,S,F,2012-07-11,jasmine.sanders@sticks.com,Paris,20472
22047,AW00022047,David,Gonzales,M,M,2012-07-11,david.gonzales@hostinger.com,Seoul,54897
22048,AW00022048,Grace,Washington,M,F,2012-07-11,grace.washington@sticks.com,Seoul,14623
22049,AW00022049,Allen,Patel,S,M,2012-07-11,allen.patel@sticks.com,Tokyo,59439
22050,AW00022050,Richard,Bailey,S,M,2012-07-12,richard.bailey@hostinger.com,Shanghai,53199
22051,AW00022051,Lauren,Rogers,S,F,2012-07-12,lauren.rogers@mouse.com,London,13482
22052,AW00022052,Zachary,Butler,M,M,2012-07-12,zachary.butler@nappa.com,Singapore,40954
22053,AW00022053,Jaime,Goel,S,M,2012-07-12,jaime.goel@fountains.com,Moscow,11491
22054,AW00022054,Russell,Raji,S,M,2012-07-12,russell.raji@cappo.com,Shanghai,24799
22055,AW00022055,Hannah,Clark,M,F,2012-07-12,hannah.clark@cappo.com,Paris,44667
22056,AW00022056,Alex,Howard,M,M,2012-07-12,alex.howard@winds.com,London,54693
22057,AW00022057,Kyle,Ross,S,M,2012-07-12,kyle.ross@cappo.com,Rome,40449
22058,AW00022058,Jake,Zukowski,S,M,2012-07-12,jake.zukowski@sticks.com,Bangkok,40747
22059,AW00022059,Jonathan,Johnson,M,M,2012-07-12,jonathan.johnson@towels.com,Bangkok,23569
22060,AW00022060,Evan,Hill,M,M,2012-07-13,evan.hill@nappa.com,Seoul,19421
22061,AW00022061,Jenny,Goel,S,F,2012-07-13,jenny.goel@winds.com,Madrid,12966
22062,AW00022062,Cameron,Flores,S,M,2012-07-13,cameron.flores@towels.com,Mumbai,49892
22063,AW00022063,Joanna,Suarez,M,F,2012-07-13,joanna.suarez@nappa.com,Istanbul,31942
22064,AW00022064,Lawrence,Carlson,M,M,2012-07-13,lawrence.carlson@winds.com,Delhi,54892
22065,AW00022065,Roy,Martin,M,M,2012-07-13,roy.martin@mouse.com,Berlin,59620
22066,AW00022066,Paula,Munoz,M,F,2012-07-13,paula.munoz@winds.com,Singapore,43270
22067,AW00022067,Julia,Jackson,M,F,2012-07-13,julia.jackson@hostinger.com,London,48176
22068,AW00022068,Sean,James,S,M,2012-07-13,sean.james@winds.com,Moscow,44503
22069,AW00022069,Bailey,Reed,S,F,2012-07-13,bailey.reed@towels.com,Jakarta,28199
22070,AW00022070,Eduardo,Brown,M,M,2012-07-13,eduardo.brown@papers.com,Rome,38368
22071,AW00022071,Gabriel,Carter,S,M,2012-07-13,gabriel.carter@cappo.com,London,12993
22072,AW00022072,Devin,Russell,S,M,2012-07-13,devin.russell@cappo.com,Paris,22750
22073,AW00022073,Timothy,Sanders,M,M,2012-07-13,timothy.sanders@winds.com,Bangkok,19560
22074,AW00022074,Richard,Washington,S,M,2012-07-13,richard.washington@circles.com,Mumbai,28880
22075,AW00022075,Pedro,Patel,M,M,2012-07-14,pedro.patel@papers.com,London,13215
22076,AW00022076,Nelson,Vazquez,M,M,2012-07-14,nelson.vazquez@winds.com,Bangkok,53460
22077,AW00022077,Marvin,Rubio,M,M,2012-07-14,marvin.rubio@circles.com,Moscow,35440
22078,AW00022078,William,Martin,M,M,2012-07-14,william.martin@towels.com,Jakarta,57460
22079,AW00022079,Katherine,Perez,M,F,2012-07-14,katherine.perez@towels.com,Jakarta,14293
22080,AW00022080,Caitlin,Sanchez,M,F,2012-07-14,caitlin.sanchez@nappa.com,Madrid,39115
22081,AW00022081,Olivia,Clark,M,F,2012-07-14,olivia.clark@towels.com,Istanbul,20038
22082,AW00022082,Lucas,Barnes,S,M,2012-07-14,lucas.barnes@nappa.com,Seoul,50092
22083,AW00022083,David,Flores,M,M,2012-07-15,david.flores@mouse.com,Delhi,16684
22084,AW00022084,Francis,Gomez,M,M,2012-07-15,francis.gomez@nappa.com,Tokyo,35022
22085,AW00022085,Toni,Mehta,M,F,2012-07-15,toni.mehta@hostinger.com,Delhi,19276
22086,AW00022086,Chelsea,Sanchez,M,F,2012-07-15,chelsea.sanchez@towels.com,Shanghai,17827
22087,AW00022087,Joan,Coleman,M,F,2012-07-15,joan.coleman@hostinger.com,London,23828
22088,AW00022088,Hannah,Diaz,M,F,2012-07-15,hannah.diaz@cappo.com,London,54311
22089,AW00022089,Mason,Gray,M,M,2012-07-15,mason.gray@cappo.com,Istanbul,26049
22090,AW00022090,Alexandra,Miller,M,F,2012-07-15,alexandra.miller@circles.com,Delhi,48416
22091,AW00022091,Kayla,Griffin,M,F,2012-07-15,kayla.griffin@papers.com,Moscow,54882
22092,AW00022092,Andrea,Young,M,F,2012-07-16,andrea.young@fountains.com,Singapore,43796
22093,AW00022093,Sydney,Baker,M,F,2012-07-16,sydney.baker@fountains.com,Bangkok,55013
22094,AW00022094,Jared,Watson,M,M,2012-07-16,jared.watson@papers.com,Singapore,36923
22095,AW00022095,Brandon,Perry,S,M,2012-07-16,brandon.perry@winds.com,London,36847
22096,AW00022096,Bryce,Cooper,S,M,2012-07-16,bryce.cooper@circles.com,Madrid,26673
22097,AW00022097,David,Anderson,M,M,2012-07-16,david.anderson@circles.com,Delhi,14330
22098,AW00022098,Katherine,Brooks,S,F,2012-07-16,katherine.brooks@circles.com,Shanghai,44179
22099,AW00022099,Joel,Schmidt,M,M,2012-07-16,joel.schmidt@towels.com,Mumbai,29226
22100,AW00022100,Fernando,Hall,M,M,2012-07-16,fernando.hall@cappo.com,Seoul,29302
22101,AW00022101,Carol,White,S,F,2012-07-16,carol.white@cappo.com,Paris,12069
22102,AW00022102,Eduardo,Cox,M,M,2012-07-17,eduardo.cox@hostinger.com,Bangkok,58684
22103,AW00022103,Alexandra,Hernandez,M,F,2012-07-17,alexandra.hernandez@fountains.com,Istanbul,26965
22104,AW00022104,Richard,Adams,S,M,2012-07-17,richard.adams@sticks.com,Rome,51126
22105,AW00022105,Taylor,Cooper,M,F,2012-07-17,taylor.cooper@mouse.com,Tokyo,21435
22106,AW00022106,Olivia,Long,M,F,2012-07-17,olivia.long@fountains.com,London,40773
22107,AW00022107,Michael,Jones,S,M,2012-07-17,michael.jones@papers.com,Bangkok,18370
22108,AW00022108,Eduardo,Powell,S,M,2012-07-17,eduardo.powell@mouse.com,Paris,53089
22109,AW00022109,Jonathan,Mitchell,M,M,2012-07-18,jonathan.mitchell@hostinger.com,Tokyo,33307
22110,AW00022110,Eduardo,King,M,M,2012-07-18,eduardo.king@fountains.com,Singapore,16794
22111,AW00022111,Gabriella,King,M,F,2012-07-18,gabriella.king@winds.com,Delhi,15180
22112,AW00022112,Paige,Reed,M,F,2012-07-18,paige.reed@sticks.com,Tokyo,19275
22113,AW00022113,Katherine,Garcia,S,F,2012-07-18,katherine.garcia@hostinger.com,Mumbai,39454
22114,AW00022114,Lucas,Martin,M,M,2012-07-18,lucas.martin@sticks.com,Singapore,45125
22115,AW00022115,Dalton,Rogers,M,M,2012-07-18,dalton.rogers@papers.com,Mumbai,46417
22116,AW00022116,Robert,Lopez,S,M,2012-07-18,robert.lopez@papers.com,Jakarta,33506
22117,AW00022117,Sydney,Perez,M,F,2012-07-18,sydney.perez@circles.com,Madrid,49771
22118,AW00022118,Jennifer,Parker,S,F,2012-07-18,jennifer.parker@nappa.com,Istanbul,50319
22119,AW00022119,Hailey,Flores,M,F,2012-07-18,hailey.flores@hostinger.com,Shanghai,42594
22120,AW00022120,Jennifer,Perry,M,F,2012-07-18,jennifer.perry@cappo.com,Rome,34882
22121,AW00022121,Jackson,Henderson,M,M,2012-07-18,jackson.henderson@hostinger.com,London,51158
22122,AW00022122,Rachel,Butler,M,F,2012-07-18,rachel.butler@mouse.com,Seoul,53186
22123,AW00022123,Isabella,Bailey,S,F,2012-07-18,isabella.bailey@papers.com,Delhi,58430
22124,AW00022124,Desiree,Alonso,M,F,2012-07-18,desiree.alonso@circles.com,Istanbul,29871
22125,AW00022125,Zachary,Garcia,M,M,2012-07-19,zachary.garcia@fountains.com,Mumbai,55794
22126,AW00022126,Rachel,Ward,M,F,2012-07-19,rachel.ward@hostinger.com,Berlin,25896
22127,AW00022127,Marcus,Thompson,M,M,2012-07-19,marcus.thompson@papers.com,Delhi,52634
22128,AW00022128,Melissa,Perry,M,F,2012-07-19,melissa.perry@mouse.com,Shanghai,44932
22129,AW00022129,Chloe,Hall,M,F,2012-07-19,chloe.hall@fountains.com,Moscow,41916
22130,AW00022130,Xavier,Bryant,M,M,2012-07-19,xavier.bryant@papers.com,London,44084
22131,AW00022131,Jessica,Cook,M,F,2012-07-19,jessica.cook@hostinger.com,Delhi,51764
22132,AW00022132,Rachael,Mehta,M,F,2012-07-19,rachael.mehta@circles.com,Delhi,21481
22133,AW00022133,Xavier,Adams,M,M,2012-07-19,xavier.adams@fountains.com,Delhi,23400
22134,AW00022134,Leonard,Raji,M,M,2012-07-19,leonard.raji@papers.com,Madrid,12391
22135,AW00022135,Julia,Hernandez,M,F,2012-07-19,julia.hernandez@fountains.com,Berlin,37765
22136,AW00022136,Devin,Evans,M,M,2012-07-19,devin.evans@hostinger.com,Paris,24646
22137,AW00022137,Elizabeth,Griffin,M,F,2012-07-19,elizabeth.griffin@fountains.com,Bangkok,53781
22138,AW00022138,Alexandra,Brooks,M,F,2012-07-19,alexandra.brooks@hostinger.com,Shanghai,18838
22139,AW00022139,Jaime,Pal,M,M,2012-07-19,jaime.pal@towels.com,Shanghai,12943
22140,AW00022140,Makayla,Sanchez,M,F,2012-07-20,makayla.sanchez@towels.com,Seoul,13644
22141,AW00022141,Jesse,Carter,M,M,2012-07-20,jesse.carter@winds.com,Rome,25546
22142,AW00022142,Nelson,Alonso,M,M,2012-07-20,nelson.alonso@circles.com,Shanghai,58887
22143,AW00022143,Summer,Prasad,M,F,2012-07-20,summer.prasad@mouse.com,Mumbai,22101
22144,AW00022144,Zachary,Wang,M,M,2012-07-20,zachary.wang@papers.com,Madrid,57567
22145,AW00022145,Eduardo,Kelly,M,M,2012-07-20,eduardo.kelly@sticks.com,Moscow,31322
22146,AW00022146,Benjamin,Chen,S,M,2012-07-20,benjamin.chen@nappa.com,Mumbai,11229
22147,AW00022147,Brett,Kapoor,M,M,2012-07-20,brett.kapoor@hostinger.com,Moscow,57095
22148,AW00022148,Candace,Prasad,M,F,2012-07-20,candace.prasad@towels.com,Delhi,33088
22149,AW00022149,Gregory,Shen,M,M,2012-07-20,gregory.shen@circles.com,Bangkok,15110
22150,AW00022150,Damien,Liang,M,M,2012-07-20,damien.liang@cappo.com,Delhi,27691
22151,AW00022151,Neil,Jimenez,M,M,2012-07-20,neil.jimenez@cappo.com,London,46965
22152,AW00022152,Marcus,King,M,M,2012-07-21,marcus.king@hostinger.com,Istanbul,18168
22153,AW00022153,Alyssa,Kelly,M,F,2012-07-21,alyssa.kelly@papers.com,Delhi,21671
22154,AW00022154,Yolanda,Yuan,S,F,2012-07-21,yolanda.yuan@circles.com,Bangkok,14117
22155,AW00022155,Steve,Cai,M,M,2012-07-21,steve.cai@papers.com,Berlin,51710
22156,AW00022156,Jamie,Zheng,M,F,2012-07-21,jamie.zheng@hostinger.com,Shanghai,53875
22157,AW00022157,Maria,Richardson,S,F,2012-07-21,maria.richardson@fountains.com,Shanghai,40558
22158,AW00022158,Amber,Phillips,S,F,2012-07-21,amber.phillips@circles.com,London,37438
22159,AW00022159,David,Davis,S,M,2012-07-21,david.davis@papers.com,Seoul,39697
22160,AW00022160,Alex,Richardson,S,M,2012-07-22,alex.richardson@towels.com,Madrid,30725
22161,AW00022161,Rachel,Clark,S,F,2012-07-22,rachel.clark@hostinger.com,London,31536
22162,AW00022162,Brad,Yuan,M,M,2012-07-22,brad.yuan@circles.com,Delhi,51093
22163,AW00022163,Morgan,Scott,S,F,2012-07-22,morgan.scott@mouse.com,Delhi,42640
22164,AW00022164,Destiny,Morris,S,F,2012-07-22,destiny.morris@mouse.com,Paris,56348
22165,AW00022165,Aaron,Perez,M,M,2012-07-22,aaron.perez@mouse.com,Shanghai,50702
22166,AW00022166,Katherine,Gray,S,F,2012-07-22,katherine.gray@papers.com,Istanbul,13788
22167,AW00022167,Colleen,Yang,M,F,2012-07-22,colleen.yang@cappo.com,Moscow,22696
22168,AW00022168,Erica,Wang,M,F,2012-07-23,erica.wang@fountains.com,Jakarta,55170
22169,AW00022169,Jenny,Li,M,F,2012-07-23,jenny.li@hostinger.com,Rome,40960
22170,AW00022170,Cynthia,Martinez,M,F,2012-07-23,cynthia.martinez@towels.com,Berlin,21755
22171,AW00022171,Meredith,Gonzalez,M,F,2012-07-23,meredith.gonzalez@sticks.com,London,13375
22172,AW00022172,Cesar,Sara,M,M,2012-07-23,cesar.sara@cappo.com,London,55558
22173,AW00022173,Bianca,Cai,M,F,2012-07-23,bianca.cai@nappa.com,Seoul,21754
22174,AW00022174,Micah,Lu,M,M,2012-07-23,micah.lu@towels.com,Rome,22909
22175,AW00022175,Joy,Dominguez,M,F,2012-07-23,joy.dominguez@hostinger.com,Madrid,12595
22176,AW00022176,Alejandro,Yang,M,M,2012-07-23,alejandro.yang@fountains.com,Shanghai,23717
22177,AW00022177,Meghan,Suarez,M,F,2012-07-24,meghan.suarez@circles.com,Singapore,27754
22178,AW00022178,Jessica,Bell,M,F,2012-07-24,jessica.bell@hostinger.com,Bangkok,49914
22179,AW00022179,Abby,Mehta,M,F,2012-07-24,abby.mehta@fountains.com,Mumbai,52233
22180,AW00022180,Joe,Srini,S,M,2012-07-24,joe.srini@mouse.com,Jakarta,14393
22181,AW00022181,Gary,Romero,S,M,2012-07-24,gary.romero@nappa.com,Berlin,23553
22182,AW00022182,Madeline,Parker,S,F,2012-07-24,madeline.parker@winds.com,London,58896
22183,AW00022183,Benjamin,Jones,M,M,2012-07-24,benjamin.jones@circles.com,Jakarta,20152
22184,AW00022184,Jeremy,Carter,M,M,2012-07-24,jeremy.carter@cappo.com,Madrid,33230
22185,AW00022185,Connor,Henderson,M,M,2012-07-25,connor.henderson@hostinger.com,Madrid,34365
22186,AW00022186,Jonathan,Foster,S,M,2012-07-25,jonathan.foster@winds.com,Madrid,43687
22187,AW00022187,Hannah,Russell,S,F,2012-07-25,hannah.russell@cappo.com,Delhi,40205
22188,AW00022188,Sarah,Barnes,M,F,2012-07-25,sarah.barnes@papers.com,Paris,44697
22189,AW00022189,Linda,Hernandez,M,F,2012-07-25,linda.hernandez@fountains.com,Delhi,15573
22190,AW00022190,Carlos,Richardson,S,M,2012-07-25,carlos.richardson@hostinger.com,Rome,48108
22191,AW00022191,Jack,Adams,S,M,2012-07-25,jack.adams@towels.com,Bangkok,21352
22192,AW00022192,Henry,Zimmerman,S,M,2012-07-25,henry.zimmerman@papers.com,Jakarta,42977
22193,AW00022193,Toni,Garcia,S,F,2012-07-25,toni.garcia@mouse.com,Singapore,16122
22194,AW00022194,Bruce,Sai,S,M,2012-07-25,bruce.sai@cappo.com,Moscow,28371
22195,AW00022195,Philip,Romero,M,M,2012-07-25,philip.romero@towels.com,Delhi,11287
22196,AW00022196,Francis,Romero,S,M,2012-07-25,francis.romero@towels.com,Shanghai,32819
22197,AW00022197,Larry,Dominguez,S,M,2012-07-25,larry.dominguez@circles.com,London,47809
22198,AW00022198,Frank,Hernandez,M,M,2012-07-25,frank.hernandez@towels.com,Tokyo,11270
22199,AW00022199,David,Lee,S,M,2012-07-26,david.lee@sticks.com,Madrid,16867
22200,AW00022200,Martha,Ye,S,F,2012-07-26,martha.ye@winds.com,Istanbul,48841
22201,AW00022201,Lindsey,Luo,M,F,2012-07-26,lindsey.luo@circles.com,Rome,52497
22202,AW00022202,Roberto,Diaz,M,M,2012-07-26,roberto.diaz@hostinger.com,Tokyo,58052
22203,AW00022203,Alisha,Zheng,M,F,2012-07-26,alisha.zheng@towels.com,Paris,16236
22204,AW00022204,Dustin,Xie,M,M,2012-07-26,dustin.xie@papers.com,Rome,50123
22205,AW00022205,Bobby,Saunders,M,M,2012-07-26,bobby.saunders@cappo.com,London,48534
22206,AW00022206,Cynthia,Rodriguez,S,F,2012-07-26,cynthia.rodriguez@towels.com,Rome,21792
22207,AW00022207,Nancy,Sanchez,S,F,2012-07-26,nancy.sanchez@towels.com,Paris,44566
22208,AW00022208,Candice,Liang,M,F,2012-07-26,candice.liang@sticks.com,Tokyo,21094
22209,AW00022209,Cedric,Shen,M,M,2012-07-27,cedric.shen@winds.com,Bangkok,56718
22210,AW00022210,Martha,Yang,M,F,2012-07-27,martha.yang@mouse.com,Mumbai,13699
22211,AW00022211,Richard,Gray,M,M,2012-07-27,richard.gray@fountains.com,London,55278
22212,AW00022212,Kara,Xu,M,F,2012-07-27,kara.xu@nappa.com,Moscow,17549
22213,AW00022213,Jay,Patel,S,M,2012-07-28,jay.patel@cappo.com,Jakarta,17725
22214,AW00022214,Sabrina,Ruiz,M,F,2012-07-28,sabrina.ruiz@papers.com,Moscow,29946
22215,AW00022215,Samuel,Lal,M,M,2012-07-28,samuel.lal@circles.com,Jakarta,35926
22216,AW00022216,Marcus,Howard,S,M,2012-07-28,marcus.howard@circles.com,Istanbul,48102
22217,AW00022217,Dylan,Powell,M,M,2012-07-28,dylan.powell@hostinger.com,Singapore,35115
22218,AW00022218,Christian,Bryant,M,M,2012-07-28,christian.bryant@sticks.com,Paris,22134
22219,AW00022219,Juha-Pekka,Posti,M,F,2012-07-28,juha-pekka.posti@sticks.com,Jakarta,32415
22220,AW00022220,Brandon,Sharma,M,M,2012-07-28,brandon.sharma@sticks.com,Shanghai,44970
22221,AW00022221,Benjamin,Kumar,M,M,2012-07-29,benjamin.kumar@hostinger.com,Istanbul,12888
22222,AW00022222,Angel,Hill,M,M,2012-07-29,angel.hill@circles.com,Rome,29920
22223,AW00022223,Gabrielle,Parker,M,F,2012-07-29,gabrielle.parker@sticks.com,Seoul,17868
22224,AW00022224,Katherine,Alexander,M,F,2012-07-29,katherine.alexander@hostinger.com,Tokyo,56503
22225,AW00022225,Jessica,Murphy,S,F,2012-07-29,jessica.murphy@circles.com,London,58501
22226,AW00022226,Morgan,Sanders,M,F,2012-07-29,morgan.sanders@cappo.com,Tokyo,13350
22227,AW00022227,Barbara,Cai,M,F,2012-07-29,barbara.cai@circles.com,Singapore,53652
22228,AW00022228,Katelyn,Gonzalez,M,F,2012-07-29,katelyn.gonzalez@mouse.com,Berlin,57966
22229,AW00022229,Wyatt,Perry,M,M,2012-07-29,wyatt.perry@towels.com,Tokyo,22194
22230,AW00022230,Jordyn,Bennett,M,F,2012-07-29,jordyn.bennett@towels.com,Seoul,17596
22231,AW00022231,Grace,Brooks,M,F,2012-07-29,grace.brooks@mouse.com,Istanbul,30579
22232,AW00022232,Paige,Brooks,M,F,2012-07-29,paige.brooks@cappo.com,Seoul,10130
22233,AW00022233,Xavier,Martin,M,M,2012-07-30,xavier.martin@sticks.com,Mumbai,33868
22234,AW00022234,Katherine,Gonzalez,M,F,2012-07-30,katherine.gonzalez@fountains.com,Jakarta,42154
22235,AW00022235,Sebastian,Peterson,M,M,2012-07-30,sebastian.peterson@mouse.com,Paris,41855
22236,AW00022236,Jose,Gonzalez,M,M,2012-07-30,jose.gonzalez@mouse.com,London,43285
22237,AW00022237,Angel,Morris,M,M,2012-07-30,angel.morris@cappo.com,Rome,58559
22238,AW00022238,Alex,Murphy,M,M,2012-07-30,alex.murphy@hostinger.com,Madrid,33798
22239,AW00022239,Jesse,Cook,M,M,2012-07-30,jesse.cook@winds.com,Seoul,53665
22240,AW00022240,Miguel,Powell,M,M,2012-07-30,miguel.powell@circles.com,London,31819
22241,AW00022241,Alexandria,Washington,M,F,2012-07-31,alexandria.washington@papers.com,Shanghai,26269
22242,AW00022242,Cameron,Walker,M,M,2012-07-31,cameron.walker@circles.com,Jakarta,40493
22243,AW00022243,Emma,Lewis,M,F,2012-07-31,emma.lewis@cappo.com,Seoul,10496
22244,AW00022244,Shelby,Howard,M,F,2012-07-31,shelby.howard@sticks.com,Rome,26460
22245,AW00022245,Evan,Lopez,S,M,2012-07-31,evan.lopez@sticks.com,Bangkok,21008
22246,AW00022246,Jacqueline,Cox,M,F,2012-07-31,jacqueline.cox@cappo.com,Delhi,36991
22247,AW00022247,Ryan,Williams,M,M,2012-07-31,ryan.williams@circles.com,Moscow,49558
22248,AW00022248,Gary,Ramos,M,M,2012-07-31,gary.ramos@towels.com,Berlin,33704
22249,AW00022249,Kevin,Chen,M,M,2012-07-31,kevin.chen@towels.com,Paris,34171
22250,AW00022250,Michael,Wilson,M,M,2012-07-31,michael.wilson@winds.com,Bangkok,16507
22251,AW00022251,Martha,She,M,F,2012-08-01,martha.she@mouse.com,Paris,35056
22252,AW00022252,Makayla,Brooks,S,F,2012-08-01,makayla.brooks@mouse.com,Seoul,26536
22253,AW00022253,Stephanie,Reed,M,F,2012-08-01,stephanie.reed@hostinger.com,Shanghai,20518
22254,AW00022254,Fernando,Scott,M,M,2012-08-01,fernando.scott@winds.com,Jakarta,42083
22255,AW00022255,Nicole,Rogers,M,F,2012-08-01,nicole.rogers@fountains.com,Mumbai,45266
22256,AW00022256,Edwin,Lu,M,M,2012-08-01,edwin.lu@nappa.com,Rome,15053
22257,AW00022257,Carrie,Romero,M,F,2012-08-02,carrie.romero@winds.com,Singapore,54410
22258,AW00022258,Jessica,Reed,M,F,2012-08-02,jessica.reed@papers.com,Moscow,32485
22259,AW00022259,Dalton,Mitchell,S,M,2012-08-02,dalton.mitchell@cappo.com,London,58882
22260,AW00022260,Courtney,Allen,M,F,2012-08-02,courtney.allen@hostinger.com,Paris,27993
22261,AW00022261,Isaac,Allen,S,M,2012-08-02,isaac.allen@fountains.com,Jakarta,54325
22262,AW00022262,Marcus,Collins,S,M,2012-08-02,marcus.collins@winds.com,Paris,46248
22263,AW00022263,Patrick,Blue,M,M,2012-08-02,patrick.blue@towels.com,Paris,46525
22264,AW00022264,Stephanie,Coleman,S,F,2012-08-03,stephanie.coleman@hostinger.com,Madrid,18414
22265,AW00022265,Jeremiah,Sanchez,M,M,2012-08-03,jeremiah.sanchez@circles.com,Bangkok,50998
22266,AW00022266,Rachel,Sanders,M,F,2012-08-03,rachel.sanders@cappo.com,Mumbai,40509
22267,AW00022267,Brianna,Rodriguez,M,F,2012-08-03,brianna.rodriguez@nappa.com,Shanghai,44880
22268,AW00022268,Alexandra,Barnes,S,F,2012-08-03,alexandra.barnes@winds.com,Berlin,39086
22269,AW00022269,Caleb,Yang,M,M,2012-08-03,caleb.yang@fountains.com,London,40252
22270,AW00022270,Antonio,Gonzales,M,M,2012-08-03,antonio.gonzales@nappa.com,London,36682
22271,AW00022271,Connor,Mitchell,M,M,2012-08-03,connor.mitchell@fountains.com,Seoul,39293
22272,AW00022272,Isabella,Kelly,M,F,2012-08-03,isabella.kelly@papers.com,Istanbul,52695
22273,AW00022273,Patricia,Rodriguez,S,F,2012-08-03,patricia.rodriguez@hostinger.com,Berlin,57005
22274,AW00022274,Adam,Chen,S,M,2012-08-04,adam.chen@sticks.com,Jakarta,34049
22275,AW00022275,Ian,Bailey,S,M,2012-08-04,ian.bailey@hostinger.com,Singapore,41181
22276,AW00022276,Gabriella,Gray,S,F,2012-08-04,gabriella.gray@hostinger.com,Singapore,26145
22277,AW00022277,Arianna,Torres,S,F,2012-08-04,arianna.torres@fountains.com,Rome,34956
22278,AW00022278,Mariah,Gray,S,F,2012-08-04,mariah.gray@winds.com,Berlin,57009
22279,AW00022279,Riley,Kelly,M,F,2012-08-04,riley.kelly@winds.com,Shanghai,20109
22280,AW00022280,Luis,Scott,M,M,2012-08-04,luis.scott@hostinger.com,Moscow,11884
22281,AW00022281,Alexia,Diaz,M,F,2012-08-04,alexia.diaz@towels.com,Delhi,11919
22282,AW00022282,Jonathan,Hughes,S,M,2012-08-04,jonathan.hughes@towels.com,Rome,21894
22283,AW00022283,Eduardo,Davis,S,M,2012-08-05,eduardo.davis@nappa.com,Istanbul,32388
22284,AW00022284,Kristy,Sanz,S,F,2012-08-05,kristy.sanz@nappa.com,Seoul,45841
22285,AW00022285,Meredith,Moreno,M,F,2012-08-05,meredith.moreno@nappa.com,Moscow,24226
22286,AW00022286,Gabriel,Hughes,M,M,2012-08-05,gabriel.hughes@nappa.com,Berlin,55014
22287,AW00022287,Megan,Griffin,S,F,2012-08-05,megan.griffin@winds.com,Mumbai,54622
22288,AW00022288,Isabel,Patterson,S,F,2012-08-05,isabel.patterson@cappo.com,Madrid,57638
22289,AW00022289,Thomas,Long,M,M,2012-08-05,thomas.long@winds.com,Delhi,23869
22290,AW00022290,Jocelyn,Jenkins,M,F,2012-08-06,jocelyn.jenkins@cappo.com,Moscow,47541
22291,AW00022291,Carlos,Morris,M,M,2012-08-06,carlos.morris@hostinger.com,Jakarta,13615
22292,AW00022292,Stacy,Gomez,M,F,2012-08-06,stacy.gomez@papers.com,Moscow,56134
22293,AW00022293,Jasmine,Johnson,M,F,2012-08-06,jasmine.johnson@mouse.com,London,49456
22294,AW00022294,Rachel,Brown,S,F,2012-08-06,rachel.brown@towels.com,Bangkok,31697
22295,AW00022295,Jade,Morgan,S,F,2012-08-06,jade.morgan@nappa.com,Tokyo,27691
22296,AW00022296,Benjamin,Johnson,M,M,2012-08-06,benjamin.johnson@fountains.com,Seoul,35394
22297,AW00022297,Jasmine,Garcia,S,F,2012-08-06,jasmine.garcia@circles.com,Tokyo,58263
22298,AW00022298,Marcus,Williams,S,M,2012-08-06,marcus.williams@circles.com,Jakarta,13313
22299,AW00022299,Richard,Murphy,S,M,2012-08-07,richard.murphy@fountains.com,Paris,55081
22300,AW00022300,Kaitlyn,Price,S,F,2012-08-07,kaitlyn.price@sticks.com,Berlin,45233
22301,AW00022301,Abigail,Rodriguez,M,F,2012-08-07,abigail.rodriguez@circles.com,Delhi,43094
22302,AW00022302,Clayton,Guo,M,M,2012-08-07,clayton.guo@nappa.com,London,20118
22303,AW00022303,Philip,Alonso,S,M,2012-08-08,philip.alonso@fountains.com,Istanbul,48054
22304,AW00022304,Jaime,Vazquez,S,F,2012-08-08,jaime.vazquez@mouse.com,Madrid,16317
22305,AW00022305,Anne,Carlson,S,F,2012-08-08,anne.carlson@cappo.com,Tokyo,15723
22306,AW00022306,Ivan,Kapoor,S,M,2012-08-08,ivan.kapoor@sticks.com,Rome,58623
22307,AW00022307,Sarah,Ross,M,F,2012-08-08,sarah.ross@towels.com,Singapore,13569
22308,AW00022308,Cassandra,Lopez,M,F,2012-08-08,cassandra.lopez@papers.com,Mumbai,49763
22309,AW00022309,Leah,Zhou,M,F,2012-08-08,leah.zhou@nappa.com,Jakarta,15147
22310,AW00022310,Christina,Sanders,S,F,2012-08-08,christina.sanders@circles.com,Jakarta,44425
22311,AW00022311,Bruce,Sara,S,M,2012-08-08,bruce.sara@circles.com,Tokyo,39836
22312,AW00022312,Kristi,Mehta,M,F,2012-08-08,kristi.mehta@sticks.com,Moscow,49287
22313,AW00022313,Jarrod,Martinez,S,M,2012-08-08,jarrod.martinez@papers.com,Shanghai,18059
22314,AW00022314,Brandy,Patel,M,F,2012-08-09,brandy.patel@towels.com,Rome,11701
22315,AW00022315,Darren,Raman,S,M,2012-08-09,darren.raman@nappa.com,Madrid,45956
22316,AW00022316,Deanna,Sara,M,F,2012-08-09,deanna.sara@towels.com,Shanghai,12690
22317,AW00022317,Karla,Nath,S,F,2012-08-09,karla.nath@cappo.com,Seoul,42048
22318,AW00022318,Ramon,Xu,S,M,2012-08-09,ramon.xu@nappa.com,Shanghai,35161
22319,AW00022319,Jorge,Zhou,S,M,2012-08-09,jorge.zhou@sticks.com,Istanbul,29182
22320,AW00022320,Danny,Gill,M,M,2012-08-09,danny.gill@sticks.com,Delhi,49176
22321,AW00022321,Alan,Zeng,S,M,2012-08-09,alan.zeng@nappa.com,Rome,55417
22322,AW00022322,Roger,Zhao,S,M,2012-08-09,roger.zhao@cappo.com,Paris,22594
22323,AW00022323,Erica,Liang,S,F,2012-08-09,erica.liang@winds.com,Bangkok,21415
22324,AW00022324,Kari,Gill,M,F,2012-08-09,kari.gill@papers.com,Bangkok,16543
22325,AW00022325,Noah,Rodriguez,S,M,2012-08-10,noah.rodriguez@cappo.com,Rome,16578
22326,AW00022326,Riley,Howard,S,F,2012-08-10,riley.howard@towels.com,Jakarta,59579
22327,AW00022327,Jake,Cai,S,M,2012-08-10,jake.cai@sticks.com,Berlin,20873
22328,AW00022328,Grace,Anderson,S,F,2012-08-10,grace.anderson@fountains.com,Bangkok,18890
22329,AW00022329,Grace,Peterson,M,F,2012-08-10,grace.peterson@papers.com,London,57851
22330,AW00022330,Jose,Walker,M,M,2012-08-10,jose.walker@fountains.com,Jakarta,24899
22331,AW00022331,Michele,Yuan,M,F,2012-08-10,michele.yuan@nappa.com,Istanbul,42314
22332,AW00022332,Brittany,Bennett,M,F,2012-08-10,brittany.bennett@cappo.com,Moscow,58730
22333,AW00022333,Gabriella,Watson,M,F,2012-08-11,gabriella.watson@sticks.com,Delhi,20773
22334,AW00022334,Juan,Serrano,M,M,2012-08-11,juan.serrano@cappo.com,Bangkok,45768
22335,AW00022335,Anthony,Taylor,M,M,2012-08-11,anthony.taylor@papers.com,Rome,55189
22336,AW00022336,Frank,Moreno,M,M,2012-08-11,frank.moreno@hostinger.com,Delhi,27176
22337,AW00022337,Haley,Jenkins,M,F,2012-08-11,haley.jenkins@winds.com,Paris,45155
22338,AW00022338,Thomas,Russell,M,M,2012-08-11,thomas.russell@papers.com,Moscow,24254
22339,AW00022339,Richard,Nelson,M,M,2012-08-11,richard.nelson@winds.com,Shanghai,35945
22340,AW00022340,Isaac,Young,M,M,2012-08-11,isaac.young@sticks.com,Moscow,14081
22341,AW00022341,Tristan,Washington,M,M,2012-08-11,tristan.washington@fountains.com,Istanbul,46070
22342,AW00022342,Jon,Lal,M,M,2012-08-12,jon.lal@sticks.com,Berlin,12098
22343,AW00022343,Brittany,Powell,M,F,2012-08-12,brittany.powell@sticks.com,Moscow,20702
22344,AW00022344,Krystal,Yang,M,F,2012-08-12,krystal.yang@towels.com,Mumbai,46777
22345,AW00022345,Amanda,James,M,F,2012-08-12,amanda.james@cappo.com,London,22936
22346,AW00022346,Catherine,Howard,M,F,2012-08-12,catherine.howard@circles.com,Delhi,31148
22347,AW00022347,Abigail,Long,M,F,2012-08-12,abigail.long@cappo.com,Jakarta,34604
22348,AW00022348,Zoe,Torres,M,F,2012-08-12,zoe.torres@nappa.com,Singapore,30703
22349,AW00022349,Mason,Morris,M,M,2012-08-12,mason.morris@fountains.com,Tokyo,31585
22350,AW00022350,Riley,Powell,M,F,2012-08-12,riley.powell@towels.com,Singapore,14189
22351,AW00022351,Sarah,Davis,M,F,2012-08-13,sarah.davis@papers.com,Jakarta,32861
22352,AW00022352,Elizabeth,Moore,M,F,2012-08-13,elizabeth.moore@fountains.com,London,54047
22353,AW00022353,Amanda,Allen,M,F,2012-08-13,amanda.allen@winds.com,Rome,29752
22354,AW00022354,Sara,King,M,F,2012-08-13,sara.king@circles.com,Singapore,15727
22355,AW00022355,Logan,Jones,M,M,2012-08-13,logan.jones@nappa.com,Bangkok,16150
22356,AW00022356,Charles,Ward,M,M,2012-08-13,charles.ward@papers.com,Istanbul,17184
22357,AW00022357,Justin,Lal,M,M,2012-08-13,justin.lal@fountains.com,Paris,23314
22358,AW00022358,Sydney,Butler,M,F,2012-08-14,sydney.butler@mouse.com,Singapore,41686
22359,AW00022359,Ethan,Lee,S,M,2012-08-14,ethan.lee@fountains.com,Berlin,57278
22360,AW00022360,Caleb,Collins,S,M,2012-08-14,caleb.collins@towels.com,Jakarta,49943
22361,AW00022361,Nathan,White,M,M,2012-08-14,nathan.white@mouse.com,Paris,22963
22362,AW00022362,Austin,Russell,M,M,2012-08-14,austin.russell@sticks.com,Tokyo,57590
22363,AW00022363,Faith,Diaz,S,F,2012-08-14,faith.diaz@cappo.com,London,20107
22364,AW00022364,Katherine,Jenkins,M,F,2012-08-14,katherine.jenkins@hostinger.com,Jakarta,25093
22365,AW00022365,Sebastian,Richardson,M,M,2012-08-14,sebastian.richardson@winds.com,Delhi,48357
22366,AW00022366,Logan,Henderson,M,M,2012-08-14,logan.henderson@winds.com,Bangkok,18427
22367,AW00022367,Jasmine,Griffin,S,F,2012-08-15,jasmine.griffin@hostinger.com,London,45173
22368,AW00022368,Edward,Ross,S,M,2012-08-15,edward.ross@hostinger.com,Paris,21681
22369,AW00022369,Louis,Deng,M,M,2012-08-15,louis.deng@nappa.com,Bangkok,57522
22370,AW00022370,Carol,Patterson,S,F,2012-08-15,carol.patterson@fountains.com,Paris,50094
22371,AW00022371,Blake,Powell,S,M,2012-08-15,blake.powell@hostinger.com,Paris,15844
22372,AW00022372,Melanie,Perry,S,F,2012-08-15,melanie.perry@papers.com,Delhi,48381
22373,AW00022373,Gabrielle,Bell,S,F,2012-08-15,gabrielle.bell@mouse.com,Bangkok,27694
22374,AW00022374,Luke,Patterson,M,M,2012-08-16,luke.patterson@sticks.com,Moscow,59492
22375,AW00022375,Jasmine,Williams,S,F,2012-08-16,jasmine.williams@mouse.com,Jakarta,22580
22376,AW00022376,Marcus,Martin,S,M,2012-08-16,marcus.martin@mouse.com,Seoul,25441
22377,AW00022377,Roger,Zeng,S,M,2012-08-16,roger.zeng@towels.com,Paris,11409
22378,AW00022378,Rebekah,Malhotra,S,F,2012-08-16,rebekah.malhotra@winds.com,London,24476
22379,AW00022379,Fernando,Hayes,S,M,2012-08-16,fernando.hayes@nappa.com,Delhi,10311
22380,AW00022380,Brendan,Nath,S,M,2012-08-16,brendan.nath@cappo.com,Moscow,59273
22381,AW00022381,Hunter,Patterson,M,M,2012-08-16,hunter.patterson@winds.com,Moscow,15563
22382,AW00022382,Bethany,Xu,S,F,2012-08-16,bethany.xu@circles.com,Paris,20295
22383,AW00022383,Devin,Jenkins,M,M,2012-08-16,devin.jenkins@fountains.com,Shanghai,17134
22384,AW00022384,Paige,Sanchez,S,F,2012-08-17,paige.sanchez@cappo.com,Rome,59933
22385,AW00022385,Misty,Lal,M,F,2012-08-17,misty.lal@fountains.com,Berlin,22859
22386,AW00022386,Jerome,Gill,M,M,2012-08-17,jerome.gill@cappo.com,Delhi,33354
22387,AW00022387,Audrey,Romero,M,F,2012-08-17,audrey.romero@circles.com,Singapore,19062
22388,AW00022388,Bradley,Beck,M,M,2012-08-17,bradley.beck@cappo.com,Istanbul,54112
22389,AW00022389,Edwin,Luo,M,M,2012-08-17,edwin.luo@towels.com,Moscow,31043
22390,AW00022390,Kelvin,Zheng,M,M,2012-08-17,kelvin.zheng@hostinger.com,Tokyo,15099
22391,AW00022391,Angela,Watson,M,F,2012-08-17,angela.watson@circles.com,Jakarta,47076
22392,AW00022392,Bailey,Gray,M,F,2012-08-17,bailey.gray@nappa.com,Singapore,23835
22393,AW00022393,Chelsea,Perez,S,F,2012-08-17,chelsea.perez@towels.com,Moscow,11548
22394,AW00022394,Meagan,Suri,S,F,2012-08-17,meagan.suri@papers.com,Berlin,10289
22395,AW00022395,Jermaine,Patel,S,M,2012-08-18,jermaine.patel@hostinger.com,Mumbai,53947
22396,AW00022396,Rebekah,Patel,S,F,2012-08-18,rebekah.patel@hostinger.com,Madrid,12469
22397,AW00022397,Marie,Patel,M,F,2012-08-18,marie.patel@circles.com,Paris,42729
22398,AW00022398,Sheila,Moreno,M,F,2012-08-19,sheila.moreno@cappo.com,London,51391
22399,AW00022399,Arthur,Fernandez,S,M,2012-08-19,arthur.fernandez@towels.com,Paris,21119
22400,AW00022400,Ruben,Martin,M,M,2012-08-19,ruben.martin@fountains.com,Berlin,35955
22401,AW00022401,Ian,Price,M,M,2012-08-19,ian.price@fountains.com,Jakarta,26536
22402,AW00022402,Clarence,Xie,M,M,2012-08-19,clarence.xie@mouse.com,Istanbul,23330
22403,AW00022403,Cedric,Beck,M,M,2012-08-19,cedric.beck@winds.com,London,11005
22404,AW00022404,Margaret,Xu,S,F,2012-08-20,margaret.xu@hostinger.com,Rome,49601
22405,AW00022405,Leonard,Becker,M,M,2012-08-20,leonard.becker@fountains.com,Moscow,59536
22406,AW00022406,Kelvin,Shen,M,M,2012-08-20,kelvin.shen@cappo.com,Istanbul,23652
22407,AW00022407,Carolyn,Gonzalez,M,F,2012-08-20,carolyn.gonzalez@cappo.com,Madrid,53173
22408,AW00022408,Clarence,Shan,S,M,2012-08-20,clarence.shan@winds.com,Delhi,59901
22409,AW00022409,Candace,Madan,S,F,2012-08-21,candace.madan@hostinger.com,Paris,40918
22410,AW00022410,Cassandra,Arthur,S,F,2012-08-21,cassandra.arthur@winds.com,Jakarta,25723
22411,AW00022411,Amy,He,S,F,2012-08-21,amy.he@towels.com,Tokyo,59741
22412,AW00022412,Drew,Andersen,M,M,2012-08-21,drew.andersen@sticks.com,Madrid,37427
22413,AW00022413,Kristi,Diaz,M,F,2012-08-22,kristi.diaz@hostinger.com,Bangkok,25179
22414,AW00022414,Eugene,Wu,S,M,2012-08-22,eugene.wu@fountains.com,Jakarta,52284
22415,AW00022415,Natalie,Phillips,S,F,2012-08-23,natalie.phillips@towels.com,Seoul,22327
22416,AW00022416,Tabitha,Romero,M,F,2012-08-23,tabitha.romero@fountains.com,Delhi,11090
22417,AW00022417,Shaun,Goel,M,M,2012-08-23,shaun.goel@papers.com,Madrid,16245
22418,AW00022418,Jacob,Smith,M,M,2012-08-23,jacob.smith@cappo.com,Shanghai,19772
22419,AW00022419,Damien,Xu,S,M,2012-08-23,damien.xu@hostinger.com,Singapore,30393
22420,AW00022420,Richard,Moore,S,M,2012-08-23,richard.moore@sticks.com,Paris,40314
22421,AW00022421,Barbara,Sharma,S,F,2012-08-23,barbara.sharma@circles.com,Madrid,38167
22422,AW00022422,Nichole,Black,M,F,2012-08-23,nichole.black@mouse.com,Singapore,17668
22423,AW00022423,Byron,Hernandez,S,M,2012-08-23,byron.hernandez@hostinger.com,Istanbul,42495
22424,AW00022424,Edwin,Rai,S,M,2012-08-23,edwin.rai@sticks.com,Bangkok,37637
22425,AW00022425,Roy,Sullivan,S,M,2012-08-23,roy.sullivan@towels.com,Shanghai,25350
22426,AW00022426,Heather,Zhu,M,F,2012-08-23,heather.zhu@fountains.com,Jakarta,17920
22427,AW00022427,Willie,Sharma,S,M,2012-08-23,willie.sharma@nappa.com,Moscow,24550
22428,AW00022428,Destiny,Smith,S,F,2012-08-24,destiny.smith@towels.com,Madrid,26428
22429,AW00022429,Jesse,Reed,M,M,2012-08-24,jesse.reed@winds.com,Delhi,39899
22430,AW00022430,Brad,Chande,S,M,2012-08-24,brad.chande@circles.com,Singapore,41440
22431,AW00022431,Marie,Dominguez,S,F,2012-08-24,marie.dominguez@nappa.com,Delhi,27144
22432,AW00022432,Bridget,Xie,S,F,2012-08-24,bridget.xie@papers.com,Paris,26781
22433,AW00022433,Miguel,Hill,S,M,2012-08-24,miguel.hill@cappo.com,Rome,41188
22434,AW00022434,Billy,Schmidt,S,M,2012-08-24,billy.schmidt@mouse.com,Mumbai,27966
22435,AW00022435,Ross,Navarro,S,M,2012-08-24,ross.navarro@circles.com,Paris,18595
22436,AW00022436,Roger,Raji,S,M,2012-08-25,roger.raji@papers.com,Moscow,37172
22437,AW00022437,Trisha,Zheng,S,F,2012-08-25,trisha.zheng@towels.com,Moscow,41773
22438,AW00022438,Casey,Jiménez,S,M,2012-08-25,casey.jiménez@towels.com,Paris,28339
22439,AW00022439,Tracy,Raji,M,F,2012-08-25,tracy.raji@fountains.com,Moscow,25514
22440,AW00022440,Robyn,Sanz,S,F,2012-08-25,robyn.sanz@hostinger.com,Mumbai,21389
22441,AW00022441,Andrea,Torres,S,F,2012-08-25,andrea.torres@cappo.com,Delhi,14865
22442,AW00022442,Trisha,Sun,S,F,2012-08-25,trisha.sun@mouse.com,London,28115
22443,AW00022443,Marvin,Suarez,S,M,2012-08-25,marvin.suarez@mouse.com,Delhi,12504
22444,AW00022444,Colin,Xie,S,M,2012-08-25,colin.xie@cappo.com,Seoul,39861
22445,AW00022445,Diane,Suarez,S,F,2012-08-25,diane.suarez@winds.com,Shanghai,37182
22446,AW00022446,Jake,Wu,S,M,2012-08-26,jake.wu@mouse.com,Rome,10035
22447,AW00022447,Tara,Shan,M,F,2012-08-26,tara.shan@mouse.com,London,34497
22448,AW00022448,Cindy,Weber,S,F,2012-08-26,cindy.weber@winds.com,Madrid,29952
22449,AW00022449,Heather,He,M,F,2012-08-26,heather.he@nappa.com,Seoul,50340
22450,AW00022450,Audrey,Alvarez,M,F,2012-08-26,audrey.alvarez@cappo.com,Madrid,57122
22451,AW00022451,Barbara,Rai,S,F,2012-08-26,barbara.rai@towels.com,Delhi,32168
22452,AW00022452,Carly,Deng,S,F,2012-08-26,carly.deng@sticks.com,Paris,22422
22453,AW00022453,Dakota,Long,M,M,2012-08-26,dakota.long@towels.com,Shanghai,49419
22454,AW00022454,Rebekah,Raman,M,F,2012-08-27,rebekah.raman@sticks.com,Rome,37583
22455,AW00022455,Roy,Kapoor,M,M,2012-08-27,roy.kapoor@towels.com,Delhi,16371
22456,AW00022456,Brittney,Guo,S,F,2012-08-27,brittney.guo@mouse.com,Delhi,22071
22457,AW00022457,Kimberly,Cooper,M,F,2012-08-27,kimberly.cooper@mouse.com,Moscow,15403
22458,AW00022458,Kendra,Vazquez,S,F,2012-08-27,kendra.vazquez@papers.com,Seoul,37753
22459,AW00022459,Johnny,Xu,M,M,2012-08-27,johnny.xu@cappo.com,Singapore,23535
22460,AW00022460,Julio,Torres,S,M,2012-08-27,julio.torres@papers.com,Singapore,27135
22461,AW00022461,Arturo,Luo,S,M,2012-08-27,arturo.luo@fountains.com,Paris,40903
22462,AW00022462,Lydia,Chandra,S,F,2012-08-27,lydia.chandra@hostinger.com,Rome,11675
22463,AW00022463,Raymond,Chandra,M,M,2012-08-28,raymond.chandra@winds.com,Rome,28720
22464,AW00022464,Erik,Sanz,M,M,2012-08-28,erik.sanz@fountains.com,Paris,42084
22465,AW00022465,Arturo,Shan,S,M,2012-08-28,arturo.shan@circles.com,Seoul,45374
22466,AW00022466,Raul,Tang,S,M,2012-08-28,raul.tang@cappo.com,Delhi,42217
22467,AW00022467,Neil,Alvarez,S,M,2012-08-28,neil.alvarez@winds.com,Rome,48152
22468,AW00022468,Ruben,Gonzalez,M,M,2012-08-29,ruben.gonzalez@fountains.com,Jakarta,11829
22469,AW00022469,Sabrina,Moreno,M,F,2012-08-29,sabrina.moreno@fountains.com,Singapore,27960
22470,AW00022470,Carly,Tang,M,F,2012-08-29,carly.tang@mouse.com,Berlin,49029
22471,AW00022471,Joel,Martinez,S,M,2012-08-29,joel.martinez@sticks.com,Delhi,32154
22472,AW00022472,Bridget,Sharma,S,F,2012-08-29,bridget.sharma@papers.com,Shanghai,26442
22473,AW00022473,Clifford,Patel,S,M,2012-08-29,clifford.patel@circles.com,Bangkok,36847
22474,AW00022474,Leah,Zhu,S,F,2012-08-30,leah.zhu@cappo.com,Berlin,37449
22475,AW00022475,Heidi,Rana,S,F,2012-08-30,heidi.rana@towels.com,Madrid,33720
22476,AW00022476,Shane,Martinez,S,M,2012-08-30,shane.martinez@nappa.com,Paris,45582
22477,AW00022477,Kevin,Diaz,S,M,2012-08-30,kevin.diaz@circles.com,Jakarta,14058
22478,AW00022478,Carolyn,Browning,S,F,2012-08-30,carolyn.browning@winds.com,Delhi,11052
22479,AW00022479,Tammy,Malhotra,M,F,2012-08-30,tammy.malhotra@towels.com,Bangkok,20024
22480,AW00022480,Abby,Gonzalez,M,F,2012-08-30,abby.gonzalez@winds.com,Bangkok,29473
22481,AW00022481,Erik,Ortega,M,M,2012-08-30,erik.ortega@towels.com,Bangkok,32613
22482,AW00022482,Cassidy,Jenkins,S,F,2012-08-30,cassidy.jenkins@cappo.com,Istanbul,36126
22483,AW00022483,Lee,Ramos,S,M,2012-08-30,lee.ramos@nappa.com,Shanghai,14426
22484,AW00022484,Kristy,Ruiz,S,F,2012-08-30,kristy.ruiz@mouse.com,Seoul,10024
22485,AW00022485,Andy,Suarez,S,M,2012-08-30,andy.suarez@towels.com,Paris,42803
22486,AW00022486,Jimmy,Ruiz,S,M,2012-08-31,jimmy.ruiz@towels.com,Delhi,30294
22487,AW00022487,Jonathon,Gill,S,M,2012-08-31,jonathon.gill@cappo.com,Mumbai,14924
22488,AW00022488,Frederick,Patel,M,M,2012-08-31,frederick.patel@papers.com,Istanbul,50300
22489,AW00022489,Roger,Xie,M,M,2012-08-31,roger.xie@nappa.com,Singapore,14020
22490,AW00022490,Desiree,Vazquez,S,F,2012-08-31,desiree.vazquez@nappa.com,Bangkok,19383
22491,AW00022491,Jerry,Nara,S,M,2012-08-31,jerry.nara@fountains.com,Bangkok,46348
22492,AW00022492,Jorge,She,S,M,2012-09-01,jorge.she@towels.com,Delhi,48747
22493,AW00022493,Dwayne,Sanz,S,M,2012-09-01,dwayne.sanz@towels.com,Istanbul,47279
22494,AW00022494,Jon,Andersen,S,M,2012-09-01,jon.andersen@towels.com,Tokyo,15719
22495,AW00022495,Andy,Serrano,S,M,2012-09-01,andy.serrano@towels.com,Rome,39621
22496,AW00022496,Christina,Brooks,M,F,2012-09-01,christina.brooks@winds.com,Mumbai,12934
22497,AW00022497,Casey,Gomez,S,M,2012-09-01,casey.gomez@nappa.com,Madrid,16233
22498,AW00022498,Pedro,Jimenez,S,M,2012-09-01,pedro.jimenez@mouse.com,Delhi,53151
22499,AW00022499,Dawn,Zhou,M,F,2012-09-01,dawn.zhou@hostinger.com,Paris,12492
22500,AW00022500,Brent,Zhao,S,M,2012-09-01,brent.zhao@towels.com,Moscow,58354
22501,AW00022501,Colin,Ye,S,M,2012-09-01,colin.ye@mouse.com,Seoul,33665
22502,AW00022502,Grace,Miller,S,F,2012-09-02,grace.miller@circles.com,Tokyo,45079
22503,AW00022503,Sandra,Zhao,M,F,2012-09-02,sandra.zhao@winds.com,Delhi,51921
22504,AW00022504,Arturo,Rai,S,M,2012-09-02,arturo.rai@papers.com,Singapore,51358
22505,AW00022505,Julie,Shen,M,F,2012-09-02,julie.shen@hostinger.com,Rome,41297
22506,AW00022506,Brenda,Prasad,S,F,2012-09-02,brenda.prasad@mouse.com,Delhi,20439
22507,AW00022507,Louis,Wang,S,M,2012-09-03,louis.wang@hostinger.com,Madrid,50933
22508,AW00022508,Jon,Huang,M,M,2012-09-03,jon.huang@papers.com,Mumbai,45005
22509,AW00022509,Lacey,Nara,M,F,2012-09-03,lacey.nara@sticks.com,Rome,57179
22510,AW00022510,Lori,Gill,M,F,2012-09-03,lori.gill@circles.com,Rome,14485
22511,AW00022511,Wendy,Suarez,S,F,2012-09-03,wendy.suarez@hostinger.com,London,41333
22512,AW00022512,Meagan,Mehta,S,F,2012-09-03,meagan.mehta@hostinger.com,Madrid,22433
22513,AW00022513,Kenneth,Anand,S,M,2012-09-03,kenneth.anand@mouse.com,Istanbul,50217
22514,AW00022514,Marvin,Johnsen,S,M,2012-09-03,marvin.johnsen@fountains.com,Bangkok,27957
22515,AW00022515,Alexa,Morris,S,F,2012-09-03,alexa.morris@towels.com,Rome,48351
22516,AW00022516,Adrienne,Ortega,S,F,2012-09-04,adrienne.ortega@winds.com,Shanghai,40729
22517,AW00022517,Luis,Adams,S,M,2012-09-04,luis.adams@winds.com,Istanbul,42085
22518,AW00022518,Jillian,Sai,S,F,2012-09-04,jillian.sai@papers.com,Paris,21552
22519,AW00022519,Logan,Hughes,M,M,2012-09-04,logan.hughes@winds.com,Rome,25829
22520,AW00022520,Rodney,Torres,M,M,2012-09-04,rodney.torres@circles.com,Bangkok,11029
22521,AW00022521,Christina,Rivera,S,F,2012-09-04,christina.rivera@sticks.com,Paris,42471
22522,AW00022522,Benjamin,Hayes,S,M,2012-09-04,benjamin.hayes@hostinger.com,Istanbul,13492
22523,AW00022523,Jon,Xu,M,M,2012-09-04,jon.xu@towels.com,Delhi,36151
22524,AW00022524,Michele,Hernandez,M,F,2012-09-04,michele.hernandez@winds.com,Berlin,42874
22525,AW00022525,Julio,Gutierrez,S,M,2012-09-04,julio.gutierrez@fountains.com,Shanghai,31273
22526,AW00022526,Jamie,Moreno,S,M,2012-09-05,jamie.moreno@fountains.com,London,15762
22527,AW00022527,Rachel,Flores,S,F,2012-09-05,rachel.flores@cappo.com,Shanghai,53398
22528,AW00022528,Jaime,Blanco,S,F,2012-09-05,jaime.blanco@mouse.com,Singapore,46448
22529,AW00022529,Ross,Raman,S,M,2012-09-05,ross.raman@circles.com,Moscow,23357
22530,AW00022530,Kelli,Jai,S,F,2012-09-06,kelli.jai@hostinger.com,Seoul,36067
22531,AW00022531,Tiffany,Zhou,S,F,2012-09-06,tiffany.zhou@sticks.com,Berlin,55806
22532,AW00022532,Ryan,Thomas,S,M,2012-09-06,ryan.thomas@circles.com,Shanghai,33836
22533,AW00022533,Jake,Liu,M,M,2012-09-06,jake.liu@sticks.com,Singapore,30096
22534,AW00022534,Suzanne,Liang,S,F,2012-09-06,suzanne.liang@papers.com,Madrid,56915
22535,AW00022535,Rachael,Prasad,M,F,2012-09-06,rachael.prasad@towels.com,Mumbai,17833
22536,AW00022536,Brianna,Rogers,M,F,2012-09-06,brianna.rogers@mouse.com,Delhi,36292
22537,AW00022537,Xavier,Jenkins,S,M,2012-09-06,xavier.jenkins@mouse.com,Paris,37788
22538,AW00022538,Bianca,Wang,S,F,2012-09-06,bianca.wang@papers.com,Paris,31052
22539,AW00022539,Randall,Sanz,S,M,2012-09-06,randall.sanz@papers.com,Paris,31707
22540,AW00022540,Latasha,Ramos,S,F,2012-09-06,latasha.ramos@circles.com,Bangkok,22280
22541,AW00022541,Stefanie,Martinez,S,F,2012-09-06,stefanie.martinez@winds.com,London,17152
22542,AW00022542,Teresa,Alvarez,S,F,2012-09-06,teresa.alvarez@circles.com,London,35608
22543,AW00022543,Jeremy,Campbell,S,M,2012-09-07,jeremy.campbell@circles.com,Rome,25028
22544,AW00022544,Maria,Evans,M,F,2012-09-07,maria.evans@papers.com,London,15971
22545,AW00022545,Brittany,Bryant,M,F,2012-09-07,brittany.bryant@circles.com,Mumbai,55495
22546,AW00022546,Nicholas,Jones,M,M,2012-09-07,nicholas.jones@hostinger.com,Delhi,42609
22547,AW00022547,Elijah,Flores,S,M,2012-09-07,elijah.flores@sticks.com,Mumbai,48765
22548,AW00022548,Angela,Brooks,M,F,2012-09-07,angela.brooks@sticks.com,Paris,52515
22549,AW00022549,Isabel,Russell,M,F,2012-09-07,isabel.russell@towels.com,Paris,21416
22550,AW00022550,Kristopher,Rana,M,M,2012-09-07,kristopher.rana@hostinger.com,Shanghai,27929
22551,AW00022551,Andy,Rubio,S,M,2012-09-07,andy.rubio@papers.com,Jakarta,31598
22552,AW00022552,Andrea,Rusko,S,F,2012-09-08,andrea.rusko@winds.com,Paris,19511
22553,AW00022553,Melinda,Vazquez,M,F,2012-09-08,melinda.vazquez@hostinger.com,Berlin,27534
22554,AW00022554,Gilbert,Xu,M,M,2012-09-08,gilbert.xu@mouse.com,London,11169
22555,AW00022555,Ethan,Taylor,M,M,2012-09-08,ethan.taylor@nappa.com,Seoul,21175
22556,AW00022556,Oscar,Griffin,S,M,2012-09-08,oscar.griffin@winds.com,Shanghai,13387
22557,AW00022557,Jason,Scott,S,M,2012-09-08,jason.scott@fountains.com,Mumbai,30886
22558,AW00022558,Ernest,Ye,M,M,2012-09-08,ernest.ye@hostinger.com,Delhi,59496
22559,AW00022559,Stacy,Vazquez,S,F,2012-09-09,stacy.vazquez@hostinger.com,Rome,22844
22560,AW00022560,Casey,Jai,S,F,2012-09-09,casey.jai@fountains.com,Shanghai,48739
22561,AW00022561,Katie,Nara,S,F,2012-09-09,katie.nara@nappa.com,Bangkok,21358
22562,AW00022562,Kelli,Li,S,F,2012-09-09,kelli.li@papers.com,Seoul,20270
22563,AW00022563,Darren,Weber,S,M,2012-09-09,darren.weber@winds.com,Singapore,42533
22564,AW00022564,Autumn,Sun,M,F,2012-09-09,autumn.sun@circles.com,London,45987
22565,AW00022565,Brenda,Subram,S,F,2012-09-10,brenda.subram@sticks.com,Bangkok,43294
22566,AW00022566,Damien,Pal,S,M,2012-09-10,damien.pal@hostinger.com,Moscow,38380
22567,AW00022567,Glenn,Zhu,M,M,2012-09-10,glenn.zhu@papers.com,Mumbai,53714
22568,AW00022568,Autumn,Wu,S,F,2012-09-10,autumn.wu@papers.com,Mumbai,53868
22569,AW00022569,Johnny,Goel,M,M,2012-09-10,johnny.goel@sticks.com,Bangkok,26251
22570,AW00022570,Jackson,Yang,S,M,2012-09-10,jackson.yang@winds.com,Seoul,36099
22571,AW00022571,Armando,Vazquez,M,M,2012-09-10,armando.vazquez@sticks.com,Istanbul,26972
22572,AW00022572,Karen,Cai,M,F,2012-09-10,karen.cai@sticks.com,Delhi,40779
22573,AW00022573,Lance,Sanz,S,M,2012-09-10,lance.sanz@papers.com,Moscow,23135
22574,AW00022574,Randy,Zheng,M,M,2012-09-10,randy.zheng@cappo.com,Mumbai,39210
22575,AW00022575,Orlando,Blanco,S,M,2012-09-11,orlando.blanco@hostinger.com,Rome,30469
22576,AW00022576,Tony,Xu,S,M,2012-09-11,tony.xu@winds.com,Seoul,42724
22577,AW00022577,Bryant,Sai,M,M,2012-09-11,bryant.sai@cappo.com,Tokyo,59101
22578,AW00022578,Juan,Vazquez,S,M,2012-09-11,juan.vazquez@fountains.com,Tokyo,20418
22579,AW00022579,Kara,Lal,S,F,2012-09-11,kara.lal@cappo.com,Bangkok,18429
22580,AW00022580,Alexis,Long,S,F,2012-09-11,alexis.long@fountains.com,Shanghai,23711
22581,AW00022581,Theresa,Vazquez,M,F,2012-09-11,theresa.vazquez@nappa.com,Istanbul,15139
22582,AW00022582,Evelyn,Madan,S,F,2012-09-11,evelyn.madan@sticks.com,Delhi,23115
22583,AW00022583,Troy,Sara,S,M,2012-09-11,troy.sara@papers.com,Mumbai,33287
22584,AW00022584,Meagan,Lopez,S,F,2012-09-11,meagan.lopez@towels.com,London,14912
22585,AW00022585,Kelvin,He,S,M,2012-09-11,kelvin.he@winds.com,Tokyo,15076
22586,AW00022586,Derek,Shen,M,M,2012-09-11,derek.shen@fountains.com,Madrid,59278
22587,AW00022587,Gina,Alonso,S,F,2012-09-12,gina.alonso@winds.com,Singapore,29039
22588,AW00022588,Teresa,Martin,S,F,2012-09-12,teresa.martin@towels.com,Rome,40406
22589,AW00022589,Cynthia,Suri,S,F,2012-09-12,cynthia.suri@towels.com,Shanghai,16456
22590,AW00022590,Oscar,Hughes,M,M,2012-09-12,oscar.hughes@cappo.com,Paris,28249
22591,AW00022591,Jon,Becker,S,M,2012-09-13,jon.becker@fountains.com,Berlin,28165
22592,AW00022592,Lindsey,Anand,S,F,2012-09-13,lindsey.anand@sticks.com,Bangkok,25816
22593,AW00022593,Thomas,Johnson,S,M,2012-09-13,thomas.johnson@fountains.com,Shanghai,41913
22594,AW00022594,Gabriella,James,M,F,2012-09-13,gabriella.james@mouse.com,Berlin,53034
22595,AW00022595,Nicolas,Xie,M,M,2012-09-13,nicolas.xie@fountains.com,Istanbul,24407
22596,AW00022596,Omar,Xu,M,M,2012-09-13,omar.xu@cappo.com,Seoul,46680
22597,AW00022597,Rachael,Chandra,M,F,2012-09-13,rachael.chandra@fountains.com,Berlin,42288
22598,AW00022598,Donald,Sanchez,S,M,2012-09-13,donald.sanchez@fountains.com,Shanghai,19813
22599,AW00022599,Philip,Gill,M,M,2012-09-13,philip.gill@circles.com,Shanghai,59112
22600,AW00022600,Maurice,Kumar,S,M,2012-09-13,maurice.kumar@sticks.com,Istanbul,54544
22601,AW00022601,Aimee,Gao,M,F,2012-09-14,aimee.gao@towels.com,Mumbai,39240
22602,AW00022602,Kelli,Andersen,S,F,2012-09-14,kelli.andersen@hostinger.com,Rome,37141
22603,AW00022603,Autumn,He,S,F,2012-09-14,autumn.he@hostinger.com,Paris,24305
22604,AW00022604,Wyatt,Simmons,S,M,2012-09-15,wyatt.simmons@hostinger.com,Paris,27689
22605,AW00022605,Derrick,Schmidt,S,M,2012-09-15,derrick.schmidt@towels.com,Shanghai,50149
22606,AW00022606,Alfredo,Hernandez,S,M,2012-09-15,alfredo.hernandez@towels.com,Bangkok,12730
22607,AW00022607,Whitney,Gonzalez,S,F,2012-09-16,whitney.gonzalez@circles.com,Paris,27891
22608,AW00022608,Arthur,Munoz,S,M,2012-09-16,arthur.munoz@circles.com,Istanbul,24622
22609,AW00022609,Clarence,Cai,M,M,2012-09-16,clarence.cai@sticks.com,Delhi,54157
22610,AW00022610,Brent,Chen,M,M,2012-09-16,brent.chen@mouse.com,Paris,12068
22611,AW00022611,Chad,Deng,M,M,2012-09-16,chad.deng@towels.com,Delhi,46107
22612,AW00022612,Franklin,Huang,S,M,2012-09-16,franklin.huang@hostinger.com,Singapore,41299
22613,AW00022613,Dale,Luo,S,M,2012-09-16,dale.luo@papers.com,Shanghai,29002
22614,AW00022614,Tommy,Shan,S,M,2012-09-17,tommy.shan@cappo.com,Madrid,47200
22615,AW00022615,Misty,Xu,S,F,2012-09-17,misty.xu@sticks.com,Delhi,46687
22616,AW00022616,Jake,Zhang,S,M,2012-09-17,jake.zhang@winds.com,Berlin,16115
22617,AW00022617,Andres,Nath,M,M,2012-09-17,andres.nath@fountains.com,Moscow,58002
22618,AW00022618,Rosa,Cai,M,F,2012-09-17,rosa.cai@nappa.com,Madrid,43670
22619,AW00022619,Robin,Hernandez,S,F,2012-09-18,robin.hernandez@sticks.com,Tokyo,17198
22620,AW00022620,Stefanie,Suri,S,F,2012-09-18,stefanie.suri@nappa.com,Seoul,52181
22621,AW00022621,Xavier,Davis,M,M,2012-09-18,xavier.davis@cappo.com,Shanghai,57809
22622,AW00022622,Neil,Sanz,M,M,2012-09-18,neil.sanz@towels.com,Shanghai,53307
22623,AW00022623,Jamie,Suarez,S,M,2012-09-18,jamie.suarez@papers.com,Bangkok,45778
22624,AW00022624,Sandra,Wu,M,F,2012-09-18,sandra.wu@nappa.com,Istanbul,22855
22625,AW00022625,Meagan,Patel,S,F,2012-09-18,meagan.patel@sticks.com,Delhi,37726
22626,AW00022626,Arturo,Anand,S,M,2012-09-18,arturo.anand@cappo.com,Jakarta,25621
22627,AW00022627,Shawna,Sharma,S,F,2012-09-18,shawna.sharma@circles.com,Rome,54153
22628,AW00022628,Marshall,Lu,M,M,2012-09-19,marshall.lu@hostinger.com,Paris,11401
22629,AW00022629,Matthew,Rodriguez,M,M,2012-09-19,matthew.rodriguez@sticks.com,Madrid,45424
22630,AW00022630,Roger,Wu,M,M,2012-09-19,roger.wu@winds.com,Istanbul,53747
22631,AW00022631,Theodore,Serrano,S,M,2012-09-19,theodore.serrano@hostinger.com,Paris,45089
22632,AW00022632,Tabitha,Perez,M,F,2012-09-19,tabitha.perez@papers.com,Paris,23685
22633,AW00022633,Claudia,Zhao,S,F,2012-09-19,claudia.zhao@papers.com,Berlin,49621
22634,AW00022634,Giraldo,Sandoval,S,F,2012-09-19,giraldo.sandoval@sticks.com,Bangkok,58918
22635,AW00022635,Kristi,Hernandez,S,F,2012-09-20,kristi.hernandez@hostinger.com,Paris,29407
22636,AW00022636,Stacey,Zhu,S,F,2012-09-20,stacey.zhu@towels.com,Seoul,36199
22637,AW00022637,Ana,Alexander,M,F,2012-09-20,ana.alexander@towels.com,Madrid,49307
22638,AW00022638,Kristi,Gutierrez,S,F,2012-09-20,kristi.gutierrez@circles.com,Istanbul,45394
22639,AW00022639,Lori,Munoz,S,F,2012-09-20,lori.munoz@circles.com,Jakarta,50501
22640,AW00022640,Caleb,Li,M,M,2012-09-20,caleb.li@cappo.com,Jakarta,20755
22641,AW00022641,Abigail,Diaz,S,F,2012-09-20,abigail.diaz@mouse.com,London,13937
22642,AW00022642,Garrett,Rivera,S,M,2012-09-20,garrett.rivera@circles.com,Singapore,33439
22643,AW00022643,Brenda,Suri,S,F,2012-09-20,brenda.suri@circles.com,London,24207
22644,AW00022644,Marc,Ortega,S,M,2012-09-21,marc.ortega@cappo.com,Rome,41128
22645,AW00022645,Isabella,Murphy,S,F,2012-09-21,isabella.murphy@towels.com,Rome,13395
22646,AW00022646,Cara,She,S,F,2012-09-21,cara.she@mouse.com,Paris,21538
22647,AW00022647,Taylor,Martinez,S,F,2012-09-21,taylor.martinez@fountains.com,Bangkok,36306
22648,AW00022648,Kaitlin,Srini,S,F,2012-09-21,kaitlin.srini@sticks.com,Berlin,38165
22649,AW00022649,Corey,Tang,S,M,2012-09-22,corey.tang@towels.com,Seoul,22536
22650,AW00022650,Kristina,Suri,S,F,2012-09-22,kristina.suri@hostinger.com,Shanghai,30594
22651,AW00022651,Frederick,Sara,S,M,2012-09-22,frederick.sara@mouse.com,Mumbai,20585
22652,AW00022652,Gilbert,Shan,S,M,2012-09-22,gilbert.shan@winds.com,Bangkok,17899
22653,AW00022653,Carolyn,Dominguez,S,F,2012-09-22,carolyn.dominguez@cappo.com,Moscow,14356
22654,AW00022654,Orlando,Romero,S,M,2012-09-22,orlando.romero@circles.com,Rome,16208
22655,AW00022655,Lucas,Young,S,M,2012-09-22,lucas.young@fountains.com,Delhi,35796
22656,AW00022656,Willie,Goel,S,M,2012-09-23,willie.goel@circles.com,Jakarta,19094
22657,AW00022657,Clinton,Suarez,S,M,2012-09-23,clinton.suarez@fountains.com,Berlin,59156
22658,AW00022658,Devin,Rodriguez,S,M,2012-09-23,devin.rodriguez@sticks.com,Jakarta,37777
22659,AW00022659,Shawna,Luo,S,F,2012-09-24,shawna.luo@towels.com,Berlin,12220
22660,AW00022660,Monica,Lopez,S,F,2012-09-24,monica.lopez@cappo.com,Istanbul,55770
22661,AW00022661,Tracy,Shan,M,F,2012-09-24,tracy.shan@cappo.com,Singapore,34081
22662,AW00022662,Tyrone,Carlson,M,M,2012-09-24,tyrone.carlson@fountains.com,Seoul,14119
22663,AW00022663,Terrence,Deng,S,M,2012-09-24,terrence.deng@circles.com,Paris,57944
22664,AW00022664,Dawn,Yang,M,F,2012-09-24,dawn.yang@sticks.com,Rome,58582
22665,AW00022665,Orlando,Diaz,S,M,2012-09-24,orlando.diaz@towels.com,Madrid,12941
22666,AW00022666,Mayra,Srini,M,F,2012-09-24,mayra.srini@circles.com,Moscow,27255
22667,AW00022667,Roy,Rana,S,M,2012-09-24,roy.rana@cappo.com,Delhi,31759
22668,AW00022668,Adrienne,Hernandez,M,F,2012-09-24,adrienne.hernandez@papers.com,Berlin,50942
22669,AW00022669,Lindsay,Raji,S,F,2012-09-25,lindsay.raji@sticks.com,Bangkok,52720
22670,AW00022670,Erika,Sanz,M,F,2012-09-25,erika.sanz@papers.com,Delhi,19798
22671,AW00022671,Wyatt,King,S,M,2012-09-25,wyatt.king@hostinger.com,Rome,49092
22672,AW00022672,Crystal,Wu,S,F,2012-09-25,crystal.wu@nappa.com,Shanghai,28729
22673,AW00022673,Andy,Gill,S,M,2012-09-25,andy.gill@winds.com,Singapore,57791
22674,AW00022674,Troy,Prasad,S,M,2012-09-25,troy.prasad@papers.com,Istanbul,35164
22675,AW00022675,Alexandra,Winston,S,F,2012-09-25,alexandra.winston@sticks.com,Bangkok,43954
22676,AW00022676,Stefanie,Jordan,S,F,2012-09-25,stefanie.jordan@papers.com,Jakarta,54339
22677,AW00022677,Reginald,Carlson,S,M,2012-09-25,reginald.carlson@nappa.com,London,31149
22678,AW00022678,Sydney,Lee,M,F,2012-09-26,sydney.lee@hostinger.com,Singapore,28793
22679,AW00022679,Derrick,Dominguez,M,M,2012-09-26,derrick.dominguez@nappa.com,Seoul,27339
22680,AW00022680,Lee,Suarez,M,M,2012-09-26,lee.suarez@fountains.com,Mumbai,51394
22681,AW00022681,Tristan,Barnes,S,M,2012-09-26,tristan.barnes@cappo.com,Rome,28591
22682,AW00022682,Willie,Luo,S,M,2012-09-26,willie.luo@hostinger.com,Bangkok,47363
22683,AW00022683,David,Garcia,S,M,2012-09-26,david.garcia@winds.com,Istanbul,14981
22684,AW00022684,Lauren,Cooper,M,F,2012-09-26,lauren.cooper@sticks.com,Tokyo,16484
22685,AW00022685,Barbara,Ma,S,F,2012-09-26,barbara.ma@hostinger.com,Jakarta,52289
22686,AW00022686,Wayne,Anand,S,M,2012-09-26,wayne.anand@sticks.com,Moscow,24929
22687,AW00022687,Javier,Jiménez,M,M,2012-09-26,javier.jiménez@fountains.com,Moscow,26557
22688,AW00022688,Seth,Perez,S,M,2012-09-26,seth.perez@mouse.com,Mumbai,11856
22689,AW00022689,Gilbert,Zheng,S,M,2012-09-27,gilbert.zheng@winds.com,Bangkok,39825
22690,AW00022690,Kurt,Luo,M,M,2012-09-27,kurt.luo@towels.com,Moscow,46345
22691,AW00022691,Gerald,Raman,M,M,2012-09-27,gerald.raman@papers.com,Paris,23108
22692,AW00022692,Paula,Alonso,M,F,2012-09-27,paula.alonso@hostinger.com,Rome,27881
22693,AW00022693,Darryl,Gao,M,M,2012-09-27,darryl.gao@towels.com,Delhi,41038
22694,AW00022694,Molly,Kapoor,S,F,2012-09-27,molly.kapoor@towels.com,Madrid,35345
22695,AW00022695,Darren,Martin,S,M,2012-09-27,darren.martin@cappo.com,Bangkok,43101
22696,AW00022696,Kari,Vazquez,S,F,2012-09-27,kari.vazquez@winds.com,Moscow,31688
22697,AW00022697,Harold,Sara,S,M,2012-09-28,harold.sara@fountains.com,Bangkok,14712
22698,AW00022698,Bradley,Andersen,M,M,2012-09-28,bradley.andersen@nappa.com,Tokyo,43371
22699,AW00022699,Clarence,Chande,M,M,2012-09-28,clarence.chande@cappo.com,Berlin,44278
22700,AW00022700,Gina,Serrano,M,F,2012-09-28,gina.serrano@cappo.com,Shanghai,17138
22701,AW00022701,Anne,Navarro,S,F,2012-09-28,anne.navarro@winds.com,Singapore,57044
22702,AW00022702,Patricia,Gonzalez,S,F,2012-09-28,patricia.gonzalez@sticks.com,Jakarta,34617
22703,AW00022703,Melvin,Raji,S,M,2012-09-28,melvin.raji@fountains.com,Istanbul,36997
22704,AW00022704,Bethany,Raje,S,F,2012-09-28,bethany.raje@fountains.com,Tokyo,25151
22705,AW00022705,Adriana,Kapoor,S,F,2012-09-28,adriana.kapoor@cappo.com,Berlin,30817
22706,AW00022706,Andy,Ruth,S,F,2012-09-28,andy.ruth@winds.com,Jakarta,31822
22707,AW00022707,Haley,Russell,S,F,2012-09-29,haley.russell@hostinger.com,Seoul,10685
22708,AW00022708,Anne,Ruiz,S,F,2012-09-29,anne.ruiz@towels.com,Istanbul,39714
22709,AW00022709,Tamara,Gao,S,F,2012-09-29,tamara.gao@nappa.com,Rome,39122
22710,AW00022710,Trisha,Zhao,M,F,2012-09-29,trisha.zhao@sticks.com,Delhi,37729
22711,AW00022711,Isaiah,Hernandez,S,M,2012-09-30,isaiah.hernandez@winds.com,Shanghai,17948
22712,AW00022712,Monique,Romero,S,F,2012-09-30,monique.romero@cappo.com,Madrid,28055
22713,AW00022713,Joseph,Miller,S,M,2012-09-30,joseph.miller@papers.com,Singapore,41523
22714,AW00022714,Angelica,Alexander,M,F,2012-09-30,angelica.alexander@cappo.com,Madrid,33515
22715,AW00022715,Marcus,Watson,M,M,2012-09-30,marcus.watson@nappa.com,Madrid,56767
22716,AW00022716,Caleb,Nelson,S,M,2012-09-30,caleb.nelson@hostinger.com,Mumbai,28976
22717,AW00022717,Nicole,Watson,M,F,2012-09-30,nicole.watson@nappa.com,Tokyo,41088
22718,AW00022718,Zachary,Simmons,M,M,2012-09-30,zachary.simmons@nappa.com,Singapore,30353
22719,AW00022719,Jesse,Brooks,S,M,2012-09-30,jesse.brooks@mouse.com,Delhi,41787
22720,AW00022720,Jonathan,Alexander,M,M,2012-09-30,jonathan.alexander@circles.com,Madrid,29540
22721,AW00022721,Colleen,Lin,M,F,2012-09-30,colleen.lin@sticks.com,Bangkok,48194
22722,AW00022722,Tina,Fernandez,S,F,2012-10-01,tina.fernandez@nappa.com,Mumbai,56666
22723,AW00022723,Alexander,Anderson,M,M,2012-10-01,alexander.anderson@papers.com,Madrid,46837
22724,AW00022724,Noah,Evans,M,M,2012-10-01,noah.evans@hostinger.com,Paris,33025
22725,AW00022725,Richard,Gonzales,M,M,2012-10-01,richard.gonzales@fountains.com,Tokyo,29547
22726,AW00022726,Anna,Morris,M,F,2012-10-01,anna.morris@towels.com,Rome,13152
22727,AW00022727,Jodi,She,M,F,2012-10-01,jodi.she@mouse.com,Jakarta,24119
22728,AW00022728,Arianna,Russell,M,F,2012-10-01,arianna.russell@fountains.com,Mumbai,31841
22729,AW00022729,Seth,Nelson,M,M,2012-10-01,seth.nelson@nappa.com,Berlin,23593
22730,AW00022730,Timothy,Perez,M,M,2012-10-01,timothy.perez@towels.com,Jakarta,52332
22731,AW00022731,Brandon,Henderson,M,M,2012-10-02,brandon.henderson@cappo.com,Rome,32108
22732,AW00022732,Sean,Turner,M,M,2012-10-02,sean.turner@towels.com,Delhi,39745
22733,AW00022733,Alexandria,Powell,M,F,2012-10-02,alexandria.powell@cappo.com,Bangkok,11261
22734,AW00022734,Maria,Adams,S,F,2012-10-02,maria.adams@cappo.com,Singapore,57959
22735,AW00022735,Katherine,Jones,M,F,2012-10-02,katherine.jones@cappo.com,Rome,13530
22736,AW00022736,Katherine,Morgan,M,F,2012-10-02,katherine.morgan@circles.com,Jakarta,26573
22737,AW00022737,Heidi,Sai,M,F,2012-10-02,heidi.sai@cappo.com,Istanbul,43153
22738,AW00022738,Haley,Diaz,M,F,2012-10-02,haley.diaz@nappa.com,Bangkok,28929
22739,AW00022739,Destiny,Rodriguez,M,F,2012-10-02,destiny.rodriguez@nappa.com,Tokyo,56779
22740,AW00022740,Kimberly,Rogers,S,F,2012-10-03,kimberly.rogers@fountains.com,Madrid,31305
22741,AW00022741,Darryl,He,M,M,2012-10-03,darryl.he@mouse.com,London,19019
22742,AW00022742,Nathan,Nelson,S,M,2012-10-03,nathan.nelson@mouse.com,Moscow,36788
22743,AW00022743,Kaylee,Murphy,M,F,2012-10-03,kaylee.murphy@mouse.com,Bangkok,27539
22744,AW00022744,Edward,Wright,S,M,2012-10-03,edward.wright@circles.com,Rome,55067
22745,AW00022745,Alexandria,Patterson,M,F,2012-10-03,alexandria.patterson@sticks.com,Seoul,12558
22746,AW00022746,Erica,Zhang,M,F,2012-10-04,erica.zhang@hostinger.com,Madrid,25146
22747,AW00022747,Brianna,Martinez,M,F,2012-10-04,brianna.martinez@nappa.com,Rome,26026
22748,AW00022748,Adam,Phillips,S,M,2012-10-04,adam.phillips@nappa.com,Paris,35524
22749,AW00022749,Miranda,Patterson,M,F,2012-10-04,miranda.patterson@sticks.com,Istanbul,34758
22750,AW00022750,Jesse,Gonzalez,M,M,2012-10-04,jesse.gonzalez@cappo.com,Mumbai,13966
22751,AW00022751,Samuel,Rodriguez,M,M,2012-10-04,samuel.rodriguez@hostinger.com,Rome,49641
22752,AW00022752,Daniel,Brown,M,M,2012-10-04,daniel.brown@hostinger.com,Bangkok,55128
22753,AW00022753,Hailey,Morgan,S,F,2012-10-04,hailey.morgan@papers.com,Singapore,37960
22754,AW00022754,Robert,Foster,M,M,2012-10-04,robert.foster@mouse.com,Seoul,43801
22755,AW00022755,Christian,Brown,M,M,2012-10-04,christian.brown@circles.com,Mumbai,32377
22756,AW00022756,Jon,Nath,M,M,2012-10-04,jon.nath@towels.com,Jakarta,28766
22757,AW00022757,Savannah,Peterson,M,F,2012-10-04,savannah.peterson@cappo.com,London,58803
22758,AW00022758,Katherine,Jackson,S,F,2012-10-05,katherine.jackson@fountains.com,Tokyo,49807
22759,AW00022759,Julia,Ramirez,M,F,2012-10-05,julia.ramirez@nappa.com,Tokyo,48539
22760,AW00022760,Hunter,Chen,M,M,2012-10-05,hunter.chen@papers.com,Istanbul,26738
22761,AW00022761,Eduardo,Price,S,M,2012-10-05,eduardo.price@mouse.com,Berlin,40654
22762,AW00022762,Melissa,Diaz,M,F,2012-10-05,melissa.diaz@papers.com,Seoul,39887
22763,AW00022763,Rebecca,Gonzalez,S,F,2012-10-05,rebecca.gonzalez@towels.com,Jakarta,23385
22764,AW00022764,Chase,Brooks,M,M,2012-10-05,chase.brooks@fountains.com,Seoul,25014
22765,AW00022765,Luis,Collins,M,M,2012-10-05,luis.collins@mouse.com,Madrid,56387
22766,AW00022766,Cassidy,Hayes,M,F,2012-10-05,cassidy.hayes@sticks.com,Madrid,16824
22767,AW00022767,Luis,Hernandez,M,M,2012-10-05,luis.hernandez@circles.com,Seoul,55450
22768,AW00022768,Aaron,Zhang,M,M,2012-10-06,aaron.zhang@cappo.com,Bangkok,53600
22769,AW00022769,Benjamin,Martin,M,M,2012-10-06,benjamin.martin@winds.com,Shanghai,46392
22770,AW00022770,Chloe,Morgan,M,F,2012-10-06,chloe.morgan@papers.com,Rome,22243
22771,AW00022771,Mason,King,M,M,2012-10-06,mason.king@sticks.com,Rome,55003
22772,AW00022772,Erin,Watson,M,F,2012-10-06,erin.watson@cappo.com,Rome,58783
22773,AW00022773,Autumn,Zhang,M,F,2012-10-06,autumn.zhang@winds.com,Madrid,40190
22774,AW00022774,Caleb,Alexander,M,M,2012-10-06,caleb.alexander@sticks.com,Bangkok,57352
22775,AW00022775,Madison,Martinez,M,F,2012-10-06,madison.martinez@mouse.com,Mumbai,15007
22776,AW00022776,Julia,Perry,M,F,2012-10-07,julia.perry@hostinger.com,Delhi,53046
22777,AW00022777,Tyler,Garcia,M,M,2012-10-07,tyler.garcia@fountains.com,Berlin,33765
22778,AW00022778,Monique,Dominguez,M,F,2012-10-07,monique.dominguez@sticks.com,London,59701
22779,AW00022779,Lance,Ruiz,M,M,2012-10-07,lance.ruiz@papers.com,Paris,55296
22780,AW00022780,Jennifer,Rogers,M,F,2012-10-07,jennifer.rogers@cappo.com,Berlin,19927
22781,AW00022781,Hunter,Powell,M,M,2012-10-07,hunter.powell@mouse.com,Berlin,21380
22782,AW00022782,Dakota,Wood,S,M,2012-10-07,dakota.wood@mouse.com,Tokyo,23617
22783,AW00022783,Isaac,Green,M,M,2012-10-07,isaac.green@hostinger.com,Madrid,41063
22784,AW00022784,Nicholas,Jackson,M,M,2012-10-08,nicholas.jackson@circles.com,Rome,56029
22785,AW00022785,Oscar,Perry,M,M,2012-10-08,oscar.perry@hostinger.com,Singapore,30942
22786,AW00022786,Wyatt,Goldstein,M,M,2012-10-08,wyatt.goldstein@cappo.com,Singapore,59937
22787,AW00022787,Andrea,Sanchez,M,F,2012-10-08,andrea.sanchez@towels.com,Rome,44297
22788,AW00022788,Jordan,Jenkins,M,M,2012-10-08,jordan.jenkins@fountains.com,Tokyo,39520
22789,AW00022789,Richard,Taylor,M,M,2012-10-08,richard.taylor@circles.com,Paris,31965
22790,AW00022790,Luke,Phillips,S,M,2012-10-08,luke.phillips@towels.com,Tokyo,42365
22791,AW00022791,Taylor,Jenkins,M,F,2012-10-08,taylor.jenkins@papers.com,Moscow,35125
22792,AW00022792,Thomas,Carter,M,M,2012-10-08,thomas.carter@winds.com,Mumbai,15660
22793,AW00022793,Antonio,Jenkins,S,M,2012-10-08,antonio.jenkins@cappo.com,Seoul,26996
22794,AW00022794,Kelli,Deng,M,F,2012-10-08,kelli.deng@hostinger.com,Tokyo,24232
22795,AW00022795,Tara,Yuan,M,F,2012-10-08,tara.yuan@nappa.com,Madrid,21485
22796,AW00022796,Brad,Nath,M,M,2012-10-08,brad.nath@mouse.com,Bangkok,17212
22797,AW00022797,Leonard,She,M,M,2012-10-09,leonard.she@nappa.com,Istanbul,18308
22798,AW00022798,Heidi,Fernandez,M,F,2012-10-09,heidi.fernandez@sticks.com,Moscow,35250
22799,AW00022799,Riley,Alexander,M,F,2012-10-09,riley.alexander@sticks.com,Istanbul,22093
22800,AW00022800,Dwayne,Alvarez,M,M,2012-10-09,dwayne.alvarez@nappa.com,Madrid,31720
22801,AW00022801,Alicia,Raje,M,F,2012-10-09,alicia.raje@fountains.com,Paris,56296
22802,AW00022802,Ann,Van,S,F,2012-10-09,ann.van@fountains.com,Paris,23474
22803,AW00022803,Marshall,Shan,S,M,2012-10-10,marshall.shan@fountains.com,Delhi,56872
22804,AW00022804,Kelly,Butler,M,F,2012-10-10,kelly.butler@hostinger.com,Moscow,19639
22805,AW00022805,Cristina,Goel,M,F,2012-10-10,cristina.goel@towels.com,Berlin,50420
22806,AW00022806,Crystal,Sun,M,F,2012-10-10,crystal.sun@mouse.com,Tokyo,14893
22807,AW00022807,Cindy,Garcia,M,F,2012-10-10,cindy.garcia@hostinger.com,Berlin,44044
22808,AW00022808,Ebony,Suri,S,F,2012-10-11,ebony.suri@winds.com,Singapore,33831
22809,AW00022809,Martin,Sara,M,M,2012-10-11,martin.sara@fountains.com,Delhi,24540
22810,AW00022810,Nathaniel,Sanchez,M,M,2012-10-11,nathaniel.sanchez@circles.com,Rome,31235
22811,AW00022811,Brent,Stone,M,M,2012-10-11,brent.stone@towels.com,Shanghai,49222
22812,AW00022812,Destiny,Washington,M,F,2012-10-11,destiny.washington@nappa.com,Shanghai,13273
22813,AW00022813,Jerry,Deng,M,M,2012-10-11,jerry.deng@papers.com,Moscow,20679
22814,AW00022814,Edwin,Kumar,M,M,2012-10-12,edwin.kumar@nappa.com,Delhi,53339
22815,AW00022815,Margaret,Wang,M,F,2012-10-12,margaret.wang@sticks.com,Istanbul,12058
22816,AW00022816,Erica,Cai,M,F,2012-10-12,erica.cai@mouse.com,Berlin,47012
22817,AW00022817,Calvin,Nath,S,M,2012-10-12,calvin.nath@cappo.com,Jakarta,26780
22818,AW00022818,Janet,Ruiz,M,F,2012-10-12,janet.ruiz@winds.com,Seoul,16873
22819,AW00022819,Daisy,Alvarez,M,F,2012-10-12,daisy.alvarez@towels.com,Istanbul,11390
22820,AW00022820,Alex,Nelson,M,M,2012-10-12,alex.nelson@mouse.com,Moscow,12160
22821,AW00022821,Wendy,Munoz,M,F,2012-10-12,wendy.munoz@papers.com,Jakarta,39613
22822,AW00022822,Devin,Anderson,M,M,2012-10-12,devin.anderson@cappo.com,Seoul,49698
22823,AW00022823,Isabel,Alexander,M,F,2012-10-13,isabel.alexander@sticks.com,Bangkok,51833
22824,AW00022824,April,Nath,M,F,2012-10-13,april.nath@mouse.com,Singapore,21413
22825,AW00022825,Kelli,Zeng,S,F,2012-10-13,kelli.zeng@mouse.com,London,40064
22826,AW00022826,Christian,Russell,M,M,2012-10-13,christian.russell@circles.com,Bangkok,15036
22827,AW00022827,Clayton,Gao,M,M,2012-10-13,clayton.gao@nappa.com,Mumbai,31919
22828,AW00022828,Francisco,Suri,M,M,2012-10-13,francisco.suri@nappa.com,Madrid,23418
22829,AW00022829,Chelsea,Chandra,M,F,2012-10-13,chelsea.chandra@towels.com,Shanghai,50543
22830,AW00022830,Lee,Travers,M,M,2012-10-13,lee.travers@fountains.com,Delhi,24354
22831,AW00022831,Victor,Ruiz,S,M,2012-10-14,victor.ruiz@sticks.com,Seoul,49890
22832,AW00022832,Martin,Gonzalez,M,M,2012-10-14,martin.gonzalez@mouse.com,Jakarta,56801
22833,AW00022833,Bruce,Prasad,M,M,2012-10-14,bruce.prasad@towels.com,Tokyo,17196
22834,AW00022834,Darryl,Zhou,M,M,2012-10-14,darryl.zhou@hostinger.com,Berlin,22984
22835,AW00022835,Alan,Zhang,M,M,2012-10-14,alan.zhang@nappa.com,Mumbai,28483
22836,AW00022836,Michele,Sai,S,F,2012-10-14,michele.sai@fountains.com,Seoul,32317
22837,AW00022837,Sergio,Chandra,M,M,2012-10-15,sergio.chandra@winds.com,Singapore,12791
22838,AW00022838,Cedric,Rai,M,M,2012-10-15,cedric.rai@towels.com,London,29739
22839,AW00022839,Brandy,Mehta,S,F,2012-10-15,brandy.mehta@fountains.com,Madrid,54435
22840,AW00022840,Dominic,Sullivan,S,M,2012-10-15,dominic.sullivan@fountains.com,Bangkok,46137
22841,AW00022841,Douglas,Martinez,S,M,2012-10-15,douglas.martinez@fountains.com,Mumbai,43089
22842,AW00022842,Michele,Nara,S,F,2012-10-15,michele.nara@sticks.com,Tokyo,49908
22843,AW00022843,Tiffany,Lu,S,F,2012-10-15,tiffany.lu@cappo.com,Singapore,13308
22844,AW00022844,Marie,Arun,M,F,2012-10-15,marie.arun@fountains.com,Singapore,55432
22845,AW00022845,Jake,Chen,M,M,2012-10-15,jake.chen@papers.com,Berlin,55063
22846,AW00022846,Frank,Gutierrez,S,M,2012-10-15,frank.gutierrez@papers.com,Berlin,59967
22847,AW00022847,Jaclyn,Chen,S,F,2012-10-15,jaclyn.chen@towels.com,Madrid,39683
22848,AW00022848,Peter,Pal,S,M,2012-10-16,peter.pal@mouse.com,Madrid,48474
22849,AW00022849,Kristopher,Suri,M,M,2012-10-16,kristopher.suri@winds.com,Rome,15931
22850,AW00022850,Devon,Luo,M,M,2012-10-16,devon.luo@winds.com,Paris,20892
22851,AW00022851,Kaylee,Edwards,S,F,2012-10-16,kaylee.edwards@winds.com,Istanbul,18502
22852,AW00022852,Billy,Alonso,M,M,2012-10-16,billy.alonso@winds.com,Paris,55621
22853,AW00022853,Tasha,Pal,S,F,2012-10-16,tasha.pal@nappa.com,Rome,52305
22854,AW00022854,Ebony,Mehta,S,F,2012-10-16,ebony.mehta@sticks.com,Seoul,27541
22855,AW00022855,Summer,Sai,M,F,2012-10-16,summer.sai@nappa.com,Bangkok,10132
22856,AW00022856,Lance,Carlson,M,M,2012-10-16,lance.carlson@nappa.com,Rome,27983
22857,AW00022857,Julio,Romero,M,M,2012-10-16,julio.romero@nappa.com,Delhi,28127
22858,AW00022858,Deborah,Tang,M,F,2012-10-17,deborah.tang@papers.com,Paris,25848
22859,AW00022859,Arianna,Sanders,M,F,2012-10-17,arianna.sanders@papers.com,Berlin,42865
22860,AW00022860,Cedric,Kumar,M,M,2012-10-17,cedric.kumar@cappo.com,Bangkok,59701
22861,AW00022861,Devin,Hughes,M,M,2012-10-17,devin.hughes@towels.com,Berlin,27267
22862,AW00022862,Derrick,Navarro,M,M,2012-10-17,derrick.navarro@hostinger.com,Tokyo,18021
22863,AW00022863,Hunter,Thomas,M,M,2012-10-17,hunter.thomas@hostinger.com,Mumbai,18882
22864,AW00022864,Mason,Hall,M,M,2012-10-18,mason.hall@fountains.com,London,34958
22865,AW00022865,Stephanie,Hall,M,F,2012-10-18,stephanie.hall@winds.com,Berlin,14769
22866,AW00022866,William,Thompson,S,M,2012-10-18,william.thompson@sticks.com,London,59358
22867,AW00022867,Max,Ruiz,S,M,2012-10-18,max.ruiz@papers.com,Bangkok,54353
22868,AW00022868,Ernest,Sun,S,M,2012-10-18,ernest.sun@fountains.com,Jakarta,50857
22869,AW00022869,Rafael,Lu,S,M,2012-10-18,rafael.lu@mouse.com,Berlin,27061
22870,AW00022870,Barbara,Chen,S,F,2012-10-18,barbara.chen@towels.com,Madrid,15995
22871,AW00022871,David,Coleman,M,M,2012-10-18,david.coleman@fountains.com,London,37311
22872,AW00022872,Sara,Bailey,M,F,2012-10-18,sara.bailey@winds.com,Tokyo,32772
22873,AW00022873,Robert,Williams,M,M,2012-10-18,robert.williams@sticks.com,Jakarta,49678
22874,AW00022874,Drew,Anand,S,M,2012-10-19,drew.anand@winds.com,Jakarta,38699
22875,AW00022875,Robert,Russell,S,M,2012-10-19,robert.russell@winds.com,Mumbai,43220
22876,AW00022876,Jenna,Campbell,M,F,2012-10-19,jenna.campbell@fountains.com,Istanbul,40888
22877,AW00022877,Xavier,Griffin,M,M,2012-10-19,xavier.griffin@towels.com,Istanbul,22195
22878,AW00022878,Angelica,Ross,M,F,2012-10-19,angelica.ross@towels.com,Madrid,37115
22879,AW00022879,Jocelyn,Russell,M,F,2012-10-19,jocelyn.russell@circles.com,Singapore,53824
22880,AW00022880,Ashley,Harris,M,F,2012-10-20,ashley.harris@nappa.com,London,20792
22881,AW00022881,Wyatt,Martinez,M,M,2012-10-20,wyatt.martinez@towels.com,Berlin,29688
22882,AW00022882,Charles,Jones,S,M,2012-10-20,charles.jones@fountains.com,Bangkok,26727
22883,AW00022883,Xavier,Morgan,S,M,2012-10-20,xavier.morgan@towels.com,London,28598
22884,AW00022884,Danielle,Richardson,S,F,2012-10-20,danielle.richardson@towels.com,Istanbul,29435
22885,AW00022885,Caleb,Henderson,S,M,2012-10-20,caleb.henderson@cappo.com,Rome,36739
22886,AW00022886,Andrea,King,S,F,2012-10-20,andrea.king@cappo.com,Delhi,42715
22887,AW00022887,Mason,Richardson,M,M,2012-10-21,mason.richardson@towels.com,Paris,50252
22888,AW00022888,Abigail,Long,M,F,2012-10-21,abigail.long@circles.com,Mumbai,25071
22889,AW00022889,Julia,Long,M,F,2012-10-21,julia.long@sticks.com,Seoul,22794
22890,AW00022890,Alexis,Hall,M,F,2012-10-21,alexis.hall@winds.com,Moscow,33235
22891,AW00022891,Andrea,Gonzalez,M,F,2012-10-21,andrea.gonzalez@sticks.com,Tokyo,40372
22892,AW00022892,Timothy,Mitchell,S,M,2012-10-21,timothy.mitchell@circles.com,Istanbul,56843
22893,AW00022893,Chloe,Miller,S,F,2012-10-21,chloe.miller@nappa.com,Mumbai,50096
22894,AW00022894,Danielle,Ramirez,M,F,2012-10-21,danielle.ramirez@fountains.com,Shanghai,51819
22895,AW00022895,Eduardo,Perez,S,M,2012-10-21,eduardo.perez@cappo.com,Tokyo,51699
22896,AW00022896,Logan,Miller,M,M,2012-10-21,logan.miller@mouse.com,Jakarta,48309
22897,AW00022897,Arianna,Ramirez,M,F,2012-10-21,arianna.ramirez@towels.com,Rome,34061
22898,AW00022898,Melanie,Washington,M,F,2012-10-22,melanie.washington@sticks.com,Moscow,12291
22899,AW00022899,Charles,Carter,M,M,2012-10-22,charles.carter@sticks.com,Bangkok,56582
22900,AW00022900,Hunter,Li,S,M,2012-10-22,hunter.li@winds.com,Seoul,41210
22901,AW00022901,Katherine,Stewart,S,F,2012-10-22,katherine.stewart@papers.com,Moscow,17693
22902,AW00022902,Pedro,Madan,M,M,2012-10-22,pedro.madan@papers.com,Delhi,15014
22903,AW00022903,Hailey,Stewart,S,F,2012-10-22,hailey.stewart@fountains.com,Paris,10775
22904,AW00022904,Mitchell,Shen,S,M,2012-10-22,mitchell.shen@towels.com,Seoul,12252
22905,AW00022905,Joe,Schmidt,M,M,2012-10-22,joe.schmidt@sticks.com,Madrid,19601
22906,AW00022906,Jessie,Moreno,M,F,2012-10-22,jessie.moreno@circles.com,Rome,30291
22907,AW00022907,Barry,Sai,M,M,2012-10-23,barry.sai@towels.com,Delhi,41131
22908,AW00022908,Eddie,Ortega,M,M,2012-10-23,eddie.ortega@towels.com,London,11924
22909,AW00022909,Tommy,Goel,S,M,2012-10-23,tommy.goel@towels.com,Rome,52935
22910,AW00022910,Latoya,Tang,M,F,2012-10-23,latoya.tang@circles.com,Madrid,55809
22911,AW00022911,Gregory,Raje,M,M,2012-10-23,gregory.raje@cappo.com,Bangkok,25903
22912,AW00022912,Mallory,Moreno,S,F,2012-10-23,mallory.moreno@papers.com,Moscow,26256
22913,AW00022913,Valerie,Lu,S,F,2012-10-23,valerie.lu@papers.com,Madrid,22188
22914,AW00022914,Faith,Gray,S,F,2012-10-24,faith.gray@cappo.com,Bangkok,45398
22915,AW00022915,Carly,Shen,M,F,2012-10-24,carly.shen@fountains.com,Rome,43190
22916,AW00022916,Raquel,Romero,M,F,2012-10-24,raquel.romero@circles.com,Bangkok,37471
22917,AW00022917,Maurice,She,S,M,2012-10-24,maurice.she@fountains.com,Madrid,50928
22918,AW00022918,Calvin,Jai,S,M,2012-10-24,calvin.jai@mouse.com,Jakarta,10545
22919,AW00022919,Stanley,Rana,M,M,2012-10-25,stanley.rana@cappo.com,Istanbul,11287
22920,AW00022920,Calvin,Andersen,M,M,2012-10-25,calvin.andersen@sticks.com,Seoul,10123
22921,AW00022921,Kelsey,Shen,S,F,2012-10-25,kelsey.shen@papers.com,Berlin,25472
22922,AW00022922,Heidi,Martinez,S,F,2012-10-25,heidi.martinez@cappo.com,Delhi,16490
22923,AW00022923,Mason,Lopez,M,M,2012-10-25,mason.lopez@hostinger.com,Mumbai,26643
22924,AW00022924,Marie,Sanchez,S,F,2012-10-25,marie.sanchez@nappa.com,Tokyo,15729
22925,AW00022925,Karla,Shen,M,F,2012-10-26,karla.shen@papers.com,Moscow,59956
22926,AW00022926,Keith,Yuan,S,M,2012-10-26,keith.yuan@nappa.com,Paris,28815
22927,AW00022927,Jon,Guo,S,M,2012-10-26,jon.guo@nappa.com,Bangkok,56526
22928,AW00022928,Natalie,Nelson,S,F,2012-10-26,natalie.nelson@winds.com,Tokyo,35151
22929,AW00022929,Isabella,Davis,S,F,2012-10-26,isabella.davis@sticks.com,Mumbai,23372
22930,AW00022930,Brett,Raman,M,M,2012-10-26,brett.raman@circles.com,Rome,49594
22931,AW00022931,Logan,Johnson,M,M,2012-10-26,logan.johnson@papers.com,Jakarta,38791
22932,AW00022932,Maurice,Jai,S,M,2012-10-26,maurice.jai@papers.com,Moscow,36500
22933,AW00022933,Kelli,Chande,S,F,2012-10-26,kelli.chande@nappa.com,Moscow,22830
22934,AW00022934,Tonya,Kumar,M,F,2012-10-26,tonya.kumar@nappa.com,Delhi,39102
22935,AW00022935,Tamara,Shen,S,F,2012-10-26,tamara.shen@papers.com,Tokyo,47108
22936,AW00022936,Jill,Diaz,S,F,2012-10-26,jill.diaz@fountains.com,Singapore,26148
22937,AW00022937,Jose,Baker,S,M,2012-10-26,jose.baker@cappo.com,Tokyo,14858
22938,AW00022938,Hector,Blanco,M,M,2012-10-26,hector.blanco@circles.com,Seoul,11362
22939,AW00022939,Rebekah,Arthur,S,F,2012-10-26,rebekah.arthur@winds.com,Mumbai,56432
22940,AW00022940,Briana,Ashe,S,F,2012-10-27,briana.ashe@towels.com,London,46640
22941,AW00022941,Destiny,Bailey,S,F,2012-10-27,destiny.bailey@hostinger.com,Jakarta,28675
22942,AW00022942,Brittney,She,M,F,2012-10-27,brittney.she@mouse.com,Seoul,46658
22943,AW00022943,Timothy,Parker,S,M,2012-10-27,timothy.parker@mouse.com,Bangkok,28728
22944,AW00022944,Jodi,Lal,M,F,2012-10-27,jodi.lal@winds.com,Berlin,40673
22945,AW00022945,Linda,Sanz,M,F,2012-10-27,linda.sanz@fountains.com,Berlin,39595
22946,AW00022946,Bryant,Kapoor,S,M,2012-10-27,bryant.kapoor@fountains.com,Mumbai,27138
22947,AW00022947,Danielle,Torres,S,F,2012-10-27,danielle.torres@fountains.com,Bangkok,35670
22948,AW00022948,Lucas,Turner,S,M,2012-10-27,lucas.turner@papers.com,Delhi,57344
22949,AW00022949,Gavin,Butler,S,M,2012-10-27,gavin.butler@circles.com,Delhi,16502
22950,AW00022950,Nicole,Cox,S,F,2012-10-28,nicole.cox@nappa.com,Berlin,14283
22951,AW00022951,Chelsea,Mehta,S,F,2012-10-28,chelsea.mehta@winds.com,Jakarta,34345
22952,AW00022952,Luke,Baker,M,M,2012-10-28,luke.baker@sticks.com,Paris,27304
22953,AW00022953,Barbara,Liang,S,F,2012-10-29,barbara.liang@sticks.com,Berlin,10358
22954,AW00022954,Justin,Thompson,S,M,2012-10-29,justin.thompson@circles.com,Jakarta,27480
22955,AW00022955,Leslie,Suarez,M,F,2012-10-29,leslie.suarez@fountains.com,Tokyo,55671
22956,AW00022956,Randy,Guo,M,M,2012-10-29,randy.guo@fountains.com,Rome,36642
22957,AW00022957,Nicole,Davis,M,F,2012-10-30,nicole.davis@mouse.com,Seoul,40481
22958,AW00022958,Brandy,Fernandez,S,F,2012-10-30,brandy.fernandez@hostinger.com,Paris,30131
22959,AW00022959,Julie,Yuan,S,F,2012-10-30,julie.yuan@circles.com,Shanghai,58753
22960,AW00022960,Douglas,Malhotra,M,M,2012-10-30,douglas.malhotra@hostinger.com,Madrid,43704
22961,AW00022961,Nina,She,M,F,2012-10-30,nina.she@towels.com,Madrid,21402
22962,AW00022962,Casey,Martin,M,M,2012-10-30,casey.martin@nappa.com,Shanghai,20184
22963,AW00022963,Willie,Ye,M,M,2012-10-30,willie.ye@papers.com,Berlin,44527
22964,AW00022964,Eric,Hayes,S,M,2012-10-30,eric.hayes@fountains.com,Rome,22491
22965,AW00022965,Carrie,Gomez,S,F,2012-10-31,carrie.gomez@papers.com,Rome,45012
22966,AW00022966,Jodi,Chapman,S,F,2012-10-31,jodi.chapman@sticks.com,Tokyo,43523
22967,AW00022967,Rachel,Smith,M,F,2012-10-31,rachel.smith@fountains.com,Tokyo,40075
22968,AW00022968,Logan,Perez,S,M,2012-10-31,logan.perez@winds.com,Madrid,14253
22969,AW00022969,Taylor,Martin,S,F,2012-10-31,taylor.martin@winds.com,Istanbul,36825
22970,AW00022970,Mary,Phillips,S,F,2012-10-31,mary.phillips@mouse.com,Mumbai,41112
22971,AW00022971,Morgan,Howard,S,F,2012-11-01,morgan.howard@cappo.com,Paris,20170
22972,AW00022972,Bailey,James,S,F,2012-11-01,bailey.james@sticks.com,London,31960
22973,AW00022973,Alan,Lin,S,M,2012-11-02,alan.lin@circles.com,Delhi,53299
22974,AW00022974,Erika,Vazquez,M,F,2012-11-02,erika.vazquez@circles.com,Seoul,53761
22975,AW00022975,Courtney,Turner,S,F,2012-11-03,courtney.turner@nappa.com,Seoul,32931
22976,AW00022976,Eric,Foster,S,M,2012-11-03,eric.foster@cappo.com,Paris,42871
22977,AW00022977,Ian,Patterson,M,M,2012-11-03,ian.patterson@towels.com,Paris,54913
22978,AW00022978,Devon,Jai,M,M,2012-11-03,devon.jai@fountains.com,Jakarta,22827
22979,AW00022979,Theodore,Hernandez,S,M,2012-11-03,theodore.hernandez@circles.com,Delhi,50301
22980,AW00022980,Oscar,Washington,M,M,2012-11-03,oscar.washington@sticks.com,Tokyo,46658
22981,AW00022981,Amanda,Flores,S,F,2012-11-03,amanda.flores@cappo.com,Shanghai,34927
22982,AW00022982,Madison,Miller,M,F,2012-11-03,madison.miller@cappo.com,Seoul,38816
22983,AW00022983,Maria,Bennett,S,F,2012-11-03,maria.bennett@towels.com,Seoul,37791
22984,AW00022984,Cameron,Robinson,M,M,2012-11-03,cameron.robinson@nappa.com,Moscow,23057
22985,AW00022985,Hailey,Phillips,M,F,2012-11-03,hailey.phillips@hostinger.com,Shanghai,36159
22986,AW00022986,Carly,Jai,S,F,2012-11-03,carly.jai@cappo.com,Shanghai,31632
22987,AW00022987,Jerome,Dominguez,M,M,2012-11-03,jerome.dominguez@fountains.com,Paris,40950
22988,AW00022988,Patricia,Madan,M,F,2012-11-04,patricia.madan@mouse.com,Berlin,11123
22989,AW00022989,Megan,Butler,M,F,2012-11-04,megan.butler@cappo.com,Shanghai,42553
22990,AW00022990,Alyssa,Stewart,S,F,2012-11-04,alyssa.stewart@papers.com,Singapore,46005
22991,AW00022991,Morgan,Jenkins,S,F,2012-11-04,morgan.jenkins@fountains.com,Istanbul,55828
22992,AW00022992,Austin,Yang,S,M,2012-11-04,austin.yang@nappa.com,London,12829
22993,AW00022993,Xavier,Sanchez,S,M,2012-11-04,xavier.sanchez@circles.com,Madrid,44638
22994,AW00022994,Chloe,Allen,M,F,2012-11-04,chloe.allen@hostinger.com,Shanghai,42649
22995,AW00022995,Isabella,Bryant,S,F,2012-11-04,isabella.bryant@fountains.com,Moscow,51091
22996,AW00022996,Jordan,Henderson,M,M,2012-11-04,jordan.henderson@circles.com,Jakarta,29836
22997,AW00022997,Lucas,Williams,M,M,2012-11-05,lucas.williams@mouse.com,Berlin,35838
22998,AW00022998,Lauren,Washington,M,F,2012-11-05,lauren.washington@towels.com,Istanbul,18551
22999,AW00022999,Jackson,Hill,M,M,2012-11-05,jackson.hill@mouse.com,Shanghai,52853
23000,AW00023000,Victoria,Henderson,M,F,2012-11-05,victoria.henderson@papers.com,Moscow,54500
23001,AW00023001,Julio,Munoz,S,M,2012-11-05,julio.munoz@circles.com,Delhi,14357
23002,AW00023002,Arthur,Hernandez,S,M,2012-11-05,arthur.hernandez@hostinger.com,Seoul,26345
23003,AW00023003,Ashley,Robinson,S,F,2012-11-06,ashley.robinson@towels.com,Jakarta,53960
23004,AW00023004,Raymond,Fernandez,M,M,2012-11-06,raymond.fernandez@hostinger.com,Istanbul,16643
23005,AW00023005,Luke,Sharma,M,M,2012-11-06,luke.sharma@sticks.com,Moscow,58801
23006,AW00023006,Seth,Lee,M,M,2012-11-06,seth.lee@nappa.com,Singapore,34231
23007,AW00023007,Isaac,Sanchez,S,M,2012-11-06,isaac.sanchez@hostinger.com,Berlin,13532
23008,AW00023008,Sheena,She,M,F,2012-11-06,sheena.she@circles.com,Moscow,32144
23009,AW00023009,Dalton,Thomas,M,M,2012-11-06,dalton.thomas@fountains.com,London,57190
23010,AW00023010,Seth,Cook,S,M,2012-11-06,seth.cook@towels.com,Moscow,14971
23011,AW00023011,Isaiah,Rivera,M,M,2012-11-06,isaiah.rivera@cappo.com,Berlin,53292
23012,AW00023012,Mathew,Carlson,M,M,2012-11-07,mathew.carlson@towels.com,Jakarta,44206
23013,AW00023013,Louis,Yang,M,M,2012-11-07,louis.yang@hostinger.com,Tokyo,16780
23014,AW00023014,Cassandra,Mehta,M,F,2012-11-07,cassandra.mehta@circles.com,Bangkok,16215
23015,AW00023015,Juan,Rivera,M,M,2012-11-07,juan.rivera@circles.com,Rome,49595
23016,AW00023016,Victoria,Powell,M,F,2012-11-07,victoria.powell@papers.com,Berlin,15233
23017,AW00023017,Alison,Rai,M,F,2012-11-07,alison.rai@fountains.com,Mumbai,10164
23018,AW00023018,Richard,White,M,M,2012-11-07,richard.white@sticks.com,Moscow,35395
23019,AW00023019,Emma,Garcia,M,F,2012-11-07,emma.garcia@winds.com,Rome,40226
23020,AW00023020,Hannah,Jones,M,F,2012-11-07,hannah.jones@winds.com,Singapore,51825
23021,AW00023021,Stefanie,Mehta,M,F,2012-11-08,stefanie.mehta@nappa.com,Berlin,41122
23022,AW00023022,Jocelyn,Bradley,S,F,2012-11-08,jocelyn.bradley@papers.com,Mumbai,45121
23023,AW00023023,Naomi,Vazquez,M,F,2012-11-08,naomi.vazquez@papers.com,Seoul,13666
23024,AW00023024,Emma,Davis,M,F,2012-11-08,emma.davis@winds.com,Bangkok,42156
23025,AW00023025,Richard,Richardson,M,M,2012-11-08,richard.richardson@cappo.com,Moscow,40251
23026,AW00023026,Jessica,Rogers,S,F,2012-11-08,jessica.rogers@hostinger.com,Berlin,26081
23027,AW00023027,Fernando,Griffin,S,M,2012-11-08,fernando.griffin@mouse.com,Singapore,31050
23028,AW00023028,Anna,Taylor,M,F,2012-11-08,anna.taylor@hostinger.com,Paris,56345
23029,AW00023029,Ian,Ross,M,M,2012-11-09,ian.ross@cappo.com,Tokyo,32460
23030,AW00023030,Aidan,Jenkins,M,M,2012-11-09,aidan.jenkins@cappo.com,Jakarta,33313
23031,AW00023031,Brooke,Morgan,S,F,2012-11-09,brooke.morgan@fountains.com,Bangkok,12715
23032,AW00023032,Jesse,Parker,M,M,2012-11-09,jesse.parker@winds.com,Tokyo,48097
23033,AW00023033,Alex,Turner,M,M,2012-11-09,alex.turner@winds.com,Delhi,54173
23034,AW00023034,Melanie,Cooper,S,F,2012-11-09,melanie.cooper@nappa.com,Jakarta,16808
23035,AW00023035,Maria,Howard,M,F,2012-11-09,maria.howard@cappo.com,Singapore,22403
23036,AW00023036,Caleb,Green,S,M,2012-11-09,caleb.green@towels.com,Shanghai,49084
23037,AW00023037,Lucas,Wood,S,M,2012-11-09,lucas.wood@towels.com,Moscow,19149
23038,AW00023038,Sydney,Reed,S,F,2012-11-10,sydney.reed@winds.com,Paris,39625
23039,AW00023039,Wyatt,Scott,M,M,2012-11-10,wyatt.scott@sticks.com,Moscow,59510
23040,AW00023040,Seth,Morgan,M,M,2012-11-10,seth.morgan@cappo.com,Berlin,41082
23041,AW00023041,Natalie,Garcia,S,F,2012-11-10,natalie.garcia@nappa.com,Jakarta,47390
23042,AW00023042,Riley,Blue,S,F,2012-11-11,riley.blue@papers.com,Moscow,43260
23043,AW00023043,Katherine,Moore,M,F,2012-11-11,katherine.moore@nappa.com,Seoul,32098
23044,AW00023044,Aidan,Patterson,M,M,2012-11-12,aidan.patterson@hostinger.com,London,41958
23045,AW00023045,Gabriel,Patterson,M,M,2012-11-12,gabriel.patterson@mouse.com,Shanghai,22291
23046,AW00023046,Pamela,Malhotra,M,F,2012-11-12,pamela.malhotra@circles.com,Delhi,35961
23047,AW00023047,Valerie,Xu,M,F,2012-11-12,valerie.xu@sticks.com,London,22267
23048,AW00023048,Isabella,Hughes,M,F,2012-11-12,isabella.hughes@fountains.com,London,17602
23049,AW00023049,Gina,Moreno,S,F,2012-11-12,gina.moreno@papers.com,Rome,14178
23050,AW00023050,Jack,Hall,M,M,2012-11-12,jack.hall@cappo.com,Seoul,18342
23051,AW00023051,Jesse,Green,M,M,2012-11-12,jesse.green@towels.com,Madrid,45987
23052,AW00023052,Steven,Stewart,M,M,2012-11-12,steven.stewart@mouse.com,Jakarta,12767
23053,AW00023053,Anna,Bailey,M,F,2012-11-12,anna.bailey@mouse.com,Shanghai,11680
23054,AW00023054,David,Moore,M,M,2012-11-12,david.moore@mouse.com,Tokyo,35087
23055,AW00023055,Seth,Diaz,M,M,2012-11-12,seth.diaz@sticks.com,Tokyo,13015
23056,AW00023056,Alyssa,Perry,M,F,2012-11-13,alyssa.perry@nappa.com,Rome,29178
23057,AW00023057,Caitlin,Richardson,M,F,2012-11-13,caitlin.richardson@hostinger.com,London,56107
23058,AW00023058,Michelle,Rivera,S,F,2012-11-13,michelle.rivera@winds.com,Singapore,54631
23059,AW00023059,Spencer,Price,M,M,2012-11-13,spencer.price@circles.com,Berlin,21028
23060,AW00023060,Isabella,Long,M,F,2012-11-13,isabella.long@nappa.com,Moscow,17538
23061,AW00023061,Jeremiah,Sanders,M,M,2012-11-13,jeremiah.sanders@fountains.com,Istanbul,49819
23062,AW00023062,Natalie,Reed,M,F,2012-11-13,natalie.reed@sticks.com,Seoul,53105
23063,AW00023063,Jennifer,Thompson,M,F,2012-11-13,jennifer.thompson@mouse.com,Bangkok,42373
23064,AW00023064,Alexander,Rodriguez,S,M,2012-11-13,alexander.rodriguez@sticks.com,Seoul,53075
23065,AW00023065,Derek,Nath,M,M,2012-11-13,derek.nath@towels.com,Mumbai,58057
23066,AW00023066,Austin,Lal,M,M,2012-11-13,austin.lal@hostinger.com,Istanbul,14264
23067,AW00023067,Kelli,Pal,M,F,2012-11-14,kelli.pal@circles.com,Jakarta,46489
23068,AW00023068,Ryan,Shan,M,M,2012-11-14,ryan.shan@mouse.com,Mumbai,14419
23069,AW00023069,Anna,Gray,M,F,2012-11-14,anna.gray@winds.com,Moscow,24839
23070,AW00023070,Natalie,Hall,M,F,2012-11-14,natalie.hall@cappo.com,Paris,40754
23071,AW00023071,Haley,Gonzales,M,F,2012-11-14,haley.gonzales@hostinger.com,Shanghai,15642
23072,AW00023072,Toni,Srini,M,F,2012-11-14,toni.srini@circles.com,London,56788
23073,AW00023073,Christian,Griffin,M,M,2012-11-14,christian.griffin@cappo.com,Moscow,22069
23074,AW00023074,Megan,Flores,S,F,2012-11-14,megan.flores@papers.com,Moscow,33741
23075,AW00023075,Rebekah,Sandberg,M,F,2012-11-15,rebekah.sandberg@cappo.com,London,39743
23076,AW00023076,Adrian,Brooks,M,M,2012-11-15,adrian.brooks@cappo.com,Rome,27594
23077,AW00023077,Marvin,Hernandez,M,M,2012-11-15,marvin.hernandez@cappo.com,Shanghai,10925
23078,AW00023078,Julio,Hernandez,M,M,2012-11-15,julio.hernandez@sticks.com,Shanghai,47223
23079,AW00023079,Justine,Ryan,S,F,2012-11-15,justine.ryan@winds.com,Istanbul,38711
23080,AW00023080,Jocelyn,Barnes,S,F,2012-11-15,jocelyn.barnes@fountains.com,Berlin,57963
23081,AW00023081,Brandon,Powell,M,M,2012-11-15,brandon.powell@mouse.com,Istanbul,45469
23082,AW00023082,Jonathan,Williams,M,M,2012-11-15,jonathan.williams@fountains.com,Rome,13725
23083,AW00023083,Samuel,Smith,S,M,2012-11-15,samuel.smith@mouse.com,Berlin,19157
23084,AW00023084,Christian,Shan,S,M,2012-11-16,christian.shan@cappo.com,Paris,43723
23085,AW00023085,Ross,Subram,M,M,2012-11-16,ross.subram@circles.com,Berlin,15504
23086,AW00023086,Tracy,Lal,M,F,2012-11-16,tracy.lal@fountains.com,Singapore,43010
23087,AW00023087,Clifford,Martinez,M,M,2012-11-16,clifford.martinez@mouse.com,London,15993
23088,AW00023088,Wesley,Hu,S,M,2012-11-16,wesley.hu@nappa.com,Berlin,30764
23089,AW00023089,Lucas,Walker,M,M,2012-11-16,lucas.walker@fountains.com,Singapore,48390
23090,AW00023090,Christopher,Lee,S,M,2012-11-16,christopher.lee@mouse.com,Bangkok,13235
23091,AW00023091,Richard,Peterson,S,M,2012-11-16,richard.peterson@towels.com,Madrid,22693
23092,AW00023092,Gabrielle,Brooks,S,F,2012-11-16,gabrielle.brooks@mouse.com,Mumbai,51980
23093,AW00023093,Nathan,Parker,M,M,2012-11-17,nathan.parker@mouse.com,Shanghai,33522
23094,AW00023094,Carolyn,Gill,M,F,2012-11-17,carolyn.gill@cappo.com,Rome,11266
23095,AW00023095,Gerald,Patel,M,M,2012-11-17,gerald.patel@cappo.com,Paris,11261
23096,AW00023096,Ashlee,Chande,M,F,2012-11-17,ashlee.chande@cappo.com,Paris,35470
23097,AW00023097,Tony,Natsuhara,S,M,2012-11-17,tony.natsuhara@towels.com,Mumbai,36957
23098,AW00023098,Pedro,Rubio,S,M,2012-11-17,pedro.rubio@cappo.com,Shanghai,14941
23099,AW00023099,Kristi,Suarez,S,F,2012-11-17,kristi.suarez@papers.com,Moscow,19049
23100,AW00023100,Christy,Raje,M,F,2012-11-17,christy.raje@winds.com,London,47716
23101,AW00023101,Barbara,Lal,M,F,2012-11-17,barbara.lal@winds.com,Jakarta,56558
23102,AW00023102,Barbara,Zeng,M,F,2012-11-18,barbara.zeng@papers.com,Paris,11779
23103,AW00023103,Dwayne,Moreno,M,M,2012-11-18,dwayne.moreno@papers.com,Jakarta,41680
23104,AW00023104,Isabelle,Long,M,F,2012-11-18,isabelle.long@sticks.com,Mumbai,31173
23105,AW00023105,Karl,Andersen,S,M,2012-11-18,karl.andersen@hostinger.com,Tokyo,32710
23106,AW00023106,Kathryn,Yuan,M,F,2012-11-18,kathryn.yuan@papers.com,Berlin,39294
23107,AW00023107,Michele,Kumar,M,F,2012-11-18,michele.kumar@winds.com,Bangkok,57907
23108,AW00023108,Savannah,Wright,S,F,2012-11-18,savannah.wright@circles.com,Tokyo,59953
23109,AW00023109,Lauren,Hughes,S,F,2012-11-18,lauren.hughes@sticks.com,Shanghai,42792
23110,AW00023110,Mackenzie,Gonzalez,S,F,2012-11-19,mackenzie.gonzalez@nappa.com,Singapore,39896
23111,AW00023111,Sara,Wright,S,F,2012-11-19,sara.wright@fountains.com,Jakarta,25393
23112,AW00023112,James,Butler,S,M,2012-11-19,james.butler@circles.com,Istanbul,49130
23113,AW00023113,Elijah,Powell,S,M,2012-11-19,elijah.powell@mouse.com,Moscow,49456
23114,AW00023114,Caroline,Washington,S,F,2012-11-19,caroline.washington@fountains.com,Paris,58634
23115,AW00023115,Stephanie,Nicholls,S,F,2012-11-19,stephanie.nicholls@fountains.com,London,20355
23116,AW00023116,Jerome,Vazquez,S,M,2012-11-19,jerome.vazquez@sticks.com,Mumbai,22570
23117,AW00023117,Bruce,Sanz,M,M,2012-11-19,bruce.sanz@circles.com,Paris,47978
23118,AW00023118,Monique,Moreno,M,F,2012-11-19,monique.moreno@papers.com,Moscow,20902
23119,AW00023119,Gilbert,Zhao,S,M,2012-11-20,gilbert.zhao@papers.com,Paris,17247
23120,AW00023120,Javier,Browning,S,M,2012-11-20,javier.browning@sticks.com,Moscow,21600
23121,AW00023121,Danny,Ramos,M,M,2012-11-20,danny.ramos@papers.com,Moscow,15086
23122,AW00023122,Colleen,Zhou,S,F,2012-11-20,colleen.zhou@fountains.com,Madrid,15341
23123,AW00023123,Zoe,Kelly,S,F,2012-11-20,zoe.kelly@winds.com,Paris,47374
23124,AW00023124,Cameron,Wang,S,M,2012-11-20,cameron.wang@sticks.com,Berlin,48057
23125,AW00023125,Madeline,Scott,S,F,2012-11-20,madeline.scott@towels.com,Istanbul,50133
23126,AW00023126,Carolyn,Van,M,F,2012-11-20,carolyn.van@towels.com,Paris,10654
23127,AW00023127,Haley,Hughes,M,F,2012-11-20,haley.hughes@towels.com,Paris,26865
23128,AW00023128,Dylan,Jai,M,M,2012-11-20,dylan.jai@papers.com,Berlin,37382
23129,AW00023129,Misty,Ashe,M,F,2012-11-21,misty.ashe@papers.com,Shanghai,46860
23130,AW00023130,Lauren,Russell,S,F,2012-11-21,lauren.russell@winds.com,Bangkok,20424
23131,AW00023131,Caitlin,Peterson,M,F,2012-11-21,caitlin.peterson@circles.com,Jakarta,35216
23132,AW00023132,Anthony,Lee,M,M,2012-11-21,anthony.lee@nappa.com,Delhi,51295
23133,AW00023133,Alexis,White,M,F,2012-11-21,alexis.white@nappa.com,Jakarta,58665
23134,AW00023134,Alyssa,Robinson,M,F,2012-11-21,alyssa.robinson@winds.com,Shanghai,31599
23135,AW00023135,Dylan,Clark,M,M,2012-11-21,dylan.clark@nappa.com,Shanghai,49155
23136,AW00023136,Stephanie,Peterson,S,F,2012-11-21,stephanie.peterson@circles.com,Moscow,36868
23137,AW00023137,Chloe,Sanders,M,F,2012-11-21,chloe.sanders@winds.com,Istanbul,42710
23138,AW00023138,Angela,Peterson,S,F,2012-11-21,angela.peterson@mouse.com,Madrid,39399
23139,AW00023139,Christian,Yang,S,M,2012-11-21,christian.yang@sticks.com,Tokyo,52974
23140,AW00023140,Tyler,Lee,M,M,2012-11-21,tyler.lee@mouse.com,Jakarta,29852
23141,AW00023141,Katherine,Long,M,F,2012-11-22,katherine.long@circles.com,Moscow,39072
23142,AW00023142,Cara,Wu,S,F,2012-11-22,cara.wu@cappo.com,Istanbul,55897
23143,AW00023143,Jada,Phillips,M,F,2012-11-22,jada.phillips@mouse.com,Singapore,25791
23144,AW00023144,Zachary,Alexander,M,M,2012-11-22,zachary.alexander@mouse.com,Bangkok,41036
23145,AW00023145,Nichole,Xie,M,F,2012-11-22,nichole.xie@cappo.com,Moscow,56039
23146,AW00023146,Sarah,Clark,S,F,2012-11-22,sarah.clark@mouse.com,Mumbai,24629
23147,AW00023147,Wyatt,Smith,M,M,2012-11-22,wyatt.smith@nappa.com,Paris,52383
23148,AW00023148,Nathan,Ross,M,M,2012-11-22,nathan.ross@mouse.com,Jakarta,43836
23149,AW00023149,Brandi,Rubio,M,F,2012-11-23,brandi.rubio@winds.com,Madrid,46602
23150,AW00023150,Gabriella,Allen,M,F,2012-11-23,gabriella.allen@mouse.com,Paris,58779
23151,AW00023151,Michael,Brown,M,M,2012-11-23,michael.brown@sticks.com,Delhi,41675
23152,AW00023152,Michelle,Howard,M,F,2012-11-23,michelle.howard@circles.com,Berlin,38078
23153,AW00023153,Jenna,Hill,M,F,2012-11-23,jenna.hill@nappa.com,Madrid,57940
23154,AW00023154,Connor,Phillips,M,M,2012-11-23,connor.phillips@nappa.com,Madrid,14308
23155,AW00023155,Victoria,Hall,M,F,2012-11-23,victoria.hall@sticks.com,Moscow,40938
23156,AW00023156,Samantha,Barnes,M,F,2012-11-23,samantha.barnes@cappo.com,Bangkok,15780
23157,AW00023157,Valerie,Gao,M,F,2012-11-23,valerie.gao@circles.com,Rome,51919
23158,AW00023158,Ana,Patterson,M,F,2012-11-23,ana.patterson@mouse.com,Paris,11595
23159,AW00023159,Dalton,Phillips,M,M,2012-11-24,dalton.phillips@circles.com,Delhi,50133
23160,AW00023160,Aimee,Huang,M,F,2012-11-24,aimee.huang@winds.com,Tokyo,29838
23161,AW00023161,Samuel,Scott,M,M,2012-11-24,samuel.scott@cappo.com,Madrid,56338
23162,AW00023162,Sarah,Flores,S,F,2012-11-24,sarah.flores@hostinger.com,Mumbai,19898
23163,AW00023163,Madison,Ross,M,F,2012-11-24,madison.ross@fountains.com,London,43643
23164,AW00023164,Kyle,Bryant,S,M,2012-11-24,kyle.bryant@fountains.com,Paris,10316
23165,AW00023165,Natalie,Mitchell,M,F,2012-11-24,natalie.mitchell@circles.com,Istanbul,39451
23166,AW00023166,Cody,Ward,S,M,2012-11-24,cody.ward@papers.com,Delhi,45131
23167,AW00023167,Hailey,Jenkins,S,F,2012-11-24,hailey.jenkins@towels.com,Madrid,35891
23168,AW00023168,Mya,Hayes,M,F,2012-11-25,mya.hayes@fountains.com,Moscow,45748
23169,AW00023169,Corey,Andersen,S,M,2012-11-25,corey.andersen@cappo.com,Tokyo,51259
23170,AW00023170,Aaron,Jai,S,M,2012-11-25,aaron.jai@towels.com,Shanghai,38277
23171,AW00023171,Ethan,Griffin,M,M,2012-11-25,ethan.griffin@hostinger.com,Mumbai,39297
23172,AW00023172,Alexandra,Thomas,M,F,2012-11-25,alexandra.thomas@sticks.com,Seoul,27406
23173,AW00023173,Nathan,Rodriguez,S,M,2012-11-26,nathan.rodriguez@sticks.com,Istanbul,39121
23174,AW00023174,Gloria,Gonzales,S,F,2012-11-26,gloria.gonzales@sticks.com,Berlin,41765
23175,AW00023175,Melanie,Flores,M,F,2012-11-26,melanie.flores@circles.com,Seoul,21192
23176,AW00023176,Jesse,Ward,M,M,2012-11-26,jesse.ward@papers.com,Delhi,58811
23177,AW00023177,Savannah,Richardson,S,F,2012-11-26,savannah.richardson@cappo.com,Singapore,44392
23178,AW00023178,Dalton,Morris,S,M,2012-11-26,dalton.morris@winds.com,Mumbai,48193
23179,AW00023179,Jordan,Phillips,M,M,2012-11-26,jordan.phillips@hostinger.com,London,48215
23180,AW00023180,Olivia,Cook,S,F,2012-11-26,olivia.cook@mouse.com,Paris,19583
23181,AW00023181,Evan,Evans,S,M,2012-11-26,evan.evans@nappa.com,Tokyo,30987
23182,AW00023182,Savannah,Rivera,M,F,2012-11-26,savannah.rivera@cappo.com,Rome,35772
23183,AW00023183,Megan,Davis,S,F,2012-11-27,megan.davis@sticks.com,Mumbai,27174
23184,AW00023184,Hailey,Carter,S,F,2012-11-27,hailey.carter@hostinger.com,Rome,27032
23185,AW00023185,Fernando,Edwards,M,M,2012-11-27,fernando.edwards@towels.com,Mumbai,39217
23186,AW00023186,Jordan,Young,M,M,2012-11-27,jordan.young@fountains.com,Seoul,24479
23187,AW00023187,Andy,Munoz,M,M,2012-11-27,andy.munoz@fountains.com,Paris,10102
23188,AW00023188,Austin,Jai,S,M,2012-11-27,austin.jai@fountains.com,Paris,43379
23189,AW00023189,Megan,Moore,M,F,2012-11-27,megan.moore@cappo.com,Delhi,58590
23190,AW00023190,Nathaniel,Ramirez,S,M,2012-11-27,nathaniel.ramirez@fountains.com,Singapore,52480
23191,AW00023191,Gilbert,Raji,S,M,2012-11-27,gilbert.raji@sticks.com,London,49828
23192,AW00023192,Emily,Garcia,M,F,2012-11-27,emily.garcia@winds.com,Delhi,41143
23193,AW00023193,Alexis,Flores,M,F,2012-11-28,alexis.flores@nappa.com,Bangkok,14569
23194,AW00023194,Shelby,Cook,M,F,2012-11-28,shelby.cook@sticks.com,London,21669
23195,AW00023195,Xavier,Mohamed,S,M,2012-11-28,xavier.mohamed@hostinger.com,Tokyo,58879
23196,AW00023196,Carlos,Roberts,S,M,2012-11-28,carlos.roberts@papers.com,Shanghai,22916
23197,AW00023197,Cole,Cook,M,M,2012-11-28,cole.cook@papers.com,Rome,44536
23198,AW00023198,Jacqueline,Sanders,S,F,2012-11-28,jacqueline.sanders@cappo.com,Istanbul,28367
23199,AW00023199,Brandon,Hayes,M,M,2012-11-28,brandon.hayes@papers.com,Paris,44555
23200,AW00023200,Grace,Rodriguez,M,F,2012-11-28,grace.rodriguez@papers.com,Shanghai,44063
23201,AW00023201,Alyssa,Butler,S,F,2012-11-28,alyssa.butler@towels.com,Delhi,50064
23202,AW00023202,Terrance,Chandra,M,M,2012-11-28,terrance.chandra@papers.com,Delhi,20469
23203,AW00023203,Dalton,Jenkins,S,M,2012-11-28,dalton.jenkins@sticks.com,Jakarta,38445
23204,AW00023204,Katherine,Mitchell,S,F,2012-11-29,katherine.mitchell@winds.com,Bangkok,43823
23205,AW00023205,Katherine,Sanders,S,F,2012-11-29,katherine.sanders@cappo.com,Jakarta,27414
23206,AW00023206,Jackson,Lal,S,M,2012-11-29,jackson.lal@circles.com,Tokyo,15634
23207,AW00023207,Dalton,Baker,M,M,2012-11-29,dalton.baker@hostinger.com,Jakarta,30862
23208,AW00023208,Janet,Watson,S,F,2012-11-29,janet.watson@fountains.com,Bangkok,26795
23209,AW00023209,Lucas,Lewis,S,M,2012-11-29,lucas.lewis@hostinger.com,Moscow,29409
23210,AW00023210,Timothy,Gray,M,M,2012-11-30,timothy.gray@mouse.com,Rome,15310
23211,AW00023211,Rebekah,Kovár,M,F,2012-11-30,rebekah.kovár@towels.com,Istanbul,10795
23212,AW00023212,James,Jones,S,M,2012-12-01,james.jones@fountains.com,Madrid,12434
23213,AW00023213,Noah,Green,S,M,2012-12-01,noah.green@winds.com,Berlin,25603
23214,AW00023214,Kaylee,James,M,F,2012-12-01,kaylee.james@sticks.com,Seoul,18584
23215,AW00023215,Juan,Richardson,M,M,2012-12-01,juan.richardson@papers.com,Moscow,15131
23216,AW00023216,Kevin,Hall,S,M,2012-12-01,kevin.hall@papers.com,Tokyo,46148
23217,AW00023217,Michelle,Morgan,S,F,2012-12-01,michelle.morgan@circles.com,Seoul,26116
23218,AW00023218,Alisha,Gao,S,F,2012-12-01,alisha.gao@hostinger.com,London,24534
23219,AW00023219,Alyssa,West,S,F,2012-12-01,alyssa.west@winds.com,Singapore,14391
23220,AW00023220,Roy,Malhotra,S,M,2012-12-02,roy.malhotra@fountains.com,London,20383
23221,AW00023221,Leonard,Rai,S,M,2012-12-02,leonard.rai@papers.com,Delhi,42271
23222,AW00023222,Kristen,Wu,S,F,2012-12-02,kristen.wu@sticks.com,Madrid,54772
23223,AW00023223,Angel,Howard,M,M,2012-12-02,angel.howard@mouse.com,Istanbul,56108
23224,AW00023224,Jonathan,Scott,M,M,2012-12-02,jonathan.scott@papers.com,Mumbai,15347
23225,AW00023225,Heidi,Patel,S,F,2012-12-02,heidi.patel@winds.com,Bangkok,16491
23226,AW00023226,Leonard,Xie,S,M,2012-12-02,leonard.xie@papers.com,Berlin,10036
23227,AW00023227,Anne,Alonso,S,F,2012-12-02,anne.alonso@papers.com,Delhi,52478
23228,AW00023228,Candice,Guo,S,F,2012-12-02,candice.guo@sticks.com,Bangkok,18631
23229,AW00023229,Deborah,Raje,S,F,2012-12-02,deborah.raje@circles.com,Delhi,14757
23230,AW00023230,Mya,Foster,S,F,2012-12-02,mya.foster@winds.com,Istanbul,44516
23231,AW00023231,Dylan,Moore,S,M,2012-12-02,dylan.moore@nappa.com,Paris,19920
23232,AW00023232,Frank,Serrano,S,M,2012-12-02,frank.serrano@mouse.com,Moscow,48597
23233,AW00023233,Bradley,Sharma,S,M,2012-12-03,bradley.sharma@sticks.com,Delhi,21643
23234,AW00023234,Brent,Lu,S,M,2012-12-03,brent.lu@cappo.com,Singapore,42226
23235,AW00023235,Cedric,Pal,S,M,2012-12-03,cedric.pal@fountains.com,Rome,30402
23236,AW00023236,Nichole,Kumar,S,F,2012-12-03,nichole.kumar@nappa.com,Mumbai,43705
23237,AW00023237,Caleb,Young,S,M,2012-12-03,caleb.young@towels.com,Jakarta,17794
23238,AW00023238,Thomas,Lee,S,M,2012-12-03,thomas.lee@papers.com,Shanghai,11856
23239,AW00023239,Curtis,Wu,S,M,2012-12-04,curtis.wu@sticks.com,Paris,17966
23240,AW00023240,Phillip,Chapman,S,M,2012-12-04,phillip.chapman@hostinger.com,London,25156
23241,AW00023241,Armando,Torres,S,M,2012-12-04,armando.torres@winds.com,Seoul,16628
23242,AW00023242,Andrew,Garcia,S,M,2012-12-04,andrew.garcia@nappa.com,Delhi,52107
23243,AW00023243,Jasmine,Rogers,M,F,2012-12-04,jasmine.rogers@winds.com,Tokyo,20252
23244,AW00023244,Alexandra,Wagner,S,F,2012-12-04,alexandra.wagner@circles.com,London,32652
23245,AW00023245,Morgan,James,S,F,2012-12-04,morgan.james@towels.com,Istanbul,54071
23246,AW00023246,Renee,Gill,S,F,2012-12-04,renee.gill@towels.com,Seoul,59110
23247,AW00023247,Alexander,Garcia,S,M,2012-12-04,alexander.garcia@fountains.com,Jakarta,35770
23248,AW00023248,Bailey,Peterson,M,F,2012-12-05,bailey.peterson@nappa.com,Mumbai,33943
23249,AW00023249,Tasha,Nara,S,F,2012-12-05,tasha.nara@towels.com,Rome,27439
23250,AW00023250,Ashley,Lee,M,F,2012-12-05,ashley.lee@towels.com,Rome,48743
23251,AW00023251,Evan,Scott,M,M,2012-12-05,evan.scott@hostinger.com,Mumbai,55880
23252,AW00023252,Alexia,Wood,S,F,2012-12-05,alexia.wood@circles.com,Moscow,22405
23253,AW00023253,Brooke,Bell,S,F,2012-12-05,brooke.bell@circles.com,Moscow,57645
23254,AW00023254,Jack,Gonzalez,S,M,2012-12-05,jack.gonzalez@mouse.com,Singapore,47384
23255,AW00023255,Xavier,Johnson,S,M,2012-12-05,xavier.johnson@towels.com,Delhi,22530
23256,AW00023256,Mario,Chande,S,M,2012-12-05,mario.chande@papers.com,Istanbul,32702
23257,AW00023257,Charles,Stewart,M,M,2012-12-05,charles.stewart@fountains.com,Shanghai,33561
23258,AW00023258,Megan,Watson,S,F,2012-12-05,megan.watson@sticks.com,Mumbai,34667
23259,AW00023259,John,Taylor,M,M,2012-12-06,john.taylor@cappo.com,Delhi,28946
23260,AW00023260,Edwin,Goel,M,M,2012-12-06,edwin.goel@hostinger.com,Delhi,31042
23261,AW00023261,Jada,Peterson,S,F,2012-12-06,jada.peterson@cappo.com,Paris,48622
23262,AW00023262,Sydney,Kelly,S,F,2012-12-06,sydney.kelly@circles.com,Singapore,15144
23263,AW00023263,Angel,Lopez,S,M,2012-12-06,angel.lopez@cappo.com,Shanghai,26900
23264,AW00023264,Warren,Hu,M,M,2012-12-06,warren.hu@papers.com,London,40991
23265,AW00023265,Savannah,James,M,F,2012-12-06,savannah.james@nappa.com,Moscow,27932
23266,AW00023266,Jessica,Watson,M,F,2012-12-07,jessica.watson@fountains.com,Seoul,18421
23267,AW00023267,Juan,James,M,M,2012-12-07,juan.james@papers.com,London,56890
23268,AW00023268,Katelyn,Morris,M,F,2012-12-07,katelyn.morris@nappa.com,Rome,53097
23269,AW00023269,Taylor,Griffin,M,F,2012-12-07,taylor.griffin@winds.com,Tokyo,43931
23270,AW00023270,Anna,Anderson,M,F,2012-12-07,anna.anderson@circles.com,Rome,39967
23271,AW00023271,Alexandra,Clark,M,F,2012-12-07,alexandra.clark@sticks.com,Singapore,13248
23272,AW00023272,Tristan,Hayes,M,M,2012-12-08,tristan.hayes@mouse.com,Shanghai,21319
23273,AW00023273,Benjamin,Long,M,M,2012-12-08,benjamin.long@papers.com,Rome,53721
23274,AW00023274,Ethan,Jackson,M,M,2012-12-08,ethan.jackson@papers.com,Seoul,50911
23275,AW00023275,Miguel,Jackson,M,M,2012-12-08,miguel.jackson@cappo.com,Bangkok,41407
23276,AW00023276,Vincent,Zhou,M,M,2012-12-08,vincent.zhou@cappo.com,Berlin,54990
23277,AW00023277,Isaiah,Torres,M,M,2012-12-08,isaiah.torres@fountains.com,Berlin,50433
23278,AW00023278,Chloe,Flores,S,F,2012-12-08,chloe.flores@circles.com,Istanbul,18827
23279,AW00023279,Edward,Johnson,S,M,2012-12-08,edward.johnson@winds.com,Jakarta,54661
23280,AW00023280,Hannah,Alexander,M,F,2012-12-09,hannah.alexander@mouse.com,Bangkok,52383
23281,AW00023281,Megan,Harris,M,F,2012-12-09,megan.harris@cappo.com,Moscow,57280
23282,AW00023282,Ariana,James,M,F,2012-12-09,ariana.james@sticks.com,London,44293
23283,AW00023283,Haley,Torres,S,F,2012-12-09,haley.torres@sticks.com,Berlin,12991
23284,AW00023284,Wyatt,Coleman,S,M,2012-12-09,wyatt.coleman@cappo.com,Moscow,58573
23285,AW00023285,Latoya,Luo,S,F,2012-12-09,latoya.luo@sticks.com,Rome,53664
23286,AW00023286,Taylor,Bell,M,F,2012-12-10,taylor.bell@nappa.com,London,47311
23287,AW00023287,Juan,Kelly,S,M,2012-12-10,juan.kelly@papers.com,Rome,50622
23288,AW00023288,Eduardo,Evans,S,M,2012-12-10,eduardo.evans@cappo.com,Rome,11907
23289,AW00023289,Justin,Robinson,M,M,2012-12-10,justin.robinson@mouse.com,Moscow,42002
23290,AW00023290,Angelica,Bennett,M,F,2012-12-10,angelica.bennett@mouse.com,Rome,55842
23291,AW00023291,Timothy,Evans,M,M,2012-12-10,timothy.evans@towels.com,Delhi,28810
23292,AW00023292,Jose,Russell,S,M,2012-12-10,jose.russell@cappo.com,Delhi,13280
23293,AW00023293,Kaylee,Peterson,S,F,2012-12-11,kaylee.peterson@fountains.com,Jakarta,31159
23294,AW00023294,Suzanne,Chen,M,F,2012-12-11,suzanne.chen@mouse.com,Istanbul,46244
23295,AW00023295,Jaime,Torres,S,F,2012-12-11,jaime.torres@cappo.com,Berlin,12037
23296,AW00023296,Molly,Mehta,S,F,2012-12-11,molly.mehta@sticks.com,Shanghai,52025
23297,AW00023297,Tyrone,Gomez,S,M,2012-12-11,tyrone.gomez@winds.com,Mumbai,29666
23298,AW00023298,Robert,Martinez,S,M,2012-12-11,robert.martinez@nappa.com,Mumbai,55070
23299,AW00023299,Kristy,Jimenez,M,F,2012-12-11,kristy.jimenez@sticks.com,Istanbul,43128
23300,AW00023300,Julia,Henderson,S,F,2012-12-12,julia.henderson@cappo.com,Seoul,57942
23301,AW00023301,Noah,Anderson,M,M,2012-12-12,noah.anderson@papers.com,Seoul,15451
23302,AW00023302,Fernando,Walker,S,M,2012-12-12,fernando.walker@papers.com,Madrid,25147
23303,AW00023303,Connor,Lal,M,M,2012-12-12,connor.lal@papers.com,Rome,19703
23304,AW00023304,Jordan,Simmons,S,M,2012-12-13,jordan.simmons@sticks.com,Bangkok,33029
23305,AW00023305,Robyn,Dominguez,M,F,2012-12-13,robyn.dominguez@circles.com,Shanghai,38755
23306,AW00023306,Byron,Ortega,S,M,2012-12-13,byron.ortega@cappo.com,Singapore,16992
23307,AW00023307,Meredith,Ramos,M,F,2012-12-13,meredith.ramos@circles.com,Mumbai,17741
23308,AW00023308,Madison,Perry,M,F,2012-12-13,madison.perry@winds.com,Moscow,52140
23309,AW00023309,Latoya,Chande,M,F,2012-12-13,latoya.chande@nappa.com,Bangkok,15673
23310,AW00023310,Sydney,Wood,M,F,2012-12-13,sydney.wood@sticks.com,Berlin,14900
23311,AW00023311,Veronica,Gonzalez,M,F,2012-12-14,veronica.gonzalez@sticks.com,Singapore,15818
23312,AW00023312,Sheena,Lal,S,F,2012-12-14,sheena.lal@cappo.com,Singapore,13197
23313,AW00023313,Corey,Lal,M,M,2012-12-14,corey.lal@mouse.com,Madrid,51669
23314,AW00023314,Alfredo,Munoz,M,M,2012-12-14,alfredo.munoz@mouse.com,Delhi,28107
23315,AW00023315,Carmen,Chandra,M,F,2012-12-14,carmen.chandra@mouse.com,Berlin,25320
23316,AW00023316,Billy,Blanco,S,M,2012-12-14,billy.blanco@papers.com,Seoul,48991
23317,AW00023317,Beth,Martin,M,F,2012-12-14,beth.martin@circles.com,Istanbul,39237
23318,AW00023318,Patrick,Morgan,S,M,2012-12-14,patrick.morgan@cappo.com,Berlin,52780
23319,AW00023319,Luis,Green,M,M,2012-12-14,luis.green@sticks.com,Paris,10897
23320,AW00023320,Kendra,Gomez,M,F,2012-12-14,kendra.gomez@sticks.com,Bangkok,26221
23321,AW00023321,Karl,Xu,M,M,2012-12-15,karl.xu@hostinger.com,Singapore,20633
23322,AW00023322,Wesley,Li,M,M,2012-12-15,wesley.li@papers.com,Paris,11357
23323,AW00023323,Alfredo,Alonso,M,M,2012-12-15,alfredo.alonso@hostinger.com,Berlin,11942
23324,AW00023324,Deborah,Deng,M,F,2012-12-15,deborah.deng@fountains.com,Mumbai,37483
23325,AW00023325,Tiffany,Zimmerman,M,F,2012-12-15,tiffany.zimmerman@fountains.com,Jakarta,13613
23326,AW00023326,Tiffany,Ye,S,F,2012-12-15,tiffany.ye@hostinger.com,Singapore,24419
23327,AW00023327,Madison,Moore,S,F,2012-12-15,madison.moore@towels.com,Tokyo,47455
23328,AW00023328,Julian,Butler,M,M,2012-12-16,julian.butler@nappa.com,London,40176
23329,AW00023329,Sharon,Raji,M,F,2012-12-16,sharon.raji@cappo.com,Moscow,37501
23330,AW00023330,Julian,Washington,S,M,2012-12-16,julian.washington@cappo.com,Seoul,19574
23331,AW00023331,Jeremiah,Gray,M,M,2012-12-16,jeremiah.gray@nappa.com,Shanghai,51449
23332,AW00023332,Martin,Garcia,S,M,2012-12-16,martin.garcia@towels.com,Delhi,28440
23333,AW00023333,Steve,Sun,M,M,2012-12-16,steve.sun@sticks.com,Jakarta,24391
23334,AW00023334,Brandon,Wilson,S,M,2012-12-16,brandon.wilson@circles.com,Istanbul,31492
23335,AW00023335,James,Robinson,S,M,2012-12-16,james.robinson@hostinger.com,Delhi,11632
23336,AW00023336,Jocelyn,Bryant,M,F,2012-12-16,jocelyn.bryant@hostinger.com,Seoul,48097
23337,AW00023337,Isaiah,Green,M,M,2012-12-17,isaiah.green@nappa.com,Singapore,39126
23338,AW00023338,Lucas,Jenkins,M,M,2012-12-17,lucas.jenkins@sticks.com,Seoul,49843
23339,AW00023339,Zoe,Reed,S,F,2012-12-17,zoe.reed@mouse.com,Berlin,58295
23340,AW00023340,Mackenzie,Collins,M,F,2012-12-17,mackenzie.collins@sticks.com,Moscow,40611
23341,AW00023341,Kelvin,Chen,S,M,2012-12-17,kelvin.chen@circles.com,Rome,19226
23342,AW00023342,Cristina,She,S,F,2012-12-18,cristina.she@papers.com,Jakarta,29588
23343,AW00023343,Bruce,Rubio,S,M,2012-12-18,bruce.rubio@sticks.com,Madrid,59957
23344,AW00023344,Sharon,Xu,S,F,2012-12-18,sharon.xu@nappa.com,Rome,36541
23345,AW00023345,Mario,Lal,S,M,2012-12-18,mario.lal@mouse.com,Mumbai,37110
23346,AW00023346,Carly,Raji,S,F,2012-12-18,carly.raji@papers.com,Jakarta,28992
23347,AW00023347,Eddie,Carlson,M,M,2012-12-18,eddie.carlson@winds.com,Singapore,33648
23348,AW00023348,Tiffany,Chen,S,F,2012-12-18,tiffany.chen@papers.com,Istanbul,33090
23349,AW00023349,Lauren,Johnson,S,F,2012-12-18,lauren.johnson@winds.com,Singapore,15024
23350,AW00023350,Natalie,Thomas,S,F,2012-12-19,natalie.thomas@sticks.com,Shanghai,48875
23351,AW00023351,Lucas,Sanchez,S,M,2012-12-19,lucas.sanchez@sticks.com,Berlin,51357
23352,AW00023352,Kevin,Mitchell,S,M,2012-12-19,kevin.mitchell@cappo.com,Istanbul,10739
23353,AW00023353,Sophia,Scott,M,F,2012-12-19,sophia.scott@winds.com,Delhi,22087
23354,AW00023354,Eddie,Gomez,S,M,2012-12-19,eddie.gomez@cappo.com,Berlin,57110
23355,AW00023355,Lance,Serrano,S,M,2012-12-20,lance.serrano@nappa.com,Rome,59792
23356,AW00023356,Grace,Ward,S,F,2012-12-20,grace.ward@mouse.com,Berlin,41515
23357,AW00023357,Micah,Yang,S,M,2012-12-20,micah.yang@towels.com,Jakarta,22132
23358,AW00023358,Alberto,Alvarez,M,M,2012-12-20,alberto.alvarez@nappa.com,Berlin,57019
23359,AW00023359,Dalton,Alexander,S,M,2012-12-20,dalton.alexander@circles.com,Mumbai,41292
23360,AW00023360,Marcus,Moore,S,M,2012-12-20,marcus.moore@winds.com,Singapore,44886
23361,AW00023361,Chloe,Lopez,S,F,2012-12-20,chloe.lopez@winds.com,London,29928
23362,AW00023362,Nicholas,Martin,S,M,2012-12-20,nicholas.martin@circles.com,Shanghai,47710
23363,AW00023363,David,Russell,M,M,2012-12-21,david.russell@circles.com,London,59814
23364,AW00023364,Natalie,Young,S,F,2012-12-21,natalie.young@cappo.com,Seoul,56520
23365,AW00023365,Vanessa,Flores,S,F,2012-12-21,vanessa.flores@cappo.com,Bangkok,57888
23366,AW00023366,Fernando,Campbell,S,M,2012-12-21,fernando.campbell@winds.com,Berlin,38771
23367,AW00023367,Haley,Ramirez,M,F,2012-12-21,haley.ramirez@fountains.com,Seoul,59721
23368,AW00023368,Cassidy,Flores,M,F,2012-12-21,cassidy.flores@winds.com,Bangkok,39817
23369,AW00023369,Morgan,Washington,S,F,2012-12-21,morgan.washington@nappa.com,Singapore,39489
23370,AW00023370,Mya,Alexander,S,F,2012-12-23,mya.alexander@fountains.com,Shanghai,14161
23371,AW00023371,Katherine,Roberts,S,F,2012-12-23,katherine.roberts@mouse.com,Istanbul,59819
23372,AW00023372,Jack,Diaz,M,M,2012-12-23,jack.diaz@fountains.com,Moscow,13669
23373,AW00023373,Gabrielle,Murphy,S,F,2012-12-23,gabrielle.murphy@papers.com,London,53814
23374,AW00023374,Emma,Gray,M,F,2012-12-23,emma.gray@sticks.com,Bangkok,53126
23375,AW00023375,Christian,Zhang,M,M,2012-12-23,christian.zhang@mouse.com,Jakarta,38458
23376,AW00023376,Zachary,Flores,M,M,2012-12-24,zachary.flores@circles.com,Delhi,10142
23377,AW00023377,Samantha,Hayes,M,F,2012-12-24,samantha.hayes@papers.com,Seoul,35762
23378,AW00023378,Jackson,Phillips,M,M,2012-12-24,jackson.phillips@sticks.com,Delhi,59605
23379,AW00023379,Riley,Richardson,S,F,2012-12-24,riley.richardson@nappa.com,Singapore,17099
23380,AW00023380,Gabriel,Campbell,M,M,2012-12-24,gabriel.campbell@nappa.com,Shanghai,42248
23381,AW00023381,Bianca,Hu,M,F,2012-12-24,bianca.hu@hostinger.com,Madrid,25910
23382,AW00023382,Xavier,Barnes,M,M,2012-12-24,xavier.barnes@circles.com,Paris,36445
23383,AW00023383,Caleb,Allen,M,M,2012-12-24,caleb.allen@papers.com,Istanbul,31070
23384,AW00023384,Taylor,Wilson,M,F,2012-12-24,taylor.wilson@nappa.com,Singapore,33293
23385,AW00023385,Isaac,Brooks,M,M,2012-12-25,isaac.brooks@hostinger.com,Tokyo,23040
23386,AW00023386,Jose,Smith,S,M,2012-12-25,jose.smith@mouse.com,Delhi,52591
23387,AW00023387,Xavier,Perry,S,M,2012-12-25,xavier.perry@fountains.com,Singapore,29982
23388,AW00023388,Ana,Henderson,S,F,2012-12-25,ana.henderson@cappo.com,Madrid,48488
23389,AW00023389,Jack,Perry,M,M,2012-12-25,jack.perry@cappo.com,Bangkok,44700
23390,AW00023390,Dakota,Flores,S,M,2012-12-25,dakota.flores@mouse.com,Madrid,24354
23391,AW00023391,Joanna,Moreno,S,F,2012-12-25,joanna.moreno@circles.com,Madrid,52005
23392,AW00023392,Adrienne,Dominguez,S,F,2012-12-25,adrienne.dominguez@mouse.com,Seoul,40970
23393,AW00023393,Jennifer,Anderson,S,F,2012-12-25,jennifer.anderson@cappo.com,Mumbai,46758
23394,AW00023394,Anna,Bell,S,F,2012-12-25,anna.bell@mouse.com,Berlin,32950
23395,AW00023395,Ryan,Martinez,S,M,2012-12-26,ryan.martinez@papers.com,Paris,17757
23396,AW00023396,Kaitlyn,Long,M,F,2012-12-26,kaitlyn.long@towels.com,Rome,40982
23397,AW00023397,Isabelle,Bryant,M,F,2012-12-26,isabelle.bryant@nappa.com,Seoul,49863
23398,AW00023398,Karl,Chander,M,M,2012-12-26,karl.chander@hostinger.com,Seoul,53584
23399,AW00023399,Keith,Pal,M,M,2012-12-26,keith.pal@fountains.com,Bangkok,14260
23400,AW00023400,Andrew,Lee,M,M,2012-12-26,andrew.lee@circles.com,Istanbul,35491
23401,AW00023401,Evan,Brooks,M,M,2012-12-27,evan.brooks@fountains.com,Madrid,11511
23402,AW00023402,Melissa,Cox,M,F,2012-12-27,melissa.cox@cappo.com,Delhi,45273
23403,AW00023403,Justin,Powell,S,M,2012-12-27,justin.powell@circles.com,Istanbul,43463
23404,AW00023404,Amanda,Peterson,S,F,2012-12-27,amanda.peterson@papers.com,Seoul,40889
23405,AW00023405,Kari,Madan,S,F,2012-12-27,kari.madan@fountains.com,Rome,14588
23406,AW00023406,Frederick,Sanchez,M,M,2012-12-27,frederick.sanchez@hostinger.com,Rome,36111
23407,AW00023407,Lauren,Garcia,S,F,2012-12-27,lauren.garcia@circles.com,Singapore,29580
23408,AW00023408,Ivan,Perez,S,M,2012-12-28,ivan.perez@winds.com,Jakarta,33393
23409,AW00023409,Brad,Raji,S,M,2012-12-28,brad.raji@circles.com,Madrid,31565
23410,AW00023410,Carrie,Alvarez,M,F,2012-12-28,carrie.alvarez@sticks.com,Rome,48030
23411,AW00023411,Cesar,Prasad,S,M,2012-12-28,cesar.prasad@fountains.com,Istanbul,24279
23412,AW00023412,Dalton,Coleman,S,M,2012-12-28,dalton.coleman@papers.com,Paris,48662
23413,AW00023413,Max,Ortega,M,M,2012-12-28,max.ortega@hostinger.com,Bangkok,52509
23414,AW00023414,Damien,Lin,S,M,2012-12-29,damien.lin@sticks.com,Istanbul,27127
23415,AW00023415,Kristi,Moreno,S,F,2012-12-29,kristi.moreno@mouse.com,Rome,44998
23416,AW00023416,Kristin,Shan,M,F,2012-12-29,kristin.shan@papers.com,Berlin,18532
23417,AW00023417,Emmanuel,Sai,S,M,2012-12-29,emmanuel.sai@mouse.com,Madrid,13190
23418,AW00023418,Brittney,Wu,M,F,2012-12-29,brittney.wu@cappo.com,Berlin,21124
23419,AW00023419,Shawna,Xu,S,F,2012-12-29,shawna.xu@towels.com,Rome,56194
23420,AW00023420,Mario,Moyer,S,M,2012-12-29,mario.moyer@fountains.com,Istanbul,36233
23421,AW00023421,Willie,Yuan,S,M,2012-12-30,willie.yuan@sticks.com,Bangkok,24881
23422,AW00023422,Casey,Alonso,S,M,2012-12-30,casey.alonso@towels.com,Shanghai,59659
23423,AW00023423,Adam,Powell,M,M,2012-12-30,adam.powell@mouse.com,Seoul,38757
23424,AW00023424,Adriana,Subram,M,F,2012-12-30,adriana.subram@papers.com,Delhi,46876
23425,AW00023425,Rachael,Lopez,M,F,2012-12-30,rachael.lopez@hostinger.com,Moscow,43418
23426,AW00023426,Mathew,Ferrier,S,M,2012-12-30,mathew.ferrier@sticks.com,Berlin,58610
23427,AW00023427,Jay,Sai,M,M,2012-12-31,jay.sai@papers.com,London,40255
23428,AW00023428,Savannah,Bailey,M,F,2012-12-31,savannah.bailey@cappo.com,London,19487
23429,AW00023429,Jenny,Kumar,S,F,2012-12-31,jenny.kumar@circles.com,Istanbul,52340
23430,AW00023430,Savannah,Turner,S,F,2012-12-31,savannah.turner@fountains.com,Istanbul,16887
23431,AW00023431,Margaret,Guo,M,F,2012-12-31,margaret.guo@towels.com,Berlin,54449
23432,AW00023432,Jordan,Roberts,S,M,2012-12-31,jordan.roberts@papers.com,Tokyo,47445
23433,AW00023433,Pedro,Muñoz,S,M,2012-12-31,pedro.muñoz@mouse.com,Madrid,56963
23434,AW00023434,Katie,Nath,S,F,2012-12-31,katie.nath@circles.com,London,20111
23435,AW00023435,Rosa,Chen,S,F,2012-12-31,rosa.chen@nappa.com,Delhi,33708
23436,AW00023436,Tanya,Munoz,S,F,2012-12-31,tanya.munoz@circles.com,Tokyo,53450
23437,AW00023437,Briana,Munoz,S,F,2013-01-01,briana.munoz@mouse.com,Seoul,41891
23438,AW00023438,Toni,Vance,S,F,2013-01-01,toni.vance@towels.com,Shanghai,50713
23439,AW00023439,Ramon,Hu,S,M,2013-01-01,ramon.hu@hostinger.com,Shanghai,58723
23440,AW00023440,Nancy,Sai,S,F,2013-01-01,nancy.sai@towels.com,Paris,26190
23441,AW00023441,Rafael,Zhang,S,M,2013-01-01,rafael.zhang@nappa.com,Berlin,31972
23442,AW00023442,Todd,She,S,M,2013-01-01,todd.she@sticks.com,Istanbul,31763
23443,AW00023443,Elijah,Jai,S,M,2013-01-01,elijah.jai@towels.com,London,56128
23444,AW00023444,Aidan,Washington,S,M,2013-01-01,aidan.washington@fountains.com,Tokyo,13419
23445,AW00023445,Andy,Carlson,S,M,2013-01-01,andy.carlson@sticks.com,Singapore,55410
23446,AW00023446,Nina,Chander,S,F,2013-01-01,nina.chander@circles.com,Moscow,43833
23447,AW00023447,Jermaine,Weber,S,M,2013-01-01,jermaine.weber@hostinger.com,Berlin,42772
23448,AW00023448,Abigail,Peterson,M,F,2013-01-01,abigail.peterson@cappo.com,Rome,35189
23449,AW00023449,Steven,Peterson,M,M,2013-01-02,steven.peterson@circles.com,Paris,38555
23450,AW00023450,Alex,Rogers,S,M,2013-01-02,alex.rogers@circles.com,Rome,32987
23451,AW00023451,Taylor,James,M,F,2013-01-02,taylor.james@towels.com,Paris,35560
23452,AW00023452,Eduardo,Watson,M,M,2013-01-02,eduardo.watson@circles.com,Paris,34481
23453,AW00023453,Maurice,Deng,M,M,2013-01-02,maurice.deng@sticks.com,Mumbai,33764
23454,AW00023454,Ryan,Wang,S,M,2013-01-02,ryan.wang@sticks.com,Mumbai,45988
23455,AW00023455,Jonathan,Perez,S,M,2013-01-02,jonathan.perez@hostinger.com,Berlin,29971
23456,AW00023456,Aidan,Simmons,M,M,2013-01-02,aidan.simmons@cappo.com,Rome,48754
23457,AW00023457,Nicole,Rivera,S,F,2013-01-02,nicole.rivera@sticks.com,Berlin,27504
23458,AW00023458,Mackenzie,Edwards,S,F,2013-01-02,mackenzie.edwards@nappa.com,Tokyo,49749
23459,AW00023459,Mason,Sanders,M,M,2013-01-02,mason.sanders@nappa.com,Seoul,30450
23460,AW00023460,Javier,Ramos,S,M,2013-01-03,javier.ramos@towels.com,Istanbul,47874
23461,AW00023461,Rachael,Smith,M,F,2013-01-03,rachael.smith@winds.com,Istanbul,21371
23462,AW00023462,Seth,Jones,M,M,2013-01-03,seth.jones@papers.com,Shanghai,25433
23463,AW00023463,Sean,Hill,S,M,2013-01-03,sean.hill@fountains.com,Mumbai,36682
23464,AW00023464,Devin,Turner,M,M,2013-01-03,devin.turner@mouse.com,Shanghai,13897
23465,AW00023465,Grace,Russell,S,F,2013-01-03,grace.russell@nappa.com,Moscow,32378
23466,AW00023466,Alyssa,Miller,S,F,2013-01-03,alyssa.miller@mouse.com,Jakarta,11551
23467,AW00023467,Nicole,Bennett,S,F,2013-01-04,nicole.bennett@hostinger.com,Jakarta,13597
23468,AW00023468,Sean,Roberts,S,M,2013-01-04,sean.roberts@fountains.com,Seoul,35319
23469,AW00023469,Christina,Gray,S,F,2013-01-04,christina.gray@hostinger.com,Tokyo,47802
23470,AW00023470,Samuel,Young,S,M,2013-01-04,samuel.young@sticks.com,Istanbul,25499
23471,AW00023471,Jeremy,Baker,M,M,2013-01-04,jeremy.baker@towels.com,Rome,40892
23472,AW00023472,Alyssa,Rodriguez,M,F,2013-01-04,alyssa.rodriguez@towels.com,Tokyo,30787
23473,AW00023473,Jesse,James,M,M,2013-01-04,jesse.james@winds.com,London,19870
23474,AW00023474,Julia,Williams,M,F,2013-01-04,julia.williams@sticks.com,Istanbul,56172
23475,AW00023475,Richard,Martin,M,M,2013-01-04,richard.martin@papers.com,Bangkok,25781
23476,AW00023476,Charles,Hall,S,M,2013-01-05,charles.hall@cappo.com,Madrid,54118
23477,AW00023477,Marcus,Phillips,M,M,2013-01-05,marcus.phillips@papers.com,Berlin,44689
23478,AW00023478,Hailey,Cooper,S,F,2013-01-05,hailey.cooper@circles.com,Delhi,24618
23479,AW00023479,Fernando,Robinson,S,M,2013-01-05,fernando.robinson@mouse.com,Paris,31608
23480,AW00023480,Sydney,Coleman,S,F,2013-01-05,sydney.coleman@mouse.com,Madrid,44679
23481,AW00023481,Dustin,Xu,S,M,2013-01-06,dustin.xu@fountains.com,Delhi,30044
23482,AW00023482,Zoe,Gray,M,F,2013-01-06,zoe.gray@towels.com,Shanghai,45712
23483,AW00023483,David,Jai,M,M,2013-01-06,david.jai@fountains.com,Jakarta,24304
23484,AW00023484,Jenna,Allen,M,F,2013-01-06,jenna.allen@papers.com,Singapore,43027
23485,AW00023485,Isabella,Lee,M,F,2013-01-06,isabella.lee@winds.com,Shanghai,16337
23486,AW00023486,Benjamin,Coleman,S,M,2013-01-06,benjamin.coleman@papers.com,Singapore,37045
23487,AW00023487,Gabriel,Evans,M,M,2013-01-06,gabriel.evans@sticks.com,Bangkok,56998
23488,AW00023488,Luis,Nelson,M,M,2013-01-06,luis.nelson@sticks.com,Singapore,34452
23489,AW00023489,Autumn,Huang,M,F,2013-01-06,autumn.huang@fountains.com,Tokyo,32702
23490,AW00023490,Nicholas,Wilson,M,M,2013-01-07,nicholas.wilson@sticks.com,Rome,51966
23491,AW00023491,Miguel,Taylor,S,M,2013-01-07,miguel.taylor@papers.com,London,42658
23492,AW00023492,Jamie,Blanco,S,M,2013-01-07,jamie.blanco@circles.com,Mumbai,49548
23493,AW00023493,Thomas,Taylor,M,M,2013-01-07,thomas.taylor@winds.com,Berlin,46752
23494,AW00023494,Nicole,Foster,M,F,2013-01-07,nicole.foster@papers.com,Bangkok,21941
23495,AW00023495,James,Shan,M,M,2013-01-07,james.shan@towels.com,Rome,56799
23496,AW00023496,Nicholas,Harris,S,M,2013-01-07,nicholas.harris@hostinger.com,Singapore,21025
23497,AW00023497,Olivia,Bryant,M,F,2013-01-08,olivia.bryant@nappa.com,Moscow,49902
23498,AW00023498,James,Johnson,M,M,2013-01-08,james.johnson@fountains.com,Mumbai,29695
23499,AW00023499,Spencer,Washington,M,M,2013-01-08,spencer.washington@towels.com,Jakarta,30171
23500,AW00023500,Adriana,Garcia,M,F,2013-01-08,adriana.garcia@cappo.com,Jakarta,59081
23501,AW00023501,Isabelle,Perry,M,F,2013-01-08,isabelle.perry@mouse.com,Seoul,10743
23502,AW00023502,Logan,Lopez,M,M,2013-01-08,logan.lopez@mouse.com,Tokyo,39431
23503,AW00023503,Dalton,Torres,M,M,2013-01-08,dalton.torres@circles.com,Madrid,48716
23504,AW00023504,George,Rana,M,M,2013-01-08,george.rana@nappa.com,Berlin,37698
23505,AW00023505,Connor,Sharma,S,M,2013-01-08,connor.sharma@hostinger.com,Rome,38844
23506,AW00023506,Jesse,Campbell,S,M,2013-01-08,jesse.campbell@fountains.com,Shanghai,23828
23507,AW00023507,Rachel,Henderson,M,F,2013-01-08,rachel.henderson@mouse.com,Mumbai,56934
23508,AW00023508,Blake,Jones,M,M,2013-01-09,blake.jones@fountains.com,Madrid,59519
23509,AW00023509,Faith,Powell,S,F,2013-01-09,faith.powell@winds.com,Jakarta,33324
23510,AW00023510,Morgan,Cooper,M,F,2013-01-09,morgan.cooper@cappo.com,Mumbai,36007
23511,AW00023511,Joshua,Rodriguez,M,M,2013-01-09,joshua.rodriguez@fountains.com,Paris,48714
23512,AW00023512,Zachary,Henderson,M,M,2013-01-09,zachary.henderson@winds.com,Shanghai,15109
23513,AW00023513,Erin,Kelly,M,F,2013-01-10,erin.kelly@nappa.com,Seoul,21255
23514,AW00023514,Chloe,Bell,M,F,2013-01-10,chloe.bell@mouse.com,Paris,11897
23515,AW00023515,Zachary,Walker,S,M,2013-01-10,zachary.walker@hostinger.com,Istanbul,16755
23516,AW00023516,Ashley,Miller,S,F,2013-01-11,ashley.miller@hostinger.com,London,51692
23517,AW00023517,Ronald,Martinez,M,M,2013-01-11,ronald.martinez@mouse.com,Berlin,16155
23518,AW00023518,Katherine,Adams,S,F,2013-01-11,katherine.adams@hostinger.com,Berlin,47972
23519,AW00023519,Jacqueline,Long,S,F,2013-01-11,jacqueline.long@hostinger.com,Paris,52930
23520,AW00023520,Richard,Wilson,M,M,2013-01-11,richard.wilson@fountains.com,Tokyo,43737
23521,AW00023521,Alexis,Gonzales,M,F,2013-01-12,alexis.gonzales@nappa.com,Tokyo,35215
23522,AW00023522,Sydney,Green,M,F,2013-01-12,sydney.green@hostinger.com,Berlin,58011
23523,AW00023523,Steve,Liu,S,M,2013-01-12,steve.liu@sticks.com,Bangkok,41074
23524,AW00023524,Ronnie,Yang,S,M,2013-01-12,ronnie.yang@towels.com,Mumbai,20644
23525,AW00023525,Derrick,Rubio,M,M,2013-01-12,derrick.rubio@hostinger.com,Singapore,26678
23526,AW00023526,Cara,Xu,S,F,2013-01-12,cara.xu@hostinger.com,Istanbul,38900
23527,AW00023527,Alison,Luo,S,F,2013-01-12,alison.luo@towels.com,Berlin,50490
23528,AW00023528,Jaime,Ferrier,M,M,2013-01-12,jaime.ferrier@hostinger.com,Berlin,53052
23529,AW00023529,Kendra,Munoz,S,F,2013-01-12,kendra.munoz@mouse.com,Moscow,46464
23530,AW00023530,Ivan,Prasad,S,M,2013-01-12,ivan.prasad@winds.com,Singapore,15920
23531,AW00023531,Alexis,Powell,S,F,2013-01-12,alexis.powell@mouse.com,Seoul,56014
23532,AW00023532,Brett,Martinez,M,M,2013-01-12,brett.martinez@towels.com,Paris,38905
23533,AW00023533,Rafael,Nath,S,M,2013-01-13,rafael.nath@mouse.com,Delhi,28434
23534,AW00023534,Ashlee,Luo,S,F,2013-01-13,ashlee.luo@papers.com,Paris,47003
23535,AW00023535,Dawn,Goel,S,F,2013-01-13,dawn.goel@towels.com,Tokyo,51436
23536,AW00023536,Savannah,Adams,S,F,2013-01-13,savannah.adams@fountains.com,Singapore,37514
23537,AW00023537,Victor,Hernandez,M,M,2013-01-13,victor.hernandez@papers.com,Rome,49705
23538,AW00023538,Carlos,Evans,S,M,2013-01-13,carlos.evans@towels.com,Delhi,29832
23539,AW00023539,Darren,Munoz,S,M,2013-01-13,darren.munoz@hostinger.com,Mumbai,25485
23540,AW00023540,Bruce,Lopez,S,M,2013-01-13,bruce.lopez@sticks.com,Jakarta,59422
23541,AW00023541,Dana,Suarez,S,F,2013-01-13,dana.suarez@cappo.com,Moscow,37464
23542,AW00023542,Justin,Martin,S,M,2013-01-13,justin.martin@hostinger.com,Delhi,42752
23543,AW00023543,Michele,Sanchez,M,F,2013-01-13,michele.sanchez@fountains.com,Berlin,16826
23544,AW00023544,Misty,Raje,S,F,2013-01-13,misty.raje@winds.com,Istanbul,55136
23545,AW00023545,Lacey,Liu,S,F,2013-01-14,lacey.liu@papers.com,Istanbul,17891
23546,AW00023546,Kathryn,Jai,M,F,2013-01-14,kathryn.jai@nappa.com,Paris,18167
23547,AW00023547,Francis,Serrano,S,M,2013-01-14,francis.serrano@hostinger.com,Seoul,10090
23548,AW00023548,Haley,Morris,S,F,2013-01-14,haley.morris@fountains.com,Delhi,17910
23549,AW00023549,George,Sai,S,M,2013-01-14,george.sai@cappo.com,Moscow,52099
23550,AW00023550,Jennifer,Cook,M,F,2013-01-14,jennifer.cook@winds.com,Rome,21452
23551,AW00023551,Mason,Scott,S,M,2013-01-14,mason.scott@winds.com,Rome,10677
23552,AW00023552,Caleb,Russell,S,M,2013-01-14,caleb.russell@winds.com,Berlin,33570
23553,AW00023553,Jasmine,Anderson,M,F,2013-01-14,jasmine.anderson@sticks.com,Rome,16482
23554,AW00023554,Joan,Cook,M,F,2013-01-14,joan.cook@fountains.com,Singapore,29219
23555,AW00023555,Andres,Chavez,S,M,2013-01-15,andres.chavez@hostinger.com,Delhi,42765
23556,AW00023556,Kristi,Munoz,S,F,2013-01-15,kristi.munoz@hostinger.com,Seoul,41147
23557,AW00023557,Victoria,Washington,M,F,2013-01-15,victoria.washington@sticks.com,Bangkok,17497
23558,AW00023558,Dakota,Barnes,M,M,2013-01-15,dakota.barnes@circles.com,Berlin,17037
23559,AW00023559,Jocelyn,Patterson,S,F,2013-01-15,jocelyn.patterson@sticks.com,Rome,33793
23560,AW00023560,Jacqueline,Flores,S,F,2013-01-15,jacqueline.flores@cappo.com,Berlin,30194
23561,AW00023561,Jose,Williams,S,M,2013-01-16,jose.williams@circles.com,Mumbai,23554
23562,AW00023562,Warren,Luo,S,M,2013-01-16,warren.luo@towels.com,Jakarta,13409
23563,AW00023563,Kurt,Chavez,M,M,2013-01-16,kurt.chavez@nappa.com,Rome,47707
23564,AW00023564,Jessica,Howard,S,F,2013-01-16,jessica.howard@cappo.com,Istanbul,15936
23565,AW00023565,Julia,Torres,S,F,2013-01-17,julia.torres@cappo.com,London,10258
23566,AW00023566,Benjamin,Shan,S,M,2013-01-17,benjamin.shan@cappo.com,Shanghai,51503
23567,AW00023567,Xavier,Green,S,M,2013-01-17,xavier.green@fountains.com,Moscow,10452
23568,AW00023568,Paige,Diaz,S,F,2013-01-17,paige.diaz@hostinger.com,Madrid,17024
23569,AW00023569,Vanessa,Price,S,F,2013-01-17,vanessa.price@towels.com,Rome,27553
23570,AW00023570,Deanna,Romero,M,F,2013-01-17,deanna.romero@circles.com,London,25999
23571,AW00023571,Alisha,Guo,M,F,2013-01-17,alisha.guo@circles.com,Mumbai,37096
23572,AW00023572,Donna,Pal,M,F,2013-01-17,donna.pal@towels.com,Mumbai,44830
23573,AW00023573,Jorge,Gao,M,M,2013-01-17,jorge.gao@cappo.com,Mumbai,32809
23574,AW00023574,Ebony,Hernandez,M,F,2013-01-17,ebony.hernandez@mouse.com,Madrid,26087
23575,AW00023575,Bobby,Ray,M,M,2013-01-17,bobby.ray@hostinger.com,Shanghai,53016
23576,AW00023576,Ann,Sara,M,F,2013-01-18,ann.sara@hostinger.com,Singapore,52763
23577,AW00023577,Julia,Bennett,M,F,2013-01-18,julia.bennett@circles.com,Istanbul,17127
23578,AW00023578,Eric,Lal,M,M,2013-01-18,eric.lal@fountains.com,Shanghai,29034
23579,AW00023579,Jared,Richardson,S,M,2013-01-18,jared.richardson@nappa.com,Singapore,50319
23580,AW00023580,Ryan,Jones,S,M,2013-01-18,ryan.jones@sticks.com,Madrid,51025
23581,AW00023581,Jan,Hill,S,F,2013-01-19,jan.hill@sticks.com,Delhi,18594
23582,AW00023582,Stephanie,Simmons,M,F,2013-01-19,stephanie.simmons@hostinger.com,Shanghai,30604
23583,AW00023583,Brianna,Martin,M,F,2013-01-19,brianna.martin@circles.com,Istanbul,49813
23584,AW00023584,Jason,Evans,M,M,2013-01-19,jason.evans@mouse.com,Madrid,32836
23585,AW00023585,Kaitlyn,Moore,S,F,2013-01-19,kaitlyn.moore@papers.com,Paris,26974
23586,AW00023586,Madison,Coleman,M,F,2013-01-19,madison.coleman@circles.com,Mumbai,10288
23587,AW00023587,Hailey,Gonzalez,S,F,2013-01-19,hailey.gonzalez@sticks.com,Madrid,49764
23588,AW00023588,Ryan,Hughes,M,M,2013-01-20,ryan.hughes@hostinger.com,Shanghai,15269
23589,AW00023589,Amanda,Baker,M,F,2013-01-20,amanda.baker@nappa.com,London,50338
23590,AW00023590,Austin,Brown,S,M,2013-01-20,austin.brown@hostinger.com,Bangkok,22527
23591,AW00023591,Justin,Henderson,M,M,2013-01-20,justin.henderson@towels.com,Istanbul,48687
23592,AW00023592,Joseph,Jackson,S,M,2013-01-20,joseph.jackson@towels.com,Singapore,38174
23593,AW00023593,Krystal,Zhou,S,F,2013-01-20,krystal.zhou@winds.com,Istanbul,16636
23594,AW00023594,Paula,Diaz,S,F,2013-01-21,paula.diaz@hostinger.com,London,20208
23595,AW00023595,Carrie,Rubio,S,F,2013-01-21,carrie.rubio@nappa.com,Berlin,59074
23596,AW00023596,Katherine,Bradley,S,F,2013-01-21,katherine.bradley@sticks.com,Seoul,51779
23597,AW00023597,Meredith,Perez,S,F,2013-01-21,meredith.perez@hostinger.com,Shanghai,32504
23598,AW00023598,Linda,Ramos,S,F,2013-01-21,linda.ramos@winds.com,Delhi,26075
23599,AW00023599,Mackenzie,Roberts,S,F,2013-01-21,mackenzie.roberts@nappa.com,Paris,36290
23600,AW00023600,Peter,Sharma,M,M,2013-01-21,peter.sharma@cappo.com,Paris,25434
23601,AW00023601,Kari,Alan,S,F,2013-01-21,kari.alan@hostinger.com,Delhi,19817
23602,AW00023602,Andrea,Lopez,M,F,2013-01-21,andrea.lopez@hostinger.com,Singapore,14189
23603,AW00023603,Shane,Malhotra,M,M,2013-01-21,shane.malhotra@nappa.com,Madrid,37917
23604,AW00023604,Troy,Kovar,S,M,2013-01-22,troy.kovar@mouse.com,Mumbai,52720
23605,AW00023605,Deanna,Sabella,M,M,2013-01-22,deanna.sabella@fountains.com,Rome,48642
23606,AW00023606,Kenneth,Raje,M,M,2013-01-22,kenneth.raje@towels.com,London,53039
23607,AW00023607,Wayne,She,M,M,2013-01-22,wayne.she@towels.com,Jakarta,57910
23608,AW00023608,Jessie,Blanco,M,F,2013-01-22,jessie.blanco@towels.com,Rome,12814
23609,AW00023609,Clarence,Li,S,M,2013-01-22,clarence.li@nappa.com,Shanghai,53471
23610,AW00023610,Cory,Perez,M,M,2013-01-22,cory.perez@papers.com,Mumbai,15119
23611,AW00023611,Dave,Natsuhara,M,M,2013-01-23,dave.natsuhara@mouse.com,Shanghai,58699
23612,AW00023612,Rosa,Liu,S,F,2013-01-23,rosa.liu@towels.com,Jakarta,36920
23613,AW00023613,Clayton,Lu,M,M,2013-01-23,clayton.lu@towels.com,Shanghai,20443
23614,AW00023614,Rachel,Cook,S,F,2013-01-23,rachel.cook@towels.com,Jakarta,21476
23615,AW00023615,Kendra,Suarez,M,F,2013-01-23,kendra.suarez@mouse.com,Shanghai,34465
23616,AW00023616,Karen,Roberts,S,F,2013-01-23,karen.roberts@mouse.com,Tokyo,52951
23617,AW00023617,Kara,She,S,F,2013-01-23,kara.she@nappa.com,Berlin,18440
23618,AW00023618,Dale,Holt,M,M,2013-01-24,dale.holt@circles.com,Singapore,34629
23619,AW00023619,Ricardo,Tang,M,M,2013-01-24,ricardo.tang@cappo.com,London,19896
23620,AW00023620,Roy,Arun,M,M,2013-01-24,roy.arun@fountains.com,Istanbul,26420
23621,AW00023621,Felicia,Townsend,M,F,2013-01-24,felicia.townsend@circles.com,Seoul,34191
23622,AW00023622,Darren,Moreno,M,M,2013-01-24,darren.moreno@circles.com,Singapore,35525
23623,AW00023623,Jocelyn,Griffin,M,F,2013-01-24,jocelyn.griffin@hostinger.com,Madrid,39094
23624,AW00023624,Jillian,Malhotra,S,F,2013-01-24,jillian.malhotra@towels.com,Singapore,24292
23625,AW00023625,Micheal,Navarro,M,M,2013-01-24,micheal.navarro@towels.com,Rome,47021
23626,AW00023626,Ross,Mehta,S,M,2013-01-24,ross.mehta@circles.com,Jakarta,26228
23627,AW00023627,Adrienne,Navarro,S,F,2013-01-24,adrienne.navarro@circles.com,Paris,10735
23628,AW00023628,Kara,Shen,S,F,2013-01-24,kara.shen@towels.com,Madrid,41611
23629,AW00023629,Alfredo,Gill,M,M,2013-01-25,alfredo.gill@fountains.com,Bangkok,33489
23630,AW00023630,Dominic,Fernandez,S,M,2013-01-25,dominic.fernandez@cappo.com,Madrid,54824
23631,AW00023631,Colin,Wang,S,M,2013-01-25,colin.wang@sticks.com,Mumbai,49592
23632,AW00023632,Kristen,Zhou,S,F,2013-01-25,kristen.zhou@fountains.com,Seoul,52968
23633,AW00023633,Deborah,Chande,S,F,2013-01-25,deborah.chande@mouse.com,Mumbai,35232
23634,AW00023634,Ernest,Li,M,M,2013-01-26,ernest.li@winds.com,Paris,54252
23635,AW00023635,Alvin,Luo,M,M,2013-01-26,alvin.luo@mouse.com,Shanghai,19421
23636,AW00023636,Rachael,Gonzalez,M,F,2013-01-26,rachael.gonzalez@towels.com,Shanghai,39777
23637,AW00023637,Yolanda,Jai,M,F,2013-01-26,yolanda.jai@sticks.com,Istanbul,56656
23638,AW00023638,Nelson,Ruiz,M,M,2013-01-26,nelson.ruiz@towels.com,Delhi,38660
23639,AW00023639,Christy,Guo,M,F,2013-01-26,christy.guo@cappo.com,Tokyo,30483
23640,AW00023640,Bruce,Jiménez,M,M,2013-01-26,bruce.jiménez@papers.com,Mumbai,26079
23641,AW00023641,Megan,Morris,M,F,2013-01-26,megan.morris@fountains.com,Moscow,48530
23642,AW00023642,Anne,Gutierrez,M,F,2013-01-26,anne.gutierrez@circles.com,Bangkok,41291
23643,AW00023643,Erica,Zheng,S,F,2013-01-26,erica.zheng@mouse.com,Singapore,14471
23644,AW00023644,Allison,Young,M,F,2013-01-26,allison.young@fountains.com,Bangkok,15854
23645,AW00023645,Curtis,Zheng,S,M,2013-01-27,curtis.zheng@circles.com,Bangkok,13029
23646,AW00023646,Jamie,Lu,S,F,2013-01-27,jamie.lu@fountains.com,London,40493
23647,AW00023647,Wayne,Shen,S,M,2013-01-27,wayne.shen@sticks.com,Moscow,27482
23648,AW00023648,Karla,Chander,S,F,2013-01-27,karla.chander@circles.com,Tokyo,33990
23649,AW00023649,Naomi,Ruiz,S,F,2013-01-27,naomi.ruiz@hostinger.com,Berlin,55043
23650,AW00023650,Carolyn,Vazquez,M,F,2013-01-28,carolyn.vazquez@sticks.com,Delhi,18668
23651,AW00023651,Marvin,Alvarez,M,M,2013-01-28,marvin.alvarez@papers.com,Mumbai,28799
23652,AW00023652,Roger,Goel,S,M,2013-01-28,roger.goel@fountains.com,Singapore,11706
23653,AW00023653,Devin,Campbell,S,M,2013-01-28,devin.campbell@fountains.com,Moscow,10147
23654,AW00023654,Alisha,Wu,M,F,2013-01-28,alisha.wu@cappo.com,Tokyo,45272
23655,AW00023655,Grace,Murphy,S,F,2013-01-28,grace.murphy@sticks.com,Delhi,29453
23656,AW00023656,Naomi,Ramos,S,F,2013-01-28,naomi.ramos@cappo.com,Seoul,40984
23657,AW00023657,Alison,Jai,S,F,2013-01-28,alison.jai@papers.com,Mumbai,34939
23658,AW00023658,Ross,Arun,M,M,2013-01-29,ross.arun@winds.com,Seoul,44132
23659,AW00023659,Drew,Shan,S,M,2013-01-29,drew.shan@towels.com,Bangkok,41383
23660,AW00023660,Christy,Tang,S,F,2013-01-29,christy.tang@hostinger.com,Shanghai,40712
23661,AW00023661,Abigail,Washington,S,F,2013-01-29,abigail.washington@mouse.com,Istanbul,54660
23662,AW00023662,Cynthia,Sanchez,S,F,2013-01-29,cynthia.sanchez@fountains.com,Seoul,29971
23663,AW00023663,Neil,Dominguez,M,M,2013-01-29,neil.dominguez@cappo.com,Rome,20949
23664,AW00023664,Sandra,Guo,S,F,2013-01-30,sandra.guo@papers.com,Moscow,31633
23665,AW00023665,Crystal,Yang,S,F,2013-01-30,crystal.yang@fountains.com,Moscow,14673
23666,AW00023666,Olivia,Anderson,M,F,2013-01-30,olivia.anderson@cappo.com,Moscow,19099
23667,AW00023667,Harold,Arun,M,M,2013-01-30,harold.arun@winds.com,Mumbai,38295
23668,AW00023668,Jessica,Hughes,M,F,2013-01-30,jessica.hughes@fountains.com,Berlin,39723
23669,AW00023669,Sean,Torres,S,M,2013-01-30,sean.torres@mouse.com,Madrid,21156
23670,AW00023670,Mya,Henderson,M,F,2013-01-30,mya.henderson@nappa.com,Mumbai,53499
23671,AW00023671,Fernando,Thomas,M,M,2013-01-31,fernando.thomas@hostinger.com,Seoul,50112
23672,AW00023672,Abigail,Flores,M,F,2013-01-31,abigail.flores@circles.com,Tokyo,47483
23673,AW00023673,Kayla,Miller,M,F,2013-01-31,kayla.miller@cappo.com,Jakarta,31800
23674,AW00023674,Jeremiah,Walker,M,M,2013-01-31,jeremiah.walker@hostinger.com,Jakarta,25986
23675,AW00023675,Emmanuel,Prasad,S,M,2013-01-31,emmanuel.prasad@mouse.com,Berlin,12773
23676,AW00023676,Brandon,Diaz,S,M,2013-01-31,brandon.diaz@mouse.com,London,32866
23677,AW00023677,Charles,Lewis,M,M,2013-01-31,charles.lewis@papers.com,Jakarta,56517
23678,AW00023678,Kelly,Diaz,S,F,2013-01-31,kelly.diaz@cappo.com,Madrid,42573
23679,AW00023679,Jacob,Harris,S,M,2013-02-01,jacob.harris@circles.com,London,17857
23680,AW00023680,Anna,Powell,M,F,2013-02-01,anna.powell@mouse.com,Madrid,12830
23681,AW00023681,Jordan,Gonzales,S,M,2013-02-01,jordan.gonzales@nappa.com,Seoul,45090
23682,AW00023682,Natalie,Harris,M,F,2013-02-01,natalie.harris@cappo.com,Tokyo,52244
23683,AW00023683,Dana,Alonso,M,F,2013-02-01,dana.alonso@papers.com,Delhi,51931
23684,AW00023684,Jasmine,Rodriguez,S,F,2013-02-01,jasmine.rodriguez@sticks.com,Bangkok,30051
23685,AW00023685,Alexa,Reed,S,F,2013-02-01,alexa.reed@mouse.com,London,29228
23686,AW00023686,Rachel,Murphy,S,F,2013-02-01,rachel.murphy@towels.com,Moscow,19398
23687,AW00023687,Melissa,Flores,S,F,2013-02-01,melissa.flores@mouse.com,Rome,40700
23688,AW00023688,Olivia,Thomas,M,F,2013-02-01,olivia.thomas@cappo.com,London,26492
23689,AW00023689,Kayla,Hall,M,F,2013-02-02,kayla.hall@hostinger.com,London,46335
23690,AW00023690,Angel,James,M,M,2013-02-02,angel.james@circles.com,Istanbul,51369
23691,AW00023691,Karen,Hu,S,F,2013-02-02,karen.hu@sticks.com,Berlin,19653
23692,AW00023692,Isaac,King,S,M,2013-02-02,isaac.king@winds.com,London,28585
23693,AW00023693,Jacqueline,Jenkins,S,F,2013-02-02,jacqueline.jenkins@fountains.com,Bangkok,26717
23694,AW00023694,Brian,Brooks,M,M,2013-02-02,brian.brooks@towels.com,Jakarta,10050
23695,AW00023695,Elijah,Coleman,S,M,2013-02-02,elijah.coleman@towels.com,Madrid,32496
23696,AW00023696,Autumn,Li,S,F,2013-02-02,autumn.li@towels.com,Moscow,32583
23697,AW00023697,Cody,Kelly,M,M,2013-02-03,cody.kelly@winds.com,Bangkok,14903
23698,AW00023698,Melissa,Coleman,M,F,2013-02-03,melissa.coleman@mouse.com,Berlin,18376
23699,AW00023699,Nicholas,Walker,M,M,2013-02-03,nicholas.walker@papers.com,Istanbul,33747
23700,AW00023700,Katelyn,Young,M,F,2013-02-03,katelyn.young@circles.com,Delhi,15551
23701,AW00023701,Marissa,Barnes,M,F,2013-02-04,marissa.barnes@circles.com,Mumbai,18002
23702,AW00023702,Eduardo,James,M,M,2013-02-04,eduardo.james@circles.com,Rome,23410
23703,AW00023703,Jacqueline,Sanchez,M,F,2013-02-04,jacqueline.sanchez@papers.com,Berlin,40391
23704,AW00023704,Christopher,Moore,S,M,2013-02-04,christopher.moore@hostinger.com,Seoul,29374
23705,AW00023705,Jeremy,Bryant,M,M,2013-02-04,jeremy.bryant@towels.com,Delhi,25374
23706,AW00023706,Mackenzie,Cooper,S,F,2013-02-04,mackenzie.cooper@sticks.com,Rome,37336
23707,AW00023707,William,Anderson,S,M,2013-02-04,william.anderson@cappo.com,London,13035
23708,AW00023708,Victoria,Coleman,M,F,2013-02-04,victoria.coleman@papers.com,Seoul,44868
23709,AW00023709,Devin,Perry,S,M,2013-02-04,devin.perry@sticks.com,Delhi,38204
23710,AW00023710,Anna,Sanchez,M,F,2013-02-05,anna.sanchez@towels.com,Berlin,54737
23711,AW00023711,Fernando,Diaz,S,M,2013-02-05,fernando.diaz@cappo.com,Rome,43291
23712,AW00023712,Riley,Murphy,S,F,2013-02-05,riley.murphy@papers.com,Mumbai,36741
23713,AW00023713,Arianna,Butler,M,F,2013-02-05,arianna.butler@winds.com,Mumbai,56438
23714,AW00023714,Joseph,Williams,M,M,2013-02-06,joseph.williams@circles.com,Istanbul,21961
23715,AW00023715,Isabel,Flores,S,F,2013-02-06,isabel.flores@fountains.com,Bangkok,39000
23716,AW00023716,Kyle,Wright,M,M,2013-02-06,kyle.wright@circles.com,Rome,56477
23717,AW00023717,Aidan,Griffin,M,M,2013-02-06,aidan.griffin@hostinger.com,Berlin,26468
23718,AW00023718,Nelson,Blanco,M,M,2013-02-06,nelson.blanco@nappa.com,London,57071
23719,AW00023719,Marcus,James,M,M,2013-02-06,marcus.james@nappa.com,Jakarta,42695
23720,AW00023720,Anna,Davis,M,F,2013-02-07,anna.davis@fountains.com,Rome,21984
23721,AW00023721,John,Clark,M,M,2013-02-07,john.clark@towels.com,Singapore,44405
23722,AW00023722,Andrea,Perez,M,F,2013-02-07,andrea.perez@hostinger.com,Delhi,16747
23723,AW00023723,Jose,Phillips,M,M,2013-02-07,jose.phillips@winds.com,Moscow,57234
23724,AW00023724,Gabrielle,Hughes,S,F,2013-02-07,gabrielle.hughes@nappa.com,Madrid,54938
23725,AW00023725,Dennis,Ware,M,M,2013-02-07,dennis.ware@sticks.com,Berlin,37079
23726,AW00023726,Darrell,Xie,M,M,2013-02-07,darrell.xie@nappa.com,Paris,30528
23727,AW00023727,Bruce,Serrano,M,M,2013-02-07,bruce.serrano@sticks.com,Shanghai,26794
23728,AW00023728,Paige,Kelly,S,F,2013-02-08,paige.kelly@mouse.com,Singapore,20777
23729,AW00023729,Marcus,Allen,M,M,2013-02-08,marcus.allen@winds.com,Rome,58024
23730,AW00023730,Morgan,Rodriguez,M,F,2013-02-08,morgan.rodriguez@sticks.com,Istanbul,20323
23731,AW00023731,Jose,Thompson,M,M,2013-02-08,jose.thompson@winds.com,Jakarta,15642
23732,AW00023732,Xavier,Wood,S,M,2013-02-08,xavier.wood@cappo.com,Berlin,22909
23733,AW00023733,Natasha,Gomez,M,F,2013-02-08,natasha.gomez@winds.com,Istanbul,23392
23734,AW00023734,Melanie,Wood,M,F,2013-02-08,melanie.wood@towels.com,Shanghai,44121
23735,AW00023735,Amanda,Washington,M,F,2013-02-08,amanda.washington@hostinger.com,Singapore,24086
23736,AW00023736,Sydney,Rivera,M,F,2013-02-08,sydney.rivera@sticks.com,Seoul,51569
23737,AW00023737,Elena,Velez Amezaga,M,F,2013-02-08,elena.velez amezaga@papers.com,Jakarta,47765
23738,AW00023738,Julian,Bennett,S,M,2013-02-08,julian.bennett@fountains.com,Mumbai,50378
23739,AW00023739,Virginia,Kapoor,M,F,2013-02-08,virginia.kapoor@papers.com,Singapore,59910
23740,AW00023740,Noah,Jackson,M,M,2013-02-08,noah.jackson@winds.com,Bangkok,31629
23741,AW00023741,Dana,Romero,S,F,2013-02-08,dana.romero@towels.com,Rome,25029
23742,AW00023742,Morgan,Cox,M,F,2013-02-08,morgan.cox@papers.com,Mumbai,15260
23743,AW00023743,Terrence,Xu,S,M,2013-02-08,terrence.xu@sticks.com,London,30331
23744,AW00023744,Barry,Prasad,S,M,2013-02-09,barry.prasad@circles.com,Seoul,52325
23745,AW00023745,Dana,Vazquez,S,F,2013-02-09,dana.vazquez@winds.com,Mumbai,27852
23746,AW00023746,Lane,Sacksteder,S,F,2013-02-09,lane.sacksteder@circles.com,Moscow,57645
23747,AW00023747,Theodore,Romero,S,M,2013-02-09,theodore.romero@hostinger.com,Madrid,54418
23748,AW00023748,Yolanda,Pal,S,F,2013-02-09,yolanda.pal@winds.com,Delhi,15830
23749,AW00023749,Brandi,Ashe,S,F,2013-02-09,brandi.ashe@nappa.com,Delhi,23840
23750,AW00023750,Tanya,Serrano,M,F,2013-02-09,tanya.serrano@cappo.com,Jakarta,47677
23751,AW00023751,Lacey,Lal,M,F,2013-02-09,lacey.lal@hostinger.com,Berlin,38607
23752,AW00023752,Devin,Torres,M,M,2013-02-09,devin.torres@mouse.com,Paris,55831
23753,AW00023753,Arthur,Sara,S,M,2013-02-09,arthur.sara@towels.com,Delhi,47416
23754,AW00023754,Cassie,Goel,S,F,2013-02-10,cassie.goel@nappa.com,Seoul,13950
23755,AW00023755,Louis,Wu,S,M,2013-02-10,louis.wu@mouse.com,Delhi,54501
23756,AW00023756,Omar,Jai,S,M,2013-02-10,omar.jai@circles.com,Jakarta,48770
23757,AW00023757,James,Roberts,S,M,2013-02-10,james.roberts@cappo.com,Moscow,17848
23758,AW00023758,Virginia,Malhotra,M,F,2013-02-10,virginia.malhotra@mouse.com,Jakarta,20350
23759,AW00023759,Clinton,Alonso,M,M,2013-02-11,clinton.alonso@papers.com,Singapore,21792
23760,AW00023760,Nina,Sharma,M,F,2013-02-11,nina.sharma@fountains.com,London,29705
23761,AW00023761,Tonya,Pal,M,F,2013-02-11,tonya.pal@nappa.com,London,32640
23762,AW00023762,Ruben,Ramos,S,M,2013-02-11,ruben.ramos@papers.com,London,34155
23763,AW00023763,Micheal,Romero,M,M,2013-02-12,micheal.romero@fountains.com,Jakarta,14021
23764,AW00023764,Alisha,Liu,S,F,2013-02-12,alisha.liu@fountains.com,Singapore,47695
23765,AW00023765,Kelly,Price,S,F,2013-02-12,kelly.price@nappa.com,Jakarta,14152
23766,AW00023766,Cassandra,Martinez,S,F,2013-02-12,cassandra.martinez@hostinger.com,Paris,35182
23767,AW00023767,Arianna,Bennett,S,F,2013-02-12,arianna.bennett@fountains.com,Singapore,29334
23768,AW00023768,Joshua,Garcia,S,M,2013-02-12,joshua.garcia@winds.com,Moscow,27676
23769,AW00023769,Natasha,Dominguez,S,F,2013-02-12,natasha.dominguez@nappa.com,London,20131
23770,AW00023770,Jamie,Carlson,S,M,2013-02-12,jamie.carlson@hostinger.com,Paris,47414
23771,AW00023771,Julio,Gomez,S,M,2013-02-13,julio.gomez@mouse.com,Mumbai,12071
23772,AW00023772,Cory,Raman,M,M,2013-02-13,cory.raman@towels.com,Paris,35524
23773,AW00023773,Jon,Cai,M,M,2013-02-13,jon.cai@mouse.com,Rome,14524
23774,AW00023774,Reginald,Harrison,S,M,2013-02-13,reginald.harrison@mouse.com,Jakarta,56388
23775,AW00023775,Cedric,Shan,S,M,2013-02-13,cedric.shan@fountains.com,Madrid,15443
23776,AW00023776,Cristina,Yuan,S,F,2013-02-13,cristina.yuan@towels.com,Berlin,39857
23777,AW00023777,Candice,Zhang,S,F,2013-02-13,candice.zhang@circles.com,Shanghai,21458
23778,AW00023778,Louis,Huang,M,M,2013-02-13,louis.huang@circles.com,Madrid,24099
23779,AW00023779,Deanna,Dominguez,S,F,2013-02-14,deanna.dominguez@sticks.com,Tokyo,55171
23780,AW00023780,Mason,Stewart,S,M,2013-02-14,mason.stewart@hostinger.com,Madrid,48038
23781,AW00023781,Jordyn,Ross,S,F,2013-02-14,jordyn.ross@mouse.com,Mumbai,11190
23782,AW00023782,Edward,Bryant,S,M,2013-02-14,edward.bryant@hostinger.com,Bangkok,30429
23783,AW00023783,Zachary,Smith,M,M,2013-02-14,zachary.smith@cappo.com,Singapore,17756
23784,AW00023784,Preston,Arun,S,M,2013-02-14,preston.arun@winds.com,Shanghai,40813
23785,AW00023785,Taylor,Harris,S,F,2013-02-14,taylor.harris@circles.com,Paris,30297
23786,AW00023786,Carrie,Serrano,M,F,2013-02-14,carrie.serrano@sticks.com,Delhi,48206
23787,AW00023787,Adrian,Ward,S,M,2013-02-14,adrian.ward@winds.com,Bangkok,43169
23788,AW00023788,Michael,Smith,M,M,2013-02-14,michael.smith@fountains.com,Paris,10072
23789,AW00023789,Ryan,Walker,M,M,2013-02-14,ryan.walker@cappo.com,Paris,32092
23790,AW00023790,Isabella,Williams,M,F,2013-02-15,isabella.williams@fountains.com,Rome,35404
23791,AW00023791,Aaron,Griffin,S,M,2013-02-15,aaron.griffin@nappa.com,Rome,55541
23792,AW00023792,Jessie,Wu,S,M,2013-02-15,jessie.wu@towels.com,Moscow,38591
23793,AW00023793,Ryan,Kumar,S,M,2013-02-15,ryan.kumar@circles.com,London,45560
23794,AW00023794,Abigail,Powell,M,F,2013-02-15,abigail.powell@sticks.com,Seoul,50597
23795,AW00023795,Lauren,Moore,S,F,2013-02-15,lauren.moore@hostinger.com,Jakarta,59639
23796,AW00023796,Miguel,Young,S,M,2013-02-15,miguel.young@cappo.com,Tokyo,22004
23797,AW00023797,Nathan,Perez,S,M,2013-02-15,nathan.perez@fountains.com,Paris,52490
23798,AW00023798,Julia,Kelly,M,F,2013-02-16,julia.kelly@cappo.com,Jakarta,24169
23799,AW00023799,Carolyn,Chandra,M,F,2013-02-16,carolyn.chandra@winds.com,Jakarta,11702
23800,AW00023800,Kaylee,Cox,M,F,2013-02-16,kaylee.cox@hostinger.com,Jakarta,20621
23801,AW00023801,Taylor,Wood,M,F,2013-02-16,taylor.wood@fountains.com,Istanbul,55181
23802,AW00023802,Emily,Diaz,M,F,2013-02-16,emily.diaz@mouse.com,Jakarta,25558
23803,AW00023803,Bernard,Thames,M,M,2013-02-16,bernard.thames@hostinger.com,Delhi,48711
23804,AW00023804,Kristen,Ma,M,F,2013-02-16,kristen.ma@hostinger.com,Rome,14377
23805,AW00023805,Luke,Hayes,M,M,2013-02-16,luke.hayes@mouse.com,London,50087
23806,AW00023806,Olivia,Foster,M,F,2013-02-16,olivia.foster@towels.com,Istanbul,13342
23807,AW00023807,Carson,Hughes,M,M,2013-02-16,carson.hughes@nappa.com,Paris,54106
23808,AW00023808,Spencer,Perry,M,M,2013-02-16,spencer.perry@towels.com,Paris,51152
23809,AW00023809,Danielle,Sanchez,M,F,2013-02-17,danielle.sanchez@sticks.com,Mumbai,18214
23810,AW00023810,Sarah,Lee,M,F,2013-02-17,sarah.lee@hostinger.com,London,41843
23811,AW00023811,Ethan,Powell,S,M,2013-02-17,ethan.powell@mouse.com,Bangkok,15701
23812,AW00023812,Cameron,Butler,S,M,2013-02-17,cameron.butler@fountains.com,Berlin,24729
23813,AW00023813,Hannah,Bennett,S,F,2013-02-17,hannah.bennett@cappo.com,Shanghai,38313
23814,AW00023814,Angela,Foster,M,F,2013-02-17,angela.foster@mouse.com,Berlin,24368
23815,AW00023815,Julia,Ward,S,F,2013-02-18,julia.ward@mouse.com,Rome,57707
23816,AW00023816,Natalie,Johnson,S,F,2013-02-18,natalie.johnson@fountains.com,Paris,39640
23817,AW00023817,Kaitlyn,Murphy,M,F,2013-02-18,kaitlyn.murphy@cappo.com,Bangkok,11680
23818,AW00023818,Cassidy,Gonzales,M,F,2013-02-18,cassidy.gonzales@towels.com,Delhi,28370
23819,AW00023819,Vanessa,Washington,M,F,2013-02-18,vanessa.washington@circles.com,Istanbul,47855
23820,AW00023820,Isabelle,Diaz,M,F,2013-02-18,isabelle.diaz@papers.com,London,53651
23821,AW00023821,Jordan,Lal,S,M,2013-02-18,jordan.lal@papers.com,Madrid,19475
23822,AW00023822,Sierra,Campbell,M,F,2013-02-18,sierra.campbell@towels.com,Singapore,23631
23823,AW00023823,Samuel,Davis,M,M,2013-02-18,samuel.davis@fountains.com,Shanghai,50318
23824,AW00023824,Edward,Carter,M,M,2013-02-18,edward.carter@nappa.com,Moscow,37244
23825,AW00023825,Katherine,Coleman,M,F,2013-02-18,katherine.coleman@winds.com,Jakarta,26276
23826,AW00023826,Dalton,Ross,S,M,2013-02-19,dalton.ross@papers.com,Moscow,58845
23827,AW00023827,Wyatt,Hall,S,M,2013-02-19,wyatt.hall@papers.com,Madrid,16991
23828,AW00023828,Carolyn,Carlson,M,F,2013-02-19,carolyn.carlson@fountains.com,Bangkok,41010
23829,AW00023829,Anthony,Rodriguez,M,M,2013-02-19,anthony.rodriguez@hostinger.com,Mumbai,44340
23830,AW00023830,Cameron,White,M,M,2013-02-19,cameron.white@sticks.com,Singapore,51571
23831,AW00023831,Colleen,Jai,M,F,2013-02-19,colleen.jai@sticks.com,Delhi,13886
23832,AW00023832,Alexandra,Ramirez,M,F,2013-02-19,alexandra.ramirez@winds.com,Mumbai,46626
23833,AW00023833,Kevin,Gonzales,M,M,2013-02-19,kevin.gonzales@circles.com,Singapore,29602
23834,AW00023834,Ethan,Long,S,M,2013-02-19,ethan.long@hostinger.com,Bangkok,16200
23835,AW00023835,Marcus,Jackson,M,M,2013-02-19,marcus.jackson@sticks.com,Moscow,10780
23836,AW00023836,Chloe,Carter,S,F,2013-02-19,chloe.carter@hostinger.com,Singapore,29915
23837,AW00023837,Jonathan,Li,M,M,2013-02-19,jonathan.li@circles.com,Singapore,44582
23838,AW00023838,Ariana,Ready,M,F,2013-02-20,ariana.ready@fountains.com,Bangkok,49125
23839,AW00023839,Savannah,Howard,M,F,2013-02-20,savannah.howard@cappo.com,Tokyo,19958
23840,AW00023840,Mason,Ward,M,M,2013-02-20,mason.ward@nappa.com,Istanbul,49031
23841,AW00023841,Sydney,Phillips,M,F,2013-02-20,sydney.phillips@towels.com,Paris,10518
23842,AW00023842,Connor,Bryant,M,M,2013-02-20,connor.bryant@sticks.com,Berlin,46604
23843,AW00023843,Marcus,Patterson,M,M,2013-02-20,marcus.patterson@cappo.com,Tokyo,24013
23844,AW00023844,Alexandra,Gonzales,S,F,2013-02-20,alexandra.gonzales@fountains.com,Shanghai,59761
23845,AW00023845,Madeline,Turner,S,F,2013-02-21,madeline.turner@towels.com,Bangkok,41767
23846,AW00023846,Aidan,Diaz,M,M,2013-02-21,aidan.diaz@mouse.com,Berlin,53455
23847,AW00023847,Chad,Sharma,S,M,2013-02-21,chad.sharma@sticks.com,Tokyo,50985
23848,AW00023848,Pamela,Sai,M,F,2013-02-21,pamela.sai@sticks.com,Rome,39633
23849,AW00023849,Alexis,Simmons,S,F,2013-02-21,alexis.simmons@winds.com,Shanghai,46147
23850,AW00023850,Anna,Hall,M,F,2013-02-21,anna.hall@sticks.com,Singapore,13067
23851,AW00023851,Mariah,Rogers,S,F,2013-02-21,mariah.rogers@cappo.com,Mumbai,41945
23852,AW00023852,Desiree,Torres,S,F,2013-02-22,desiree.torres@papers.com,Madrid,41452
23853,AW00023853,Isaac,Perez,M,M,2013-02-22,isaac.perez@nappa.com,Singapore,30708
23854,AW00023854,Megan,Torres,M,F,2013-02-22,megan.torres@circles.com,Moscow,12634
23855,AW00023855,Carlos,Watson,M,M,2013-02-22,carlos.watson@hostinger.com,Bangkok,47451
23856,AW00023856,Sarah,Taylor,S,F,2013-02-22,sarah.taylor@papers.com,Madrid,52344
23857,AW00023857,Alexandra,Anderson,S,F,2013-02-23,alexandra.anderson@circles.com,Moscow,43854
23858,AW00023858,Jonathan,Powell,M,M,2013-02-23,jonathan.powell@cappo.com,Istanbul,31714
23859,AW00023859,Megan,Anderson,M,F,2013-02-23,megan.anderson@mouse.com,Delhi,57077
23860,AW00023860,Eric,Long,M,M,2013-02-23,eric.long@sticks.com,Tokyo,15674
23861,AW00023861,Keith,Anand,M,M,2013-02-23,keith.anand@nappa.com,Tokyo,33433
23862,AW00023862,Rebekah,Kapoor,M,F,2013-02-23,rebekah.kapoor@hostinger.com,Mumbai,13326
23863,AW00023863,Christian,Williams,S,M,2013-02-23,christian.williams@circles.com,Jakarta,29315
23864,AW00023864,Chloe,Jackson,S,F,2013-02-23,chloe.jackson@towels.com,Delhi,26551
23865,AW00023865,Lori,Sanz,S,F,2013-02-23,lori.sanz@cappo.com,Tokyo,42441
23866,AW00023866,Xavier,Flores,M,M,2013-02-23,xavier.flores@sticks.com,Berlin,49362
23867,AW00023867,Sarah,Henderson,S,F,2013-02-24,sarah.henderson@mouse.com,Paris,55729
23868,AW00023868,Abigail,Coleman,S,F,2013-02-24,abigail.coleman@papers.com,Tokyo,36282
23869,AW00023869,Wayne,Nara,M,M,2013-02-24,wayne.nara@cappo.com,Moscow,38198
23870,AW00023870,Elijah,Henderson,M,M,2013-02-24,elijah.henderson@winds.com,Shanghai,48177
23871,AW00023871,Bailey,Richardson,S,F,2013-02-24,bailey.richardson@papers.com,Delhi,39693
23872,AW00023872,Matthew,Garcia,M,M,2013-02-24,matthew.garcia@winds.com,Singapore,14737
23873,AW00023873,Nicole,Miller,M,F,2013-02-24,nicole.miller@fountains.com,Mumbai,20077
23874,AW00023874,Abigail,Cook,S,F,2013-02-24,abigail.cook@fountains.com,Paris,49444
23875,AW00023875,Sean,Green,M,M,2013-02-24,sean.green@circles.com,Moscow,35197
23876,AW00023876,David,Henderson,M,M,2013-02-25,david.henderson@papers.com,Berlin,43732
23877,AW00023877,Katherine,Morris,M,F,2013-02-25,katherine.morris@mouse.com,Rome,47069
23878,AW00023878,Chloe,Wood,S,F,2013-02-25,chloe.wood@towels.com,Moscow,17543
23879,AW00023879,Amber,Gonzalez,M,F,2013-02-25,amber.gonzalez@papers.com,Delhi,48078
23880,AW00023880,Noah,Patterson,S,M,2013-02-25,noah.patterson@papers.com,Singapore,46933
23881,AW00023881,Joshua,Martinez,M,M,2013-02-25,joshua.martinez@towels.com,Seoul,27774
23882,AW00023882,Alexia,Butler,S,F,2013-02-25,alexia.butler@papers.com,Mumbai,13395
23883,AW00023883,Jackson,Russell,M,M,2013-02-25,jackson.russell@mouse.com,Madrid,12458
23884,AW00023884,Ethan,Ross,M,M,2013-02-25,ethan.ross@winds.com,London,53250
23885,AW00023885,Angela,Morris,M,F,2013-02-25,angela.morris@papers.com,Seoul,23350
23886,AW00023886,Sean,Stewart,M,M,2013-02-25,sean.stewart@sticks.com,Madrid,43186
23887,AW00023887,Mason,Carter,S,M,2013-02-26,mason.carter@sticks.com,Singapore,49135
23888,AW00023888,Edward,Clark,M,M,2013-02-26,edward.clark@cappo.com,Bangkok,30542
23889,AW00023889,Sean,Carter,S,M,2013-02-26,sean.carter@winds.com,Istanbul,20825
23890,AW00023890,Haley,Cox,M,F,2013-02-26,haley.cox@fountains.com,Berlin,29372
23891,AW00023891,Jack,Jenkins,M,M,2013-02-27,jack.jenkins@nappa.com,Seoul,28818
23892,AW00023892,Olivia,Bailey,M,F,2013-02-27,olivia.bailey@winds.com,Rome,59813
23893,AW00023893,Zachary,Clark,M,M,2013-02-27,zachary.clark@hostinger.com,London,14115
23894,AW00023894,Bryan,Ramirez,M,M,2013-02-28,bryan.ramirez@towels.com,Shanghai,41721
23895,AW00023895,Nicole,Powell,S,F,2013-02-28,nicole.powell@mouse.com,Bangkok,18883
23896,AW00023896,Megan,Peterson,S,F,2013-02-28,megan.peterson@nappa.com,Mumbai,49535
23897,AW00023897,Katrina,Chapman,S,F,2013-02-28,katrina.chapman@circles.com,Istanbul,25487
23898,AW00023898,Shawna,Rai,S,F,2013-02-28,shawna.rai@mouse.com,Mumbai,33913
23899,AW00023899,Lindsey,Nath,S,F,2013-02-28,lindsey.nath@towels.com,Delhi,50756
23900,AW00023900,Rafael,Yang,S,M,2013-02-28,rafael.yang@papers.com,Shanghai,10930
23901,AW00023901,Max,Gutierrez,M,M,2013-02-28,max.gutierrez@papers.com,Seoul,57247
23902,AW00023902,Julie,Kumar,M,F,2013-03-01,julie.kumar@circles.com,Bangkok,23073
23903,AW00023903,Harold,Subram,M,M,2013-03-01,harold.subram@mouse.com,Berlin,44241
23904,AW00023904,Haley,Washington,S,F,2013-03-01,haley.washington@papers.com,Seoul,13352
23905,AW00023905,Jose,Zhang,S,M,2013-03-01,jose.zhang@fountains.com,London,34355
23906,AW00023906,Alan,Ma,S,M,2013-03-01,alan.ma@sticks.com,Istanbul,12660
23907,AW00023907,Hector,Navarro,S,M,2013-03-01,hector.navarro@towels.com,Paris,32076
23908,AW00023908,Max,Sanz,S,M,2013-03-01,max.sanz@papers.com,London,16282
23909,AW00023909,Todd,Lin,M,M,2013-03-01,todd.lin@towels.com,Jakarta,24642
23910,AW00023910,Gabriel,Perry,S,M,2013-03-01,gabriel.perry@towels.com,Delhi,46994
23911,AW00023911,Priscilla,Sharma,S,F,2013-03-02,priscilla.sharma@nappa.com,Paris,30456
23912,AW00023912,Arthur,Sanchez,S,M,2013-03-02,arthur.sanchez@fountains.com,Moscow,14861
23913,AW00023913,Riley,Cooper,S,F,2013-03-02,riley.cooper@winds.com,Moscow,45482
23914,AW00023914,Tonya,Sharma,M,F,2013-03-02,tonya.sharma@winds.com,Delhi,10187
23915,AW00023915,Lawrence,Serrano,M,M,2013-03-02,lawrence.serrano@cappo.com,Shanghai,42079
23916,AW00023916,Ruben,Serrano,M,M,2013-03-02,ruben.serrano@papers.com,Istanbul,20842
23917,AW00023917,Carrie,Carlson,M,F,2013-03-02,carrie.carlson@nappa.com,London,24721
23918,AW00023918,Kendra,Navarro,S,F,2013-03-02,kendra.navarro@fountains.com,Jakarta,57879
23919,AW00023919,Jordan,Parker,M,F,2013-03-02,jordan.parker@mouse.com,Seoul,16055
23920,AW00023920,Arthur,Ruiz,S,M,2013-03-03,arthur.ruiz@hostinger.com,Rome,47742
23921,AW00023921,Charles,Lee,S,M,2013-03-03,charles.lee@nappa.com,Singapore,18806
23922,AW00023922,Cody,Richardson,M,M,2013-03-03,cody.richardson@mouse.com,Singapore,14123
23923,AW00023923,Alejandro,Sun,S,M,2013-03-03,alejandro.sun@winds.com,Rome,48553
23924,AW00023924,Amber,Wright,S,F,2013-03-03,amber.wright@towels.com,Rome,12628
23925,AW00023925,Marie,Torres,M,F,2013-03-03,marie.torres@sticks.com,Berlin,42380
23926,AW00023926,Lydia,Weber,M,F,2013-03-03,lydia.weber@winds.com,Singapore,12926
23927,AW00023927,Seth,Collins,S,M,2013-03-03,seth.collins@papers.com,Bangkok,49727
23928,AW00023928,Jaclyn,Ye,M,F,2013-03-03,jaclyn.ye@circles.com,Rome,22488
23929,AW00023929,Kristin,Xie,M,F,2013-03-03,kristin.xie@winds.com,London,29010
23930,AW00023930,Meagan,Arun,M,F,2013-03-03,meagan.arun@mouse.com,Madrid,25815
23931,AW00023931,Reginald,Ruiz,M,M,2013-03-03,reginald.ruiz@mouse.com,Berlin,43059
23932,AW00023932,Carrie,Jiménez,M,F,2013-03-03,carrie.jiménez@cappo.com,Rome,14175
23933,AW00023933,Sabrina,Carlson,S,F,2013-03-03,sabrina.carlson@sticks.com,Mumbai,35791
23934,AW00023934,Bonnie,Andersen,S,F,2013-03-04,bonnie.andersen@nappa.com,Jakarta,21842
23935,AW00023935,Alexis,Barnes,S,F,2013-03-04,alexis.barnes@hostinger.com,Istanbul,53893
23936,AW00023936,Monique,Vazquez,M,F,2013-03-04,monique.vazquez@cappo.com,Seoul,17848
23937,AW00023937,Eddie,Ruiz,M,M,2013-03-04,eddie.ruiz@papers.com,Moscow,28357
23938,AW00023938,Harold,Madan,M,M,2013-03-04,harold.madan@nappa.com,Moscow,25724
23939,AW00023939,Jodi,Nara,M,F,2013-03-04,jodi.nara@towels.com,Delhi,20939
23940,AW00023940,Dominic,Perez,M,M,2013-03-04,dominic.perez@nappa.com,Seoul,49760
23941,AW00023941,Eduardo,Anderson,M,M,2013-03-05,eduardo.anderson@towels.com,London,20741
23942,AW00023942,Rafael,Goel,M,M,2013-03-05,rafael.goel@winds.com,Paris,21943
23943,AW00023943,Cindy,Subram,M,F,2013-03-05,cindy.subram@mouse.com,Tokyo,29229
23944,AW00023944,Jenny,Wu,S,F,2013-03-05,jenny.wu@mouse.com,Berlin,59582
23945,AW00023945,Nicolas,Black,M,M,2013-03-05,nicolas.black@papers.com,Istanbul,20253
23946,AW00023946,Kelli,Luo,S,F,2013-03-05,kelli.luo@mouse.com,Shanghai,17935
23947,AW00023947,Autumn,Liang,M,F,2013-03-05,autumn.liang@fountains.com,Madrid,14285
23948,AW00023948,Katelyn,Rivera,S,F,2013-03-05,katelyn.rivera@cappo.com,Rome,52765
23949,AW00023949,Kelvin,Deng,S,M,2013-03-05,kelvin.deng@mouse.com,Delhi,48860
23950,AW00023950,Roger,Zhou,M,M,2013-03-06,roger.zhou@sticks.com,Singapore,38315
23951,AW00023951,Lindsay,Becker,S,F,2013-03-06,lindsay.becker@fountains.com,Bangkok,54850
23952,AW00023952,Nelson,Dominguez,S,M,2013-03-06,nelson.dominguez@mouse.com,Paris,46736
23953,AW00023953,Shane,Mehta,S,M,2013-03-06,shane.mehta@winds.com,Seoul,18848
23954,AW00023954,Jonathon,Serrano,S,M,2013-03-06,jonathon.serrano@nappa.com,Singapore,10011
23955,AW00023955,Lucas,Cook,S,M,2013-03-06,lucas.cook@hostinger.com,Jakarta,41380
23956,AW00023956,Morgan,Coleman,M,F,2013-03-06,morgan.coleman@sticks.com,Berlin,21998
23957,AW00023957,Louis,Zheng,M,M,2013-03-06,louis.zheng@towels.com,Mumbai,59437
23958,AW00023958,Amy,Lin,S,F,2013-03-06,amy.lin@hostinger.com,London,55222
23959,AW00023959,Amber,Parker,S,F,2013-03-06,amber.parker@circles.com,Tokyo,58909
23960,AW00023960,Eugene,Zheng,S,M,2013-03-06,eugene.zheng@nappa.com,Rome,13921
23961,AW00023961,Karen,Huang,S,F,2013-03-06,karen.huang@nappa.com,Berlin,38538
23962,AW00023962,Sandra,Yang,M,F,2013-03-07,sandra.yang@hostinger.com,Delhi,14714
23963,AW00023963,Gerald,Jimenez,M,M,2013-03-07,gerald.jimenez@fountains.com,Delhi,38300
23964,AW00023964,Arturo,Nara,S,M,2013-03-07,arturo.nara@hostinger.com,Jakarta,37426
23965,AW00023965,Dustin,Shan,S,M,2013-03-07,dustin.shan@papers.com,Singapore,15127
23966,AW00023966,Grant,Sharma,M,M,2013-03-07,grant.sharma@sticks.com,Tokyo,47103
23967,AW00023967,Veronica,Suri,S,F,2013-03-07,veronica.suri@sticks.com,Singapore,11244
23968,AW00023968,Caleb,Baker,M,M,2013-03-07,caleb.baker@circles.com,Paris,38005
23969,AW00023969,Cole,Sanders,S,M,2013-03-07,cole.sanders@sticks.com,Jakarta,17683
23970,AW00023970,Rebekah,Fernandez,S,F,2013-03-07,rebekah.fernandez@mouse.com,Shanghai,42204
23971,AW00023971,Lindsey,Jai,S,F,2013-03-08,lindsey.jai@papers.com,Shanghai,16997
23972,AW00023972,Clarence,Liang,S,M,2013-03-08,clarence.liang@sticks.com,Moscow,57309
23973,AW00023973,Zachary,Long,S,M,2013-03-08,zachary.long@circles.com,Madrid,16581
23974,AW00023974,Susan,Huang,S,F,2013-03-08,susan.huang@papers.com,Mumbai,22330
23975,AW00023975,Frank,Blanco,S,M,2013-03-08,frank.blanco@cappo.com,Tokyo,32981
23976,AW00023976,Rachael,Arun,S,F,2013-03-08,rachael.arun@circles.com,Moscow,58675
23977,AW00023977,Gail,Butler,S,F,2013-03-08,gail.butler@mouse.com,Singapore,17458
23978,AW00023978,Philip,Ortega,M,M,2013-03-08,philip.ortega@cappo.com,London,30528
23979,AW00023979,Damien,Chen,S,M,2013-03-09,damien.chen@winds.com,Moscow,23142
23980,AW00023980,Sergio,Garcia,S,M,2013-03-09,sergio.garcia@papers.com,Paris,47065
23981,AW00023981,Cesar,Martinez,M,M,2013-03-09,cesar.martinez@nappa.com,Madrid,37740
23982,AW00023982,Adam,Diaz,S,M,2013-03-09,adam.diaz@winds.com,Singapore,42051
23983,AW00023983,Taylor,Reed,S,F,2013-03-09,taylor.reed@mouse.com,Jakarta,50277
23984,AW00023984,Kelsey,Kennedy,S,F,2013-03-09,kelsey.kennedy@towels.com,Bangkok,25287
23985,AW00023985,Janet,Torres,M,F,2013-03-10,janet.torres@nappa.com,Rome,17980
23986,AW00023986,Tanya,Torres,M,F,2013-03-10,tanya.torres@cappo.com,Istanbul,41901
23987,AW00023987,Dawn,Sharma,M,F,2013-03-10,dawn.sharma@towels.com,Seoul,15096
23988,AW00023988,Cesar,Sánchez,M,M,2013-03-10,cesar.sánchez@towels.com,Bangkok,48962
23989,AW00023989,Damien,Beck,S,M,2013-03-10,damien.beck@circles.com,Bangkok,34265
23990,AW00023990,Claudia,Huang,S,F,2013-03-10,claudia.huang@winds.com,Madrid,26198
23991,AW00023991,Todd,Zhao,M,M,2013-03-10,todd.zhao@mouse.com,Shanghai,34191
23992,AW00023992,Bonnie,Chande,S,F,2013-03-10,bonnie.chande@winds.com,Bangkok,34859
23993,AW00023993,Rachael,Fernandez,S,F,2013-03-10,rachael.fernandez@hostinger.com,Jakarta,54272
23994,AW00023994,Raymond,Subram,M,M,2013-03-11,raymond.subram@mouse.com,Istanbul,14405
23995,AW00023995,Bradley,Carson,S,M,2013-03-11,bradley.carson@sticks.com,Moscow,56286
23996,AW00023996,Richard,Lee,S,M,2013-03-11,richard.lee@fountains.com,Berlin,11110
23997,AW00023997,Kristopher,Srini,M,M,2013-03-11,kristopher.srini@towels.com,Jakarta,52250
23998,AW00023998,Arturo,Raji,M,M,2013-03-11,arturo.raji@sticks.com,Tokyo,27086
23999,AW00023999,Gilbert,Li,M,M,2013-03-11,gilbert.li@papers.com,Rome,33933
24000,AW00024000,Randy,Yang,S,M,2013-03-11,randy.yang@towels.com,Jakarta,24908
24001,AW00024001,Arthur,Raman,S,M,2013-03-11,arthur.raman@circles.com,Rome,46207
24002,AW00024002,Thomas,Harris,M,M,2013-03-11,thomas.harris@towels.com,Tokyo,52073
24003,AW00024003,Warren,Kumar,S,M,2013-03-11,warren.kumar@sticks.com,Rome,14442
24004,AW00024004,César,Raman,M,M,2013-03-12,césar.raman@hostinger.com,Tokyo,39003
24005,AW00024005,Julio,Jimenez,S,M,2013-03-12,julio.jimenez@cappo.com,Mumbai,40063
24006,AW00024006,Peter,Deng,S,M,2013-03-12,peter.deng@sticks.com,Madrid,19363
24007,AW00024007,Randy,Huang,S,M,2013-03-12,randy.huang@mouse.com,Istanbul,56667
24008,AW00024008,Monique,Munoz,M,F,2013-03-12,monique.munoz@nappa.com,Moscow,36949
24009,AW00024009,Alison,Anand,S,F,2013-03-12,alison.anand@fountains.com,Shanghai,38915
24010,AW00024010,Walter,Alvarez,S,M,2013-03-12,walter.alvarez@cappo.com,Moscow,27936
24011,AW00024011,Morgan,Thompson,S,F,2013-03-12,morgan.thompson@mouse.com,Seoul,45448
24012,AW00024012,James,Lewis,S,M,2013-03-12,james.lewis@mouse.com,Bangkok,55370
24013,AW00024013,Jay,Ruiz,M,M,2013-03-12,jay.ruiz@fountains.com,Madrid,54941
24014,AW00024014,Geoffrey,Kovár,M,M,2013-03-13,geoffrey.kovár@cappo.com,Paris,47575
24015,AW00024015,Jenna,Hall,S,F,2013-03-13,jenna.hall@papers.com,Paris,47448
24016,AW00024016,Karla,Sharma,S,F,2013-03-13,karla.sharma@papers.com,Singapore,10409
24017,AW00024017,Rebekah,Lopez,S,F,2013-03-13,rebekah.lopez@mouse.com,London,56403
24018,AW00024018,Barbara,Gao,S,F,2013-03-13,barbara.gao@sticks.com,Seoul,59108
24019,AW00024019,Barbara,Raji,M,F,2013-03-14,barbara.raji@winds.com,London,30047
24020,AW00024020,Francisco,Raman,S,M,2013-03-14,francisco.raman@sticks.com,London,39487
24021,AW00024021,Clinton,Munoz,S,M,2013-03-14,clinton.munoz@winds.com,Paris,15239
24022,AW00024022,Dale,Beck,M,M,2013-03-14,dale.beck@mouse.com,Jakarta,42584
24023,AW00024023,Bonnie,Nara,S,F,2013-03-14,bonnie.nara@towels.com,Mumbai,22364
24024,AW00024024,Marie,Malhotra,M,F,2013-03-14,marie.malhotra@papers.com,Delhi,29860
24025,AW00024025,Eugene,Zeng,M,M,2013-03-14,eugene.zeng@towels.com,Delhi,30614
24026,AW00024026,Jill,Serrano,M,F,2013-03-14,jill.serrano@towels.com,Moscow,53558
24027,AW00024027,Omar,Tang,M,M,2013-03-14,omar.tang@papers.com,Moscow,54268
24028,AW00024028,Adam,Hayes,S,M,2013-03-15,adam.hayes@papers.com,Rome,12278
24029,AW00024029,Haley,Howard,S,F,2013-03-15,haley.howard@cappo.com,Berlin,12909
24030,AW00024030,Deb,Wagner,S,F,2013-03-15,deb.wagner@fountains.com,Istanbul,30495
24031,AW00024031,Tammy,Suri,M,F,2013-03-15,tammy.suri@mouse.com,Seoul,47214
24032,AW00024032,Micah,Ma,M,M,2013-03-15,micah.ma@mouse.com,Delhi,26844
24033,AW00024033,Katherine,Reed,S,F,2013-03-15,katherine.reed@circles.com,Singapore,41175
24034,AW00024034,Pedro,Ruiz,M,M,2013-03-15,pedro.ruiz@towels.com,Mumbai,35561
24035,AW00024035,Jaclyn,Wu,S,F,2013-03-15,jaclyn.wu@nappa.com,Moscow,28447
24036,AW00024036,Jay,Vazquez,S,M,2013-03-15,jay.vazquez@cappo.com,Jakarta,22081
24037,AW00024037,Ramon,Guo,S,M,2013-03-15,ramon.guo@nappa.com,Rome,58925
24038,AW00024038,Evan,Turner,S,M,2013-03-16,evan.turner@sticks.com,Madrid,27890
24039,AW00024039,Cassie,Xu,M,F,2013-03-16,cassie.xu@cappo.com,Mumbai,57420
24040,AW00024040,Jennifer,Bell,S,F,2013-03-16,jennifer.bell@cappo.com,Bangkok,35644
24041,AW00024041,Chad,Tang,M,M,2013-03-16,chad.tang@nappa.com,Tokyo,21038
24042,AW00024042,Zachary,White,M,M,2013-03-16,zachary.white@mouse.com,Jakarta,50487
24043,AW00024043,Charles,Kelly,M,M,2013-03-16,charles.kelly@hostinger.com,Rome,51647
24044,AW00024044,Arturo,Kumar,S,M,2013-03-16,arturo.kumar@sticks.com,Rome,23106
24045,AW00024045,Shannon,Martin,M,M,2013-03-16,shannon.martin@mouse.com,Istanbul,34865
24046,AW00024046,Cristina,Chander,S,F,2013-03-16,cristina.chander@papers.com,Berlin,48190
24047,AW00024047,Clarence,Yuan,S,M,2013-03-16,clarence.yuan@fountains.com,London,32741
24048,AW00024048,Gregory,Tang,M,M,2013-03-16,gregory.tang@circles.com,Mumbai,59238
24049,AW00024049,Byron,Gomez,S,M,2013-03-17,byron.gomez@nappa.com,Jakarta,37931
24050,AW00024050,Clarence,Nath,S,M,2013-03-17,clarence.nath@nappa.com,Istanbul,50087
24051,AW00024051,Colleen,Nath,M,F,2013-03-17,colleen.nath@towels.com,Tokyo,57579
24052,AW00024052,Priscilla,Goel,S,F,2013-03-17,priscilla.goel@mouse.com,London,43209
24053,AW00024053,Jose,Allen,M,M,2013-03-18,jose.allen@fountains.com,Moscow,36381
24054,AW00024054,Gerald,Hernandez,S,M,2013-03-18,gerald.hernandez@hostinger.com,Mumbai,48506
24055,AW00024055,Louis,Goel,S,M,2013-03-18,louis.goel@towels.com,Tokyo,38787
24056,AW00024056,Tamara,Lin,S,F,2013-03-18,tamara.lin@mouse.com,Paris,46209
24057,AW00024057,Ricky,Alvarez,M,M,2013-03-18,ricky.alvarez@circles.com,Seoul,31749
24058,AW00024058,Alvin,Lal,S,M,2013-03-18,alvin.lal@towels.com,Rome,46014
24059,AW00024059,Tabitha,Navarro,S,F,2013-03-18,tabitha.navarro@mouse.com,London,48024
24060,AW00024060,Bonnie,Deng,S,F,2013-03-18,bonnie.deng@hostinger.com,Shanghai,49195
24061,AW00024061,Kelvin,Luo,M,M,2013-03-19,kelvin.luo@nappa.com,Paris,11476
24062,AW00024062,Crystal,Cai,M,F,2013-03-19,crystal.cai@hostinger.com,Berlin,59482
24063,AW00024063,Micheal,Suarez,S,M,2013-03-19,micheal.suarez@cappo.com,Bangkok,31555
24064,AW00024064,Stanley,Fernandez,M,M,2013-03-19,stanley.fernandez@nappa.com,Mumbai,58286
24065,AW00024065,Lori,Gutierrez,S,F,2013-03-19,lori.gutierrez@mouse.com,Istanbul,27961
24066,AW00024066,Brittney,West,M,F,2013-03-19,brittney.west@circles.com,Paris,27026
24067,AW00024067,Carolyn,Raman,S,F,2013-03-19,carolyn.raman@sticks.com,Bangkok,20940
24068,AW00024068,Edwin,Yang,M,M,2013-03-19,edwin.yang@circles.com,Tokyo,39730
24069,AW00024069,Jessie,Chen,M,M,2013-03-19,jessie.chen@hostinger.com,Jakarta,54381
24070,AW00024070,Cameron,Shan,S,M,2013-03-20,cameron.shan@towels.com,Bangkok,35739
24071,AW00024071,Victor,Suarez,M,M,2013-03-20,victor.suarez@fountains.com,Mumbai,32530
24072,AW00024072,Randy,He,M,M,2013-03-20,randy.he@cappo.com,Mumbai,45581
24073,AW00024073,Grace,Taylor,M,F,2013-03-20,grace.taylor@sticks.com,Rome,52536
24074,AW00024074,Grace,Alexander,S,F,2013-03-20,grace.alexander@hostinger.com,Jakarta,23323
24075,AW00024075,Peter,Saddow,M,F,2013-03-20,peter.saddow@papers.com,Moscow,27945
24076,AW00024076,Casey,Hernandez,M,M,2013-03-20,casey.hernandez@mouse.com,Mumbai,56865
24077,AW00024077,Tony,Rai,M,M,2013-03-20,tony.rai@sticks.com,Mumbai,49338
24078,AW00024078,Neil,Martin,M,M,2013-03-21,neil.martin@winds.com,Berlin,53940
24079,AW00024079,Andre,Raman,M,M,2013-03-21,andre.raman@cappo.com,Rome,34011
24080,AW00024080,Billy,Serrano,M,M,2013-03-21,billy.serrano@sticks.com,Paris,56057
24081,AW00024081,Alexis,Hughes,M,F,2013-03-21,alexis.hughes@fountains.com,Paris,19151
24082,AW00024082,Regina,Rodriguez,M,F,2013-03-21,regina.rodriguez@circles.com,Tokyo,47291
24083,AW00024083,Max,Moreno,M,M,2013-03-21,max.moreno@fountains.com,Rome,35403
24084,AW00024084,Jonathon,Jimenez,M,M,2013-03-21,jonathon.jimenez@papers.com,Seoul,51245
24085,AW00024085,Autumn,Gao,M,F,2013-03-22,autumn.gao@winds.com,Delhi,21264
24086,AW00024086,Dakota,Gonzales,M,M,2013-03-22,dakota.gonzales@cappo.com,Moscow,49560
24087,AW00024087,Hannah,Wilson,S,F,2013-03-22,hannah.wilson@circles.com,Jakarta,16442
24088,AW00024088,Damien,He,M,M,2013-03-22,damien.he@mouse.com,Paris,36757
24089,AW00024089,Dustin,Yuan,M,M,2013-03-22,dustin.yuan@circles.com,Mumbai,51349
24090,AW00024090,Cassandra,Perez,S,F,2013-03-22,cassandra.perez@sticks.com,Paris,24364
24091,AW00024091,Dwayne,Munoz,M,M,2013-03-22,dwayne.munoz@cappo.com,Madrid,50135
24092,AW00024092,Jillian,Gonzalez,M,F,2013-03-22,jillian.gonzalez@sticks.com,Seoul,54844
24093,AW00024093,Claudia,He,S,F,2013-03-22,claudia.he@cappo.com,London,59643
24094,AW00024094,Julio,Diaz,S,M,2013-03-22,julio.diaz@circles.com,Paris,50730
24095,AW00024095,Julie,Andersen,S,F,2013-03-23,julie.andersen@sticks.com,Bangkok,17373
24096,AW00024096,Diana,Vazquez,M,F,2013-03-23,diana.vazquez@nappa.com,Tokyo,54200
24097,AW00024097,Francisco,Fernandez,M,M,2013-03-23,francisco.fernandez@nappa.com,Delhi,20852
24098,AW00024098,Olivia,Howard,S,F,2013-03-23,olivia.howard@winds.com,Tokyo,38101
24099,AW00024099,Sarah,Smith,M,F,2013-03-23,sarah.smith@fountains.com,Moscow,49583
24100,AW00024100,Jenny,He,M,F,2013-03-24,jenny.he@papers.com,Rome,16728
24101,AW00024101,Kaitlyn,Anderson,M,F,2013-03-24,kaitlyn.anderson@papers.com,Moscow,37473
24102,AW00024102,Andy,Torres,M,M,2013-03-24,andy.torres@fountains.com,Tokyo,59537
24103,AW00024103,Billy,Dominguez,M,M,2013-03-24,billy.dominguez@hostinger.com,Moscow,53857
24104,AW00024104,Robyn,Ortega,M,F,2013-03-24,robyn.ortega@hostinger.com,Paris,22874
24105,AW00024105,Carolyn,Sanchez,M,F,2013-03-24,carolyn.sanchez@winds.com,Moscow,43824
24106,AW00024106,Kelvin,Shan,S,M,2013-03-24,kelvin.shan@hostinger.com,Moscow,13841
24107,AW00024107,Jonathan,Jenkins,M,M,2013-03-24,jonathan.jenkins@circles.com,Istanbul,58946
24108,AW00024108,Tonya,Lal,S,F,2013-03-24,tonya.lal@nappa.com,Tokyo,14656
24109,AW00024109,Eddie,Suarez,S,M,2013-03-24,eddie.suarez@papers.com,Singapore,46096
24110,AW00024110,Kaylee,Brooks,S,F,2013-03-24,kaylee.brooks@papers.com,Tokyo,50231
24111,AW00024111,Cameron,Long,S,M,2013-03-25,cameron.long@mouse.com,Bangkok,53754
24112,AW00024112,Mary,Foster,M,F,2013-03-25,mary.foster@winds.com,Mumbai,57941
24113,AW00024113,Stephanie,Green,S,F,2013-03-25,stephanie.green@towels.com,Rome,53841
24114,AW00024114,Kristin,Yuan,M,F,2013-03-25,kristin.yuan@circles.com,Tokyo,31049
24115,AW00024115,Gary,Carlson,M,M,2013-03-25,gary.carlson@hostinger.com,Moscow,52799
24116,AW00024116,Pedro,Martinez,M,M,2013-03-25,pedro.martinez@sticks.com,Mumbai,10200
24117,AW00024117,Shannon,Gill,M,M,2013-03-25,shannon.gill@towels.com,Berlin,15034
24118,AW00024118,Donna,Chande,M,F,2013-03-25,donna.chande@papers.com,Shanghai,33084
24119,AW00024119,Emmanuel,Kapoor,S,M,2013-03-25,emmanuel.kapoor@sticks.com,Istanbul,55084
24120,AW00024120,Kaitlyn,Allen,S,F,2013-03-25,kaitlyn.allen@sticks.com,Mumbai,36011
24121,AW00024121,Valerie,Liu,S,F,2013-03-25,valerie.liu@hostinger.com,Rome,24455
24122,AW00024122,Michele,Blanco,S,F,2013-03-25,michele.blanco@winds.com,Rome,24636
24123,AW00024123,Heather,Hu,S,F,2013-03-26,heather.hu@sticks.com,Shanghai,58168
24124,AW00024124,Erik,Vazquez,S,M,2013-03-26,erik.vazquez@hostinger.com,Bangkok,41546
24125,AW00024125,Tiffany,Xu,S,F,2013-03-26,tiffany.xu@nappa.com,Paris,20872
24126,AW00024126,Pedro,Mehta,S,M,2013-03-26,pedro.mehta@mouse.com,Seoul,18409
24127,AW00024127,James,Washington,S,M,2013-03-26,james.washington@sticks.com,London,26345
24128,AW00024128,Kimberly,Ramirez,S,F,2013-03-26,kimberly.ramirez@circles.com,Singapore,28121
24129,AW00024129,Jamie,Gutierrez,S,M,2013-03-26,jamie.gutierrez@winds.com,Bangkok,35970
24130,AW00024130,Tanya,Navarro,M,F,2013-03-27,tanya.navarro@mouse.com,Bangkok,48337
24131,AW00024131,Felicia,Rubio,M,F,2013-03-27,felicia.rubio@winds.com,Delhi,56242
24132,AW00024132,Devon,Tang,S,M,2013-03-27,devon.tang@sticks.com,Moscow,23625
24133,AW00024133,Carla,Patel,S,F,2013-03-27,carla.patel@nappa.com,Seoul,58645
24134,AW00024134,Edgar,Kapoor,S,M,2013-03-27,edgar.kapoor@sticks.com,Moscow,15322
24135,AW00024135,Martin,Martinez,S,M,2013-03-27,martin.martinez@winds.com,Shanghai,32376
24136,AW00024136,Alisha,Hu,S,F,2013-03-27,alisha.hu@mouse.com,Berlin,54061
24137,AW00024137,Tara,Sharma,S,F,2013-03-27,tara.sharma@cappo.com,Moscow,57300
24138,AW00024138,Kristy,Gutierrez,M,F,2013-03-27,kristy.gutierrez@circles.com,Paris,26296
24139,AW00024139,Andrew,Williams,M,M,2013-03-28,andrew.williams@cappo.com,Istanbul,15894
24140,AW00024140,Alvin,Lin,S,M,2013-03-28,alvin.lin@winds.com,Jakarta,21864
24141,AW00024141,Misty,Nath,S,F,2013-03-28,misty.nath@winds.com,Berlin,37465
24142,AW00024142,Christian,Davis,M,M,2013-03-28,christian.davis@hostinger.com,London,15399
24143,AW00024143,Stanley,Mehta,M,M,2013-03-28,stanley.mehta@towels.com,Moscow,13274
24144,AW00024144,Gerald,Sanchez,M,M,2013-03-28,gerald.sanchez@nappa.com,Jakarta,56302
24145,AW00024145,Cheryl,Serrano,S,F,2013-03-28,cheryl.serrano@cappo.com,Madrid,53042
24146,AW00024146,Craig,Suarez,S,M,2013-03-28,craig.suarez@nappa.com,Singapore,45585
24147,AW00024147,Kathleen,Hernandez,M,F,2013-03-29,kathleen.hernandez@mouse.com,Berlin,23200
24148,AW00024148,Brittney,Zhou,S,F,2013-03-29,brittney.zhou@sticks.com,Mumbai,51290
24149,AW00024149,Richard,Simmons,M,M,2013-03-29,richard.simmons@mouse.com,Seoul,29300
24150,AW00024150,Jack,Campbell,M,M,2013-03-29,jack.campbell@mouse.com,Moscow,20272
24151,AW00024151,Jon,Shan,S,M,2013-03-29,jon.shan@fountains.com,Berlin,19441
24152,AW00024152,Casey,Rubio,S,M,2013-03-29,casey.rubio@papers.com,Tokyo,48186
24153,AW00024153,Seth,Jenkins,S,M,2013-03-29,seth.jenkins@circles.com,Mumbai,23300
24154,AW00024154,Orlando,Ramos,S,M,2013-03-29,orlando.ramos@hostinger.com,Delhi,53778
24155,AW00024155,Tracy,Raje,M,F,2013-03-29,tracy.raje@cappo.com,Bangkok,20677
24156,AW00024156,Wesley,Zhou,M,M,2013-03-29,wesley.zhou@sticks.com,London,27518
24157,AW00024157,Marie,Subram,M,F,2013-03-30,marie.subram@circles.com,Shanghai,18887
24158,AW00024158,Omar,Deng,S,M,2013-03-30,omar.deng@towels.com,Jakarta,45009
24159,AW00024159,Christine,Luo,M,F,2013-03-30,christine.luo@winds.com,Tokyo,27216
24160,AW00024160,Carl,Yuan,S,M,2013-03-30,carl.yuan@fountains.com,Mumbai,27929
24161,AW00024161,Luke,Kumar,M,M,2013-03-30,luke.kumar@circles.com,Singapore,56933
24162,AW00024162,Grant,Raje,M,M,2013-03-30,grant.raje@sticks.com,Mumbai,55893
24163,AW00024163,Micah,Guo,S,M,2013-03-31,micah.guo@winds.com,Istanbul,10829
24164,AW00024164,Teresa,Gomez,S,F,2013-03-31,teresa.gomez@winds.com,Istanbul,12542
24165,AW00024165,Gilbert,Gao,S,M,2013-03-31,gilbert.gao@sticks.com,Paris,27288
24166,AW00024166,Renee,Alonso,S,F,2013-03-31,renee.alonso@fountains.com,Istanbul,22540
24167,AW00024167,Lacey,Zhu,S,F,2013-03-31,lacey.zhu@hostinger.com,Singapore,41446
24168,AW00024168,Manuel,Srini,M,M,2013-03-31,manuel.srini@circles.com,London,15520
24169,AW00024169,Lydia,Martinez,S,F,2013-03-31,lydia.martinez@circles.com,Seoul,13269
24170,AW00024170,Jaime,Hernandez,S,F,2013-03-31,jaime.hernandez@circles.com,Tokyo,42847
24171,AW00024171,Jarrod,Chandra,S,M,2013-03-31,jarrod.chandra@sticks.com,Moscow,25481
24172,AW00024172,Jessie,Hernandez,M,F,2013-03-31,jessie.hernandez@mouse.com,Bangkok,41373
24173,AW00024173,Lacey,Wang,S,F,2013-03-31,lacey.wang@sticks.com,Seoul,41631
24174,AW00024174,Keith,Chander,M,M,2013-04-01,keith.chander@fountains.com,Bangkok,39092
24175,AW00024175,Lacey,Luo,S,F,2013-04-01,lacey.luo@papers.com,Berlin,24947
24176,AW00024176,Marie,Jimenez,M,F,2013-04-01,marie.jimenez@papers.com,Istanbul,42641
24177,AW00024177,Gina,Gill,S,F,2013-04-01,gina.gill@circles.com,Berlin,48876
24178,AW00024178,Clifford,Sara,S,M,2013-04-01,clifford.sara@winds.com,Seoul,42362
24179,AW00024179,Robyn,Blanco,M,F,2013-04-01,robyn.blanco@nappa.com,Bangkok,41444
24180,AW00024180,Arturo,Jai,S,M,2013-04-01,arturo.jai@towels.com,Berlin,36671
24181,AW00024181,Edwin,Nath,M,M,2013-04-01,edwin.nath@cappo.com,Singapore,31383
24182,AW00024182,Nancy,Lopez,M,F,2013-04-02,nancy.lopez@sticks.com,Shanghai,30732
24183,AW00024183,Ruth,Perez,S,F,2013-04-02,ruth.perez@papers.com,Shanghai,23074
24184,AW00024184,Alexandra,Jackson,S,F,2013-04-02,alexandra.jackson@fountains.com,London,11764
24185,AW00024185,Tara,She,S,F,2013-04-02,tara.she@cappo.com,Delhi,58341
24186,AW00024186,Theodore,Alonso,S,M,2013-04-02,theodore.alonso@cappo.com,Paris,42421
24187,AW00024187,Daisy,Serrano,S,F,2013-04-02,daisy.serrano@nappa.com,Bangkok,46928
24188,AW00024188,Charles,Turner,S,M,2013-04-02,charles.turner@hostinger.com,Shanghai,17266
24189,AW00024189,Andre,Suri,M,M,2013-04-03,andre.suri@nappa.com,Jakarta,41913
24190,AW00024190,Austin,Chen,S,M,2013-04-03,austin.chen@circles.com,Shanghai,38039
24191,AW00024191,Marshall,He,M,M,2013-04-03,marshall.he@papers.com,Paris,26141
24192,AW00024192,Regina,Prasad,S,F,2013-04-03,regina.prasad@sticks.com,Mumbai,49837
24193,AW00024193,Louis,Becker,M,M,2013-04-03,louis.becker@cappo.com,Paris,29250
24194,AW00024194,Armando,Martin,M,M,2013-04-04,armando.martin@mouse.com,Istanbul,25108
24195,AW00024195,Dawn,Zhao,M,F,2013-04-04,dawn.zhao@hostinger.com,Delhi,40426
24196,AW00024196,Armando,Gill,M,M,2013-04-04,armando.gill@nappa.com,Tokyo,25672
24197,AW00024197,Whitney,Mehta,S,F,2013-04-04,whitney.mehta@circles.com,Mumbai,27198
24198,AW00024198,Chelsea,Madan,M,F,2013-04-04,chelsea.madan@hostinger.com,Istanbul,27912
24199,AW00024199,Veronica,Prasad,M,F,2013-04-05,veronica.prasad@fountains.com,Delhi,37506
24200,AW00024200,Grant,Jai,S,M,2013-04-05,grant.jai@nappa.com,Singapore,36404
24201,AW00024201,Olivia,Gonzales,M,F,2013-04-06,olivia.gonzales@towels.com,Berlin,54856
24202,AW00024202,Tamara,Black,S,F,2013-04-06,tamara.black@sticks.com,Istanbul,42941
24203,AW00024203,Keith,Xie,S,M,2013-04-06,keith.xie@cappo.com,Paris,48749
24204,AW00024204,Darren,Gonzalez,S,M,2013-04-06,darren.gonzalez@sticks.com,Berlin,42789
24205,AW00024205,Katherine,Anderson,S,F,2013-04-06,katherine.anderson@winds.com,Paris,54300
24206,AW00024206,Marie,Munoz,M,F,2013-04-06,marie.munoz@circles.com,Berlin,29457
24207,AW00024207,Stacey,Guo,M,F,2013-04-06,stacey.guo@circles.com,Jakarta,53540
24208,AW00024208,Sabrina,Diaz,S,F,2013-04-06,sabrina.diaz@towels.com,Jakarta,18867
24209,AW00024209,Chelsea,Jordan,M,F,2013-04-06,chelsea.jordan@circles.com,Paris,43889
24210,AW00024210,Ricardo,Shan,S,M,2013-04-06,ricardo.shan@nappa.com,Rome,38106
24211,AW00024211,Sharon,Shan,S,F,2013-04-06,sharon.shan@mouse.com,London,59229
24212,AW00024212,Tony,Raje,S,M,2013-04-06,tony.raje@towels.com,Moscow,54136
24213,AW00024213,Martin,Rana,S,M,2013-04-07,martin.rana@cappo.com,Bangkok,51655
24214,AW00024214,Michele,Romero,S,F,2013-04-07,michele.romero@nappa.com,Berlin,59390
24215,AW00024215,Lisa,Xu,M,F,2013-04-07,lisa.xu@sticks.com,Berlin,52599
24216,AW00024216,Tara,Black,S,F,2013-04-07,tara.black@hostinger.com,Bangkok,49103
24217,AW00024217,Lauren,Morgan,S,F,2013-04-07,lauren.morgan@towels.com,Tokyo,54765
24218,AW00024218,Bryant,Lopez,S,M,2013-04-07,bryant.lopez@cappo.com,Mumbai,14928
24219,AW00024219,Tina,Lopez,M,F,2013-04-07,tina.lopez@cappo.com,Delhi,38933
24220,AW00024220,Hunter,Edwards,M,M,2013-04-07,hunter.edwards@hostinger.com,London,42218
24221,AW00024221,Heidi,Perez,S,F,2013-04-07,heidi.perez@circles.com,Moscow,19447
24222,AW00024222,Sierra,Green,S,F,2013-04-07,sierra.green@circles.com,Delhi,58646
24223,AW00024223,Abigail,Alexander,S,F,2013-04-08,abigail.alexander@fountains.com,Shanghai,52941
24224,AW00024224,Nicole,Perry,S,F,2013-04-08,nicole.perry@circles.com,Istanbul,42054
24225,AW00024225,Jeffery,Yang,S,M,2013-04-08,jeffery.yang@mouse.com,Shanghai,48857
24226,AW00024226,Brian,Morris,S,M,2013-04-08,brian.morris@sticks.com,Istanbul,18220
24227,AW00024227,Sara,Phillips,S,F,2013-04-08,sara.phillips@towels.com,Berlin,45152
24228,AW00024228,Terry,Xu,S,M,2013-04-08,terry.xu@winds.com,Mumbai,26506
24229,AW00024229,Pedro,Kapoor,M,M,2013-04-08,pedro.kapoor@cappo.com,Shanghai,40649
24230,AW00024230,Andres,Sharma,M,M,2013-04-08,andres.sharma@hostinger.com,Madrid,59073
24231,AW00024231,Makayla,Cox,S,F,2013-04-08,makayla.cox@towels.com,Istanbul,29312
24232,AW00024232,Ryan,Johnson,S,M,2013-04-08,ryan.johnson@nappa.com,Paris,47409
24233,AW00024233,Jada,Parker,S,F,2013-04-08,jada.parker@cappo.com,Delhi,36781
24234,AW00024234,Eduardo,Martinez,S,M,2013-04-09,eduardo.martinez@cappo.com,Jakarta,56539
24235,AW00024235,Jill,Martinez,S,F,2013-04-09,jill.martinez@nappa.com,Rome,50539
24236,AW00024236,Isabella,Nelson,S,F,2013-04-09,isabella.nelson@fountains.com,Tokyo,53757
24237,AW00024237,Chloe,Henderson,S,F,2013-04-09,chloe.henderson@sticks.com,Tokyo,13049
24238,AW00024238,Sean,Richardson,M,M,2013-04-09,sean.richardson@mouse.com,Berlin,28834
24239,AW00024239,Miguel,Hernandez,M,M,2013-04-09,miguel.hernandez@mouse.com,Rome,48106
24240,AW00024240,Edwin,Hu,M,M,2013-04-09,edwin.hu@papers.com,Bangkok,28662
24241,AW00024241,Colin,Zhao,S,M,2013-04-09,colin.zhao@cappo.com,Bangkok,38679
24242,AW00024242,Amy,Zeng,M,F,2013-04-09,amy.zeng@fountains.com,Madrid,10084
24243,AW00024243,Karen,Lin,M,F,2013-04-10,karen.lin@circles.com,Rome,53511
24244,AW00024244,Anne,Serrano,M,F,2013-04-10,anne.serrano@sticks.com,Bangkok,11626
24245,AW00024245,Omar,Liang,M,M,2013-04-10,omar.liang@nappa.com,Istanbul,29827
24246,AW00024246,Victor,Ramos,M,M,2013-04-10,victor.ramos@cappo.com,Paris,57353
24247,AW00024247,George,Sara,M,M,2013-04-10,george.sara@hostinger.com,Tokyo,44737
24248,AW00024248,Jake,Lin,S,M,2013-04-10,jake.lin@sticks.com,Madrid,13352
24249,AW00024249,Jesse,Howard,S,M,2013-04-10,jesse.howard@papers.com,Moscow,25759
24250,AW00024250,Carmen,Suri,M,F,2013-04-10,carmen.suri@nappa.com,Rome,59702
24251,AW00024251,Jay,Browning,S,M,2013-04-10,jay.browning@papers.com,Delhi,18321
24252,AW00024252,Jaclyn,Xu,M,F,2013-04-11,jaclyn.xu@nappa.com,Mumbai,50892
24253,AW00024253,Fernando,Wood,M,M,2013-04-11,fernando.wood@hostinger.com,Seoul,11684
24254,AW00024254,Emily,Washington,S,F,2013-04-11,emily.washington@nappa.com,Seoul,59517
24255,AW00024255,Chloe,Lee,S,F,2013-04-11,chloe.lee@towels.com,Paris,49757
24256,AW00024256,Kayla,Barnes,S,F,2013-04-11,kayla.barnes@circles.com,Mumbai,58991
24257,AW00024257,Alan,Shen,M,M,2013-04-11,alan.shen@nappa.com,Istanbul,13762
24258,AW00024258,Hailey,Edwards,S,F,2013-04-12,hailey.edwards@papers.com,Moscow,25038
24259,AW00024259,Gavin,Price,S,M,2013-04-12,gavin.price@cappo.com,Tokyo,52312
24260,AW00024260,Blake,Perry,S,M,2013-04-12,blake.perry@cappo.com,Singapore,13929
24261,AW00024261,Emma,Jones,S,F,2013-04-12,emma.jones@cappo.com,Istanbul,59129
24262,AW00024262,Daniel,Thomas,M,M,2013-04-12,daniel.thomas@sticks.com,Seoul,44714
24263,AW00024263,Brooke,Brooks,M,F,2013-04-13,brooke.brooks@towels.com,Delhi,57386
24264,AW00024264,Richard,Long,S,M,2013-04-13,richard.long@towels.com,Moscow,29217
24265,AW00024265,Seth,McDonald,M,M,2013-04-13,seth.mcdonald@hostinger.com,Singapore,45484
24266,AW00024266,Melvin,Chander,M,M,2013-04-13,melvin.chander@winds.com,Moscow,31780
24267,AW00024267,Jésus,Hernandez,M,M,2013-04-13,jésus.hernandez@sticks.com,Bangkok,12508
24268,AW00024268,Meredith,Gill,M,F,2013-04-14,meredith.gill@sticks.com,Moscow,53762
24269,AW00024269,Todd,Lu,M,M,2013-04-14,todd.lu@towels.com,Moscow,42443
24270,AW00024270,Latasha,Ortega,M,F,2013-04-14,latasha.ortega@towels.com,Singapore,17172
24271,AW00024271,Leonard,Shen,M,M,2013-04-14,leonard.shen@winds.com,Paris,24369
24272,AW00024272,Martha,Wang,M,F,2013-04-14,martha.wang@winds.com,Tokyo,21492
24273,AW00024273,Monique,Sanz,M,F,2013-04-14,monique.sanz@circles.com,Delhi,47598
24274,AW00024274,Shaun,Shan,M,M,2013-04-14,shaun.shan@winds.com,Shanghai,56237
24275,AW00024275,Lucas,Rivera,M,M,2013-04-14,lucas.rivera@circles.com,Berlin,39375
24276,AW00024276,Kaitlyn,Nelson,S,F,2013-04-14,kaitlyn.nelson@nappa.com,Rome,27222
24277,AW00024277,Donald,Kovár,S,M,2013-04-14,donald.kovár@circles.com,Shanghai,14091
24278,AW00024278,Cedric,Xu,M,M,2013-04-14,cedric.xu@mouse.com,Jakarta,27238
24279,AW00024279,Angel,Nelson,S,M,2013-04-14,angel.nelson@papers.com,Istanbul,58735
24280,AW00024280,Peter,Shan,S,M,2013-04-14,peter.shan@nappa.com,Delhi,11570
24281,AW00024281,Marie,Suri,S,F,2013-04-15,marie.suri@papers.com,Istanbul,42845
24282,AW00024282,Damien,Raji,M,M,2013-04-15,damien.raji@circles.com,Istanbul,53399
24283,AW00024283,Aimee,Zheng,S,F,2013-04-15,aimee.zheng@hostinger.com,Bangkok,39646
24284,AW00024284,Melissa,Sanders,S,F,2013-04-15,melissa.sanders@winds.com,Singapore,41538
24285,AW00024285,Jesse,Cox,S,M,2013-04-15,jesse.cox@cappo.com,Delhi,58139
24286,AW00024286,Kelvin,Goel,S,M,2013-04-15,kelvin.goel@nappa.com,Berlin,31079
24287,AW00024287,John,Martinez,M,M,2013-04-15,john.martinez@hostinger.com,Tokyo,22083
24288,AW00024288,Pedro,Gomez,M,M,2013-04-15,pedro.gomez@hostinger.com,Jakarta,46951
24289,AW00024289,Robert,Gonzalez,S,M,2013-04-15,robert.gonzalez@fountains.com,London,12246
24290,AW00024290,Zoe,Bell,M,F,2013-04-15,zoe.bell@papers.com,Mumbai,54250
24291,AW00024291,Eduardo,Garcia,S,M,2013-04-15,eduardo.garcia@mouse.com,Delhi,17277
24292,AW00024292,Mackenzie,Brooks,M,F,2013-04-15,mackenzie.brooks@winds.com,London,52313
24293,AW00024293,Anna,Rivera,M,F,2013-04-15,anna.rivera@towels.com,London,29564
24294,AW00024294,Luis,Yang,S,M,2013-04-15,luis.yang@circles.com,Delhi,51882
24295,AW00024295,Natalie,Barnes,S,F,2013-04-15,natalie.barnes@hostinger.com,Mumbai,10057
24296,AW00024296,Amanda,Gonzalez,S,F,2013-04-15,amanda.gonzalez@circles.com,Jakarta,20978
24297,AW00024297,Victoria,Cox,M,F,2013-04-16,victoria.cox@towels.com,Rome,19429
24298,AW00024298,Robert,Yang,M,M,2013-04-16,robert.yang@circles.com,Seoul,55481
24299,AW00024299,Andrea,Gray,S,F,2013-04-16,andrea.gray@circles.com,Jakarta,32804
24300,AW00024300,Naomi,Gomez,S,F,2013-04-16,naomi.gomez@nappa.com,Shanghai,53857
24301,AW00024301,Tasha,Rai,S,F,2013-04-16,tasha.rai@circles.com,Singapore,34628
24302,AW00024302,Cesar,Kapoor,M,M,2013-04-16,cesar.kapoor@winds.com,Madrid,15835
24303,AW00024303,Megan,Diaz,S,F,2013-04-16,megan.diaz@hostinger.com,Mumbai,48449
24304,AW00024304,Beth,Serrano,S,F,2013-04-16,beth.serrano@mouse.com,Delhi,23609
24305,AW00024305,Warren,Chow,S,M,2013-04-16,warren.chow@papers.com,Madrid,34626
24306,AW00024306,Molly,Chandra,M,F,2013-04-16,molly.chandra@fountains.com,Bangkok,39687
24307,AW00024307,Tina,Sara,S,F,2013-04-16,tina.sara@sticks.com,Shanghai,35921
24308,AW00024308,Destiny,Sanders,S,F,2013-04-16,destiny.sanders@fountains.com,Bangkok,21180
24309,AW00024309,Ethan,Williams,M,M,2013-04-16,ethan.williams@mouse.com,Rome,27213
24310,AW00024310,Gabrielle,Peterson,S,F,2013-04-17,gabrielle.peterson@fountains.com,Delhi,50798
24311,AW00024311,Geoffrey,Patel,S,M,2013-04-17,geoffrey.patel@hostinger.com,Jakarta,15722
24312,AW00024312,Austin,Martin,S,M,2013-04-17,austin.martin@hostinger.com,Shanghai,44115
24313,AW00024313,Taylor,Brooks,M,F,2013-04-17,taylor.brooks@sticks.com,Delhi,28525
24314,AW00024314,Bryan,Howard,M,M,2013-04-17,bryan.howard@fountains.com,Seoul,42633
24315,AW00024315,Edward,Scott,M,M,2013-04-18,edward.scott@hostinger.com,Berlin,37407
24316,AW00024316,Rachel,Diaz,S,F,2013-04-18,rachel.diaz@mouse.com,London,30962
24317,AW00024317,Devin,Thomas,S,M,2013-04-18,devin.thomas@cappo.com,London,50311
24318,AW00024318,Luis,Long,M,M,2013-04-18,luis.long@nappa.com,Singapore,13914
24319,AW00024319,Benjamin,Clark,M,M,2013-04-18,benjamin.clark@winds.com,Bangkok,20136
24320,AW00024320,Joshua,White,S,M,2013-04-18,joshua.white@towels.com,Rome,52216
24321,AW00024321,Gabriel,Scott,S,M,2013-04-18,gabriel.scott@mouse.com,Madrid,39316
24322,AW00024322,Alexandra,Evans,M,F,2013-04-19,alexandra.evans@mouse.com,Shanghai,10606
24323,AW00024323,Janet,Wright,S,F,2013-04-19,janet.wright@fountains.com,Rome,45023
24324,AW00024324,Jennifer,Reed,S,F,2013-04-19,jennifer.reed@winds.com,Istanbul,28660
24325,AW00024325,Jason,Perry,M,M,2013-04-19,jason.perry@nappa.com,Delhi,10663
24326,AW00024326,Adam,Bryant,M,M,2013-04-19,adam.bryant@fountains.com,Rome,13470
24327,AW00024327,Evan,Rogers,M,M,2013-04-19,evan.rogers@circles.com,Berlin,54677
24328,AW00024328,Melissa,Simmons,S,F,2013-04-19,melissa.simmons@hostinger.com,Istanbul,46341
24329,AW00024329,Abigail,Cooper,S,F,2013-04-19,abigail.cooper@papers.com,Seoul,53071
24330,AW00024330,Jessica,Bennett,S,F,2013-04-20,jessica.bennett@sticks.com,London,43547
24331,AW00024331,Carson,Powell,S,M,2013-04-20,carson.powell@towels.com,Moscow,11437
24332,AW00024332,Abigail,Thompson,M,F,2013-04-20,abigail.thompson@papers.com,Seoul,21091
24333,AW00024333,Ann,Prasad,S,F,2013-04-20,ann.prasad@winds.com,Paris,29230
24334,AW00024334,Alexa,James,M,F,2013-04-20,alexa.james@circles.com,Seoul,34091
24335,AW00024335,Richard,Wright,S,M,2013-04-21,richard.wright@towels.com,London,21019
24336,AW00024336,Gabrielle,Wright,S,F,2013-04-21,gabrielle.wright@cappo.com,Moscow,15587
24337,AW00024337,Noah,Alexander,M,M,2013-04-21,noah.alexander@sticks.com,Mumbai,19538
24338,AW00024338,Shannon,Zeng,S,F,2013-04-21,shannon.zeng@sticks.com,Rome,59749
24339,AW00024339,Jennifer,Price,S,F,2013-04-21,jennifer.price@fountains.com,Rome,14842
24340,AW00024340,Chloe,Clark,S,F,2013-04-21,chloe.clark@towels.com,Madrid,41316
24341,AW00024341,Wyatt,Jones,M,M,2013-04-22,wyatt.jones@hostinger.com,Rome,55825
24342,AW00024342,Evan,Campbell,M,M,2013-04-22,evan.campbell@sticks.com,Jakarta,18048
24343,AW00024343,Tyler,Harris,M,M,2013-04-22,tyler.harris@mouse.com,Rome,24691
24344,AW00024344,Wayne,Chander,S,M,2013-04-23,wayne.chander@hostinger.com,Bangkok,48215
24345,AW00024345,Riley,Cox,S,F,2013-04-23,riley.cox@papers.com,Istanbul,40994
24346,AW00024346,Giorgio,Veronesi,M,F,2013-04-23,giorgio.veronesi@hostinger.com,London,54488
24347,AW00024347,Tina,Madan,S,F,2013-04-23,tina.madan@fountains.com,Jakarta,41772
24348,AW00024348,Ruben,Gomez,S,M,2013-04-23,ruben.gomez@circles.com,Singapore,18272
24349,AW00024349,Jill,Patterson,S,F,2013-04-23,jill.patterson@winds.com,Istanbul,24827
24350,AW00024350,Eduardo,Simmons,S,M,2013-04-23,eduardo.simmons@papers.com,Delhi,48577
24351,AW00024351,Brandon,Yang,M,M,2013-04-23,brandon.yang@cappo.com,Shanghai,49785
24352,AW00024352,Natalie,Cox,M,F,2013-04-23,natalie.cox@towels.com,Paris,10584
24353,AW00024353,Andrea,Ramirez,M,F,2013-04-23,andrea.ramirez@hostinger.com,Bangkok,32336
24354,AW00024354,Bailey,Cook,M,F,2013-04-23,bailey.cook@mouse.com,Madrid,47221
24355,AW00024355,Jennifer,Johnson,M,F,2013-04-24,jennifer.johnson@cappo.com,Shanghai,46418
24356,AW00024356,Wesley,Zhang,S,M,2013-04-24,wesley.zhang@cappo.com,Tokyo,33356
24357,AW00024357,Eric,Baker,M,M,2013-04-24,eric.baker@mouse.com,Shanghai,21996
24358,AW00024358,Kevin,Green,M,M,2013-04-24,kevin.green@winds.com,Singapore,47814
24359,AW00024359,Zachary,Shan,S,M,2013-04-24,zachary.shan@papers.com,Singapore,15107
24360,AW00024360,Carolyn,Diaz,S,F,2013-04-24,carolyn.diaz@circles.com,Rome,51861
24361,AW00024361,Francisco,Rodriguez,M,M,2013-04-24,francisco.rodriguez@nappa.com,London,51286
24362,AW00024362,Marc,Vazquez,S,M,2013-04-24,marc.vazquez@hostinger.com,Delhi,47600
24363,AW00024363,Amanda,Coleman,M,F,2013-04-24,amanda.coleman@cappo.com,Jakarta,30565
24364,AW00024364,Henry,Prasad,M,M,2013-04-24,henry.prasad@fountains.com,Istanbul,19964
24365,AW00024365,Mallory,Navarro,S,F,2013-04-24,mallory.navarro@hostinger.com,Singapore,30479
24366,AW00024366,Melvin,Luo,S,M,2013-04-25,melvin.luo@mouse.com,Bangkok,37864
24367,AW00024367,Ross,Sara,S,M,2013-04-25,ross.sara@papers.com,Tokyo,44600
24368,AW00024368,Ebony,Prasad,S,F,2013-04-25,ebony.prasad@nappa.com,Shanghai,52894
24369,AW00024369,Chelsea,Lopez,M,F,2013-04-25,chelsea.lopez@sticks.com,Moscow,11655
24370,AW00024370,Nathan,West,M,M,2013-04-25,nathan.west@circles.com,Singapore,54207
24371,AW00024371,Leslie,Navarro,M,F,2013-04-25,leslie.navarro@mouse.com,London,41535
24372,AW00024372,Teresa,Jimenez,S,F,2013-04-26,teresa.jimenez@hostinger.com,Berlin,40289
24373,AW00024373,Steven,Reed,M,M,2013-04-26,steven.reed@hostinger.com,Mumbai,39791
24374,AW00024374,Eugene,Ma,S,M,2013-04-26,eugene.ma@papers.com,Shanghai,11872
24375,AW00024375,Pamela,Schmidt,M,F,2013-04-26,pamela.schmidt@nappa.com,Paris,27283
24376,AW00024376,Tommy,Black,M,M,2013-04-26,tommy.black@papers.com,London,19270
24377,AW00024377,Richard,Wood,S,M,2013-04-26,richard.wood@cappo.com,Mumbai,57081
24378,AW00024378,Brandi,Jiménez,S,F,2013-04-26,brandi.jiménez@fountains.com,Rome,34296
24379,AW00024379,Noah,Jenkins,S,M,2013-04-26,noah.jenkins@papers.com,Rome,18016
24380,AW00024380,Maurice,Yuan,M,M,2013-04-26,maurice.yuan@circles.com,Tokyo,37451
24381,AW00024381,Danny,Serrano,S,M,2013-04-26,danny.serrano@towels.com,Rome,42530
24382,AW00024382,Patrick,Sanchez,M,M,2013-04-26,patrick.sanchez@winds.com,Istanbul,52489
24383,AW00024383,Ronald,Prasad,M,M,2013-04-26,ronald.prasad@cappo.com,Paris,46987
24384,AW00024384,Kenneth,Pal,M,M,2013-04-26,kenneth.pal@winds.com,Paris,15442
24385,AW00024385,Summer,Perez,M,F,2013-04-27,summer.perez@towels.com,Delhi,16216
24386,AW00024386,Isabella,Walker,S,F,2013-04-27,isabella.walker@towels.com,Moscow,20009
24387,AW00024387,Elijah,Mitchell,M,M,2013-04-27,elijah.mitchell@circles.com,Shanghai,25526
24388,AW00024388,Maria,Campbell,M,F,2013-04-27,maria.campbell@winds.com,Paris,11721
24389,AW00024389,Xavier,Carter,S,M,2013-04-27,xavier.carter@towels.com,Jakarta,42871
24390,AW00024390,Carolyn,Prasad,M,F,2013-04-27,carolyn.prasad@papers.com,Singapore,24479
24391,AW00024391,Marissa,Washington,M,F,2013-04-28,marissa.washington@fountains.com,London,41218
24392,AW00024392,Molly,Prasad,S,F,2013-04-28,molly.prasad@winds.com,London,35053
24393,AW00024393,Joseph,Johnson,S,M,2013-04-28,joseph.johnson@nappa.com,Shanghai,18309
24394,AW00024394,Drew,Raji,M,M,2013-04-28,drew.raji@circles.com,Tokyo,38909
24395,AW00024395,Alison,Raji,M,F,2013-04-28,alison.raji@fountains.com,Mumbai,18424
24396,AW00024396,Robyn,Navarro,M,F,2013-04-28,robyn.navarro@hostinger.com,Seoul,17782
24397,AW00024397,Henry,Raman,S,M,2013-04-28,henry.raman@papers.com,London,28792
24398,AW00024398,Brandon,Davis,M,M,2013-04-29,brandon.davis@nappa.com,Shanghai,45780
24399,AW00024399,Katherine,Sanchez,M,F,2013-04-29,katherine.sanchez@fountains.com,Singapore,46301
24400,AW00024400,Kaitlyn,Parker,M,F,2013-04-29,kaitlyn.parker@sticks.com,Berlin,16654
24401,AW00024401,Douglas,Rana,S,M,2013-04-29,douglas.rana@winds.com,Singapore,43671
24402,AW00024402,Devin,Alexander,S,M,2013-04-29,devin.alexander@towels.com,Rome,34071
24403,AW00024403,Gabriel,Wright,M,M,2013-04-29,gabriel.wright@nappa.com,Paris,31971
24404,AW00024404,Bryant,Chapman,M,M,2013-04-29,bryant.chapman@papers.com,Tokyo,58574
24405,AW00024405,Tara,Rai,M,F,2013-04-29,tara.rai@fountains.com,Madrid,59540
24406,AW00024406,Reginald,Vazquez,M,M,2013-04-30,reginald.vazquez@hostinger.com,Madrid,30188
24407,AW00024407,Makayla,Peterson,M,F,2013-04-30,makayla.peterson@mouse.com,Moscow,17911
24408,AW00024408,Jordan,Diaz,M,M,2013-04-30,jordan.diaz@nappa.com,Madrid,40868
24409,AW00024409,Jackson,Hernandez,S,M,2013-04-30,jackson.hernandez@circles.com,London,28929
24410,AW00024410,Sara,Sanders,S,F,2013-04-30,sara.sanders@hostinger.com,Istanbul,29264
24411,AW00024411,Johnathan,Sanchez,M,M,2013-04-30,johnathan.sanchez@winds.com,Istanbul,11957
24412,AW00024412,Angelica,Patterson,S,F,2013-04-30,angelica.patterson@cappo.com,Jakarta,53962
24413,AW00024413,Nathan,Lewis,M,M,2013-04-30,nathan.lewis@fountains.com,Delhi,39604
24414,AW00024414,Adam,Edwards,S,M,2013-04-30,adam.edwards@circles.com,Madrid,32313
24415,AW00024415,Kaylee,Ward,M,F,2013-04-30,kaylee.ward@winds.com,Delhi,43770
24416,AW00024416,Oscar,Jenkins,M,M,2013-04-30,oscar.jenkins@nappa.com,Shanghai,32637
24417,AW00024417,Christopher,Harris,S,M,2013-05-01,christopher.harris@winds.com,Paris,57179
24418,AW00024418,Brandon,Garcia,S,M,2013-05-01,brandon.garcia@fountains.com,Istanbul,39388
24419,AW00024419,Kaylee,Rivera,M,F,2013-05-01,kaylee.rivera@winds.com,Paris,10045
24420,AW00024420,Marcus,Price,M,M,2013-05-01,marcus.price@sticks.com,Jakarta,12548
24421,AW00024421,Seth,Kelly,M,M,2013-05-01,seth.kelly@circles.com,Berlin,52811
24422,AW00024422,Thomas,Lal,M,M,2013-05-01,thomas.lal@nappa.com,Seoul,30381
24423,AW00024423,Alyssa,Harris,M,F,2013-05-01,alyssa.harris@mouse.com,Paris,55270
24424,AW00024424,Morgan,Russell,M,F,2013-05-01,morgan.russell@hostinger.com,Istanbul,14517
24425,AW00024425,Chloe,Ward,S,F,2013-05-02,chloe.ward@mouse.com,Singapore,41601
24426,AW00024426,Jordan,Russell,M,M,2013-05-02,jordan.russell@nappa.com,Seoul,50538
24427,AW00024427,Evelyn,Fernandez,S,F,2013-05-02,evelyn.fernandez@hostinger.com,Mumbai,15855
24428,AW00024428,Hailey,Price,M,F,2013-05-02,hailey.price@mouse.com,Delhi,23792
24429,AW00024429,Isabelle,Hughes,S,F,2013-05-02,isabelle.hughes@sticks.com,Rome,42495
24430,AW00024430,Dalton,Long,S,M,2013-05-02,dalton.long@circles.com,Singapore,16164
24431,AW00024431,Abigail,Morgan,M,F,2013-05-02,abigail.morgan@circles.com,Paris,30386
24432,AW00024432,Dalton,Reed,M,M,2013-05-02,dalton.reed@towels.com,Madrid,40483
24433,AW00024433,Luis,Simmons,M,M,2013-05-03,luis.simmons@towels.com,Istanbul,19301
24434,AW00024434,Jordan,Butler,M,M,2013-05-03,jordan.butler@hostinger.com,Berlin,20619
24435,AW00024435,Mariah,Hughes,M,F,2013-05-03,mariah.hughes@towels.com,Berlin,58796
24436,AW00024436,Jennifer,Hernandez,M,F,2013-05-03,jennifer.hernandez@papers.com,Singapore,58946
24437,AW00024437,Nicole,Blue,S,F,2013-05-03,nicole.blue@circles.com,Delhi,28163
24438,AW00024438,Xavier,Robinson,M,M,2013-05-03,xavier.robinson@fountains.com,London,20937
24439,AW00024439,Xavier,Watson,M,M,2013-05-03,xavier.watson@hostinger.com,Berlin,39569
24440,AW00024440,Jordyn,Hughes,M,F,2013-05-03,jordyn.hughes@papers.com,Paris,52340
24441,AW00024441,Tristan,Bryant,S,M,2013-05-04,tristan.bryant@fountains.com,Tokyo,45461
24442,AW00024442,Briana,Gutierrez,M,F,2013-05-04,briana.gutierrez@circles.com,Mumbai,49529
24443,AW00024443,Edgar,Suri,M,M,2013-05-04,edgar.suri@fountains.com,Singapore,50084
24444,AW00024444,Elijah,Griffin,S,M,2013-05-04,elijah.griffin@winds.com,Istanbul,31235
24445,AW00024445,Lauren,Brooks,M,F,2013-05-04,lauren.brooks@winds.com,Madrid,10353
24446,AW00024446,Brianna,Robinson,M,F,2013-05-04,brianna.robinson@towels.com,Madrid,14890
24447,AW00024447,Cody,Morgan,M,M,2013-05-05,cody.morgan@circles.com,Delhi,45702
24448,AW00024448,Amanda,Lopez,M,F,2013-05-05,amanda.lopez@mouse.com,Singapore,30703
24449,AW00024449,Melanie,Simmons,M,F,2013-05-05,melanie.simmons@fountains.com,Berlin,31307
24450,AW00024450,Isabel,Long,M,F,2013-05-05,isabel.long@hostinger.com,Seoul,17107
24451,AW00024451,Bailey,Morgan,M,F,2013-05-06,bailey.morgan@papers.com,Singapore,29557
24452,AW00024452,Megan,Coleman,M,F,2013-05-06,megan.coleman@papers.com,Bangkok,19496
24453,AW00024453,Cassie,Yuan,S,F,2013-05-06,cassie.yuan@fountains.com,Istanbul,20679
24454,AW00024454,Carol,Zhou,S,F,2013-05-06,carol.zhou@towels.com,Bangkok,57536
24455,AW00024455,Alejandro,Chander,M,M,2013-05-06,alejandro.chander@sticks.com,Moscow,47015
24456,AW00024456,Danny,Ruiz,S,M,2013-05-06,danny.ruiz@circles.com,London,26064
24457,AW00024457,Meghan,Alonso,S,F,2013-05-06,meghan.alonso@towels.com,Moscow,19708
24458,AW00024458,Frederick,Rodriguez,S,M,2013-05-07,frederick.rodriguez@circles.com,Seoul,52143
24459,AW00024459,Kristin,Carson,S,F,2013-05-07,kristin.carson@towels.com,Shanghai,29266
24460,AW00024460,Willie,Nara,S,M,2013-05-07,willie.nara@papers.com,London,53089
24461,AW00024461,Ruth,Sai,S,F,2013-05-07,ruth.sai@nappa.com,Berlin,49598
24462,AW00024462,Donald,Fernandez,S,M,2013-05-07,donald.fernandez@fountains.com,Rome,40838
24463,AW00024463,Kristen,Zheng,M,F,2013-05-08,kristen.zheng@cappo.com,Jakarta,43053
24464,AW00024464,Joanna,Torres,S,F,2013-05-08,joanna.torres@hostinger.com,London,24950
24465,AW00024465,Tara,Andersen,M,F,2013-05-08,tara.andersen@sticks.com,Berlin,10732
24466,AW00024466,Alexa,Travers,M,F,2013-05-08,alexa.travers@mouse.com,Jakarta,30041
24467,AW00024467,Susan,He,S,F,2013-05-08,susan.he@mouse.com,Seoul,33735
24468,AW00024468,Whitney,Patel,S,F,2013-05-08,whitney.patel@fountains.com,Delhi,31989
24469,AW00024469,Roger,Andersen,S,M,2013-05-08,roger.andersen@nappa.com,Istanbul,39788
24470,AW00024470,Clarence,Lal,M,M,2013-05-08,clarence.lal@mouse.com,Jakarta,14340
24471,AW00024471,Ricardo,Chande,S,M,2013-05-09,ricardo.chande@nappa.com,Moscow,18800
24472,AW00024472,Jake,He,S,M,2013-05-09,jake.he@fountains.com,Tokyo,25833
24473,AW00024473,Marco,Rana,S,M,2013-05-09,marco.rana@papers.com,Seoul,13153
24474,AW00024474,Rosa,Guo,S,F,2013-05-09,rosa.guo@sticks.com,Singapore,31930
24475,AW00024475,Gilbert,Zhou,S,M,2013-05-09,gilbert.zhou@mouse.com,Singapore,22957
24476,AW00024476,Jared,Brooks,M,M,2013-05-09,jared.brooks@winds.com,Singapore,33935
24477,AW00024477,Warren,Zeng,S,M,2013-05-09,warren.zeng@sticks.com,London,53390
24478,AW00024478,Lindsay,Sharma,S,F,2013-05-09,lindsay.sharma@mouse.com,Mumbai,22907
24479,AW00024479,Desirée,Moreno,S,F,2013-05-09,desirée.moreno@towels.com,Paris,43175
24480,AW00024480,Kelli,Liu,S,F,2013-05-09,kelli.liu@papers.com,Moscow,55913
24481,AW00024481,Dennis,Sun,M,M,2013-05-10,dennis.sun@nappa.com,Berlin,32615
24482,AW00024482,Roy,Ramos,M,M,2013-05-10,roy.ramos@mouse.com,Shanghai,18973
24483,AW00024483,Arthur,Kapoor,S,M,2013-05-10,arthur.kapoor@mouse.com,London,56627
24484,AW00024484,Chad,Anand,M,M,2013-05-10,chad.anand@nappa.com,Delhi,54200
24485,AW00024485,Franklin,Ma,S,M,2013-05-10,franklin.ma@mouse.com,Tokyo,42730
24486,AW00024486,Rafael,Zeng,M,M,2013-05-10,rafael.zeng@sticks.com,London,36350
24487,AW00024487,Samantha,Harris,S,F,2013-05-10,samantha.harris@hostinger.com,Delhi,35556
24488,AW00024488,Gavin,Gonzales,S,M,2013-05-10,gavin.gonzales@cappo.com,Mumbai,23736
24489,AW00024489,Shelby,Murphy,S,F,2013-05-10,shelby.murphy@towels.com,Jakarta,31286
24490,AW00024490,Dwayne,Suarez,M,M,2013-05-10,dwayne.suarez@nappa.com,Jakarta,33949
24491,AW00024491,Kaitlyn,Russell,S,F,2013-05-11,kaitlyn.russell@towels.com,Jakarta,33307
24492,AW00024492,Devin,Lopez,S,M,2013-05-11,devin.lopez@winds.com,London,18394
24493,AW00024493,Seth,Bennett,S,M,2013-05-11,seth.bennett@sticks.com,London,40147
24494,AW00024494,Rafael,Zhou,M,M,2013-05-11,rafael.zhou@mouse.com,Delhi,36112
24495,AW00024495,Kellie,Ortega,S,F,2013-05-11,kellie.ortega@cappo.com,Moscow,31294
24496,AW00024496,Katelyn,Mitchell,S,F,2013-05-11,katelyn.mitchell@towels.com,Delhi,41641
24497,AW00024497,Abigail,James,S,F,2013-05-11,abigail.james@hostinger.com,Istanbul,45531
24498,AW00024498,Angela,Washington,S,F,2013-05-11,angela.washington@winds.com,Seoul,16364
24499,AW00024499,Olivia,Lewis,S,F,2013-05-11,olivia.lewis@hostinger.com,Shanghai,53379
24500,AW00024500,Seth,Johnson,M,M,2013-05-11,seth.johnson@sticks.com,Istanbul,57821
24501,AW00024501,Victoria,Garcia,S,F,2013-05-11,victoria.garcia@cappo.com,Seoul,57135
24502,AW00024502,Deb,Price,M,M,2013-05-11,deb.price@mouse.com,Singapore,13535
24503,AW00024503,Laura,Ma,M,F,2013-05-11,laura.ma@winds.com,Paris,29833
24504,AW00024504,Eddie,Navarro,M,M,2013-05-11,eddie.navarro@cappo.com,Mumbai,20687
24505,AW00024505,Clifford,Gonzalez,M,M,2013-05-12,clifford.gonzalez@circles.com,Istanbul,27733
24506,AW00024506,Jaime,Muñoz,M,F,2013-05-12,jaime.muñoz@towels.com,Singapore,23110
24507,AW00024507,Madison,Garcia,S,F,2013-05-12,madison.garcia@nappa.com,Bangkok,31140
24508,AW00024508,Alex,Phillips,S,M,2013-05-12,alex.phillips@fountains.com,Moscow,51969
24509,AW00024509,Emma,Long,S,F,2013-05-12,emma.long@nappa.com,Shanghai,27317
24510,AW00024510,Christian,Martinez,M,M,2013-05-12,christian.martinez@nappa.com,Bangkok,13828
24511,AW00024511,Logan,Hall,S,M,2013-05-12,logan.hall@papers.com,Moscow,52493
24512,AW00024512,Adrienne,Jiménez,S,F,2013-05-12,adrienne.jiménez@nappa.com,Tokyo,40778
24513,AW00024513,Alejandro,Deng,M,M,2013-05-12,alejandro.deng@sticks.com,Tokyo,51088
24514,AW00024514,Jesse,Phillips,M,M,2013-05-12,jesse.phillips@sticks.com,Tokyo,49405
24515,AW00024515,Ian,Jones,S,M,2013-05-12,ian.jones@nappa.com,Berlin,18924
24516,AW00024516,Rachel,Moore,S,F,2013-05-13,rachel.moore@hostinger.com,Delhi,35624
24517,AW00024517,Brandon,Harris,S,M,2013-05-13,brandon.harris@nappa.com,Mumbai,32065
24518,AW00024518,Stephanie,Allen,S,F,2013-05-13,stephanie.allen@papers.com,London,53592
24519,AW00024519,Carlos,King,M,M,2013-05-13,carlos.king@cappo.com,Shanghai,53624
24520,AW00024520,Joseph,Wilson,M,M,2013-05-13,joseph.wilson@winds.com,Tokyo,24745
24521,AW00024521,Jordyn,Wood,S,F,2013-05-13,jordyn.wood@mouse.com,Istanbul,11504
24522,AW00024522,Alex,Perez,M,M,2013-05-13,alex.perez@winds.com,London,59093
24523,AW00024523,Mariah,Coleman,M,F,2013-05-13,mariah.coleman@towels.com,Rome,36561
24524,AW00024524,Megan,Lewis,M,F,2013-05-13,megan.lewis@mouse.com,Istanbul,13848
24525,AW00024525,James,Nelson,M,M,2013-05-14,james.nelson@circles.com,Moscow,27514
24526,AW00024526,Julian,Barnes,M,M,2013-05-14,julian.barnes@cappo.com,Tokyo,53277
24527,AW00024527,Gavin,Coleman,M,M,2013-05-14,gavin.coleman@mouse.com,Istanbul,19022
24528,AW00024528,Katherine,Hernandez,S,F,2013-05-14,katherine.hernandez@fountains.com,Delhi,17970
24529,AW00024529,Jillian,Martinez,S,F,2013-05-14,jillian.martinez@towels.com,Madrid,59835
24530,AW00024530,Franklin,She,S,M,2013-05-14,franklin.she@fountains.com,Seoul,15486
24531,AW00024531,Andres,Xie,M,M,2013-05-14,andres.xie@nappa.com,Paris,47531
24532,AW00024532,Phillip,Perez,M,M,2013-05-14,phillip.perez@circles.com,Madrid,51712
24533,AW00024533,Blake,Long,S,M,2013-05-14,blake.long@nappa.com,Istanbul,24577
24534,AW00024534,Alisha,Luo,M,F,2013-05-14,alisha.luo@cappo.com,Paris,38698
24535,AW00024535,David,Shepard,M,F,2013-05-15,david.shepard@mouse.com,Madrid,26562
24536,AW00024536,Cynthia,Perez,M,F,2013-05-15,cynthia.perez@hostinger.com,Singapore,43225
24537,AW00024537,Cynthia,Saunders,S,F,2013-05-15,cynthia.saunders@cappo.com,Jakarta,10024
24538,AW00024538,Latasha,Diaz,S,F,2013-05-15,latasha.diaz@mouse.com,Delhi,17072
24539,AW00024539,Colin,Zheng,S,M,2013-05-15,colin.zheng@nappa.com,Madrid,49919
24540,AW00024540,Janet,Martin,M,F,2013-05-15,janet.martin@mouse.com,Delhi,15575
24541,AW00024541,Janet,Sheperdigian,M,M,2013-05-15,janet.sheperdigian@sticks.com,Paris,53350
24542,AW00024542,Arturo,Liang,S,M,2013-05-15,arturo.liang@hostinger.com,Berlin,22368
24543,AW00024543,Arthur,Moreno,S,M,2013-05-16,arthur.moreno@circles.com,Delhi,18758
24544,AW00024544,Kellie,Romero,S,F,2013-05-16,kellie.romero@mouse.com,Rome,30919
24545,AW00024545,Douglas,Raman,S,M,2013-05-16,douglas.raman@mouse.com,Madrid,19031
24546,AW00024546,Adam,Hughes,M,M,2013-05-16,adam.hughes@papers.com,Berlin,54429
24547,AW00024547,Dana,Gomez,S,F,2013-05-16,dana.gomez@sticks.com,Tokyo,31819
24548,AW00024548,Crystal,Liu,M,F,2013-05-16,crystal.liu@sticks.com,Jakarta,32940
24549,AW00024549,Darryl,Li,S,M,2013-05-16,darryl.li@nappa.com,Rome,44794
24550,AW00024550,Randy,Ma,M,M,2013-05-16,randy.ma@cappo.com,Jakarta,20542
24551,AW00024551,Molly,Malhotra,M,F,2013-05-16,molly.malhotra@mouse.com,Paris,23831
24552,AW00024552,Ross,Carlson,M,M,2013-05-16,ross.carlson@towels.com,Jakarta,40253
24553,AW00024553,Michele,Ashe,M,F,2013-05-16,michele.ashe@mouse.com,London,37441
24554,AW00024554,Deanna,Fernandez,M,F,2013-05-16,deanna.fernandez@cappo.com,Rome,44602
24555,AW00024555,Lacey,Chande,M,F,2013-05-16,lacey.chande@hostinger.com,Jakarta,49509
24556,AW00024556,Claudia,Yang,S,F,2013-05-17,claudia.yang@hostinger.com,London,17790
24557,AW00024557,Franklin,Lin,S,M,2013-05-17,franklin.lin@circles.com,Istanbul,25877
24558,AW00024558,Savannah,Brooks,M,F,2013-05-17,savannah.brooks@fountains.com,Istanbul,48810
24559,AW00024559,Adrienne,Suarez,M,F,2013-05-17,adrienne.suarez@towels.com,Moscow,30720
24560,AW00024560,Veronica,Fernandez,M,F,2013-05-17,veronica.fernandez@cappo.com,Delhi,53946
24561,AW00024561,Megan,Sherman,S,M,2013-05-18,megan.sherman@mouse.com,Jakarta,54970
24562,AW00024562,Ricky,Rubio,S,M,2013-05-18,ricky.rubio@towels.com,Tokyo,52228
24563,AW00024563,Adriana,Rodriguez,M,F,2013-05-18,adriana.rodriguez@fountains.com,Mumbai,30963
24564,AW00024564,Johnny,Andersen,S,M,2013-05-18,johnny.andersen@hostinger.com,Jakarta,47887
24565,AW00024565,Theodore,Navarro,S,M,2013-05-18,theodore.navarro@mouse.com,London,33398
24566,AW00024566,Kara,Nara,S,F,2013-05-18,kara.nara@hostinger.com,London,33484
24567,AW00024567,Alison,Deng,M,F,2013-05-18,alison.deng@sticks.com,Jakarta,32555
24568,AW00024568,Jose,Mitchell,S,M,2013-05-18,jose.mitchell@mouse.com,Tokyo,31428
24569,AW00024569,Bob,Gonzalez,M,M,2013-05-18,bob.gonzalez@towels.com,Moscow,44733
24570,AW00024570,Karen,Guo,S,F,2013-05-19,karen.guo@sticks.com,Moscow,25217
24571,AW00024571,Roberto,Navarro,S,M,2013-05-19,roberto.navarro@hostinger.com,Paris,12652
24572,AW00024572,Carolyn,Martinez,M,F,2013-05-19,carolyn.martinez@fountains.com,Seoul,10624
24573,AW00024573,Colin,Rai,M,M,2013-05-19,colin.rai@fountains.com,Singapore,55352
24574,AW00024574,Alison,Yuan,S,F,2013-05-19,alison.yuan@sticks.com,Madrid,45988
24575,AW00024575,Arturo,Zhu,S,M,2013-05-19,arturo.zhu@winds.com,Jakarta,19744
24576,AW00024576,Jake,Hu,S,M,2013-05-20,jake.hu@towels.com,Jakarta,13903
24577,AW00024577,Gilbert,Lal,S,M,2013-05-20,gilbert.lal@towels.com,Delhi,22721
24578,AW00024578,Meredith,Lopez,S,F,2013-05-20,meredith.lopez@nappa.com,Delhi,23501
24579,AW00024579,Trevor,Alexander,S,M,2013-05-20,trevor.alexander@sticks.com,Rome,29758
24580,AW00024580,Wesley,Zhao,M,M,2013-05-20,wesley.zhao@circles.com,Tokyo,57358
24581,AW00024581,Reginald,Diaz,M,M,2013-05-21,reginald.diaz@sticks.com,Shanghai,49006
24582,AW00024582,Marie,Sai,M,F,2013-05-21,marie.sai@sticks.com,Jakarta,36477
24583,AW00024583,Roy,Chandra,S,M,2013-05-21,roy.chandra@sticks.com,Madrid,58445
24584,AW00024584,Ronnie,Liang,S,M,2013-05-21,ronnie.liang@nappa.com,Berlin,39244
24585,AW00024585,Harold,Patel,M,M,2013-05-21,harold.patel@winds.com,Rome,38384
24586,AW00024586,Jerry,Luo,S,M,2013-05-21,jerry.luo@fountains.com,Rome,19182
24587,AW00024587,Suzanne,Sun,M,F,2013-05-21,suzanne.sun@nappa.com,Moscow,43170
24588,AW00024588,Kathryn,Becker,S,F,2013-05-21,kathryn.becker@sticks.com,Rome,11916
24589,AW00024589,Laura,Zhao,S,F,2013-05-21,laura.zhao@hostinger.com,Shanghai,31478
24590,AW00024590,Diana,Alonso,M,F,2013-05-21,diana.alonso@nappa.com,Istanbul,58075
24591,AW00024591,Derek,Pal,S,M,2013-05-22,derek.pal@winds.com,Shanghai,45895
24592,AW00024592,Jay,Martinez,S,M,2013-05-22,jay.martinez@nappa.com,Mumbai,39526
24593,AW00024593,Destiny,Watson,M,F,2013-05-22,destiny.watson@mouse.com,Delhi,19478
24594,AW00024594,Franklin,Yuan,M,M,2013-05-22,franklin.yuan@towels.com,Tokyo,49339
24595,AW00024595,Kelvin,Wu,S,M,2013-05-22,kelvin.wu@hostinger.com,Madrid,58692
24596,AW00024596,Heather,Zhao,M,F,2013-05-22,heather.zhao@nappa.com,Rome,42949
24597,AW00024597,Lee,Dominguez,S,M,2013-05-22,lee.dominguez@winds.com,Jakarta,23202
24598,AW00024598,Irma,Sherwood,S,M,2013-05-22,irma.sherwood@towels.com,Berlin,34723
24599,AW00024599,Virginia,Garcia,M,F,2013-05-22,virginia.garcia@fountains.com,Istanbul,30797
24600,AW00024600,Lisa,Li,M,F,2013-05-22,lisa.li@mouse.com,Mumbai,11387
24601,AW00024601,Natasha,Munoz,S,F,2013-05-23,natasha.munoz@papers.com,Mumbai,24106
24602,AW00024602,Preston,Garcia,S,M,2013-05-23,preston.garcia@circles.com,Rome,31587
24603,AW00024603,Jake,Zhu,S,M,2013-05-23,jake.zhu@winds.com,Jakarta,10388
24604,AW00024604,Melvin,Rai,M,M,2013-05-23,melvin.rai@fountains.com,Mumbai,34821
24605,AW00024605,Roger,Wang,S,M,2013-05-23,roger.wang@papers.com,Delhi,53326
24606,AW00024606,Cassie,Nath,M,F,2013-05-23,cassie.nath@cappo.com,Rome,25761
24607,AW00024607,Kristine,Ruiz,S,F,2013-05-23,kristine.ruiz@papers.com,Bangkok,30327
24608,AW00024608,Katrina,Nara,M,F,2013-05-23,katrina.nara@winds.com,Berlin,32614
24609,AW00024609,Jenny,Zhang,M,F,2013-05-23,jenny.zhang@towels.com,Madrid,57007
24610,AW00024610,Troy,Kapoor,S,M,2013-05-23,troy.kapoor@cappo.com,Istanbul,25327
24611,AW00024611,Pedro,Suarez,S,M,2013-05-24,pedro.suarez@hostinger.com,London,31103
24612,AW00024612,Devon,Chander,S,M,2013-05-24,devon.chander@papers.com,Shanghai,50599
24613,AW00024613,Stacy,Serrano,M,F,2013-05-24,stacy.serrano@nappa.com,Paris,28111
24614,AW00024614,Lindsey,Raje,M,F,2013-05-24,lindsey.raje@cappo.com,Tokyo,16106
24615,AW00024615,Dwayne,Ortega,M,M,2013-05-24,dwayne.ortega@circles.com,Jakarta,50515
24616,AW00024616,Zoe,Cook,M,F,2013-05-24,zoe.cook@mouse.com,Rome,55806
24617,AW00024617,Kelsey,She,M,F,2013-05-24,kelsey.she@fountains.com,London,25397
24618,AW00024618,Brett,Gonzalez,M,M,2013-05-25,brett.gonzalez@cappo.com,London,48805
24619,AW00024619,Shelby,Kelly,S,F,2013-05-25,shelby.kelly@towels.com,Bangkok,20975
24620,AW00024620,Olivia,Morgan,M,F,2013-05-25,olivia.morgan@circles.com,Shanghai,27845
24621,AW00024621,Chad,Shan,M,M,2013-05-25,chad.shan@cappo.com,Paris,44519
24622,AW00024622,Blake,Hall,M,M,2013-05-25,blake.hall@circles.com,Singapore,28146
24623,AW00024623,Beth,Torres,M,F,2013-05-25,beth.torres@fountains.com,Moscow,49636
24624,AW00024624,Allison,Murphy,M,F,2013-05-25,allison.murphy@circles.com,Delhi,50569
24625,AW00024625,Yolanda,Nath,M,F,2013-05-26,yolanda.nath@hostinger.com,Bangkok,35085
24626,AW00024626,Seth,Bryant,M,M,2013-05-26,seth.bryant@hostinger.com,Paris,11855
24627,AW00024627,Eric,Edwards,S,M,2013-05-26,eric.edwards@papers.com,Bangkok,40390
24628,AW00024628,David,Walker,S,M,2013-05-26,david.walker@mouse.com,Mumbai,44540
24629,AW00024629,Seth,Perry,M,M,2013-05-26,seth.perry@mouse.com,Singapore,44589
24630,AW00024630,Brianna,Howard,M,F,2013-05-26,brianna.howard@fountains.com,Jakarta,59845
24631,AW00024631,Hannah,Powell,S,F,2013-05-26,hannah.powell@cappo.com,Tokyo,30135
24632,AW00024632,Catherine,James,S,F,2013-05-26,catherine.james@winds.com,Shanghai,25161
24633,AW00024633,Xavier,Cook,M,M,2013-05-26,xavier.cook@sticks.com,London,46049
24634,AW00024634,Crystal,He,M,F,2013-05-26,crystal.he@circles.com,Shanghai,54075
24635,AW00024635,Gabrielle,Rogers,S,F,2013-05-27,gabrielle.rogers@papers.com,Paris,53511
24636,AW00024636,Anna,Ward,M,F,2013-05-27,anna.ward@nappa.com,Mumbai,36852
24637,AW00024637,Nathan,Flores,M,M,2013-05-27,nathan.flores@winds.com,Shanghai,22071
24638,AW00024638,Julia,Lopez,S,F,2013-05-27,julia.lopez@circles.com,Bangkok,20706
24639,AW00024639,Ian,Moore,M,M,2013-05-27,ian.moore@towels.com,Madrid,53248
24640,AW00024640,Lisa,Yang,S,F,2013-05-27,lisa.yang@winds.com,Seoul,25445
24641,AW00024641,Sarah,Powell,M,F,2013-05-28,sarah.powell@nappa.com,Singapore,45794
24642,AW00024642,Edward,Russell,S,M,2013-05-28,edward.russell@nappa.com,Seoul,12982
24643,AW00024643,Jada,Campbell,S,F,2013-05-28,jada.campbell@nappa.com,Mumbai,50487
24644,AW00024644,Samuel,Johnston,M,M,2013-05-28,samuel.johnston@winds.com,Berlin,56866
24645,AW00024645,Bryce,Murphy,M,M,2013-05-28,bryce.murphy@hostinger.com,Berlin,46137
24646,AW00024646,Juan,Murphy,M,M,2013-05-28,juan.murphy@fountains.com,Singapore,36562
24647,AW00024647,Jose,Simmons,S,M,2013-05-28,jose.simmons@nappa.com,Shanghai,43703
24648,AW00024648,Amanda,King,S,F,2013-05-28,amanda.king@nappa.com,Jakarta,47987
24649,AW00024649,Aaron,Washington,M,M,2013-05-29,aaron.washington@hostinger.com,Delhi,34395
24650,AW00024650,Julia,Baker,S,F,2013-05-29,julia.baker@nappa.com,Rome,45692
24651,AW00024651,Dakota,Alexander,S,M,2013-05-29,dakota.alexander@sticks.com,London,21794
24652,AW00024652,Luke,Butler,S,M,2013-05-29,luke.butler@towels.com,Delhi,47506
24653,AW00024653,Victoria,Barnes,M,F,2013-05-29,victoria.barnes@nappa.com,Seoul,37016
24654,AW00024654,Paige,Simmons,S,F,2013-05-29,paige.simmons@mouse.com,Singapore,16420
24655,AW00024655,Taylor,Sanders,M,F,2013-05-29,taylor.sanders@fountains.com,Moscow,54806
24656,AW00024656,Julia,Moore,M,F,2013-05-29,julia.moore@nappa.com,London,13145
24657,AW00024657,Alyssa,Brooks,M,F,2013-05-29,alyssa.brooks@nappa.com,Jakarta,28754
24658,AW00024658,Jenna,Perez,M,F,2013-05-30,jenna.perez@hostinger.com,Mumbai,15547
24659,AW00024659,Kaitlyn,Hill,M,F,2013-05-30,kaitlyn.hill@fountains.com,Jakarta,29081
24660,AW00024660,Anna,Perry,S,F,2013-05-30,anna.perry@nappa.com,Singapore,53868
24661,AW00024661,Madison,Jones,S,F,2013-05-30,madison.jones@circles.com,Moscow,19624
24662,AW00024662,Arianna,Price,S,F,2013-05-30,arianna.price@circles.com,Rome,25113
24663,AW00024663,Ebony,Fernandez,S,F,2013-05-30,ebony.fernandez@hostinger.com,Seoul,36552
24664,AW00024664,Ian,Washington,M,M,2013-05-30,ian.washington@winds.com,Shanghai,50693
24665,AW00024665,Angela,Morgan,S,F,2013-05-30,angela.morgan@winds.com,Moscow,42130
24666,AW00024666,Hannah,Martinez,M,F,2013-05-30,hannah.martinez@towels.com,Bangkok,11990
24667,AW00024667,Chloe,Diaz,S,F,2013-05-30,chloe.diaz@nappa.com,Madrid,18749
24668,AW00024668,Katrina,Xu,M,F,2013-05-30,katrina.xu@cappo.com,Singapore,56757
24669,AW00024669,Xavier,Parker,M,M,2013-05-30,xavier.parker@sticks.com,Rome,16169
24670,AW00024670,Alexandria,Ross,S,F,2013-05-31,alexandria.ross@hostinger.com,Shanghai,20534
24671,AW00024671,Christian,Perry,M,M,2013-05-31,christian.perry@sticks.com,Berlin,53089
24672,AW00024672,Jeremy,Cook,M,M,2013-05-31,jeremy.cook@sticks.com,Seoul,42590
24673,AW00024673,Paige,Cox,M,F,2013-05-31,paige.cox@cappo.com,Shanghai,34472
24674,AW00024674,Dylan,Kumar,M,M,2013-05-31,dylan.kumar@winds.com,Shanghai,26095
24675,AW00024675,Jackson,Nelson,S,M,2013-05-31,jackson.nelson@towels.com,London,51018
24676,AW00024676,Jeremy,Roberts,M,M,2013-06-01,jeremy.roberts@hostinger.com,Jakarta,32266
24677,AW00024677,Blake,Lee,M,M,2013-06-01,blake.lee@circles.com,Mumbai,59491
24678,AW00024678,Nathan,Long,S,M,2013-06-01,nathan.long@nappa.com,Singapore,56714
24679,AW00024679,Wyatt,Hernandez,M,M,2013-06-01,wyatt.hernandez@towels.com,Moscow,29737
24680,AW00024680,Thomas,Flores,S,M,2013-06-01,thomas.flores@towels.com,Shanghai,20301
24681,AW00024681,Arianna,Murphy,S,F,2013-06-01,arianna.murphy@cappo.com,Moscow,37500
24682,AW00024682,Faith,Rogers,M,F,2013-06-01,faith.rogers@nappa.com,Delhi,44810
24683,AW00024683,Shannon,Alonso,M,M,2013-06-02,shannon.alonso@fountains.com,Tokyo,15009
24684,AW00024684,Charles,Martin,M,M,2013-06-02,charles.martin@hostinger.com,Shanghai,50693
24685,AW00024685,Jordan,Kumar,M,M,2013-06-02,jordan.kumar@fountains.com,Delhi,33816
24686,AW00024686,Melissa,Murphy,S,F,2013-06-02,melissa.murphy@hostinger.com,Berlin,19993
24687,AW00024687,Joan,Ross,S,F,2013-06-02,joan.ross@fountains.com,Bangkok,46335
24688,AW00024688,Ashley,Long,M,F,2013-06-02,ashley.long@winds.com,Mumbai,59613
24689,AW00024689,Sandra,Ye,M,F,2013-06-02,sandra.ye@mouse.com,Madrid,39961
24690,AW00024690,Christian,Long,S,M,2013-06-02,christian.long@hostinger.com,Mumbai,18578
24691,AW00024691,Meredith,Carlson,M,F,2013-06-02,meredith.carlson@towels.com,Moscow,58711
24692,AW00024692,Laura,He,M,F,2013-06-02,laura.he@sticks.com,Mumbai,26460
24693,AW00024693,Alexandra,Rogers,S,F,2013-06-03,alexandra.rogers@towels.com,Delhi,35627
24694,AW00024694,Theodore,Carlson,S,M,2013-06-03,theodore.carlson@mouse.com,Madrid,32514
24695,AW00024695,Omar,Zhou,S,M,2013-06-03,omar.zhou@hostinger.com,Paris,34690
24696,AW00024696,Tasha,Xie,S,F,2013-06-03,tasha.xie@sticks.com,Singapore,32656
24697,AW00024697,Manuel,Rodriguez,M,M,2013-06-03,manuel.rodriguez@sticks.com,Paris,28989
24698,AW00024698,Blake,Carter,S,M,2013-06-03,blake.carter@cappo.com,Rome,12706
24699,AW00024699,Rebekah,Rubio,S,F,2013-06-03,rebekah.rubio@circles.com,Moscow,17485
24700,AW00024700,Gary,Alvarez,S,M,2013-06-04,gary.alvarez@sticks.com,Delhi,44993
24701,AW00024701,Marco,Fernandez,M,M,2013-06-04,marco.fernandez@fountains.com,London,22214
24702,AW00024702,Kari,Ramos,S,F,2013-06-04,kari.ramos@winds.com,Moscow,49755
24703,AW00024703,Jonathan,White,M,M,2013-06-04,jonathan.white@winds.com,Berlin,24137
24704,AW00024704,Allen,Schmidt,M,M,2013-06-04,allen.schmidt@circles.com,Bangkok,33339
24705,AW00024705,Daniel,Shimshoni,S,F,2013-06-04,daniel.shimshoni@sticks.com,Rome,18731
24706,AW00024706,Virginia,Rana,S,F,2013-06-04,virginia.rana@cappo.com,Jakarta,51470
24707,AW00024707,Shaun,Pal,S,M,2013-06-04,shaun.pal@circles.com,London,49226
24708,AW00024708,Corey,Chander,S,M,2013-06-04,corey.chander@hostinger.com,Madrid,46005
24709,AW00024709,Nancy,Prasad,M,F,2013-06-05,nancy.prasad@towels.com,Singapore,45063
24710,AW00024710,Brandy,Malhotra,M,F,2013-06-05,brandy.malhotra@fountains.com,Seoul,16993
24711,AW00024711,Rebekah,Hernandez,S,F,2013-06-05,rebekah.hernandez@papers.com,Jakarta,46481
24712,AW00024712,Carly,Kumar,M,F,2013-06-05,carly.kumar@fountains.com,Delhi,41404
24713,AW00024713,Jeremy,Brooks,S,M,2013-06-05,jeremy.brooks@hostinger.com,Istanbul,31734
24714,AW00024714,Whitney,Rodriguez,S,F,2013-06-05,whitney.rodriguez@winds.com,Shanghai,19115
24715,AW00024715,Kelli,Nath,S,F,2013-06-05,kelli.nath@circles.com,Seoul,28364
24716,AW00024716,Colin,Liu,M,M,2013-06-05,colin.liu@mouse.com,Singapore,25603
24717,AW00024717,Damien,Anand,S,M,2013-06-06,damien.anand@winds.com,Tokyo,22461
24718,AW00024718,Terrence,Black,S,M,2013-06-06,terrence.black@nappa.com,London,24942
24719,AW00024719,Susan,Zheng,M,F,2013-06-06,susan.zheng@papers.com,Madrid,16152
24720,AW00024720,Deanna,Alvarez,S,F,2013-06-06,deanna.alvarez@papers.com,Bangkok,11168
24721,AW00024721,Mandy,Zheng,M,F,2013-06-06,mandy.zheng@papers.com,London,41379
24722,AW00024722,Hunter,Ross,S,M,2013-06-06,hunter.ross@nappa.com,London,23441
24723,AW00024723,Shawna,Pal,M,F,2013-06-06,shawna.pal@sticks.com,Bangkok,33134
24724,AW00024724,Alfredo,Gutierrez,M,M,2013-06-06,alfredo.gutierrez@sticks.com,Seoul,37973
24725,AW00024725,Bailey,Young,M,F,2013-06-06,bailey.young@papers.com,Delhi,52763
24726,AW00024726,Marissa,Hughes,M,F,2013-06-06,marissa.hughes@hostinger.com,Tokyo,13539
24727,AW00024727,Mallory,Jimenez,M,F,2013-06-06,mallory.jimenez@mouse.com,Moscow,53198
24728,AW00024728,Julia,Diaz,S,F,2013-06-06,julia.diaz@winds.com,Seoul,11491
24729,AW00024729,Chase,Murphy,S,M,2013-06-07,chase.murphy@nappa.com,Shanghai,10800
24730,AW00024730,Anthony,Moore,M,M,2013-06-07,anthony.moore@hostinger.com,Shanghai,51503
24731,AW00024731,Evan,Mitchell,M,M,2013-06-07,evan.mitchell@fountains.com,London,44597
24732,AW00024732,Wyatt,Davis,M,M,2013-06-07,wyatt.davis@mouse.com,Berlin,38425
24733,AW00024733,Luke,Flores,S,M,2013-06-07,luke.flores@nappa.com,Tokyo,16329
24734,AW00024734,Jack,Turner,S,M,2013-06-07,jack.turner@sticks.com,Tokyo,38981
24735,AW00024735,Madison,Powell,S,F,2013-06-07,madison.powell@towels.com,Delhi,10717
24736,AW00024736,Savannah,Ramirez,S,F,2013-06-08,savannah.ramirez@sticks.com,Mumbai,37680
24737,AW00024737,Angela,Bailey,S,F,2013-06-08,angela.bailey@cappo.com,Istanbul,49184
24738,AW00024738,Hannah,Davis,M,F,2013-06-08,hannah.davis@mouse.com,London,43781
24739,AW00024739,Dalton,Sanders,M,M,2013-06-08,dalton.sanders@towels.com,Paris,52196
24740,AW00024740,Shelby,Cooper,S,F,2013-06-08,shelby.cooper@cappo.com,Istanbul,18576
24741,AW00024741,Brittany,Perry,S,F,2013-06-08,brittany.perry@nappa.com,Istanbul,55207
24742,AW00024742,Rachel,Ramirez,S,F,2013-06-08,rachel.ramirez@towels.com,Mumbai,28486
24743,AW00024743,Chloe,Coleman,S,F,2013-06-08,chloe.coleman@fountains.com,Shanghai,59633
24744,AW00024744,Brendan,Yuan,M,M,2013-06-08,brendan.yuan@nappa.com,Seoul,17182
24745,AW00024745,Jennifer,Ward,S,F,2013-06-08,jennifer.ward@towels.com,Paris,46288
24746,AW00024746,Ian,Russell,S,M,2013-06-09,ian.russell@papers.com,Madrid,45642
24747,AW00024747,Dakota,Powell,S,M,2013-06-09,dakota.powell@mouse.com,Berlin,17238
24748,AW00024748,Jose,Collins,M,M,2013-06-09,jose.collins@towels.com,Jakarta,13081
24749,AW00024749,Marshall,Guo,M,M,2013-06-09,marshall.guo@towels.com,Tokyo,41219
24750,AW00024750,Destiny,Barnes,M,F,2013-06-09,destiny.barnes@cappo.com,Moscow,53641
24751,AW00024751,Angela,Howard,M,F,2013-06-09,angela.howard@mouse.com,London,42111
24752,AW00024752,Cameron,Jackson,S,M,2013-06-09,cameron.jackson@circles.com,Jakarta,49780
24753,AW00024753,Eduardo,Jenkins,S,M,2013-06-09,eduardo.jenkins@papers.com,Jakarta,46462
24754,AW00024754,Haley,Rivera,M,F,2013-06-09,haley.rivera@hostinger.com,Tokyo,27196
24755,AW00024755,Sean,Scott,M,M,2013-06-09,sean.scott@sticks.com,Jakarta,31154
24756,AW00024756,Carlos,Bell,M,M,2013-06-09,carlos.bell@winds.com,Moscow,20758
24757,AW00024757,Alisha,She,M,F,2013-06-10,alisha.she@circles.com,Rome,44004
24758,AW00024758,Gabriella,Adams,M,F,2013-06-10,gabriella.adams@papers.com,Istanbul,45604
24759,AW00024759,Brooke,Stewart,S,F,2013-06-10,brooke.stewart@circles.com,Paris,53580
24760,AW00024760,Julian,Coleman,S,M,2013-06-10,julian.coleman@nappa.com,Tokyo,22325
24761,AW00024761,Lawrence,Rubio,S,M,2013-06-10,lawrence.rubio@papers.com,Istanbul,11838
24762,AW00024762,Warren,Xu,S,M,2013-06-11,warren.xu@sticks.com,Bangkok,37257
24763,AW00024763,Fernando,Hill,S,M,2013-06-11,fernando.hill@papers.com,London,10509
24764,AW00024764,Abigail,Hughes,M,F,2013-06-11,abigail.hughes@sticks.com,Seoul,19540
24765,AW00024765,Morgan,Alexander,S,F,2013-06-11,morgan.alexander@fountains.com,Jakarta,21942
24766,AW00024766,Christian,White,M,M,2013-06-11,christian.white@winds.com,Jakarta,37342
24767,AW00024767,Lauren,Jackson,M,F,2013-06-11,lauren.jackson@winds.com,Jakarta,16741
24768,AW00024768,Jordan,Ross,M,M,2013-06-11,jordan.ross@towels.com,Mumbai,52002
24769,AW00024769,Brendan,Lal,S,M,2013-06-11,brendan.lal@winds.com,Tokyo,50451
24770,AW00024770,Isaac,Wright,M,M,2013-06-11,isaac.wright@towels.com,London,40569
24771,AW00024771,Samuel,Harris,M,M,2013-06-11,samuel.harris@circles.com,Tokyo,45039
24772,AW00024772,Greg,Russell,M,M,2013-06-12,greg.russell@mouse.com,Paris,28343
24773,AW00024773,Grace,Stewart,M,F,2013-06-12,grace.stewart@papers.com,Delhi,35186
24774,AW00024774,Xavier,Gonzales,S,M,2013-06-12,xavier.gonzales@hostinger.com,London,23852
24775,AW00024775,Alexandra,Alexander,M,F,2013-06-12,alexandra.alexander@towels.com,Mumbai,22272
24776,AW00024776,Samantha,Perry,M,F,2013-06-12,samantha.perry@towels.com,Rome,51074
24777,AW00024777,Eric,Adams,M,M,2013-06-13,eric.adams@nappa.com,Istanbul,22667
24778,AW00024778,Sean,Baker,M,M,2013-06-13,sean.baker@fountains.com,Jakarta,26063
24779,AW00024779,Morgan,Lee,M,F,2013-06-13,morgan.lee@sticks.com,Madrid,45127
24780,AW00024780,Courtney,Hall,M,F,2013-06-13,courtney.hall@fountains.com,Madrid,39906
24781,AW00024781,Carmen,Garcia,M,F,2013-06-13,carmen.garcia@fountains.com,Tokyo,37292
24782,AW00024782,Nicole,Morris,M,F,2013-06-13,nicole.morris@circles.com,Singapore,33910
24783,AW00024783,Barry,Raman,M,M,2013-06-13,barry.raman@hostinger.com,Istanbul,10787
24784,AW00024784,Megan,Kelly,S,F,2013-06-14,megan.kelly@cappo.com,Mumbai,38549
24785,AW00024785,Cody,Morris,M,M,2013-06-14,cody.morris@papers.com,Moscow,11651
24786,AW00024786,Haley,Adams,M,F,2013-06-14,haley.adams@fountains.com,Shanghai,11505
24787,AW00024787,Andrea,Watson,M,F,2013-06-14,andrea.watson@circles.com,Delhi,25613
24788,AW00024788,Ashley,Bennett,M,F,2013-06-14,ashley.bennett@fountains.com,Jakarta,17127
24789,AW00024789,Tamara,Hu,M,F,2013-06-14,tamara.hu@circles.com,Seoul,39645
24790,AW00024790,Rebekah,Navarro,M,F,2013-06-14,rebekah.navarro@nappa.com,Madrid,38748
24791,AW00024791,Teresa,Ortega,M,F,2013-06-14,teresa.ortega@mouse.com,Singapore,57279
24792,AW00024792,Clifford,Malhotra,M,M,2013-06-14,clifford.malhotra@cappo.com,Rome,44720
24793,AW00024793,Cole,Morgan,M,M,2013-06-14,cole.morgan@circles.com,Delhi,25514
24794,AW00024794,Cody,Sanchez,M,M,2013-06-14,cody.sanchez@towels.com,Jakarta,28805
24795,AW00024795,Alexandra,Lewis,M,F,2013-06-14,alexandra.lewis@cappo.com,Seoul,46472
24796,AW00024796,Jessica,Simmons,M,F,2013-06-14,jessica.simmons@winds.com,Jakarta,42984
24797,AW00024797,Dylan,Flores,S,M,2013-06-14,dylan.flores@circles.com,Rome,51003
24798,AW00024798,Lawrence,Moreno,S,M,2013-06-14,lawrence.moreno@nappa.com,Mumbai,11877
24799,AW00024799,Byron,Sanz,S,M,2013-06-14,byron.sanz@mouse.com,Delhi,27391
24800,AW00024800,Eduardo,Young,S,M,2013-06-15,eduardo.young@hostinger.com,Rome,40191
24801,AW00024801,Chase,Bailey,S,M,2013-06-15,chase.bailey@fountains.com,London,20306
24802,AW00024802,Timothy,Allen,S,M,2013-06-15,timothy.allen@cappo.com,Seoul,24067
24803,AW00024803,Anna,Diaz,M,F,2013-06-15,anna.diaz@hostinger.com,Delhi,43129
24804,AW00024804,Tonya,Raji,M,F,2013-06-15,tonya.raji@fountains.com,Jakarta,14357
24805,AW00024805,Donna,Luo,M,F,2013-06-15,donna.luo@sticks.com,Delhi,28742
24806,AW00024806,Faith,Russell,M,F,2013-06-15,faith.russell@papers.com,Bangkok,56213
24807,AW00024807,Anne,Moreno,M,F,2013-06-15,anne.moreno@fountains.com,Singapore,38693
24808,AW00024808,Eric,Perez,M,M,2013-06-15,eric.perez@papers.com,Istanbul,29534
24809,AW00024809,Alyssa,Moore,M,F,2013-06-15,alyssa.moore@fountains.com,Berlin,20965
24810,AW00024810,Alyssa,Richardson,M,F,2013-06-15,alyssa.richardson@mouse.com,Bangkok,37786
24811,AW00024811,Trinity,Ramirez,S,F,2013-06-16,trinity.ramirez@mouse.com,Istanbul,16393
24812,AW00024812,Johnathan,Sai,M,M,2013-06-16,johnathan.sai@fountains.com,Tokyo,24936
24813,AW00024813,Armando,Schmidt,M,M,2013-06-16,armando.schmidt@sticks.com,Jakarta,29646
24814,AW00024814,Gabriel,Washington,S,M,2013-06-16,gabriel.washington@sticks.com,Moscow,42342
24815,AW00024815,Victoria,Clark,S,F,2013-06-16,victoria.clark@nappa.com,London,20390
24816,AW00024816,Lauren,Perry,M,F,2013-06-16,lauren.perry@nappa.com,Delhi,59864
24817,AW00024817,Victoria,Richardson,M,F,2013-06-16,victoria.richardson@hostinger.com,Istanbul,48888
24818,AW00024818,Diane,Rubio,M,F,2013-06-16,diane.rubio@towels.com,Madrid,30262
24819,AW00024819,Jack,Shan,M,M,2013-06-16,jack.shan@hostinger.com,Jakarta,43472
24820,AW00024820,David,Clark,M,M,2013-06-16,david.clark@fountains.com,Jakarta,11633
24821,AW00024821,Melissa,Alexander,M,F,2013-06-17,melissa.alexander@papers.com,Berlin,51739
24822,AW00024822,Paige,Cook,M,F,2013-06-17,paige.cook@circles.com,Paris,57390
24823,AW00024823,Vincent,Zhao,M,M,2013-06-17,vincent.zhao@circles.com,Singapore,52259
24824,AW00024824,Alexandria,Wood,S,F,2013-06-17,alexandria.wood@cappo.com,Madrid,22775
24825,AW00024825,Zoe,Sanders,M,F,2013-06-17,zoe.sanders@papers.com,Singapore,11016
24826,AW00024826,Richard,Powell,M,M,2013-06-17,richard.powell@mouse.com,Rome,40677
24827,AW00024827,Alexander,Martinez,M,M,2013-06-17,alexander.martinez@fountains.com,Bangkok,50760
24828,AW00024828,Brooke,Reed,S,F,2013-06-17,brooke.reed@winds.com,Delhi,39801
24829,AW00024829,Ethan,Patterson,M,M,2013-06-17,ethan.patterson@towels.com,Paris,58646
24830,AW00024830,Alexandra,Cox,M,F,2013-06-17,alexandra.cox@winds.com,Madrid,59028
24831,AW00024831,Jackson,Diaz,S,M,2013-06-18,jackson.diaz@fountains.com,Rome,56967
24832,AW00024832,Morgan,Martin,M,F,2013-06-18,morgan.martin@towels.com,Moscow,53396
24833,AW00024833,Deanna,Ruiz,S,F,2013-06-18,deanna.ruiz@hostinger.com,Moscow,25772
24834,AW00024834,Bethany,Jai,M,F,2013-06-18,bethany.jai@papers.com,Seoul,48308
24835,AW00024835,Angel,Morgan,S,M,2013-06-18,angel.morgan@cappo.com,Delhi,24467
24836,AW00024836,Taylor,Robinson,S,F,2013-06-18,taylor.robinson@papers.com,Jakarta,39519
24837,AW00024837,Wyatt,Lewis,S,M,2013-06-18,wyatt.lewis@fountains.com,London,46892
24838,AW00024838,Elijah,Young,S,M,2013-06-18,elijah.young@cappo.com,Bangkok,53826
24839,AW00024839,Tamara,Goldberg,S,F,2013-06-18,tamara.goldberg@nappa.com,Delhi,11679
24840,AW00024840,Marco,Sai,M,M,2013-06-19,marco.sai@winds.com,Moscow,24882
24841,AW00024841,Andres,Jai,M,M,2013-06-19,andres.jai@sticks.com,Mumbai,12149
24842,AW00024842,Monique,Alonso,S,F,2013-06-19,monique.alonso@nappa.com,Tokyo,27426
24843,AW00024843,Bryant,Subram,M,M,2013-06-19,bryant.subram@mouse.com,Jakarta,28731
24844,AW00024844,Maria,Ward,S,F,2013-06-19,maria.ward@circles.com,Istanbul,13154
24845,AW00024845,Tyrone,Jimenez,M,M,2013-06-19,tyrone.jimenez@hostinger.com,Tokyo,13082
24846,AW00024846,Naomi,Navarro,S,F,2013-06-19,naomi.navarro@hostinger.com,Delhi,42133
24847,AW00024847,Tonya,Nath,M,F,2013-06-19,tonya.nath@cappo.com,Seoul,28220
24848,AW00024848,Jeffery,Zhou,M,M,2013-06-19,jeffery.zhou@fountains.com,Madrid,29172
24849,AW00024849,Brianna,Ward,M,F,2013-06-19,brianna.ward@mouse.com,Rome,58728
24850,AW00024850,Emmanuel,Perez,M,M,2013-06-20,emmanuel.perez@mouse.com,Mumbai,59683
24851,AW00024851,Leslie,Ortega,M,F,2013-06-20,leslie.ortega@fountains.com,Delhi,40842
24852,AW00024852,Carla,Martinez,M,F,2013-06-20,carla.martinez@sticks.com,Delhi,57028
24853,AW00024853,Miguel,Long,S,M,2013-06-20,miguel.long@cappo.com,Berlin,49004
24854,AW00024854,Emma,Jenkins,S,F,2013-06-20,emma.jenkins@winds.com,Jakarta,55150
24855,AW00024855,Kaylee,Wright,S,F,2013-06-20,kaylee.wright@papers.com,Istanbul,39212
24856,AW00024856,Candice,Huang,M,F,2013-06-21,candice.huang@circles.com,London,53534
24857,AW00024857,Anna,Henderson,M,F,2013-06-21,anna.henderson@towels.com,Seoul,55232
24858,AW00024858,Calvin,Xie,M,M,2013-06-21,calvin.xie@cappo.com,Tokyo,51938
24859,AW00024859,Cesar,Arun,S,M,2013-06-21,cesar.arun@sticks.com,Paris,53548
24860,AW00024860,Douglas,Garcia,S,M,2013-06-21,douglas.garcia@towels.com,Bangkok,24686
24861,AW00024861,Evelyn,Vance,M,F,2013-06-21,evelyn.vance@mouse.com,Tokyo,42611
24862,AW00024862,Tamara,Zhou,M,F,2013-06-21,tamara.zhou@fountains.com,Madrid,13454
24863,AW00024863,Wesley,Sun,S,M,2013-06-22,wesley.sun@papers.com,Mumbai,22715
24864,AW00024864,Jeffery,Sun,M,M,2013-06-22,jeffery.sun@hostinger.com,Moscow,30268
24865,AW00024865,Ashley,Griffin,S,F,2013-06-22,ashley.griffin@towels.com,Shanghai,38785
24866,AW00024866,Alejandro,Nath,M,M,2013-06-22,alejandro.nath@fountains.com,Tokyo,15280
24867,AW00024867,Beth,Suarez,S,F,2013-06-22,beth.suarez@circles.com,Bangkok,23063
24868,AW00024868,Darryl,Hu,M,M,2013-06-22,darryl.hu@hostinger.com,Berlin,22398
24869,AW00024869,Misty,Shock,M,M,2013-06-22,misty.shock@hostinger.com,London,19904
24870,AW00024870,Taylor,Morgan,M,F,2013-06-23,taylor.morgan@hostinger.com,Rome,29422
24871,AW00024871,Kelsey,Luo,S,F,2013-06-23,kelsey.luo@cappo.com,Mumbai,33773
