cst_id,cst_key,cst_firstname,cst_lastname,cst_marital_status,cst_gndr,cst_create_date,email,place_of_residence,postal_code
15624,AW00015624,Tyrone,Rubio,M,M,2010-06-20,tyrone.rubio@fountains.com,Rome,38550
15625,AW00015625,Clinton,Alvarez,M,M,2010-06-20,clinton.alvarez@mouse.com,Jakarta,14070
15626,AW00015626,Eduardo,White,M,M,2010-06-20,eduardo.white@circles.com,Bangkok,38619
15627,AW00015627,Troy,Srini,S,M,2010-06-20,troy.srini@fountains.com,Madrid,53370
15628,AW00015628,Brianna,Sandberg,M,F,2010-06-20,brianna.sandberg@papers.com,Istanbul,26557
15629,AW00015629,Meghan,Ruiz,S,F,2010-06-20,meghan.ruiz@mouse.com,Bangkok,17312
15630,AW00015630,Nichole,Tang,S,F,2010-06-21,nichole.tang@hostinger.com,Tokyo,41292
15631,AW00015631,Clayton,Andersen,S,M,2010-06-21,clayton.andersen@winds.com,Rome,40734
15632,AW00015632,Gloria,Carlson,M,F,2010-06-21,gloria.carlson@papers.com,Singapore,12196
15633,AW00015633,Ashlee,Shan,S,F,2010-06-21,ashlee.shan@cappo.com,Tokyo,50316
15634,AW00015634,Dalton,Kelly,S,M,2010-06-21,dalton.kelly@fountains.com,Mumbai,29075
15635,AW00015635,Sheila,Martin,S,F,2010-06-21,sheila.martin@fountains.com,Seoul,34032
15636,AW00015636,David,White,S,M,2010-06-21,david.white@winds.com,Singapore,58393
15637,AW00015637,Russell,Sharma,S,M,2010-06-21,russell.sharma@fountains.com,Seoul,36752
15638,AW00015638,Rosa,He,M,F,2010-06-21,rosa.he@circles.com,Delhi,22137
15639,AW00015639,Melanie,Coleman,M,F,2010-06-21,melanie.coleman@winds.com,Delhi,34568
15640,AW00015640,Gary,Gomez,S,M,2010-06-21,gary.gomez@nappa.com,Bangkok,55981
15641,AW00015641,Marco,Sara,M,M,2010-06-22,marco.sara@hostinger.com,Delhi,15458
15642,AW00015642,Cara,Gao,S,F,2010-06-22,cara.gao@hostinger.com,Paris,15347
15643,AW00015643,Omar,Raji,S,M,2010-06-22,omar.raji@winds.com,Singapore,54673
15644,AW00015644,Savannah,Gonzalez,S,F,2010-06-22,savannah.gonzalez@cappo.com,Paris,25970
15645,AW00015645,Javier,Gill,M,M,2010-06-22,javier.gill@winds.com,Delhi,35771
15646,AW00015646,Emma,Kelly,S,F,2010-06-22,emma.kelly@papers.com,Shanghai,44437
15647,AW00015647,Dawn,He,M,F,2010-06-22,dawn.he@cappo.com,Mumbai,54243
15648,AW00015648,Edgar,Gonzalez,M,M,2010-06-22,edgar.gonzalez@hostinger.com,Seoul,52203
15649,AW00015649,Melinda,Jimenez,M,F,2010-06-23,melinda.jimenez@papers.com,Moscow,15772
15650,AW00015650,Ronnie,Li,S,M,2010-06-23,ronnie.li@winds.com,Tokyo,55969
15651,AW00015651,Ann,Lopez,S,F,2010-06-23,ann.lopez@circles.com,Bangkok,16441
15652,AW00015652,Barbara,Wang,M,F,2010-06-23,barbara.wang@fountains.com,Bangkok,33455
15653,AW00015653,Gerald,Madan,S,M,2010-06-23,gerald.madan@papers.com,Singapore,39294
15654,AW00015654,Levi,Fernandez,S,M,2010-06-23,levi.fernandez@circles.com,Madrid,30346
15655,AW00015655,Deanna,Gomez,M,F,2010-06-23,deanna.gomez@towels.com,Seoul,23535
15656,AW00015656,Darryl,Zhao,S,M,2010-06-23,darryl.zhao@circles.com,Rome,18836
15657,AW00015657,Marcus,Hayes,M,M,2010-06-23,marcus.hayes@papers.com,Rome,46279
15658,AW00015658,Victoria,Rogers,S,F,2010-06-23,victoria.rogers@winds.com,Tokyo,50358
15659,AW00015659,Angela,Rivera,M,F,2010-06-23,angela.rivera@fountains.com,Madrid,34424
15660,AW00015660,April,Jai,M,F,2010-06-23,april.jai@towels.com,Mumbai,34803
15661,AW00015661,Brandon,Robinson,M,M,2010-06-24,brandon.robinson@winds.com,Berlin,35017
15662,AW00015662,Megan,Richardson,M,F,2010-06-24,megan.richardson@circles.com,Rome,18317
15663,AW00015663,Mandy,Chen,M,F,2010-06-24,mandy.chen@fountains.com,Shanghai,18993
15664,AW00015664,Jill,Vazquez,S,F,2010-06-24,jill.vazquez@towels.com,Singapore,18942
15665,AW00015665,Kristi,Sai,M,F,2010-06-24,kristi.sai@sticks.com,Mumbai,46420
15666,AW00015666,Bianca,Liang,S,F,2010-06-24,bianca.liang@nappa.com,Moscow,46344
15667,AW00015667,Hector,Ramos,M,M,2010-06-24,hector.ramos@mouse.com,Seoul,29752
15668,AW00015668,Erick,Fernandez,M,M,2010-06-24,erick.fernandez@papers.com,Istanbul,47145
15669,AW00015669,Paul,Suurs,M,F,2010-06-24,paul.suurs@sticks.com,Paris,18575
15670,AW00015670,Sergio,Sánchez,M,M,2010-06-24,sergio.sánchez@sticks.com,Shanghai,13508
15671,AW00015671,Lawrence,Torres,S,M,2010-06-24,lawrence.torres@winds.com,Rome,51290
15672,AW00015672,Kelvin,Nara,S,M,2010-06-25,kelvin.nara@sticks.com,Singapore,22695
15673,AW00015673,Jon,Goel,S,M,2010-06-25,jon.goel@papers.com,London,54468
15674,AW00015674,Tommy,Raheem,S,M,2010-06-25,tommy.raheem@winds.com,London,31683
15675,AW00015675,Jay,Alonso,M,M,2010-06-25,jay.alonso@sticks.com,Mumbai,41048
15676,AW00015676,Todd,Wang,S,M,2010-06-25,todd.wang@nappa.com,Moscow,37913
15677,AW00015677,Alyssa,Bradley,M,F,2010-06-25,alyssa.bradley@fountains.com,Paris,12497
15678,AW00015678,Susan,Zhou,M,F,2010-06-25,susan.zhou@fountains.com,Delhi,20820
15679,AW00015679,Robert,Patterson,M,M,2010-06-25,robert.patterson@hostinger.com,Moscow,16026
15680,AW00015680,Tasha,She,M,F,2010-06-25,tasha.she@circles.com,Paris,14082
15681,AW00015681,Emma,Gonzales,M,F,2010-06-25,emma.gonzales@hostinger.com,Jakarta,49185
15682,AW00015682,Heidi,Garcia,S,F,2010-06-25,heidi.garcia@nappa.com,Berlin,52021
15683,AW00015683,Jessie,Carlson,S,F,2010-06-25,jessie.carlson@fountains.com,Rome,54748
15684,AW00015684,Tyrone,Suarez,S,M,2010-06-26,tyrone.suarez@towels.com,Singapore,10518
15685,AW00015685,Robin,Vazquez,M,F,2010-06-26,robin.vazquez@mouse.com,Singapore,17963
15686,AW00015686,Pedro,Vazquez,M,M,2010-06-26,pedro.vazquez@mouse.com,Shanghai,24831
15687,AW00015687,Jay,Suri,M,M,2010-06-26,jay.suri@winds.com,Berlin,34584
15688,AW00015688,Chase,Gray,M,M,2010-06-26,chase.gray@nappa.com,Rome,40739
15689,AW00015689,Stacey,Wang,S,F,2010-06-26,stacey.wang@sticks.com,Shanghai,10030
15690,AW00015690,Clifford,Perez,S,M,2010-06-26,clifford.perez@towels.com,London,25690
15691,AW00015691,Julian,Henderson,M,M,2010-06-26,julian.henderson@nappa.com,Madrid,41564
15692,AW00015692,Ryan,Garcia,M,M,2010-06-26,ryan.garcia@cappo.com,Berlin,57274
15693,AW00015693,Isabel,Barnes,S,F,2010-06-27,isabel.barnes@mouse.com,Tokyo,35681
15694,AW00015694,Stephanie,Diaz,M,F,2010-06-27,stephanie.diaz@hostinger.com,Rome,52673
15695,AW00015695,Bruce,Gomez,M,M,2010-06-27,bruce.gomez@winds.com,Istanbul,26265
15696,AW00015696,Damien,Sun,M,M,2010-06-27,damien.sun@circles.com,Mumbai,28033
15697,AW00015697,Julia,Morris,M,F,2010-06-27,julia.morris@mouse.com,Seoul,53058
15698,AW00015698,Susan,Wang,S,F,2010-06-27,susan.wang@cappo.com,Istanbul,21074
15699,AW00015699,Jonathon,Hernandez,M,M,2010-06-27,jonathon.hernandez@fountains.com,Singapore,48491
15700,AW00015700,Eugene,Guo,M,M,2010-06-28,eugene.guo@cappo.com,Delhi,15033
15701,AW00015701,Jillian,Kapoor,M,F,2010-06-28,jillian.kapoor@towels.com,Rome,36775
15702,AW00015702,Ruth,Mehta,M,F,2010-06-28,ruth.mehta@circles.com,Bangkok,23146
15703,AW00015703,Alison,Chande,M,F,2010-06-28,alison.chande@cappo.com,Madrid,29628
15704,AW00015704,Peter,Luo,S,M,2010-06-28,peter.luo@sticks.com,Delhi,27497
15705,AW00015705,Gabriel,Simmons,M,M,2010-06-28,gabriel.simmons@nappa.com,Madrid,43277
15706,AW00015706,Tina,Arthur,M,F,2010-06-28,tina.arthur@circles.com,Shanghai,50868
15707,AW00015707,Robin,Rubio,M,F,2010-06-28,robin.rubio@mouse.com,Moscow,23601
15708,AW00015708,Nina,Jai,M,F,2010-06-28,nina.jai@sticks.com,Rome,16733
15709,AW00015709,Chelsea,Prasad,M,F,2010-06-28,chelsea.prasad@towels.com,Berlin,39432
15710,AW00015710,Brandy,Rana,M,F,2010-06-28,brandy.rana@nappa.com,Paris,57160
15711,AW00015711,Jeffery,Liang,M,M,2010-06-28,jeffery.liang@mouse.com,Paris,27476
15712,AW00015712,Whitney,Chandra,M,F,2010-06-28,whitney.chandra@papers.com,Mumbai,27599
15713,AW00015713,Hannah,Lee,M,F,2010-06-29,hannah.lee@mouse.com,Mumbai,41597
15714,AW00015714,Bethany,Pal,S,F,2010-06-29,bethany.pal@fountains.com,Paris,31784
15715,AW00015715,Isabella,Adams,S,F,2010-06-29,isabella.adams@nappa.com,Paris,58762
15716,AW00015716,Roy,Madan,S,M,2010-06-29,roy.madan@cappo.com,Istanbul,17359
15717,AW00015717,Alexia,Henderson,S,F,2010-06-29,alexia.henderson@winds.com,Rome,45343
15718,AW00015718,Heather,Lin,M,F,2010-06-30,heather.lin@fountains.com,London,35828
15719,AW00015719,Lacey,Liang,M,F,2010-06-30,lacey.liang@circles.com,Jakarta,20826
15720,AW00015720,Jaime,Ramos,M,F,2010-06-30,jaime.ramos@circles.com,Paris,45869
15721,AW00015721,Cara,Guo,S,F,2010-06-30,cara.guo@papers.com,Moscow,35582
15722,AW00015722,Angela,Jenkins,M,F,2010-06-30,angela.jenkins@hostinger.com,Paris,19122
15723,AW00015723,Kate,Deng,M,F,2010-06-30,kate.deng@nappa.com,Moscow,10402
15724,AW00015724,Roger,She,S,M,2010-06-30,roger.she@nappa.com,Bangkok,25788
15725,AW00015725,Trevor,Price,M,M,2010-06-30,trevor.price@towels.com,Shanghai,52284
15726,AW00015726,Faith,Barnes,M,F,2010-06-30,faith.barnes@nappa.com,Shanghai,56207
15727,AW00015727,Alisha,Zeng,M,F,2010-06-30,alisha.zeng@nappa.com,Mumbai,32250
15728,AW00015728,Keith,Sharma,M,M,2010-06-30,keith.sharma@circles.com,Jakarta,11678
15729,AW00015729,Mayra,Suri,M,F,2010-06-30,mayra.suri@mouse.com,Seoul,37636
15730,AW00015730,Philip,Dominguez,M,M,2010-07-01,philip.dominguez@fountains.com,Rome,39529
15731,AW00015731,Corey,Chavez,S,M,2010-07-01,corey.chavez@fountains.com,Jakarta,23396
15732,AW00015732,Sandra,Zhu,M,F,2010-07-01,sandra.zhu@papers.com,Istanbul,30838
15733,AW00015733,Leslie,Ramos,M,F,2010-07-01,leslie.ramos@towels.com,Tokyo,52129
15734,AW00015734,Alicia,Lal,M,F,2010-07-01,alicia.lal@fountains.com,Rome,51625
15735,AW00015735,Lori,Blanco,M,F,2010-07-01,lori.blanco@cappo.com,London,53536
15736,AW00015736,Sheena,Raje,M,F,2010-07-01,sheena.raje@winds.com,Bangkok,32376
15737,AW00015737,Alexander,Robinson,S,M,2010-07-01,alexander.robinson@hostinger.com,Seoul,34714
15738,AW00015738,Abigail,Miller,M,F,2010-07-01,abigail.miller@sticks.com,Istanbul,48612
15739,AW00015739,Garrett,Rogers,M,M,2010-07-02,garrett.rogers@sticks.com,Singapore,57535
15740,AW00015740,Johnny,Kumar,M,M,2010-07-02,johnny.kumar@papers.com,Paris,52855
15741,AW00015741,Isabella,Allen,M,F,2010-07-02,isabella.allen@winds.com,Seoul,38138
15742,AW00015742,Grace,Thompson,M,F,2010-07-02,grace.thompson@sticks.com,Tokyo,12220
15743,AW00015743,Chloe,Thompson,M,F,2010-07-02,chloe.thompson@hostinger.com,Bangkok,51541
15744,AW00015744,Angela,Gray,M,F,2010-07-02,angela.gray@cappo.com,Jakarta,10886
15745,AW00015745,Julian,Hayes,M,M,2010-07-02,julian.hayes@circles.com,Bangkok,35668
15746,AW00015746,Emily,Walker,M,F,2010-07-02,emily.walker@cappo.com,Madrid,12743
15747,AW00015747,Evan,Nelson,M,M,2010-07-02,evan.nelson@mouse.com,Istanbul,41387
15748,AW00015748,Austin,Jenkins,M,M,2010-07-02,austin.jenkins@fountains.com,Rome,23756
15749,AW00015749,Grace,Brown,S,F,2010-07-03,grace.brown@winds.com,Jakarta,12429
15750,AW00015750,Kaitlin,Martinez,M,F,2010-07-03,kaitlin.martinez@winds.com,Delhi,27451
15751,AW00015751,Kristen,Xu,S,F,2010-07-03,kristen.xu@papers.com,Rome,16723
15752,AW00015752,Bobby,Rodriguez,M,M,2010-07-03,bobby.rodriguez@winds.com,Tokyo,23155
15753,AW00015753,Margaret,Li,S,F,2010-07-03,margaret.li@winds.com,Shanghai,45725
15754,AW00015754,Crystal,Xu,S,F,2010-07-03,crystal.xu@circles.com,Tokyo,31435
15755,AW00015755,Connor,Flores,M,M,2010-07-04,connor.flores@winds.com,Berlin,58103
15756,AW00015756,Kari,Gutierrez,S,F,2010-07-04,kari.gutierrez@nappa.com,Paris,51067
15757,AW00015757,Edwin,Ferrier,S,M,2010-07-04,edwin.ferrier@winds.com,Istanbul,25469
15758,AW00015758,Arturo,Andersen,M,M,2010-07-04,arturo.andersen@nappa.com,Berlin,57938
15759,AW00015759,Erin,Brooks,M,F,2010-07-04,erin.brooks@winds.com,Delhi,40095
15760,AW00015760,Richard,James,M,M,2010-07-04,richard.james@cappo.com,Delhi,44905
15761,AW00015761,Xavier,Thompson,S,M,2010-07-04,xavier.thompson@towels.com,Berlin,13043
15762,AW00015762,Garrett,Stewart,S,M,2010-07-04,garrett.stewart@nappa.com,Istanbul,18156
15763,AW00015763,Xavier,Young,M,M,2010-07-04,xavier.young@fountains.com,Rome,41229
15764,AW00015764,Louis,Guo,S,M,2010-07-04,louis.guo@circles.com,Shanghai,25723
15765,AW00015765,Gilbert,Deng,M,M,2010-07-04,gilbert.deng@sticks.com,Seoul,53154
15766,AW00015766,Priscilla,Black,S,F,2010-07-04,priscilla.black@papers.com,Jakarta,24094
15767,AW00015767,George,Prasad,S,M,2010-07-04,george.prasad@papers.com,Jakarta,19247
15768,AW00015768,Victoria,Walker,M,F,2010-07-04,victoria.walker@circles.com,Paris,46691
15769,AW00015769,Kelly,Coleman,M,F,2010-07-05,kelly.coleman@nappa.com,Shanghai,13917
15770,AW00015770,Xavier,Brooks,S,M,2010-07-05,xavier.brooks@hostinger.com,Delhi,34227
15771,AW00015771,Maria,Diaz,M,F,2010-07-05,maria.diaz@towels.com,Seoul,54645
15772,AW00015772,Christopher,Anderson,M,M,2010-07-05,christopher.anderson@papers.com,Bangkok,40534
15773,AW00015773,Dylan,Jenkins,M,M,2010-07-05,dylan.jenkins@towels.com,Berlin,13655
15774,AW00015774,Natalie,Kelly,M,F,2010-07-05,natalie.kelly@cappo.com,Jakarta,55782
15775,AW00015775,Michelle,Ward,M,F,2010-07-05,michelle.ward@circles.com,London,40003
15776,AW00015776,Jesse,Mitchell,M,M,2010-07-05,jesse.mitchell@papers.com,Istanbul,26040
15777,AW00015777,Brianna,Smith,M,F,2010-07-05,brianna.smith@mouse.com,Bangkok,53296
15778,AW00015778,José,Miller,S,M,2010-07-05,josé.miller@fountains.com,Paris,32058
15779,AW00015779,Jackson,Hayes,M,M,2010-07-05,jackson.hayes@winds.com,Tokyo,55814
15780,AW00015780,Claudia,McDonald,M,F,2010-07-05,claudia.mcdonald@towels.com,Istanbul,13562
15781,AW00015781,Blake,Evans,M,M,2010-07-05,blake.evans@papers.com,Berlin,44450
15782,AW00015782,Katelyn,Collins,M,F,2010-07-05,katelyn.collins@winds.com,Jakarta,59891
15783,AW00015783,David,Alexander,M,M,2010-07-06,david.alexander@fountains.com,Shanghai,36109
15784,AW00015784,Rebekah,Vazquez,M,F,2010-07-06,rebekah.vazquez@papers.com,Paris,34705
15785,AW00015785,Edwin,Zhang,S,M,2010-07-06,edwin.zhang@hostinger.com,Berlin,30625
15786,AW00015786,Marshall,Andersen,M,M,2010-07-06,marshall.andersen@fountains.com,Bangkok,11210
15787,AW00015787,Cynthia,Gonzalez,S,F,2010-07-06,cynthia.gonzalez@sticks.com,Tokyo,26408
15788,AW00015788,Barbara,Li,S,F,2010-07-06,barbara.li@circles.com,Delhi,53098
15789,AW00015789,Steve,Schmidt,S,F,2010-07-06,steve.schmidt@sticks.com,Shanghai,24696
15790,AW00015790,Colin,Xu,S,M,2010-07-06,colin.xu@winds.com,Singapore,26859
15791,AW00015791,Megan,Long,M,F,2010-07-06,megan.long@nappa.com,Singapore,51127
15792,AW00015792,Ernest,Zhou,M,M,2010-07-07,ernest.zhou@hostinger.com,Delhi,14041
15793,AW00015793,Renee,Navarro,S,F,2010-07-07,renee.navarro@fountains.com,Seoul,29715
15794,AW00015794,Tonya,Chander,M,F,2010-07-07,tonya.chander@circles.com,Mumbai,18863
15795,AW00015795,Diane,Munoz,M,F,2010-07-07,diane.munoz@nappa.com,Singapore,38415
15796,AW00015796,Edward,Hayes,M,M,2010-07-07,edward.hayes@fountains.com,Jakarta,18661
15797,AW00015797,Isaac,Cox,M,M,2010-07-07,isaac.cox@sticks.com,Madrid,35043
15798,AW00015798,Anne,Munoz,S,F,2010-07-07,anne.munoz@fountains.com,Tokyo,56201
15799,AW00015799,Victoria,Anderson,M,F,2010-07-08,victoria.anderson@towels.com,Istanbul,27609
15800,AW00015800,Alberto,Serrano,S,M,2010-07-08,alberto.serrano@winds.com,Bangkok,12156
15801,AW00015801,Katrina,Shen,S,F,2010-07-08,katrina.shen@mouse.com,London,22686
15802,AW00015802,Bridget,Kumar,S,F,2010-07-08,bridget.kumar@towels.com,Singapore,54442
15803,AW00015803,Bradley,Goel,M,M,2010-07-08,bradley.goel@fountains.com,Delhi,12890
15804,AW00015804,Brittney,Liu,M,F,2010-07-08,brittney.liu@hostinger.com,Paris,59039
15805,AW00015805,Dawn,Lin,M,F,2010-07-08,dawn.lin@circles.com,Bangkok,20346
15806,AW00015806,Devin,Allen,M,M,2010-07-08,devin.allen@towels.com,Rome,43317
15807,AW00015807,Scot,Schulte,S,M,2010-07-09,scot.schulte@winds.com,Moscow,30723
15808,AW00015808,Natasha,Blanco,M,F,2010-07-09,natasha.blanco@cappo.com,Madrid,20021
15809,AW00015809,Christian,Sharma,M,M,2010-07-09,christian.sharma@circles.com,Istanbul,10471
15810,AW00015810,Regina,Kapoor,M,F,2010-07-09,regina.kapoor@mouse.com,London,28645
15811,AW00015811,Barbara,Schultz,M,M,2010-07-09,barbara.schultz@nappa.com,London,16629
15812,AW00015812,Logan,Allen,M,M,2010-07-09,logan.allen@towels.com,Jakarta,57958
15813,AW00015813,Julian,Diaz,S,M,2010-07-09,julian.diaz@winds.com,Madrid,25343
15814,AW00015814,Monica,Subram,S,F,2010-07-09,monica.subram@cappo.com,Mumbai,26177
15815,AW00015815,Nicole,Price,S,F,2010-07-09,nicole.price@cappo.com,Istanbul,12825
15816,AW00015816,Victoria,Miller,M,F,2010-07-09,victoria.miller@papers.com,Tokyo,35710
15817,AW00015817,Chloe,Alexander,S,F,2010-07-10,chloe.alexander@nappa.com,Istanbul,18717
15818,AW00015818,Stanley,Perez,M,M,2010-07-10,stanley.perez@cappo.com,Bangkok,14334
15819,AW00015819,Savannah,Cox,S,F,2010-07-10,savannah.cox@mouse.com,Seoul,28774
15820,AW00015820,Chase,Ward,M,M,2010-07-10,chase.ward@fountains.com,Delhi,52970
15821,AW00015821,Logan,Anderson,S,M,2010-07-10,logan.anderson@winds.com,Shanghai,38701
15822,AW00015822,Damien,Zhu,M,M,2010-07-10,damien.zhu@cappo.com,Delhi,10446
15823,AW00015823,Sharon,Tang,S,F,2010-07-10,sharon.tang@papers.com,Delhi,34176
15824,AW00015824,Lindsay,Kumar,S,F,2010-07-10,lindsay.kumar@circles.com,Madrid,52143
15825,AW00015825,Angela,Simmons,S,F,2010-07-10,angela.simmons@hostinger.com,Madrid,39688
15826,AW00015826,Marissa,Price,S,F,2010-07-10,marissa.price@circles.com,Moscow,30807
15827,AW00015827,Danielle,Ward,S,F,2010-07-11,danielle.ward@towels.com,Tokyo,50292
15828,AW00015828,Robyn,Ramos,M,F,2010-07-11,robyn.ramos@fountains.com,Berlin,59531
15829,AW00015829,Devin,Diaz,S,M,2010-07-11,devin.diaz@hostinger.com,Delhi,24754
15830,AW00015830,Naomi,Alonso,M,F,2010-07-11,naomi.alonso@papers.com,Rome,30976
15831,AW00015831,Omar,He,M,M,2010-07-11,omar.he@winds.com,Seoul,53797
15832,AW00015832,Manuel,Martinez,S,M,2010-07-11,manuel.martinez@winds.com,London,50980
15833,AW00015833,Tabitha,Kovar,S,F,2010-07-11,tabitha.kovar@winds.com,Rome,34419
15834,AW00015834,Rebecca,Green,S,F,2010-07-12,rebecca.green@winds.com,Berlin,31910
15835,AW00015835,Marcus,Smith,S,M,2010-07-12,marcus.smith@fountains.com,Paris,36370
15836,AW00015836,Devin,Jackson,S,M,2010-07-12,devin.jackson@fountains.com,Paris,57394
15837,AW00015837,Julia,Johnston,S,F,2010-07-12,julia.johnston@nappa.com,Delhi,18021
15838,AW00015838,Julia,Taylor,S,F,2010-07-13,julia.taylor@towels.com,Berlin,54075
15839,AW00015839,William,Taylor,S,M,2010-07-13,william.taylor@nappa.com,Paris,26973
15840,AW00015840,Natalie,Peterson,M,F,2010-07-13,natalie.peterson@sticks.com,Singapore,30198
15841,AW00015841,Luis,Shan,S,M,2010-07-13,luis.shan@papers.com,Bangkok,59531
15842,AW00015842,Haley,Gray,M,F,2010-07-14,haley.gray@sticks.com,Mumbai,10224
15843,AW00015843,Caleb,Wright,S,M,2010-07-14,caleb.wright@hostinger.com,Berlin,58386
15844,AW00015844,Megan,Brown,M,F,2010-07-14,megan.brown@circles.com,Berlin,18400
15845,AW00015845,Mackenzie,Carter,M,F,2010-07-14,mackenzie.carter@sticks.com,London,28839
15846,AW00015846,Julian,Flores,S,M,2010-07-14,julian.flores@nappa.com,Seoul,23577
15847,AW00015847,Edward,White,M,M,2010-07-14,edward.white@hostinger.com,London,49016
15848,AW00015848,Gabrielle,Hernandez,M,F,2010-07-14,gabrielle.hernandez@circles.com,Bangkok,38018
15849,AW00015849,Destiny,Kelly,S,F,2010-07-14,destiny.kelly@cappo.com,Mumbai,13469
15850,AW00015850,Rachel,Bradley,S,F,2010-07-15,rachel.bradley@winds.com,Berlin,22702
15851,AW00015851,Taylor,Anderson,S,F,2010-07-15,taylor.anderson@fountains.com,Berlin,45527
15852,AW00015852,Oscar,Henderson,S,M,2010-07-15,oscar.henderson@winds.com,Singapore,29531
15853,AW00015853,Jasmine,Brown,M,F,2010-07-15,jasmine.brown@fountains.com,Shanghai,18865
15854,AW00015854,Miranda,Wood,M,F,2010-07-15,miranda.wood@towels.com,Seoul,54416
15855,AW00015855,Noah,Jones,M,M,2010-07-15,noah.jones@mouse.com,Berlin,49171
15856,AW00015856,Luis,Gonzales,M,M,2010-07-15,luis.gonzales@hostinger.com,Shanghai,38241
15857,AW00015857,Isabella,White,S,F,2010-07-15,isabella.white@hostinger.com,Moscow,29182
15858,AW00015858,Jonathan,Parker,M,M,2010-07-16,jonathan.parker@winds.com,Tokyo,40888
15859,AW00015859,Abigail,Ramirez,S,F,2010-07-16,abigail.ramirez@fountains.com,Bangkok,23738
15860,AW00015860,Joe,Moreno,S,M,2010-07-16,joe.moreno@mouse.com,Bangkok,15104
15861,AW00015861,Damien,Zhao,S,M,2010-07-16,damien.zhao@towels.com,Singapore,27947
15862,AW00015862,Sriniwa,Narayanan,S,F,2010-07-16,sriniwa.narayanan@cappo.com,Tokyo,54219
15863,AW00015863,Adam,Scott,M,M,2010-07-16,adam.scott@fountains.com,Istanbul,24225
15864,AW00015864,Lauren,Bailey,S,F,2010-07-16,lauren.bailey@papers.com,Jakarta,22347
15865,AW00015865,Isabel,Price,S,F,2010-07-16,isabel.price@towels.com,Seoul,51190
15866,AW00015866,Abigail,White,S,F,2010-07-16,abigail.white@circles.com,Jakarta,49029
15867,AW00015867,Victoria,White,S,F,2010-07-16,victoria.white@hostinger.com,Madrid,41183
15868,AW00015868,Caleb,Lal,S,M,2010-07-17,caleb.lal@cappo.com,Paris,20148
15869,AW00015869,Alexandra,Hall,S,F,2010-07-17,alexandra.hall@hostinger.com,Berlin,10459
15870,AW00015870,Zoe,Howard,S,F,2010-07-18,zoe.howard@papers.com,Mumbai,10406
15871,AW00015871,Ryan,Jai,M,M,2010-07-18,ryan.jai@nappa.com,Seoul,54686
15872,AW00015872,Gabriella,Gonzalez,M,F,2010-07-18,gabriella.gonzalez@towels.com,Berlin,10614
15873,AW00015873,Hailey,Richardson,M,F,2010-07-18,hailey.richardson@hostinger.com,London,57424
15874,AW00015874,Samuel,Martin,M,M,2010-07-18,samuel.martin@cappo.com,Tokyo,14825
15875,AW00015875,Devin,Morris,M,M,2010-07-18,devin.morris@winds.com,Jakarta,26110
15876,AW00015876,Eduardo,Turner,M,M,2010-07-18,eduardo.turner@papers.com,Jakarta,29480
15877,AW00015877,Jordan,Perez,M,M,2010-07-18,jordan.perez@papers.com,London,48516
15878,AW00015878,Kevin,Flores,M,M,2010-07-18,kevin.flores@cappo.com,Madrid,17299
15879,AW00015879,Tyler,Wilson,M,M,2010-07-18,tyler.wilson@circles.com,Rome,51788
15880,AW00015880,Patrick,Bailey,M,M,2010-07-18,patrick.bailey@cappo.com,London,43097
15881,AW00015881,Destiny,Williams,M,F,2010-07-19,destiny.williams@nappa.com,Paris,41126
15882,AW00015882,Maurice,Xie,S,M,2010-07-19,maurice.xie@winds.com,Berlin,57536
15883,AW00015883,Tristan,Coleman,M,M,2010-07-19,tristan.coleman@sticks.com,Seoul,38269
15884,AW00015884,Dakota,Bradley,M,M,2010-07-19,dakota.bradley@mouse.com,Moscow,51285
15885,AW00015885,Garrett,Sanchez,S,M,2010-07-19,garrett.sanchez@nappa.com,London,49419
15886,AW00015886,Matthew,Brown,S,M,2010-07-19,matthew.brown@mouse.com,Madrid,10987
15887,AW00015887,Deanna,Vazquez,M,F,2010-07-19,deanna.vazquez@sticks.com,London,13717
15888,AW00015888,Amanda,Richardson,M,F,2010-07-20,amanda.richardson@towels.com,Bangkok,37170
15889,AW00015889,Robert,Wright,M,M,2010-07-20,robert.wright@mouse.com,Istanbul,18486
15890,AW00015890,James,Russell,S,M,2010-07-20,james.russell@mouse.com,Mumbai,57908
15891,AW00015891,Jordan,Lopez,M,M,2010-07-20,jordan.lopez@winds.com,London,38352
15892,AW00015892,Pamela,Srini,S,F,2010-07-20,pamela.srini@nappa.com,Delhi,15200
15893,AW00015893,Yolanda,Xu,M,F,2010-07-20,yolanda.xu@mouse.com,Mumbai,46800
15894,AW00015894,Joanna,Gutierrez,M,F,2010-07-20,joanna.gutierrez@hostinger.com,Jakarta,48406
15895,AW00015895,Sophia,Parker,S,F,2010-07-21,sophia.parker@nappa.com,Istanbul,39138
15896,AW00015896,Samuel,Jones,M,M,2010-07-21,samuel.jones@hostinger.com,Madrid,51665
15897,AW00015897,Haley,Cooper,S,F,2010-07-21,haley.cooper@cappo.com,Istanbul,10210
15898,AW00015898,Isaiah,Gonzalez,M,M,2010-07-21,isaiah.gonzalez@papers.com,Tokyo,45955
15899,AW00015899,Ian,James,M,M,2010-07-21,ian.james@winds.com,Jakarta,45234
15900,AW00015900,Wyatt,Roberts,S,M,2010-07-21,wyatt.roberts@fountains.com,Jakarta,45560
15901,AW00015901,Taylor,Bryant,S,F,2010-07-21,taylor.bryant@fountains.com,Delhi,28142
15902,AW00015902,Robert,Diaz,M,M,2010-07-21,robert.diaz@winds.com,Istanbul,50054
15903,AW00015903,Abigail,Barnes,M,F,2010-07-21,abigail.barnes@fountains.com,Istanbul,30111
15904,AW00015904,Janice,Bennett,M,F,2010-07-21,janice.bennett@nappa.com,Mumbai,42599
15905,AW00015905,Taylor,Taylor,S,F,2010-07-21,taylor.taylor@towels.com,Bangkok,22281
15906,AW00015906,Kaitlyn,Lewis,S,F,2010-07-22,kaitlyn.lewis@sticks.com,Mumbai,38434
15907,AW00015907,Steven,Bailey,M,M,2010-07-22,steven.bailey@hostinger.com,Singapore,19435
15908,AW00015908,David,Wilson,M,M,2010-07-22,david.wilson@hostinger.com,Tokyo,49212
15909,AW00015909,Cassidy,Ross,M,F,2010-07-22,cassidy.ross@winds.com,Singapore,44179
15910,AW00015910,Caleb,Hughes,M,M,2010-07-22,caleb.hughes@mouse.com,Rome,57909
15911,AW00015911,Maria,Baker,M,F,2010-07-22,maria.baker@nappa.com,Jakarta,46171
15912,AW00015912,Mya,Simmons,S,F,2010-07-22,mya.simmons@cappo.com,Bangkok,26496
15913,AW00015913,Antonio,Hughes,M,M,2010-07-22,antonio.hughes@winds.com,Rome,23636
15914,AW00015914,Logan,Bryant,S,M,2010-07-22,logan.bryant@sticks.com,Moscow,21208
15915,AW00015915,Alex,Cox,S,M,2010-07-22,alex.cox@papers.com,Delhi,11882
15916,AW00015916,Brandon,Walker,M,M,2010-07-22,brandon.walker@nappa.com,Seoul,37829
15917,AW00015917,Emily,White,M,F,2010-07-23,emily.white@papers.com,Shanghai,36369
15918,AW00015918,Roberto,Ruiz,S,M,2010-07-23,roberto.ruiz@papers.com,Berlin,38583
15919,AW00015919,Rebekah,Prasad,M,F,2010-07-23,rebekah.prasad@circles.com,Seoul,25302
15920,AW00015920,Colin,Wu,S,M,2010-07-23,colin.wu@papers.com,Mumbai,57905
15921,AW00015921,Donald,Patel,S,M,2010-07-23,donald.patel@papers.com,Bangkok,47361
15922,AW00015922,Roger,Kumar,M,M,2010-07-23,roger.kumar@sticks.com,Jakarta,24409
15923,AW00015923,Ricardo,Raje,S,M,2010-07-23,ricardo.raje@towels.com,Mumbai,30320
15924,AW00015924,Omar,Wang,M,M,2010-07-24,omar.wang@circles.com,Berlin,44720
15925,AW00015925,Stanley,Subram,M,M,2010-07-24,stanley.subram@fountains.com,Paris,29984
15926,AW00015926,Donna,Deng,S,F,2010-07-24,donna.deng@towels.com,Mumbai,15966
15927,AW00015927,Gilbert,Huang,S,M,2010-07-24,gilbert.huang@nappa.com,Delhi,19683
15928,AW00015928,Priscilla,Pal,S,F,2010-07-24,priscilla.pal@cappo.com,Singapore,15502
15929,AW00015929,Karla,Raji,M,F,2010-07-24,karla.raji@fountains.com,Mumbai,44380
15930,AW00015930,Tiffany,He,M,F,2010-07-25,tiffany.he@fountains.com,Seoul,12912
15931,AW00015931,Micah,Xu,M,M,2010-07-25,micah.xu@papers.com,Jakarta,22470
15932,AW00015932,Tabitha,Jimenez,M,F,2010-07-25,tabitha.jimenez@nappa.com,London,32692
15933,AW00015933,Clinton,Dominguez,S,M,2010-07-25,clinton.dominguez@cappo.com,Singapore,11933
15934,AW00015934,Nichole,Raji,S,F,2010-07-25,nichole.raji@cappo.com,Paris,47799
15935,AW00015935,Amber,King,M,F,2010-07-25,amber.king@nappa.com,Paris,33917
15936,AW00015936,Abigail,Johnson,M,F,2010-07-25,abigail.johnson@hostinger.com,Tokyo,36361
15937,AW00015937,Grace,Lewis,M,F,2010-07-25,grace.lewis@towels.com,Jakarta,29346
15938,AW00015938,Sean,Collins,M,M,2010-07-25,sean.collins@sticks.com,Berlin,53637
15939,AW00015939,Jennifer,Brown,M,F,2010-07-25,jennifer.brown@hostinger.com,London,14808
15940,AW00015940,Jack,Bryant,M,M,2010-07-26,jack.bryant@winds.com,London,35213
15941,AW00015941,Bailey,Brooks,S,F,2010-07-26,bailey.brooks@mouse.com,Istanbul,25522
15942,AW00015942,Lucas,Rodriguez,M,M,2010-07-26,lucas.rodriguez@mouse.com,London,32159
15943,AW00015943,Richard,Watson,M,M,2010-07-26,richard.watson@papers.com,Delhi,21656
15944,AW00015944,Damien,Lu,M,M,2010-07-26,damien.lu@hostinger.com,Mumbai,36463
15945,AW00015945,Alexandria,Kelly,M,F,2010-07-26,alexandria.kelly@hostinger.com,Mumbai,57115
15946,AW00015946,Wyatt,Wilson,S,M,2010-07-26,wyatt.wilson@circles.com,Tokyo,32798
15947,AW00015947,Michelle,Blue,M,F,2010-07-26,michelle.blue@nappa.com,Shanghai,25273
15948,AW00015948,Angela,Hughes,S,F,2010-07-26,angela.hughes@mouse.com,Jakarta,10537
15949,AW00015949,Katherine,Green,M,F,2010-07-27,katherine.green@nappa.com,Shanghai,18678
15950,AW00015950,Erin,Peterson,M,F,2010-07-27,erin.peterson@fountains.com,Shanghai,23184
15951,AW00015951,Jenna,Baker,M,F,2010-07-27,jenna.baker@fountains.com,Singapore,16221
15952,AW00015952,Evan,Cooper,M,M,2010-07-27,evan.cooper@hostinger.com,Bangkok,13843
15953,AW00015953,Julio,Moreno,M,M,2010-07-27,julio.moreno@winds.com,Paris,30726
15954,AW00015954,Marshall,Deng,M,M,2010-07-27,marshall.deng@fountains.com,London,46345
15955,AW00015955,Neil,Ortega,M,M,2010-07-27,neil.ortega@sticks.com,London,45386
15956,AW00015956,Ryan,Li,M,M,2010-07-27,ryan.li@papers.com,Delhi,31494
15957,AW00015957,Samuel,Ross,S,M,2010-07-28,samuel.ross@fountains.com,Bangkok,50644
15958,AW00015958,Nicole,Ross,M,F,2010-07-28,nicole.ross@towels.com,London,33629
15959,AW00015959,Logan,Rodriguez,M,M,2010-07-28,logan.rodriguez@fountains.com,Moscow,50869
15960,AW00015960,Brianna,Bryant,M,F,2010-07-28,brianna.bryant@winds.com,Mumbai,53050
15961,AW00015961,Ashley,Walker,S,F,2010-07-28,ashley.walker@hostinger.com,Jakarta,32006
15962,AW00015962,Benjamin,Winter,S,M,2010-07-28,benjamin.winter@winds.com,Bangkok,51285
15963,AW00015963,Madison,Smith,S,F,2010-07-28,madison.smith@papers.com,Tokyo,15692
15964,AW00015964,Steven,Cox,S,M,2010-07-29,steven.cox@winds.com,Jakarta,29367
15965,AW00015965,Jennifer,Watson,S,F,2010-07-29,jennifer.watson@hostinger.com,Istanbul,50226
15966,AW00015966,Natalie,Foster,M,F,2010-07-29,natalie.foster@cappo.com,Istanbul,26491
15967,AW00015967,Dakota,Diaz,M,M,2010-07-29,dakota.diaz@sticks.com,Bangkok,45932
15968,AW00015968,Edward,Gonzalez,S,M,2010-07-29,edward.gonzalez@nappa.com,Rome,34057
15969,AW00015969,Sean,Murphy,S,M,2010-07-29,sean.murphy@cappo.com,Istanbul,13022
15970,AW00015970,Samuel,Thompson,S,M,2010-07-29,samuel.thompson@winds.com,Istanbul,31908
15971,AW00015971,Ryan,Jenkins,M,M,2010-07-29,ryan.jenkins@fountains.com,Mumbai,12190
15972,AW00015972,Caitlin,Bailey,M,F,2010-07-29,caitlin.bailey@nappa.com,Singapore,55319
15973,AW00015973,Christopher,Garcia,M,M,2010-07-29,christopher.garcia@hostinger.com,Delhi,15931
15974,AW00015974,Marcus,Green,M,M,2010-07-30,marcus.green@winds.com,Madrid,35216
15975,AW00015975,Gabrielle,Collins,S,F,2010-07-30,gabrielle.collins@fountains.com,Tokyo,32646
15976,AW00015976,Kristopher,Patel,S,M,2010-07-30,kristopher.patel@hostinger.com,Singapore,49564
15977,AW00015977,Julia,Harris,M,F,2010-07-30,julia.harris@fountains.com,Delhi,56603
15978,AW00015978,Xavier,Walker,M,M,2010-07-30,xavier.walker@nappa.com,Moscow,36709
15979,AW00015979,Nicole,Cook,M,F,2010-07-30,nicole.cook@circles.com,Singapore,59091
15980,AW00015980,Gabrielle,Morgan,S,F,2010-07-30,gabrielle.morgan@nappa.com,Paris,50268
15981,AW00015981,Gabriel,Powell,S,M,2010-07-30,gabriel.powell@nappa.com,London,34278
15982,AW00015982,Jose,Evans,M,M,2010-07-30,jose.evans@mouse.com,Shanghai,41018
15983,AW00015983,Alexis,Ross,M,F,2010-07-30,alexis.ross@hostinger.com,Berlin,24135
15984,AW00015984,Nathan,Wright,M,M,2010-07-30,nathan.wright@hostinger.com,Madrid,22766
15985,AW00015985,Devin,Johnson,M,M,2010-07-30,devin.johnson@nappa.com,Seoul,42988
15986,AW00015986,Dalton,Sanchez,S,M,2010-07-30,dalton.sanchez@circles.com,Moscow,10706
15987,AW00015987,Nicole,Kelly,M,F,2010-07-30,nicole.kelly@fountains.com,Jakarta,20792
15988,AW00015988,Edward,Moore,M,M,2010-07-30,edward.moore@mouse.com,Madrid,36384
15989,AW00015989,Savannah,Campbell,M,F,2010-07-31,savannah.campbell@cappo.com,Jakarta,34508
15990,AW00015990,Eduardo,Richardson,S,M,2010-07-31,eduardo.richardson@nappa.com,Tokyo,32190
15991,AW00015991,David,Taylor,M,M,2010-07-31,david.taylor@winds.com,Paris,10607
15992,AW00015992,Isabelle,Alexander,S,F,2010-07-31,isabelle.alexander@circles.com,Berlin,49409
15993,AW00015993,Spencer,Coleman,M,M,2010-07-31,spencer.coleman@nappa.com,Seoul,50768
15994,AW00015994,Olivia,Blue,M,F,2010-07-31,olivia.blue@nappa.com,Rome,41142
15995,AW00015995,Kaitlyn,Johnson,M,F,2010-07-31,kaitlyn.johnson@nappa.com,Berlin,12613
15996,AW00015996,Emily,Barnes,M,F,2010-07-31,emily.barnes@papers.com,Bangkok,41612
15997,AW00015997,Melissa,Jenkins,M,F,2010-07-31,melissa.jenkins@nappa.com,Tokyo,31827
15998,AW00015998,Marissa,Flores,M,F,2010-07-31,marissa.flores@sticks.com,Bangkok,30968
15999,AW00015999,Maria,Hill,M,F,2010-07-31,maria.hill@hostinger.com,Mumbai,27592
16000,AW00016000,Gabrielle,Ramirez,M,F,2010-07-31,gabrielle.ramirez@papers.com,Bangkok,42458
16001,AW00016001,Ricardo,Pal,M,M,2010-08-01,ricardo.pal@sticks.com,Moscow,39192
16002,AW00016002,Paige,Hayes,M,F,2010-08-01,paige.hayes@circles.com,Singapore,19146
16003,AW00016003,Carol,Robinson,M,F,2010-08-01,carol.robinson@sticks.com,Moscow,55986
16004,AW00016004,Joe,Martinez,M,M,2010-08-01,joe.martinez@hostinger.com,Bangkok,18578
16005,AW00016005,Jordan,Hill,S,M,2010-08-01,jordan.hill@fountains.com,Jakarta,27432
16006,AW00016006,Angelica,Henderson,M,F,2010-08-01,angelica.henderson@winds.com,Paris,41206
16007,AW00016007,Janelle,Gonzalez,M,F,2010-08-01,janelle.gonzalez@fountains.com,Rome,15325
16008,AW00016008,Morgan,Allen,M,F,2010-08-01,morgan.allen@cappo.com,Singapore,34619
16009,AW00016009,Matthew,Martinez,S,M,2010-08-01,matthew.martinez@hostinger.com,Madrid,23433
16010,AW00016010,Nicole,Wood,M,F,2010-08-01,nicole.wood@fountains.com,Madrid,36361
16011,AW00016011,Maria,Murphy,M,F,2010-08-02,maria.murphy@fountains.com,Jakarta,59883
16012,AW00016012,Grace,Cooper,S,F,2010-08-02,grace.cooper@mouse.com,Berlin,43153
16013,AW00016013,Xavier,Williams,S,M,2010-08-02,xavier.williams@sticks.com,Moscow,12191
16014,AW00016014,Christopher,Wilson,M,M,2010-08-02,christopher.wilson@winds.com,Tokyo,19900
16015,AW00016015,Jessica,Cooper,S,F,2010-08-02,jessica.cooper@cappo.com,Bangkok,30285
16016,AW00016016,Bradley,She,M,M,2010-08-02,bradley.she@papers.com,Delhi,25001
16017,AW00016017,Jeremy,Ramirez,M,M,2010-08-03,jeremy.ramirez@cappo.com,Berlin,50477
16018,AW00016018,Emma,Henderson,S,F,2010-08-03,emma.henderson@papers.com,Rome,30098
16019,AW00016019,Amber,Hernandez,S,F,2010-08-03,amber.hernandez@winds.com,Seoul,55534
16020,AW00016020,Thomas,Diaz,M,M,2010-08-03,thomas.diaz@nappa.com,Jakarta,26583
16021,AW00016021,Shelby,Sanchez,S,F,2010-08-03,shelby.sanchez@sticks.com,Madrid,51672
16022,AW00016022,Devin,Hernandez,S,M,2010-08-03,devin.hernandez@hostinger.com,Seoul,17619
16023,AW00016023,Willie,Zhang,S,M,2010-08-03,willie.zhang@hostinger.com,Madrid,15327
16024,AW00016024,Isaac,Hill,M,M,2010-08-03,isaac.hill@sticks.com,Delhi,25331
16025,AW00016025,Jorge,Sun,M,M,2010-08-03,jorge.sun@hostinger.com,Istanbul,51005
16026,AW00016026,Byron,Jiménez,M,M,2010-08-04,byron.jiménez@hostinger.com,Berlin,38576
16027,AW00016027,Anne,Vazquez,M,F,2010-08-04,anne.vazquez@sticks.com,Mumbai,17216
16028,AW00016028,Cody,Cooper,M,M,2010-08-04,cody.cooper@nappa.com,Rome,19449
16029,AW00016029,Abby,Patel,M,F,2010-08-04,abby.patel@hostinger.com,Madrid,52210
16030,AW00016030,Max,Martin,M,M,2010-08-04,max.martin@papers.com,Rome,35294
16031,AW00016031,Ian,Allen,M,M,2010-08-04,ian.allen@mouse.com,Delhi,22728
16032,AW00016032,Colin,Chavez,M,M,2010-08-04,colin.chavez@sticks.com,Berlin,35235
16033,AW00016033,Erica,Lin,M,F,2010-08-04,erica.lin@papers.com,Madrid,41891
16034,AW00016034,Pamela,Suri,M,F,2010-08-05,pamela.suri@sticks.com,Paris,17315
16035,AW00016035,Sebastian,Morgan,M,M,2010-08-05,sebastian.morgan@sticks.com,Jakarta,31658
16036,AW00016036,Maria,Long,M,F,2010-08-05,maria.long@nappa.com,Istanbul,19609
16037,AW00016037,Melissa,Kelly,M,F,2010-08-05,melissa.kelly@hostinger.com,Istanbul,37592
16038,AW00016038,Roy,Sai,M,M,2010-08-05,roy.sai@nappa.com,Paris,47689
16039,AW00016039,Steve,Yang,M,M,2010-08-05,steve.yang@sticks.com,Berlin,56794
16040,AW00016040,Casey,Gill,M,M,2010-08-05,casey.gill@papers.com,Mumbai,41618
16041,AW00016041,Pedro,Raman,S,M,2010-08-05,pedro.raman@nappa.com,Mumbai,39374
16042,AW00016042,Ian,Hall,S,M,2010-08-05,ian.hall@sticks.com,Shanghai,41510
16043,AW00016043,Mathew,Romero,S,M,2010-08-05,mathew.romero@nappa.com,Singapore,44144
16044,AW00016044,Connie,Rai,M,F,2010-08-05,connie.rai@mouse.com,Berlin,17627
16045,AW00016045,Evelyn,Sara,M,F,2010-08-06,evelyn.sara@sticks.com,Singapore,59921
16046,AW00016046,Robyn,Gomez,S,F,2010-08-06,robyn.gomez@hostinger.com,Delhi,26612
16047,AW00016047,Taylor,Johnson,M,F,2010-08-06,taylor.johnson@sticks.com,Tokyo,32392
16048,AW00016048,Kelli,Yang,S,F,2010-08-06,kelli.yang@papers.com,Paris,46269
16049,AW00016049,Ashlee,Nara,M,F,2010-08-06,ashlee.nara@fountains.com,Seoul,32485
16050,AW00016050,Reginald,Moreno,M,M,2010-08-06,reginald.moreno@sticks.com,Jakarta,48467
16051,AW00016051,Leonard,Xu,M,M,2010-08-06,leonard.xu@cappo.com,London,54917
16052,AW00016052,Danny,Gutierrez,M,M,2010-08-07,danny.gutierrez@hostinger.com,London,52176
16053,AW00016053,Frederick,Perez,M,M,2010-08-07,frederick.perez@sticks.com,Moscow,54295
16054,AW00016054,Hector,Ortega,S,M,2010-08-07,hector.ortega@sticks.com,London,37918
16055,AW00016055,Ryan,Lee,M,M,2010-08-07,ryan.lee@towels.com,London,49710
16056,AW00016056,Alison,Shan,M,F,2010-08-07,alison.shan@mouse.com,Istanbul,17005
16057,AW00016057,Michele,Gomez,M,F,2010-08-07,michele.gomez@hostinger.com,Moscow,46285
16058,AW00016058,Margaret,Zhang,M,F,2010-08-07,margaret.zhang@cappo.com,Jakarta,44852
16059,AW00016059,Jésus,Carlson,M,M,2010-08-07,jésus.carlson@mouse.com,Rome,52890
16060,AW00016060,Antonio,Griffin,M,M,2010-08-08,antonio.griffin@nappa.com,Delhi,26524
16061,AW00016061,Miguel,Butler,M,M,2010-08-08,miguel.butler@papers.com,Singapore,25355
16062,AW00016062,Katherine,Johnson,M,F,2010-08-08,katherine.johnson@hostinger.com,London,42310
16063,AW00016063,Francisco,Kapoor,M,M,2010-08-08,francisco.kapoor@sticks.com,Jakarta,21054
16064,AW00016064,Isabella,Griffin,M,F,2010-08-08,isabella.griffin@cappo.com,Mumbai,45050
16065,AW00016065,Makayla,Torres,S,F,2010-08-08,makayla.torres@towels.com,Istanbul,22417
16066,AW00016066,Alex,Ramirez,M,M,2010-08-08,alex.ramirez@sticks.com,Madrid,17687
16067,AW00016067,Maria,Butler,S,F,2010-08-08,maria.butler@fountains.com,Istanbul,40673
16068,AW00016068,Jerry,Shen,S,M,2010-08-08,jerry.shen@hostinger.com,Mumbai,21564
16069,AW00016069,Brianna,Hall,S,F,2010-08-08,brianna.hall@winds.com,Istanbul,57809
16070,AW00016070,Sierra,Phillips,S,F,2010-08-08,sierra.phillips@fountains.com,Rome,17516
16071,AW00016071,Taylor,Rodriguez,M,F,2010-08-09,taylor.rodriguez@winds.com,Paris,20113
16072,AW00016072,Caleb,Evans,M,M,2010-08-09,caleb.evans@circles.com,Bangkok,13901
16073,AW00016073,Miranda,Bryant,S,F,2010-08-09,miranda.bryant@hostinger.com,Mumbai,23104
16074,AW00016074,Caleb,Roberts,M,M,2010-08-09,caleb.roberts@sticks.com,Delhi,42626
16075,AW00016075,Alexis,Johnson,S,F,2010-08-09,alexis.johnson@circles.com,Istanbul,13617
16076,AW00016076,Catherine,Rogers,M,F,2010-08-10,catherine.rogers@hostinger.com,Shanghai,48163
16077,AW00016077,Stephanie,Rogers,M,F,2010-08-10,stephanie.rogers@nappa.com,Bangkok,53979
16078,AW00016078,Nicole,James,M,F,2010-08-10,nicole.james@circles.com,Rome,29843
16079,AW00016079,Natalie,Carter,M,F,2010-08-11,natalie.carter@winds.com,Madrid,44680
16080,AW00016080,Oscar,Patterson,S,M,2010-08-11,oscar.patterson@mouse.com,Singapore,40307
16081,AW00016081,Arturo,Cai,M,M,2010-08-11,arturo.cai@nappa.com,Moscow,27354
16082,AW00016082,Autumn,Zeng,S,F,2010-08-11,autumn.zeng@towels.com,London,34891
16083,AW00016083,Mindy,Raje,M,F,2010-08-11,mindy.raje@circles.com,Istanbul,34570
16084,AW00016084,Allison,Wright,S,F,2010-08-11,allison.wright@fountains.com,Berlin,41182
16085,AW00016085,Trevor,Gonzales,M,M,2010-08-11,trevor.gonzales@circles.com,Madrid,58245
16086,AW00016086,Charles,Watson,M,M,2010-08-11,charles.watson@hostinger.com,Jakarta,38000
16087,AW00016087,Micah,Chen,S,M,2010-08-11,micah.chen@winds.com,Tokyo,19866
16088,AW00016088,Bryce,Sanders,S,M,2010-08-11,bryce.sanders@sticks.com,Bangkok,15610
16089,AW00016089,Lucas,Brooks,M,M,2010-08-12,lucas.brooks@hostinger.com,Rome,17021
16090,AW00016090,Emma,White,S,F,2010-08-12,emma.white@hostinger.com,Berlin,27855
16091,AW00016091,Alyssa,Lewis,S,F,2010-08-12,alyssa.lewis@papers.com,Seoul,37767
16092,AW00016092,Jessica,Bryant,M,F,2010-08-12,jessica.bryant@nappa.com,London,32461
16093,AW00016093,Kaitlyn,Morris,S,F,2010-08-12,kaitlyn.morris@sticks.com,Singapore,30265
16094,AW00016094,Kayla,Brown,S,F,2010-08-12,kayla.brown@circles.com,Berlin,38745
16095,AW00016095,Marcus,Garcia,M,M,2010-08-12,marcus.garcia@nappa.com,London,47086
16096,AW00016096,Kenneth,She,M,M,2010-08-13,kenneth.she@papers.com,Madrid,35932
16097,AW00016097,Jessica,Stewart,S,F,2010-08-13,jessica.stewart@mouse.com,Istanbul,37011
16098,AW00016098,Jasmine,Diaz,M,F,2010-08-13,jasmine.diaz@cappo.com,Jakarta,43477
16099,AW00016099,Julian,Jenkins,M,M,2010-08-13,julian.jenkins@sticks.com,Delhi,58010
16100,AW00016100,Jose,Johnson,S,M,2010-08-13,jose.johnson@papers.com,Madrid,21518
16101,AW00016101,Mary,Lopez,M,F,2010-08-13,mary.lopez@nappa.com,Jakarta,54416
16102,AW00016102,Marcus,Alexander,S,M,2010-08-13,marcus.alexander@circles.com,Shanghai,49954
16103,AW00016103,Haley,Hill,S,F,2010-08-13,haley.hill@towels.com,Paris,55154
16104,AW00016104,Jordan,Hernandez,S,F,2010-08-13,jordan.hernandez@circles.com,Shanghai,11742
16105,AW00016105,Kristy,Diaz,S,F,2010-08-14,kristy.diaz@circles.com,Berlin,58241
16106,AW00016106,Ian,Barnes,M,M,2010-08-14,ian.barnes@circles.com,Istanbul,31483
16107,AW00016107,Jordan,Edwards,S,F,2010-08-14,jordan.edwards@winds.com,Bangkok,17057
16108,AW00016108,Bryce,Howard,S,M,2010-08-14,bryce.howard@circles.com,Istanbul,21042
16109,AW00016109,Adam,Turner,S,M,2010-08-14,adam.turner@winds.com,Paris,13606
16110,AW00016110,Brandon,Long,M,M,2010-08-14,brandon.long@papers.com,Singapore,52500
16111,AW00016111,Allison,Green,S,F,2010-08-14,allison.green@nappa.com,Singapore,22973
16112,AW00016112,Frank,Munoz,S,M,2010-08-14,frank.munoz@sticks.com,Singapore,52367
16113,AW00016113,Roger,Lal,S,M,2010-08-14,roger.lal@papers.com,Moscow,52235
16114,AW00016114,Gavin,Ross,M,M,2010-08-14,gavin.ross@circles.com,Rome,17885
16115,AW00016115,Jennifer,Diaz,S,F,2010-08-15,jennifer.diaz@fountains.com,Singapore,56186
16116,AW00016116,Begoña,Hurtado,S,M,2010-08-15,begoña.hurtado@mouse.com,Tokyo,50883
16117,AW00016117,Brad,Lal,M,M,2010-08-15,brad.lal@fountains.com,Shanghai,30239
16118,AW00016118,James,Wright,M,M,2010-08-15,james.wright@sticks.com,Moscow,51556
16119,AW00016119,Hailey,Watson,M,F,2010-08-15,hailey.watson@towels.com,Rome,46845
16120,AW00016120,Bryce,Ramirez,M,M,2010-08-15,bryce.ramirez@papers.com,Jakarta,54703
16121,AW00016121,Kaitlyn,Ross,M,F,2010-08-15,kaitlyn.ross@hostinger.com,Jakarta,10887
16122,AW00016122,Jason,Phillips,M,M,2010-08-15,jason.phillips@cappo.com,Jakarta,39714
16123,AW00016123,Natalie,Patterson,M,F,2010-08-15,natalie.patterson@fountains.com,Tokyo,33983
16124,AW00016124,Eduardo,Murphy,M,M,2010-08-16,eduardo.murphy@nappa.com,Paris,18725
16125,AW00016125,Victoria,Watson,M,F,2010-08-16,victoria.watson@papers.com,Delhi,23982
16126,AW00016126,Faith,Kelly,M,F,2010-08-16,faith.kelly@cappo.com,Delhi,26748
16127,AW00016127,Amanda,Edwards,M,F,2010-08-16,amanda.edwards@nappa.com,Shanghai,53398
16128,AW00016128,Destiny,Ward,M,F,2010-08-16,destiny.ward@mouse.com,Singapore,43266
16129,AW00016129,Jordyn,Russell,S,F,2010-08-16,jordyn.russell@sticks.com,Paris,47515
16130,AW00016130,Mike,Seamans,S,F,2010-08-16,mike.seamans@mouse.com,Tokyo,28443
16131,AW00016131,Albert,Romero,S,M,2010-08-16,albert.romero@papers.com,Istanbul,41390
16132,AW00016132,Sierra,Nelson,M,F,2010-08-16,sierra.nelson@papers.com,London,30291
16133,AW00016133,Dylan,Simmons,S,M,2010-08-16,dylan.simmons@sticks.com,Bangkok,56340
16134,AW00016134,Roy,Hernandez,S,M,2010-08-16,roy.hernandez@towels.com,Delhi,57204
16135,AW00016135,Chelsea,Raman,S,F,2010-08-16,chelsea.raman@papers.com,Delhi,47535
16136,AW00016136,George,Srini,S,M,2010-08-17,george.srini@nappa.com,London,34237
16137,AW00016137,Timothy,King,S,M,2010-08-17,timothy.king@sticks.com,Mumbai,23200
16138,AW00016138,David,Butler,S,M,2010-08-17,david.butler@cappo.com,Rome,30035
16139,AW00016139,Jacqueline,Alexander,M,F,2010-08-17,jacqueline.alexander@towels.com,Rome,12726
16140,AW00016140,Seth,Harris,M,M,2010-08-17,seth.harris@nappa.com,Singapore,59401
16141,AW00016141,Shelby,Ramirez,M,F,2010-08-17,shelby.ramirez@papers.com,Jakarta,25445
16142,AW00016142,Sophia,King,S,F,2010-08-17,sophia.king@fountains.com,Singapore,14752
16143,AW00016143,Sara,Evans,M,F,2010-08-17,sara.evans@papers.com,Moscow,41278
16144,AW00016144,Patrick,Kelly,M,M,2010-08-17,patrick.kelly@cappo.com,Shanghai,54970
16145,AW00016145,Sydney,Anderson,S,F,2010-08-17,sydney.anderson@circles.com,Moscow,10933
16146,AW00016146,Jacquelyn,Saunders,M,F,2010-08-17,jacquelyn.saunders@circles.com,Jakarta,18173
16147,AW00016147,Nathan,Griffin,M,M,2010-08-17,nathan.griffin@sticks.com,Shanghai,28921
16148,AW00016148,Karen,Walker,M,F,2010-08-18,karen.walker@circles.com,Seoul,26358
16149,AW00016149,Dalton,Perry,S,M,2010-08-18,dalton.perry@mouse.com,Singapore,15201
16150,AW00016150,Nicole,Thompson,M,F,2010-08-18,nicole.thompson@towels.com,Jakarta,38950
16151,AW00016151,Chloe,Sanchez,M,F,2010-08-18,chloe.sanchez@hostinger.com,Istanbul,52876
16152,AW00016152,Katherine,Evans,M,F,2010-08-18,katherine.evans@papers.com,Delhi,53925
16153,AW00016153,Eric,Jai,M,M,2010-08-18,eric.jai@cappo.com,Rome,31098
16154,AW00016154,Jennifer,Scott,M,F,2010-08-18,jennifer.scott@papers.com,Moscow,23671
16155,AW00016155,Joan,Jenkins,M,F,2010-08-18,joan.jenkins@fountains.com,London,28111
16156,AW00016156,Javier,Hernandez,M,M,2010-08-18,javier.hernandez@sticks.com,Shanghai,13516
16157,AW00016157,Cindy,Raman,M,F,2010-08-18,cindy.raman@hostinger.com,Jakarta,24390
16158,AW00016158,Kathleen,Gomez,M,F,2010-08-18,kathleen.gomez@winds.com,Singapore,24738
16159,AW00016159,Mindy,Goldberg,M,F,2010-08-18,mindy.goldberg@towels.com,Rome,34561
16160,AW00016160,Erika,Hernandez,M,F,2010-08-19,erika.hernandez@sticks.com,Rome,22499
16161,AW00016161,Jodi,Deng,M,F,2010-08-19,jodi.deng@winds.com,Seoul,55141
16162,AW00016162,Mackenzie,Morgan,S,F,2010-08-19,mackenzie.morgan@towels.com,Tokyo,58654
16163,AW00016163,Willie,Chande,S,M,2010-08-19,willie.chande@hostinger.com,Seoul,37279
16164,AW00016164,Amy,Liang,S,F,2010-08-19,amy.liang@nappa.com,Rome,16003
16165,AW00016165,Jenny,Liu,M,F,2010-08-19,jenny.liu@papers.com,Bangkok,54302
16166,AW00016166,April,Goel,M,F,2010-08-19,april.goel@winds.com,Paris,10108
16167,AW00016167,Devin,Moore,M,M,2010-08-19,devin.moore@winds.com,Mumbai,10675
16168,AW00016168,Kathryn,Ashe,M,F,2010-08-19,kathryn.ashe@nappa.com,Delhi,12135
16169,AW00016169,Dennis,Lin,S,M,2010-08-19,dennis.lin@sticks.com,Istanbul,37280
16170,AW00016170,Juan,Rubio,S,M,2010-08-19,juan.rubio@winds.com,Singapore,50429
16171,AW00016171,Bruce,Ruiz,M,M,2010-08-19,bruce.ruiz@cappo.com,Rome,32569
16172,AW00016172,Janelle,Perez,S,F,2010-08-20,janelle.perez@circles.com,Bangkok,41656
16173,AW00016173,Cory,Rana,M,M,2010-08-20,cory.rana@cappo.com,Mumbai,14221
16174,AW00016174,Melinda,Hernandez,S,F,2010-08-20,melinda.hernandez@papers.com,Singapore,45965
16175,AW00016175,Tony,Shan,S,M,2010-08-20,tony.shan@sticks.com,Jakarta,50873
16176,AW00016176,Michele,Torres,S,F,2010-08-20,michele.torres@hostinger.com,Rome,23692
16177,AW00016177,Bethany,Nath,S,F,2010-08-20,bethany.nath@winds.com,Bangkok,55636
16178,AW00016178,Alfredo,Carlson,M,M,2010-08-20,alfredo.carlson@nappa.com,Madrid,26873
16179,AW00016179,Jamie,Zhao,S,F,2010-08-21,jamie.zhao@fountains.com,Seoul,43506
16180,AW00016180,Kyle,Perez,S,M,2010-08-21,kyle.perez@hostinger.com,Rome,37387
16181,AW00016181,Daisy,Rubio,S,F,2010-08-21,daisy.rubio@papers.com,Madrid,21101
16182,AW00016182,Louis,Sun,M,M,2010-08-21,louis.sun@towels.com,Paris,46682
16183,AW00016183,Tanya,Carlson,S,F,2010-08-21,tanya.carlson@hostinger.com,Delhi,20130
16184,AW00016184,Christine,She,M,F,2010-08-21,christine.she@mouse.com,London,18533
16185,AW00016185,Grant,Raji,S,M,2010-08-22,grant.raji@cappo.com,Delhi,54321
16186,AW00016186,Bethany,Raji,S,F,2010-08-22,bethany.raji@circles.com,Istanbul,16584
16187,AW00016187,Louis,Hu,S,M,2010-08-22,louis.hu@sticks.com,Singapore,28325
16188,AW00016188,Teresa,Torres,S,F,2010-08-22,teresa.torres@mouse.com,Mumbai,48228
16189,AW00016189,Amanda,Hughes,M,F,2010-08-22,amanda.hughes@circles.com,Rome,56193
16190,AW00016190,Lance,Alvarez,S,M,2010-08-22,lance.alvarez@fountains.com,London,16819
16191,AW00016191,Margaret,Zeng,S,F,2010-08-23,margaret.zeng@nappa.com,Mumbai,11052
16192,AW00016192,Marie,Lopez,S,F,2010-08-23,marie.lopez@nappa.com,Delhi,38001
16193,AW00016193,Victor,Rubio,S,M,2010-08-23,victor.rubio@papers.com,Shanghai,37164
16194,AW00016194,Katie,Deng,S,F,2010-08-23,katie.deng@towels.com,Singapore,45943
16195,AW00016195,Abby,Perez,M,F,2010-08-24,abby.perez@papers.com,Madrid,59652
16196,AW00016196,Kurt,Raheem,M,M,2010-08-24,kurt.raheem@mouse.com,Tokyo,27440
16197,AW00016197,Heidi,Prasad,S,F,2010-08-24,heidi.prasad@towels.com,Seoul,30634
16198,AW00016198,Arthur,Navarro,S,M,2010-08-24,arthur.navarro@sticks.com,Shanghai,10011
16199,AW00016199,Terrence,Xie,S,M,2010-08-24,terrence.xie@nappa.com,Delhi,42310
16200,AW00016200,Julia,Edwards,S,F,2010-08-24,julia.edwards@towels.com,Bangkok,15640
16201,AW00016201,Ross,Martin,S,M,2010-08-24,ross.martin@sticks.com,Shanghai,16595
16202,AW00016202,Kenneth,Jai,S,M,2010-08-24,kenneth.jai@circles.com,Bangkok,46568
16203,AW00016203,Warren,Raje,S,M,2010-08-24,warren.raje@circles.com,Shanghai,30619
16204,AW00016204,Terrence,Anand,S,M,2010-08-25,terrence.anand@nappa.com,Mumbai,28580
16205,AW00016205,Melanie,Sanders,S,F,2010-08-25,melanie.sanders@hostinger.com,Seoul,30426
16206,AW00016206,Cindy,Lewis,S,F,2010-08-25,cindy.lewis@hostinger.com,Jakarta,37591
16207,AW00016207,Jordan,Shan,S,M,2010-08-25,jordan.shan@papers.com,Seoul,29135
16208,AW00016208,Ruth,Chandra,S,F,2010-08-25,ruth.chandra@mouse.com,Tokyo,58741
16209,AW00016209,Carolyn,Alvarez,S,F,2010-08-25,carolyn.alvarez@sticks.com,Seoul,41896
16210,AW00016210,Olivia,Cooper,S,F,2010-08-25,olivia.cooper@cappo.com,Madrid,56574
16211,AW00016211,Jesse,Roberts,S,M,2010-08-25,jesse.roberts@winds.com,Istanbul,12566
16212,AW00016212,Jacqueline,Rivera,M,F,2010-08-25,jacqueline.rivera@nappa.com,Paris,19251
16213,AW00016213,Kaylee,Turner,S,F,2010-08-25,kaylee.turner@circles.com,Shanghai,30309
16214,AW00016214,Brett,Fernandez,M,M,2010-08-25,brett.fernandez@towels.com,Seoul,29067
16215,AW00016215,Thomas,Turner,M,M,2010-08-25,thomas.turner@circles.com,Jakarta,31420
16216,AW00016216,Charles,Mitchell,S,M,2010-08-26,charles.mitchell@sticks.com,Shanghai,14060
16217,AW00016217,Amanda,Gonzales,S,F,2010-08-26,amanda.gonzales@winds.com,Delhi,35840
16218,AW00016218,Julia,Simmons,M,F,2010-08-26,julia.simmons@mouse.com,Paris,30766
16219,AW00016219,Angel,Sanders,M,M,2010-08-26,angel.sanders@hostinger.com,Bangkok,41353
16220,AW00016220,Megan,Russell,M,F,2010-08-26,megan.russell@hostinger.com,Berlin,36177
16221,AW00016221,Darren,Saunders,M,M,2010-08-26,darren.saunders@towels.com,Delhi,40933
16222,AW00016222,Brandon,Anderson,M,M,2010-08-26,brandon.anderson@cappo.com,Delhi,18866
16223,AW00016223,Carlos,Collins,M,M,2010-08-26,carlos.collins@towels.com,Istanbul,48830
16224,AW00016224,Jacob,Martinez,M,M,2010-08-26,jacob.martinez@sticks.com,London,42999
16225,AW00016225,Wyatt,Nelson,M,M,2010-08-26,wyatt.nelson@hostinger.com,Bangkok,51438
16226,AW00016226,Maria,Blue,M,F,2010-08-26,maria.blue@papers.com,Madrid,53352
16227,AW00016227,Eric,Lopez,M,M,2010-08-26,eric.lopez@nappa.com,Shanghai,29233
16228,AW00016228,Rafael,Zhu,M,M,2010-08-27,rafael.zhu@circles.com,Rome,21263
16229,AW00016229,Wayne,Chande,M,M,2010-08-27,wayne.chande@mouse.com,Mumbai,15437
16230,AW00016230,Craig,Blanco,M,M,2010-08-27,craig.blanco@papers.com,Tokyo,36770
16231,AW00016231,Dana,Martin,M,F,2010-08-27,dana.martin@hostinger.com,Mumbai,41464
16232,AW00016232,Chase,Richardson,M,M,2010-08-27,chase.richardson@sticks.com,Paris,15254
16233,AW00016233,Rebecca,King,S,F,2010-08-27,rebecca.king@sticks.com,Seoul,12373
16234,AW00016234,Wyatt,Martin,M,M,2010-08-27,wyatt.martin@fountains.com,Jakarta,10084
16235,AW00016235,Sebastian,Morris,M,M,2010-08-27,sebastian.morris@winds.com,Shanghai,41018
16236,AW00016236,Nicholas,Martinez,M,M,2010-08-27,nicholas.martinez@nappa.com,Madrid,37626
16237,AW00016237,Erin,James,M,F,2010-08-28,erin.james@circles.com,Jakarta,42283
16238,AW00016238,Ann,Arun,M,F,2010-08-28,ann.arun@fountains.com,Istanbul,29500
16239,AW00016239,Gabriel,Nelson,M,M,2010-08-28,gabriel.nelson@hostinger.com,Madrid,23127
16240,AW00016240,Madeline,Green,S,F,2010-08-28,madeline.green@papers.com,Jakarta,32339
16241,AW00016241,Isabel,Butler,S,F,2010-08-28,isabel.butler@winds.com,London,47704
16242,AW00016242,Megan,Garcia,S,F,2010-08-28,megan.garcia@hostinger.com,Singapore,13741
16243,AW00016243,Maria,James,S,F,2010-08-28,maria.james@nappa.com,Jakarta,52496
16244,AW00016244,Gregory,Kumar,M,M,2010-08-28,gregory.kumar@winds.com,Delhi,48248
16245,AW00016245,Alexandra,Griffin,S,F,2010-08-29,alexandra.griffin@towels.com,Istanbul,35037
16246,AW00016246,Lucas,Simmons,S,M,2010-08-29,lucas.simmons@papers.com,London,59977
16247,AW00016247,Anna,Brown,S,F,2010-08-29,anna.brown@towels.com,Tokyo,45710
16248,AW00016248,Alyssa,Ross,S,F,2010-08-29,alyssa.ross@hostinger.com,London,24337
16249,AW00016249,Jesse,Rivera,M,M,2010-08-29,jesse.rivera@circles.com,Seoul,26177
16250,AW00016250,Brendan,Raje,S,M,2010-08-29,brendan.raje@papers.com,Madrid,41275
16251,AW00016251,Makayla,Howard,S,F,2010-08-29,makayla.howard@papers.com,Seoul,24742
16252,AW00016252,Danny,Jiménez,S,M,2010-08-29,danny.jiménez@cappo.com,Delhi,21825
16253,AW00016253,Bethany,Lal,S,F,2010-08-29,bethany.lal@papers.com,Delhi,49085
16254,AW00016254,Maria,Morris,S,F,2010-08-29,maria.morris@fountains.com,Paris,31487
16255,AW00016255,Taylor,Russell,S,F,2010-08-30,taylor.russell@circles.com,Delhi,52697
16256,AW00016256,Richard,Collins,M,M,2010-08-30,richard.collins@fountains.com,Rome,24472
16257,AW00016257,Michele,Chandra,M,F,2010-08-30,michele.chandra@sticks.com,Bangkok,59789
16258,AW00016258,Deanna,Malhotra,S,F,2010-08-30,deanna.malhotra@cappo.com,London,25545
16259,AW00016259,Ebony,Sai,S,F,2010-08-30,ebony.sai@cappo.com,Bangkok,35678
16260,AW00016260,Gina,Schmidt,S,F,2010-08-30,gina.schmidt@winds.com,Paris,39759
16261,AW00016261,Diana,Navarro,M,F,2010-08-30,diana.navarro@sticks.com,Moscow,22457
16262,AW00016262,Kathryn,Xie,M,F,2010-08-30,kathryn.xie@fountains.com,Moscow,51979
16263,AW00016263,Eduardo,Robinson,M,M,2010-08-30,eduardo.robinson@mouse.com,Jakarta,30855
16264,AW00016264,Jennifer,Howard,M,F,2010-08-30,jennifer.howard@circles.com,Berlin,14217
16265,AW00016265,Julie,Goel,M,F,2010-08-30,julie.goel@mouse.com,Istanbul,22439
16266,AW00016266,Alisha,Yang,M,F,2010-08-30,alisha.yang@papers.com,Madrid,24637
16267,AW00016267,Edwin,Chen,M,M,2010-08-30,edwin.chen@fountains.com,Madrid,55029
16268,AW00016268,Lindsey,Kumar,M,F,2010-08-30,lindsey.kumar@fountains.com,Istanbul,24969
16269,AW00016269,Tara,Nath,M,F,2010-08-31,tara.nath@sticks.com,Jakarta,21715
16270,AW00016270,Jerome,Hernandez,M,M,2010-08-31,jerome.hernandez@circles.com,Shanghai,10696
16271,AW00016271,Michele,Gutierrez,S,F,2010-08-31,michele.gutierrez@hostinger.com,Shanghai,42403
16272,AW00016272,Raul,Deng,S,M,2010-08-31,raul.deng@circles.com,Seoul,20397
16273,AW00016273,Marie,Martinez,M,F,2010-08-31,marie.martinez@towels.com,Shanghai,52420
16274,AW00016274,Ross,Diaz,M,M,2010-08-31,ross.diaz@fountains.com,Rome,28290
16275,AW00016275,Deborah,McDonald,M,F,2010-09-01,deborah.mcdonald@hostinger.com,Singapore,25075
16276,AW00016276,Brandi,Carlson,S,F,2010-09-01,brandi.carlson@cappo.com,Delhi,16781
16277,AW00016277,Christy,Luo,M,F,2010-09-01,christy.luo@winds.com,Istanbul,56075
16278,AW00016278,Angel,Turner,M,M,2010-09-01,angel.turner@hostinger.com,Moscow,51519
16279,AW00016279,Victoria,Patterson,S,F,2010-09-01,victoria.patterson@cappo.com,Paris,11475
16280,AW00016280,Glenn,Ma,S,M,2010-09-01,glenn.ma@towels.com,Istanbul,18647
16281,AW00016281,Gilbert,Luo,S,M,2010-09-01,gilbert.luo@nappa.com,Madrid,45553
16282,AW00016282,Kristine,Suarez,S,F,2010-09-02,kristine.suarez@mouse.com,Singapore,13303
16283,AW00016283,Clayton,Raji,S,M,2010-09-02,clayton.raji@winds.com,Istanbul,24685
16284,AW00016284,Troy,Perez,S,M,2010-09-02,troy.perez@cappo.com,Tokyo,28376
16285,AW00016285,Mindy,Xie,M,F,2010-09-02,mindy.xie@sticks.com,Tokyo,24855
16286,AW00016286,Billy,Torres,M,M,2010-09-02,billy.torres@cappo.com,Delhi,39279
16287,AW00016287,Laura,Xu,M,F,2010-09-02,laura.xu@fountains.com,Jakarta,16757
16288,AW00016288,Edwin,Shen,M,M,2010-09-02,edwin.shen@sticks.com,Madrid,28232
16289,AW00016289,Julie,Pal,S,F,2010-09-02,julie.pal@towels.com,Tokyo,52661
16290,AW00016290,Russell,Nath,S,M,2010-09-02,russell.nath@towels.com,Delhi,54855
16291,AW00016291,Lindsey,Lal,S,F,2010-09-03,lindsey.lal@cappo.com,Paris,58744
16292,AW00016292,Carly,Lal,M,F,2010-09-03,carly.lal@hostinger.com,Moscow,21890
16293,AW00016293,Sean,Adams,M,M,2010-09-03,sean.adams@papers.com,Berlin,19540
16294,AW00016294,Steve,Hu,M,M,2010-09-03,steve.hu@hostinger.com,Rome,45143
16295,AW00016295,Roger,Xu,S,M,2010-09-03,roger.xu@cappo.com,Berlin,57003
16296,AW00016296,Sydney,White,M,F,2010-09-03,sydney.white@winds.com,Madrid,57180
16297,AW00016297,Deanna,Garcia,M,F,2010-09-03,deanna.garcia@winds.com,London,53252
16298,AW00016298,Adrienne,Sanz,M,F,2010-09-04,adrienne.sanz@winds.com,Delhi,46408
16299,AW00016299,Alison,Tang,S,F,2010-09-04,alison.tang@nappa.com,Singapore,11847
16300,AW00016300,Orlando,Martin,S,M,2010-09-04,orlando.martin@papers.com,Tokyo,20447
16301,AW00016301,Omar,Cai,S,M,2010-09-04,omar.cai@nappa.com,Istanbul,14391
16302,AW00016302,Rosa,Zeng,S,F,2010-09-04,rosa.zeng@winds.com,Bangkok,20219
16303,AW00016303,Tracy,Yuan,S,F,2010-09-04,tracy.yuan@nappa.com,Jakarta,50337
16304,AW00016304,Justin,Moore,S,M,2010-09-04,justin.moore@hostinger.com,Moscow,33166
16305,AW00016305,Stanley,Gonzalez,S,M,2010-09-04,stanley.gonzalez@towels.com,Jakarta,43543
16306,AW00016306,Kristine,Romero,M,F,2010-09-04,kristine.romero@fountains.com,Delhi,14485
16307,AW00016307,Kelli,Sun,M,F,2010-09-05,kelli.sun@sticks.com,Moscow,59120
16308,AW00016308,Sheena,Chander,M,F,2010-09-05,sheena.chander@circles.com,London,29789
16309,AW00016309,Desiree,Ortega,M,F,2010-09-05,desiree.ortega@nappa.com,Madrid,33021
16310,AW00016310,Diana,Rubio,M,F,2010-09-05,diana.rubio@papers.com,Seoul,23214
16311,AW00016311,Carl,Beck,M,M,2010-09-05,carl.beck@towels.com,Istanbul,44849
16312,AW00016312,Bethany,Beck,S,F,2010-09-05,bethany.beck@papers.com,Shanghai,33461
16313,AW00016313,Hailey,Russell,S,F,2010-09-05,hailey.russell@nappa.com,Seoul,48525
16314,AW00016314,Gabriel,Ross,S,M,2010-09-05,gabriel.ross@winds.com,Berlin,43313
16315,AW00016315,Garrett,Richardson,S,M,2010-09-06,garrett.richardson@winds.com,Rome,38422
16316,AW00016316,Kelli,Hu,S,F,2010-09-06,kelli.hu@cappo.com,Seoul,55756
16317,AW00016317,Joel,Raman,S,M,2010-09-06,joel.raman@fountains.com,Istanbul,50918
16318,AW00016318,Kellie,Moreno,S,F,2010-09-06,kellie.moreno@cappo.com,Bangkok,46343
16319,AW00016319,Joy,Ortega,S,F,2010-09-06,joy.ortega@towels.com,Seoul,49428
16320,AW00016320,Rachel,Simmons,S,F,2010-09-06,rachel.simmons@sticks.com,Bangkok,36067
16321,AW00016321,Ruth,Malhotra,M,F,2010-09-07,ruth.malhotra@papers.com,London,38034
16322,AW00016322,Gloria,Dominguez,S,F,2010-09-07,gloria.dominguez@winds.com,Moscow,41275
16323,AW00016323,Dustin,Raje,S,M,2010-09-07,dustin.raje@nappa.com,Berlin,30081
16324,AW00016324,Juan,Romero,M,M,2010-09-07,juan.romero@winds.com,Mumbai,53719
16325,AW00016325,Emma,Williams,S,F,2010-09-07,emma.williams@cappo.com,Istanbul,19351
16326,AW00016326,Jésus,Romero,S,M,2010-09-07,jésus.romero@fountains.com,Paris,19998
16327,AW00016327,Darren,Diaz,S,M,2010-09-07,darren.diaz@hostinger.com,Paris,34412
16328,AW00016328,Maurice,Rai,S,M,2010-09-08,maurice.rai@mouse.com,London,39688
16329,AW00016329,Jamie,Ye,S,F,2010-09-08,jamie.ye@fountains.com,Shanghai,16453
16330,AW00016330,Luke,Simmons,S,M,2010-09-08,luke.simmons@fountains.com,Istanbul,22208
16331,AW00016331,Erin,Richardson,S,F,2010-09-08,erin.richardson@fountains.com,Seoul,37055
16332,AW00016332,Joan,Vazquez,M,F,2010-09-08,joan.vazquez@sticks.com,Jakarta,13800
16333,AW00016333,Caleb,Hill,M,M,2010-09-08,caleb.hill@winds.com,Moscow,29922
16334,AW00016334,Natalie,Bailey,S,F,2010-09-08,natalie.bailey@fountains.com,Seoul,54863
16335,AW00016335,Kristen,Lu,S,F,2010-09-09,kristen.lu@fountains.com,Shanghai,18714
16336,AW00016336,Jonathan,Wright,M,M,2010-09-09,jonathan.wright@sticks.com,Madrid,43649
16337,AW00016337,Jose,White,M,M,2010-09-09,jose.white@fountains.com,Madrid,33042
16338,AW00016338,Barbara,Zhang,M,F,2010-09-09,barbara.zhang@sticks.com,Istanbul,59337
16339,AW00016339,Seth,Davis,M,M,2010-09-09,seth.davis@circles.com,Jakarta,28973
16340,AW00016340,Sean,Mitchell,S,M,2010-09-09,sean.mitchell@cappo.com,Bangkok,49765
16341,AW00016341,Lacey,Raji,M,F,2010-09-09,lacey.raji@cappo.com,Mumbai,37352
16342,AW00016342,Gregory,Jai,M,M,2010-09-09,gregory.jai@fountains.com,Paris,15213
16343,AW00016343,Joel,Malhotra,M,M,2010-09-09,joel.malhotra@nappa.com,Moscow,47846
16344,AW00016344,Xavier,King,S,M,2010-09-09,xavier.king@towels.com,Paris,59391
16345,AW00016345,Francis,Ramos,M,M,2010-09-10,francis.ramos@mouse.com,Tokyo,27954
16346,AW00016346,Marc,Navarro,M,M,2010-09-10,marc.navarro@cappo.com,Singapore,47601
16347,AW00016347,Raul,Sharma,M,M,2010-09-10,raul.sharma@papers.com,Jakarta,14122
16348,AW00016348,Roy,Raman,M,M,2010-09-10,roy.raman@towels.com,Shanghai,36035
16349,AW00016349,Levi,Sai,S,M,2010-09-10,levi.sai@fountains.com,Bangkok,49213
16350,AW00016350,Fernando,Thompson,S,M,2010-09-10,fernando.thompson@papers.com,Mumbai,58948
16351,AW00016351,Martha,Xu,S,F,2010-09-10,martha.xu@papers.com,Bangkok,51739
16352,AW00016352,Tiffany,Gao,S,F,2010-09-10,tiffany.gao@fountains.com,Bangkok,22105
16353,AW00016353,Alejandro,Xu,M,M,2010-09-10,alejandro.xu@fountains.com,Madrid,57424
16354,AW00016354,Janet,Torres,S,F,2010-09-11,janet.torres@towels.com,Seoul,42812
16355,AW00016355,Sam,Foster,S,F,2010-09-11,sam.foster@towels.com,Singapore,56031
16356,AW00016356,Sophia,Baker,M,F,2010-09-11,sophia.baker@papers.com,Tokyo,51750
16357,AW00016357,Margaret,Russell,S,F,2010-09-11,margaret.russell@winds.com,Moscow,16070
16358,AW00016358,Samuel,Jai,M,M,2010-09-11,samuel.jai@sticks.com,Shanghai,40160
16359,AW00016359,Shelby,Richardson,M,F,2010-09-11,shelby.richardson@nappa.com,Istanbul,45960
16360,AW00016360,Justin,Garcia,M,M,2010-09-11,justin.garcia@mouse.com,Shanghai,10065
16361,AW00016361,Wyatt,White,M,M,2010-09-11,wyatt.white@fountains.com,Mumbai,57953
16362,AW00016362,Joshua,Smith,M,M,2010-09-11,joshua.smith@nappa.com,Moscow,14479
16363,AW00016363,Melanie,Ramirez,M,F,2010-09-11,melanie.ramirez@winds.com,Bangkok,49814
16364,AW00016364,Shawna,Yuan,M,F,2010-09-12,shawna.yuan@papers.com,Madrid,53633
16365,AW00016365,Jenna,Young,M,F,2010-09-12,jenna.young@towels.com,Paris,22855
16366,AW00016366,Isabelle,Henderson,M,F,2010-09-12,isabelle.henderson@hostinger.com,Mumbai,46310
16367,AW00016367,Emily,Williams,S,F,2010-09-12,emily.williams@papers.com,London,45745
16368,AW00016368,Lauren,Williams,S,F,2010-09-12,lauren.williams@winds.com,Moscow,56345
16369,AW00016369,Isabel,Powell,M,F,2010-09-12,isabel.powell@mouse.com,Istanbul,46313
16370,AW00016370,Molly,Gonzalez,M,F,2010-09-13,molly.gonzalez@mouse.com,Berlin,32806
16371,AW00016371,Caleb,Diaz,M,M,2010-09-13,caleb.diaz@circles.com,Bangkok,28327
16372,AW00016372,Vanessa,Foster,M,F,2010-09-13,vanessa.foster@papers.com,Shanghai,57631
16373,AW00016373,Sara,Cook,M,F,2010-09-13,sara.cook@winds.com,Berlin,44396
16374,AW00016374,Edward,Phillips,M,M,2010-09-13,edward.phillips@cappo.com,London,22491
16375,AW00016375,Gabriella,Hernandez,M,F,2010-09-14,gabriella.hernandez@papers.com,Seoul,29401
16376,AW00016376,Maria,Wright,M,F,2010-09-14,maria.wright@papers.com,London,22582
16377,AW00016377,Jordan,Adams,S,F,2010-09-14,jordan.adams@winds.com,Berlin,19990
16378,AW00016378,Hailey,Baker,S,F,2010-09-14,hailey.baker@hostinger.com,Berlin,16678
16379,AW00016379,Marc,Jimenez,M,M,2010-09-14,marc.jimenez@circles.com,Seoul,19898
16380,AW00016380,Mariah,Torres,S,F,2010-09-14,mariah.torres@mouse.com,Paris,52963
16381,AW00016381,Kayla,Davis,S,F,2010-09-14,kayla.davis@nappa.com,London,13991
16382,AW00016382,Jennifer,Davis,S,F,2010-09-15,jennifer.davis@towels.com,London,45493
16383,AW00016383,Brian,Kelly,S,M,2010-09-15,brian.kelly@hostinger.com,Shanghai,55877
16384,AW00016384,Jada,Reed,S,F,2010-09-15,jada.reed@towels.com,Tokyo,15019
16385,AW00016385,James,Perez,M,M,2010-09-15,james.perez@winds.com,Bangkok,28615
16386,AW00016386,Philip,Moyer,S,M,2010-09-15,philip.moyer@cappo.com,Singapore,20470
16387,AW00016387,Douglas,Vance,M,M,2010-09-15,douglas.vance@cappo.com,Moscow,19040
16388,AW00016388,Jay,Torres,M,M,2010-09-15,jay.torres@nappa.com,London,38909
16389,AW00016389,Arturo,Shen,S,M,2010-09-15,arturo.shen@circles.com,Paris,16939
16390,AW00016390,Mario,Nath,S,M,2010-09-15,mario.nath@nappa.com,Shanghai,58307
16391,AW00016391,Sergio,Suri,S,M,2010-09-15,sergio.suri@cappo.com,Paris,56689
16392,AW00016392,Kari,Raman,M,F,2010-09-15,kari.raman@winds.com,Seoul,25248
16393,AW00016393,Xavier,Edwards,M,M,2010-09-15,xavier.edwards@winds.com,Seoul,45631
16394,AW00016394,Bryan,Bell,S,M,2010-09-16,bryan.bell@nappa.com,Tokyo,21813
16395,AW00016395,Tara,Pal,M,F,2010-09-16,tara.pal@towels.com,Singapore,51625
16396,AW00016396,Keith,Rai,S,M,2010-09-16,keith.rai@circles.com,Rome,53775
16397,AW00016397,Andy,Navarro,M,M,2010-09-16,andy.navarro@winds.com,Singapore,41168
16398,AW00016398,Emmanuel,Rana,S,M,2010-09-16,emmanuel.rana@cappo.com,Tokyo,39527
16399,AW00016399,Arturo,Xu,S,M,2010-09-16,arturo.xu@towels.com,Rome,44988
16400,AW00016400,Theodore,Ramos,M,M,2010-09-16,theodore.ramos@fountains.com,Mumbai,44950
16401,AW00016401,Margaret,Gao,S,F,2010-09-16,margaret.gao@circles.com,Madrid,52570
16402,AW00016402,Alexander,Martin,S,M,2010-09-16,alexander.martin@circles.com,London,15154
16403,AW00016403,Byron,Suarez,M,M,2010-09-16,byron.suarez@sticks.com,Delhi,46518
16404,AW00016404,Raul,Nara,M,M,2010-09-17,raul.nara@mouse.com,Jakarta,47389
16405,AW00016405,Adriana,Sai,M,F,2010-09-17,adriana.sai@winds.com,Tokyo,28723
16406,AW00016406,Dakota,Henderson,M,M,2010-09-17,dakota.henderson@papers.com,Shanghai,53718
16407,AW00016407,Colleen,Zhao,M,F,2010-09-17,colleen.zhao@winds.com,Rome,12075
16408,AW00016408,Arthur,Madan,M,M,2010-09-17,arthur.madan@mouse.com,Berlin,44804
16409,AW00016409,Ebony,Moreno,M,F,2010-09-17,ebony.moreno@sticks.com,Istanbul,55674
16410,AW00016410,Joy,Navarro,S,F,2010-09-17,joy.navarro@nappa.com,Singapore,45819
16411,AW00016411,Stanley,Sanchez,S,M,2010-09-17,stanley.sanchez@sticks.com,Madrid,54768
16412,AW00016412,Leah,Liang,S,F,2010-09-17,leah.liang@circles.com,Bangkok,22392
16413,AW00016413,Julia,Gonzalez,M,F,2010-09-17,julia.gonzalez@hostinger.com,Singapore,38697
16414,AW00016414,Kelly,Flores,S,F,2010-09-17,kelly.flores@hostinger.com,Berlin,10438
16415,AW00016415,Andre,Patel,S,M,2010-09-18,andre.patel@towels.com,Paris,36738
16416,AW00016416,Brian,Rivera,S,M,2010-09-18,brian.rivera@mouse.com,Istanbul,25829
16417,AW00016417,Noah,Bryant,S,M,2010-09-18,noah.bryant@mouse.com,Singapore,38642
16418,AW00016418,Katrina,Rai,S,F,2010-09-18,katrina.rai@towels.com,Tokyo,55730
16419,AW00016419,Lacey,Simpson,M,F,2010-09-18,lacey.simpson@winds.com,Istanbul,33460
16420,AW00016420,Eddie,Alonso,S,M,2010-09-18,eddie.alonso@sticks.com,Paris,46366
16421,AW00016421,Natasha,Diaz,S,F,2010-09-18,natasha.diaz@papers.com,Moscow,35062
16422,AW00016422,Kurt,Xu,S,M,2010-09-19,kurt.xu@papers.com,Moscow,39182
16423,AW00016423,Sergio,Madan,S,M,2010-09-19,sergio.madan@papers.com,London,11830
16424,AW00016424,Brandi,Diaz,M,F,2010-09-20,brandi.diaz@circles.com,Moscow,20243
16425,AW00016425,Lisa,Lu,M,F,2010-09-20,lisa.lu@cappo.com,Singapore,30278
16426,AW00016426,Jorge,Ye,M,M,2010-09-20,jorge.ye@sticks.com,Istanbul,57613
16427,AW00016427,Kendra,Alonso,S,F,2010-09-20,kendra.alonso@sticks.com,Singapore,57035
16428,AW00016428,Ryan,Ross,S,M,2010-09-20,ryan.ross@mouse.com,Madrid,25607
16429,AW00016429,Jaclyn,Luo,M,F,2010-09-20,jaclyn.luo@circles.com,Shanghai,20763
16430,AW00016430,Franklin,Rai,S,M,2010-09-20,franklin.rai@winds.com,Tokyo,47439
16431,AW00016431,Jermaine,Rodriguez,S,M,2010-09-20,jermaine.rodriguez@fountains.com,Rome,40382
16432,AW00016432,John,Garcia,S,M,2010-09-20,john.garcia@fountains.com,Bangkok,12944
16433,AW00016433,Mathew,Dominguez,M,M,2010-09-20,mathew.dominguez@hostinger.com,Berlin,59026
16434,AW00016434,Taylor,Bailey,M,F,2010-09-20,taylor.bailey@circles.com,Paris,17288
16435,AW00016435,Steven,Cooper,M,M,2010-09-20,steven.cooper@cappo.com,Delhi,32846
16436,AW00016436,Ethan,Henderson,S,M,2010-09-21,ethan.henderson@towels.com,Tokyo,34477
16437,AW00016437,Jésus,Gutierrez,S,M,2010-09-21,jésus.gutierrez@winds.com,London,56338
16438,AW00016438,Kaitlin,Arthur,M,F,2010-09-21,kaitlin.arthur@winds.com,Mumbai,43771
16439,AW00016439,Dawn,Deng,S,F,2010-09-21,dawn.deng@papers.com,Moscow,22973
16440,AW00016440,Jimmy,Martin,S,M,2010-09-21,jimmy.martin@hostinger.com,Bangkok,15735
16441,AW00016441,Jason,Young,M,M,2010-09-21,jason.young@circles.com,Delhi,33568
16442,AW00016442,Luke,Gonzalez,S,M,2010-09-21,luke.gonzalez@towels.com,London,30769
16443,AW00016443,Dawn,Gao,S,F,2010-09-21,dawn.gao@cappo.com,Tokyo,55283
16444,AW00016444,Erika,Carlson,M,F,2010-09-21,erika.carlson@cappo.com,Seoul,16224
16445,AW00016445,Caitlin,Ward,S,F,2010-09-21,caitlin.ward@hostinger.com,Jakarta,39995
16446,AW00016446,Kristine,Munoz,M,F,2010-09-22,kristine.munoz@hostinger.com,London,34228
16447,AW00016447,Kate,Becker,M,F,2010-09-22,kate.becker@hostinger.com,Shanghai,16624
16448,AW00016448,Cheryl,Martin,M,F,2010-09-22,cheryl.martin@papers.com,Singapore,30707
16449,AW00016449,Casey,Browning,S,M,2010-09-22,casey.browning@cappo.com,Madrid,30945
16450,AW00016450,Rebekah,Gutierrez,S,F,2010-09-22,rebekah.gutierrez@circles.com,Berlin,22441
16451,AW00016451,Karl,Stone,S,M,2010-09-22,karl.stone@papers.com,Shanghai,32112
16452,AW00016452,Cassie,Luo,S,F,2010-09-22,cassie.luo@papers.com,London,10124
16453,AW00016453,Mayra,Chandra,S,F,2010-09-22,mayra.chandra@nappa.com,Rome,23723
16454,AW00016454,Marco,Suri,M,M,2010-09-22,marco.suri@nappa.com,Berlin,32717
16455,AW00016455,Deb,Moreno,M,F,2010-09-22,deb.moreno@mouse.com,Seoul,40926
16456,AW00016456,Larry,Navarro,S,M,2010-09-22,larry.navarro@cappo.com,Tokyo,36075
16457,AW00016457,Kathleen,Martin,S,F,2010-09-22,kathleen.martin@towels.com,Seoul,16565
16458,AW00016458,Michele,Ruiz,S,F,2010-09-23,michele.ruiz@circles.com,Shanghai,17889
16459,AW00016459,Carolyn,Kapoor,M,F,2010-09-23,carolyn.kapoor@towels.com,Berlin,32792
16460,AW00016460,Jodi,Xu,S,F,2010-09-23,jodi.xu@papers.com,Berlin,58416
16461,AW00016461,Rosa,Wu,S,F,2010-09-23,rosa.wu@circles.com,Delhi,19119
16462,AW00016462,Marissa,Gonzales,S,F,2010-09-23,marissa.gonzales@circles.com,Paris,41785
16463,AW00016463,Anna,Murphy,S,F,2010-09-23,anna.murphy@papers.com,Bangkok,54427
16464,AW00016464,Alan,Liu,S,M,2010-09-23,alan.liu@towels.com,Istanbul,48858
16465,AW00016465,Kara,Goel,S,F,2010-09-23,kara.goel@hostinger.com,Seoul,13282
16466,AW00016466,Alisha,Kumar,S,F,2010-09-23,alisha.kumar@sticks.com,Bangkok,55022
16467,AW00016467,Ronald,Srini,S,M,2010-09-24,ronald.srini@winds.com,Mumbai,18557
16468,AW00016468,Orlando,Dominguez,S,M,2010-09-24,orlando.dominguez@fountains.com,Bangkok,31354
16469,AW00016469,Michele,Tang,S,F,2010-09-24,michele.tang@cappo.com,London,10979
16470,AW00016470,Wesley,Guo,M,M,2010-09-24,wesley.guo@cappo.com,Seoul,21006
16471,AW00016471,Vanessa,Hayes,M,F,2010-09-24,vanessa.hayes@sticks.com,Shanghai,55238
16472,AW00016472,Olivia,Robinson,S,F,2010-09-24,olivia.robinson@hostinger.com,Mumbai,52049
16473,AW00016473,Dawn,Andersen,S,F,2010-09-24,dawn.andersen@papers.com,Tokyo,54357
16474,AW00016474,Jay,Serrano,M,M,2010-09-24,jay.serrano@mouse.com,Delhi,12663
16475,AW00016475,Kurt,Anand,S,M,2010-09-24,kurt.anand@nappa.com,Jakarta,19225
16476,AW00016476,Shawn,Xie,S,M,2010-09-25,shawn.xie@circles.com,Berlin,20941
16477,AW00016477,Anna,Gonzales,S,F,2010-09-25,anna.gonzales@circles.com,Jakarta,11015
16478,AW00016478,Adrian,Gray,S,M,2010-09-25,adrian.gray@fountains.com,Moscow,44722
16479,AW00016479,Victoria,Brooks,S,F,2010-09-25,victoria.brooks@sticks.com,Singapore,48903
16480,AW00016480,Alan,Zhou,M,M,2010-09-25,alan.zhou@papers.com,Shanghai,56716
16481,AW00016481,Madison,Bryant,S,F,2010-09-25,madison.bryant@circles.com,Jakarta,52238
16482,AW00016482,Tabitha,Arthur,M,F,2010-09-26,tabitha.arthur@sticks.com,Istanbul,25295
16483,AW00016483,Warren,Jai,M,M,2010-09-26,warren.jai@sticks.com,Seoul,17741
16484,AW00016484,Dustin,Lal,M,M,2010-09-26,dustin.lal@winds.com,Moscow,20990
16485,AW00016485,Ian,Foster,S,M,2010-09-26,ian.foster@winds.com,Seoul,18465
16486,AW00016486,Rachael,Madan,M,F,2010-09-26,rachael.madan@circles.com,Jakarta,31442
16487,AW00016487,Brianna,Griffin,S,F,2010-09-26,brianna.griffin@towels.com,Delhi,20945
16488,AW00016488,Joel,Rodriguez,M,M,2010-09-26,joel.rodriguez@hostinger.com,London,42945
16489,AW00016489,Frederick,Garcia,M,M,2010-09-27,frederick.garcia@sticks.com,Delhi,43754
16490,AW00016490,Megan,Robinson,M,F,2010-09-27,megan.robinson@hostinger.com,Tokyo,57384
16491,AW00016491,Christian,Garcia,S,M,2010-09-27,christian.garcia@winds.com,Shanghai,13055
16492,AW00016492,Theodore,Sanz,M,M,2010-09-27,theodore.sanz@papers.com,Paris,34867
16493,AW00016493,Brenda,Fernandez,M,F,2010-09-27,brenda.fernandez@nappa.com,Delhi,10056
16494,AW00016494,Jordyn,Simmons,S,F,2010-09-28,jordyn.simmons@sticks.com,Mumbai,43513
16495,AW00016495,Monique,Ramos,S,F,2010-09-28,monique.ramos@papers.com,Istanbul,48216
16496,AW00016496,Dawn,Tang,S,F,2010-09-28,dawn.tang@nappa.com,Mumbai,26068
16497,AW00016497,Julia,Peterson,S,F,2010-09-28,julia.peterson@fountains.com,Shanghai,32411
16498,AW00016498,Hunter,Jones,S,M,2010-09-28,hunter.jones@towels.com,Singapore,12221
16499,AW00016499,Danielle,Kelly,S,F,2010-09-28,danielle.kelly@mouse.com,Bangkok,21114
16500,AW00016500,Chloe,Perry,S,F,2010-09-28,chloe.perry@winds.com,Bangkok,35245
16501,AW00016501,Vanessa,Wood,S,F,2010-09-28,vanessa.wood@nappa.com,Singapore,51819
16502,AW00016502,Jackson,Parker,S,M,2010-09-29,jackson.parker@towels.com,Mumbai,18720
16503,AW00016503,Christian,Anderson,M,M,2010-09-29,christian.anderson@papers.com,Singapore,46204
16504,AW00016504,Justin,Russell,S,M,2010-09-29,justin.russell@sticks.com,Mumbai,47629
16505,AW00016505,Erin,Gray,S,F,2010-09-29,erin.gray@mouse.com,Madrid,18869
16506,AW00016506,Catherine,Murphy,M,F,2010-09-29,catherine.murphy@nappa.com,Madrid,12273
16507,AW00016507,Tracy,Nath,M,F,2010-09-29,tracy.nath@papers.com,Bangkok,43090
16508,AW00016508,Brent,Zhu,M,M,2010-09-29,brent.zhu@sticks.com,London,55929
16509,AW00016509,Veronica,Sai,M,F,2010-09-30,veronica.sai@nappa.com,Bangkok,35353
16510,AW00016510,Brad,Nara,M,M,2010-09-30,brad.nara@papers.com,Berlin,43514
16511,AW00016511,Joe,Raman,M,M,2010-09-30,joe.raman@towels.com,Madrid,24733
16512,AW00016512,Ricardo,Sharma,S,M,2010-10-01,ricardo.sharma@hostinger.com,Bangkok,41446
16513,AW00016513,Ronnie,Wagner,S,M,2010-10-01,ronnie.wagner@sticks.com,Singapore,44963
16514,AW00016514,Manuel,Fernandez,S,M,2010-10-01,manuel.fernandez@cappo.com,Jakarta,33129
16515,AW00016515,Troy,Sai,M,M,2010-10-01,troy.sai@papers.com,Istanbul,15942
16516,AW00016516,Melvin,She,M,M,2010-10-01,melvin.she@nappa.com,Bangkok,26297
16517,AW00016517,Katrina,Raji,M,F,2010-10-01,katrina.raji@winds.com,London,17339
16518,AW00016518,Krystal,Holt,S,F,2010-10-01,krystal.holt@circles.com,Jakarta,35642
16519,AW00016519,Yolanda,Chander,S,F,2010-10-01,yolanda.chander@towels.com,Mumbai,43172
16520,AW00016520,Misty,Raji,M,F,2010-10-01,misty.raji@circles.com,Paris,20986
16521,AW00016521,Tonya,She,S,F,2010-10-01,tonya.she@cappo.com,Rome,54922
16522,AW00016522,Casey,Pal,M,F,2010-10-01,casey.pal@winds.com,Jakarta,33739
16523,AW00016523,Sandra,Huang,M,F,2010-10-01,sandra.huang@cappo.com,Delhi,39418
16524,AW00016524,Damien,Huang,M,M,2010-10-02,damien.huang@nappa.com,Madrid,49949
16525,AW00016525,Martha,Liang,M,F,2010-10-02,martha.liang@circles.com,Madrid,26646
16526,AW00016526,Arthur,Perez,S,M,2010-10-02,arthur.perez@mouse.com,Berlin,52673
16527,AW00016527,Cory,Arun,S,M,2010-10-02,cory.arun@circles.com,Tokyo,42018
16528,AW00016528,Dominique,Garcia,S,F,2010-10-02,dominique.garcia@winds.com,Seoul,11761
16529,AW00016529,Jonathon,Gutierrez,M,M,2010-10-02,jonathon.gutierrez@fountains.com,Jakarta,51660
16530,AW00016530,Priscilla,Chander,M,F,2010-10-02,priscilla.chander@mouse.com,London,25611
16531,AW00016531,Lacey,Gao,S,F,2010-10-02,lacey.gao@fountains.com,Delhi,21188
16532,AW00016532,Tommy,Sharma,S,M,2010-10-03,tommy.sharma@winds.com,Delhi,23527
16533,AW00016533,Kristen,Cai,M,F,2010-10-03,kristen.cai@papers.com,Singapore,34754
16534,AW00016534,Claudia,Holt,M,F,2010-10-03,claudia.holt@fountains.com,Singapore,38218
16535,AW00016535,Colin,Chen,S,M,2010-10-03,colin.chen@sticks.com,Paris,13187
16536,AW00016536,Meghan,Jimenez,S,F,2010-10-03,meghan.jimenez@cappo.com,Singapore,50726
16537,AW00016537,Arthur,Dominguez,S,M,2010-10-03,arthur.dominguez@fountains.com,Moscow,11242
16538,AW00016538,Stacey,Liang,S,F,2010-10-03,stacey.liang@circles.com,Singapore,36307
16539,AW00016539,Christy,Li,S,F,2010-10-03,christy.li@cappo.com,Bangkok,46968
16540,AW00016540,Theodore,Browning,M,M,2010-10-03,theodore.browning@mouse.com,Seoul,13947
16541,AW00016541,Micah,Hu,S,M,2010-10-03,micah.hu@mouse.com,Moscow,38840
16542,AW00016542,Jésus,Ortega,M,M,2010-10-03,jésus.ortega@hostinger.com,Mumbai,53065
16543,AW00016543,Jenny,McDonald,M,F,2010-10-03,jenny.mcdonald@fountains.com,Shanghai,38570
16544,AW00016544,Eduardo,Morgan,M,M,2010-10-03,eduardo.morgan@cappo.com,Singapore,37504
16545,AW00016545,Alicia,Pal,M,F,2010-10-03,alicia.pal@cappo.com,Bangkok,30326
16546,AW00016546,Terrance,Jordan,M,M,2010-10-04,terrance.jordan@hostinger.com,Rome,53302
16547,AW00016547,Jake,Yang,M,M,2010-10-04,jake.yang@nappa.com,Bangkok,38641
16548,AW00016548,Darren,Rubio,M,M,2010-10-04,darren.rubio@papers.com,Jakarta,21012
16549,AW00016549,Linda,Moreno,S,F,2010-10-04,linda.moreno@towels.com,Mumbai,58688
16550,AW00016550,Frederick,Madan,M,M,2010-10-04,frederick.madan@winds.com,Seoul,55033
16551,AW00016551,Christy,Shan,S,F,2010-10-04,christy.shan@nappa.com,Jakarta,42953
16552,AW00016552,Joe,Sanchez,M,M,2010-10-04,joe.sanchez@nappa.com,Shanghai,59086
16553,AW00016553,Gabriella,Roberts,M,F,2010-10-04,gabriella.roberts@circles.com,Delhi,39065
16554,AW00016554,Casey,Chander,S,F,2010-10-04,casey.chander@fountains.com,Bangkok,32860
16555,AW00016555,Mathew,Vazquez,M,M,2010-10-04,mathew.vazquez@mouse.com,Paris,15351
16556,AW00016556,Angelica,Butler,S,F,2010-10-04,angelica.butler@cappo.com,Tokyo,19072
16557,AW00016557,Derek,Chander,S,M,2010-10-05,derek.chander@winds.com,Moscow,36810
16558,AW00016558,Preston,Sara,S,M,2010-10-05,preston.sara@nappa.com,London,14125
16559,AW00016559,Candace,Martinez,S,F,2010-10-05,candace.martinez@winds.com,Tokyo,30428
16560,AW00016560,Kelvin,Sun,S,M,2010-10-05,kelvin.sun@towels.com,Seoul,19090
16561,AW00016561,Kurt,Yuan,M,M,2010-10-05,kurt.yuan@towels.com,Madrid,50473
16562,AW00016562,Colleen,Zhang,M,F,2010-10-05,colleen.zhang@sticks.com,London,22538
16563,AW00016563,Mackenzie,Baker,S,F,2010-10-05,mackenzie.baker@sticks.com,Paris,42077
16564,AW00016564,Susan,Wu,S,F,2010-10-05,susan.wu@winds.com,Rome,33256
16565,AW00016565,Corey,Anand,M,M,2010-10-05,corey.anand@hostinger.com,Jakarta,57338
16566,AW00016566,Ashlee,Shen,S,F,2010-10-05,ashlee.shen@papers.com,Istanbul,15324
16567,AW00016567,Erick,Lopez,S,M,2010-10-05,erick.lopez@winds.com,Istanbul,30193
16568,AW00016568,Caroline,Coleman,M,F,2010-10-06,caroline.coleman@sticks.com,Delhi,42660
16569,AW00016569,Colleen,Li,S,F,2010-10-06,colleen.li@hostinger.com,Moscow,48762
16570,AW00016570,Julie,She,M,F,2010-10-06,julie.she@nappa.com,Tokyo,16176
16571,AW00016571,Audrey,Torres,M,F,2010-10-06,audrey.torres@mouse.com,London,59300
16572,AW00016572,Jon,Xu,S,M,2010-10-06,jon.xu@winds.com,Seoul,56309
16573,AW00016573,Ruben,Dominguez,S,M,2010-10-06,ruben.dominguez@mouse.com,London,44442
16574,AW00016574,Joe,Gomez,S,M,2010-10-06,joe.gomez@winds.com,Moscow,37174
16575,AW00016575,Veronica,Vance,S,F,2010-10-06,veronica.vance@sticks.com,Mumbai,38464
16576,AW00016576,Corey,Beck,S,M,2010-10-06,corey.beck@papers.com,Bangkok,21357
16577,AW00016577,Leah,Chen,S,F,2010-10-06,leah.chen@sticks.com,Moscow,18753
16578,AW00016578,Stefanie,Weber,S,F,2010-10-06,stefanie.weber@towels.com,Seoul,47846
16579,AW00016579,Zachary,Davis,M,M,2010-10-06,zachary.davis@fountains.com,Mumbai,10028
16580,AW00016580,Dawn,Chen,M,F,2010-10-06,dawn.chen@cappo.com,Delhi,21583
16581,AW00016581,Kenneth,Becker,S,M,2010-10-06,kenneth.becker@fountains.com,Jakarta,14531
16582,AW00016582,Frank,Torres,M,M,2010-10-07,frank.torres@mouse.com,Tokyo,34332
16583,AW00016583,Justin,Martinez,M,M,2010-10-07,justin.martinez@winds.com,Istanbul,25208
16584,AW00016584,Devin,Gray,S,M,2010-10-07,devin.gray@papers.com,Moscow,30031
16585,AW00016585,Vincent,Sun,M,M,2010-10-07,vincent.sun@cappo.com,Singapore,48278
16586,AW00016586,Leonard,Chander,M,M,2010-10-07,leonard.chander@nappa.com,Madrid,15212
16587,AW00016587,Zachary,Martinez,M,M,2010-10-07,zachary.martinez@fountains.com,Rome,25441
16588,AW00016588,Andre,Martinez,M,M,2010-10-07,andre.martinez@cappo.com,Delhi,48746
16589,AW00016589,Martin,Suri,M,M,2010-10-07,martin.suri@mouse.com,Shanghai,56101
16590,AW00016590,Shawn,Deng,M,M,2010-10-07,shawn.deng@winds.com,London,32058
16591,AW00016591,Clarence,He,M,M,2010-10-08,clarence.he@hostinger.com,Rome,18865
16592,AW00016592,Jacquelyn,Gomez,M,F,2010-10-08,jacquelyn.gomez@nappa.com,Singapore,49116
16593,AW00016593,Suzanne,He,M,F,2010-10-08,suzanne.he@circles.com,Madrid,16743
16594,AW00016594,Andrew,Jones,M,M,2010-10-08,andrew.jones@papers.com,Singapore,23838
16595,AW00016595,Cameron,Anderson,M,M,2010-10-08,cameron.anderson@papers.com,Jakarta,30946
16596,AW00016596,Gabrielle,Carter,S,F,2010-10-08,gabrielle.carter@towels.com,Shanghai,16844
16597,AW00016597,Kelli,Xu,S,F,2010-10-08,kelli.xu@hostinger.com,London,54983
16598,AW00016598,Kate,Rai,S,F,2010-10-09,kate.rai@winds.com,Seoul,48890
16599,AW00016599,Ramón,Cai,M,M,2010-10-09,ramón.cai@nappa.com,Jakarta,29430
16600,AW00016600,Janet,Suarez,S,F,2010-10-09,janet.suarez@towels.com,Mumbai,41018
16601,AW00016601,Tabitha,Rana,S,F,2010-10-09,tabitha.rana@nappa.com,Berlin,20903
16602,AW00016602,Jill,Travers,M,F,2010-10-09,jill.travers@circles.com,Tokyo,12798
16603,AW00016603,Scott,Seely,M,F,2010-10-09,scott.seely@hostinger.com,Singapore,11597
16604,AW00016604,Roy,Serrano,M,M,2010-10-09,roy.serrano@sticks.com,Singapore,43373
16605,AW00016605,Toni,Randall,M,F,2010-10-09,toni.randall@fountains.com,Moscow,56374
16606,AW00016606,Ricky,Blanco,S,M,2010-10-09,ricky.blanco@papers.com,Madrid,31594
16607,AW00016607,Logan,Gonzales,M,M,2010-10-09,logan.gonzales@towels.com,Berlin,27966
16608,AW00016608,Ricky,Martin,S,M,2010-10-10,ricky.martin@hostinger.com,Singapore,26635
16609,AW00016609,Gary,Jimenez,S,M,2010-10-10,gary.jimenez@hostinger.com,London,31916
16610,AW00016610,Sydney,Clark,M,F,2010-10-10,sydney.clark@cappo.com,Istanbul,40656
16611,AW00016611,Dylan,Rodriguez,S,M,2010-10-10,dylan.rodriguez@winds.com,Bangkok,38852
16612,AW00016612,Ebony,Ashe,S,F,2010-10-10,ebony.ashe@hostinger.com,London,20559
16613,AW00016613,Cassie,Sutton,M,F,2010-10-10,cassie.sutton@mouse.com,London,42608
16614,AW00016614,Alison,Shen,M,F,2010-10-10,alison.shen@papers.com,Istanbul,40475
16615,AW00016615,Kaitlin,Patel,S,F,2010-10-10,kaitlin.patel@towels.com,Tokyo,42631
16616,AW00016616,Kelvin,Liang,S,M,2010-10-10,kelvin.liang@circles.com,Rome,20702
16617,AW00016617,Alvin,Xie,M,M,2010-10-10,alvin.xie@hostinger.com,Berlin,51380
16618,AW00016618,Cassandra,Subram,M,F,2010-10-10,cassandra.subram@winds.com,Tokyo,52658
16619,AW00016619,Whitney,Perez,M,F,2010-10-10,whitney.perez@towels.com,Mumbai,33150
16620,AW00016620,Cameron,Thompson,M,M,2010-10-10,cameron.thompson@mouse.com,London,45020
16621,AW00016621,Birgit,Seidel,M,F,2010-10-10,birgit.seidel@nappa.com,Rome,53040
16622,AW00016622,Byron,Navarro,S,M,2010-10-11,byron.navarro@winds.com,Paris,27535
16623,AW00016623,Andres,Lal,S,M,2010-10-11,andres.lal@cappo.com,Rome,21378
16624,AW00016624,Albert,Alvarez,S,M,2010-10-11,albert.alvarez@towels.com,London,12582
16625,AW00016625,Grant,Deng,M,M,2010-10-11,grant.deng@papers.com,Delhi,53193
16626,AW00016626,Nathaniel,Morgan,S,M,2010-10-11,nathaniel.morgan@cappo.com,Berlin,21080
16627,AW00016627,Claudia,Chen,M,F,2010-10-11,claudia.chen@nappa.com,Berlin,11474
16628,AW00016628,Francisco,Prasad,S,M,2010-10-11,francisco.prasad@winds.com,Jakarta,33387
16629,AW00016629,Rosa,Zheng,S,F,2010-10-11,rosa.zheng@mouse.com,Delhi,29958
16630,AW00016630,Jaime,Sutton,M,M,2010-10-12,jaime.sutton@fountains.com,Jakarta,45816
16631,AW00016631,Haley,Ward,S,F,2010-10-12,haley.ward@hostinger.com,Tokyo,54026
16632,AW00016632,Ruben,Romero,S,M,2010-10-12,ruben.romero@mouse.com,Rome,50507
16633,AW00016633,Kelli,Becker,M,F,2010-10-12,kelli.becker@winds.com,Rome,19019
16634,AW00016634,Jenny,Hu,M,F,2010-10-13,jenny.hu@winds.com,Berlin,12105
16635,AW00016635,Erick,Suri,M,M,2010-10-13,erick.suri@mouse.com,Mumbai,58386
16636,AW00016636,Danny,Gomez,M,M,2010-10-13,danny.gomez@papers.com,Delhi,33475
16637,AW00016637,Evan,King,M,M,2010-10-13,evan.king@fountains.com,Istanbul,55193
16638,AW00016638,Dennis,Ye,M,M,2010-10-13,dennis.ye@winds.com,Bangkok,37984
16639,AW00016639,Renee,Romero,S,F,2010-10-13,renee.romero@winds.com,Jakarta,18949
16640,AW00016640,Colin,Lal,M,M,2010-10-13,colin.lal@mouse.com,Mumbai,25113
16641,AW00016641,Julia,Bailey,S,F,2010-10-14,julia.bailey@towels.com,Mumbai,58473
16642,AW00016642,Mason,Mitchell,S,M,2010-10-14,mason.mitchell@circles.com,Berlin,21159
16643,AW00016643,Fernando,Wilson,S,M,2010-10-14,fernando.wilson@sticks.com,London,28566
16644,AW00016644,Leonard,Goel,M,M,2010-10-14,leonard.goel@towels.com,Delhi,58415
16645,AW00016645,Chelsea,Subram,M,F,2010-10-14,chelsea.subram@circles.com,Madrid,54725
16646,AW00016646,Xavier,Collins,M,M,2010-10-14,xavier.collins@hostinger.com,Istanbul,28667
16647,AW00016647,Anna,Alexander,M,F,2010-10-14,anna.alexander@hostinger.com,Tokyo,35674
16648,AW00016648,Rachel,Coleman,M,F,2010-10-15,rachel.coleman@fountains.com,Rome,33165
16649,AW00016649,Makayla,Stewart,M,F,2010-10-15,makayla.stewart@fountains.com,London,29938
16650,AW00016650,Kaitlyn,Green,M,F,2010-10-15,kaitlyn.green@circles.com,Seoul,30651
16651,AW00016651,Abigail,Martinez,M,F,2010-10-15,abigail.martinez@nappa.com,Singapore,36036
16652,AW00016652,Nicole,Richardson,M,F,2010-10-15,nicole.richardson@mouse.com,Madrid,26885
16653,AW00016653,Isabella,Phillips,M,F,2010-10-15,isabella.phillips@nappa.com,Madrid,28248
16654,AW00016654,Heather,Zhang,M,F,2010-10-15,heather.zhang@towels.com,Madrid,31794
16655,AW00016655,Destiny,Taylor,M,F,2010-10-15,destiny.taylor@sticks.com,Delhi,38668
16656,AW00016656,Ronnie,Zhang,M,M,2010-10-15,ronnie.zhang@papers.com,Bangkok,20623
16657,AW00016657,Alvin,She,M,M,2010-10-15,alvin.she@hostinger.com,Singapore,42647
16658,AW00016658,Ashlee,Raje,S,F,2010-10-16,ashlee.raje@towels.com,Istanbul,15837
16659,AW00016659,Emily,Jones,S,F,2010-10-16,emily.jones@mouse.com,Rome,10424
16660,AW00016660,Lee,Blanco,S,M,2010-10-16,lee.blanco@winds.com,Delhi,40126
16661,AW00016661,Shane,Raman,S,M,2010-10-16,shane.raman@cappo.com,Paris,42928
16662,AW00016662,Stacey,Gao,S,F,2010-10-16,stacey.gao@hostinger.com,Berlin,36089
16663,AW00016663,Rosa,Lu,S,F,2010-10-17,rosa.lu@circles.com,Madrid,29851
16664,AW00016664,Sophia,Nelson,M,F,2010-10-17,sophia.nelson@circles.com,Rome,54011
16665,AW00016665,Linda,Suarez,S,F,2010-10-17,linda.suarez@fountains.com,Seoul,16151
16666,AW00016666,Taylor,Torres,S,F,2010-10-17,taylor.torres@fountains.com,Paris,35251
16667,AW00016667,Allison,Sanchez,S,F,2010-10-17,allison.sanchez@winds.com,Singapore,12287
16668,AW00016668,Levi,Malhotra,S,M,2010-10-17,levi.malhotra@hostinger.com,Istanbul,10296
16669,AW00016669,Benjamin,Martinez,S,M,2010-10-17,benjamin.martinez@nappa.com,Bangkok,24677
16670,AW00016670,Sarah,White,S,F,2010-10-17,sarah.white@cappo.com,Istanbul,14542
16671,AW00016671,Megan,Wood,S,F,2010-10-18,megan.wood@papers.com,Seoul,47876
16672,AW00016672,Nicole,Martinez,S,F,2010-10-18,nicole.martinez@mouse.com,Shanghai,26589
16673,AW00016673,Curtis,Guo,S,M,2010-10-18,curtis.guo@towels.com,Shanghai,37800
16674,AW00016674,Ricardo,Yuan,M,M,2010-10-18,ricardo.yuan@papers.com,Moscow,40074
16675,AW00016675,Kristi,Arthur,S,F,2010-10-18,kristi.arthur@papers.com,Delhi,19912
16676,AW00016676,Amanda,Perry,M,F,2010-10-18,amanda.perry@mouse.com,Tokyo,29022
16677,AW00016677,Jack,Hughes,M,M,2010-10-18,jack.hughes@nappa.com,London,22270
16678,AW00016678,Ian,Ramirez,M,M,2010-10-18,ian.ramirez@hostinger.com,London,38032
16679,AW00016679,Amber,Carter,S,F,2010-10-18,amber.carter@winds.com,Mumbai,35849
16680,AW00016680,Carlos,Edwards,M,M,2010-10-18,carlos.edwards@papers.com,Rome,53177
16681,AW00016681,Louis,Chande,S,M,2010-10-18,louis.chande@towels.com,Seoul,50143
16682,AW00016682,Kristy,Ramos,M,F,2010-10-19,kristy.ramos@hostinger.com,Moscow,34837
16683,AW00016683,Christy,Rai,M,F,2010-10-19,christy.rai@papers.com,Paris,19939
16684,AW00016684,Joel,Perez,M,M,2010-10-19,joel.perez@papers.com,Mumbai,15021
16685,AW00016685,Robin,Dominguez,S,F,2010-10-19,robin.dominguez@winds.com,Moscow,33869
16686,AW00016686,Kristine,Alonso,M,F,2010-10-19,kristine.alonso@nappa.com,Shanghai,42124
16687,AW00016687,Lawrence,Romero,S,M,2010-10-19,lawrence.romero@fountains.com,Moscow,47801
16688,AW00016688,Tabitha,Gomez,S,F,2010-10-19,tabitha.gomez@fountains.com,London,28111
16689,AW00016689,Rafael,Shen,M,M,2010-10-20,rafael.shen@hostinger.com,Istanbul,56279
16690,AW00016690,Aimee,Wu,M,F,2010-10-20,aimee.wu@papers.com,Seoul,39747
16691,AW00016691,Paula,Romero,S,F,2010-10-20,paula.romero@mouse.com,Madrid,25564
16692,AW00016692,Jay,Diaz,M,M,2010-10-20,jay.diaz@nappa.com,Berlin,35877
16693,AW00016693,Ethan,Coleman,M,M,2010-10-20,ethan.coleman@cappo.com,Madrid,41986
16694,AW00016694,Mandy,Sun,M,F,2010-10-20,mandy.sun@winds.com,Paris,31558
16695,AW00016695,Dwayne,Serrano,M,M,2010-10-20,dwayne.serrano@circles.com,Tokyo,34171
16696,AW00016696,Claudia,Zeng,S,F,2010-10-20,claudia.zeng@towels.com,Madrid,48264
16697,AW00016697,Wyatt,Henderson,S,M,2010-10-20,wyatt.henderson@papers.com,Tokyo,12196
16698,AW00016698,Mallory,Gill,S,F,2010-10-21,mallory.gill@circles.com,Tokyo,25662
16699,AW00016699,Dominic,Kapoor,M,M,2010-10-21,dominic.kapoor@towels.com,Istanbul,37781
16700,AW00016700,Billy,Gill,S,M,2010-10-21,billy.gill@fountains.com,Rome,50919
16701,AW00016701,Laura,Zheng,S,F,2010-10-21,laura.zheng@winds.com,Paris,17485
16702,AW00016702,Patricia,Raman,M,F,2010-10-21,patricia.raman@winds.com,Rome,17322
16703,AW00016703,Denise,Sanchez,M,F,2010-10-21,denise.sanchez@nappa.com,Madrid,18994
16704,AW00016704,Karla,Chavez,M,F,2010-10-21,karla.chavez@circles.com,London,55158
16705,AW00016705,Jacqueline,Wood,M,F,2010-10-22,jacqueline.wood@hostinger.com,Berlin,48846
16706,AW00016706,Jenny,Shan,M,F,2010-10-22,jenny.shan@hostinger.com,London,17505
16707,AW00016707,Derrick,Serrano,S,M,2010-10-22,derrick.serrano@papers.com,Singapore,15155
16708,AW00016708,Kellie,Sanz,S,F,2010-10-22,kellie.sanz@circles.com,London,21971
16709,AW00016709,Roy,Alvarez,M,M,2010-10-22,roy.alvarez@mouse.com,Mumbai,45784
16710,AW00016710,Carla,Arthur,M,F,2010-10-22,carla.arthur@papers.com,Tokyo,40035
16711,AW00016711,Jorge,Zhao,M,M,2010-10-22,jorge.zhao@papers.com,Shanghai,22528
16712,AW00016712,Suzanne,Lu,S,F,2010-10-22,suzanne.lu@papers.com,Paris,19944
16713,AW00016713,Tony,Nara,M,M,2010-10-22,tony.nara@fountains.com,Bangkok,41179
16714,AW00016714,Dalton,Nicholls,M,M,2010-10-22,dalton.nicholls@sticks.com,Shanghai,52396
16715,AW00016715,Katelyn,Ramirez,M,F,2010-10-23,katelyn.ramirez@fountains.com,Mumbai,33165
16716,AW00016716,Jose,Henderson,S,M,2010-10-23,jose.henderson@sticks.com,Singapore,27871
16717,AW00016717,Masaki,Umeda,M,F,2010-10-23,masaki.umeda@sticks.com,Mumbai,40292
16718,AW00016718,Gavin,Stone,S,M,2010-10-23,gavin.stone@fountains.com,Mumbai,38735
16719,AW00016719,Trevor,Russell,S,M,2010-10-23,trevor.russell@circles.com,London,57147
16720,AW00016720,Morgan,Perry,S,F,2010-10-23,morgan.perry@papers.com,Bangkok,38573
16721,AW00016721,Xavier,Sanders,M,M,2010-10-23,xavier.sanders@sticks.com,Seoul,41876
16722,AW00016722,Sean,Gray,S,M,2010-10-23,sean.gray@sticks.com,Tokyo,20610
16723,AW00016723,Barbara,Zhao,M,F,2010-10-23,barbara.zhao@mouse.com,Mumbai,33932
16724,AW00016724,Gabriel,Yang,S,M,2010-10-23,gabriel.yang@nappa.com,Delhi,59140
16725,AW00016725,Jacob,Williams,M,M,2010-10-23,jacob.williams@towels.com,Jakarta,31508
16726,AW00016726,Miguel,Wood,M,M,2010-10-23,miguel.wood@winds.com,Seoul,10050
16727,AW00016727,Charles,Johnston,S,M,2010-10-24,charles.johnston@hostinger.com,Bangkok,31502
16728,AW00016728,Cole,Morris,M,M,2010-10-24,cole.morris@mouse.com,Istanbul,33776
16729,AW00016729,Tommy,Nara,M,M,2010-10-24,tommy.nara@mouse.com,Delhi,49270
16730,AW00016730,Mariah,Long,M,F,2010-10-24,mariah.long@fountains.com,Rome,18886
16731,AW00016731,Nicole,White,S,F,2010-10-24,nicole.white@winds.com,Berlin,33585
16732,AW00016732,Natalie,Flores,S,F,2010-10-24,natalie.flores@winds.com,Seoul,39472
16733,AW00016733,Douglas,Srini,M,M,2010-10-24,douglas.srini@mouse.com,Jakarta,44389
16734,AW00016734,Emma,Martinez,S,F,2010-10-24,emma.martinez@papers.com,Shanghai,42521
16735,AW00016735,Melissa,Hayes,S,F,2010-10-24,melissa.hayes@nappa.com,Paris,38781
16736,AW00016736,Kelly,Alexander,S,F,2010-10-24,kelly.alexander@cappo.com,Rome,31443
16737,AW00016737,Steven,Selikoff,S,F,2010-10-25,steven.selikoff@mouse.com,Seoul,41591
16738,AW00016738,Ramon,Lu,M,M,2010-10-25,ramon.lu@papers.com,Rome,23600
16739,AW00016739,Cory,Weber,M,M,2010-10-25,cory.weber@hostinger.com,Shanghai,22664
16740,AW00016740,Elijah,Li,M,M,2010-10-25,elijah.li@cappo.com,Mumbai,17597
16741,AW00016741,Alan,Xu,M,M,2010-10-25,alan.xu@sticks.com,Bangkok,29915
16742,AW00016742,Mitchell,Pal,M,M,2010-10-25,mitchell.pal@cappo.com,Singapore,37653
16743,AW00016743,Ariana,Stewart,M,F,2010-10-25,ariana.stewart@cappo.com,Berlin,32547
16744,AW00016744,Lacey,Guo,M,F,2010-10-25,lacey.guo@hostinger.com,Delhi,24838
16745,AW00016745,Krista,Moreno,S,F,2010-10-25,krista.moreno@towels.com,Moscow,49854
16746,AW00016746,Brianna,Peterson,S,F,2010-10-25,brianna.peterson@towels.com,Moscow,13664
16747,AW00016747,Alexander,Davis,S,M,2010-10-26,alexander.davis@fountains.com,Shanghai,15475
16748,AW00016748,Patrick,Peterson,S,M,2010-10-26,patrick.peterson@nappa.com,Moscow,49984
16749,AW00016749,Aaron,Coleman,S,M,2010-10-26,aaron.coleman@fountains.com,Mumbai,58066
16750,AW00016750,Seth,Sanders,M,M,2010-10-27,seth.sanders@sticks.com,Paris,45069
16751,AW00016751,Aaron,Scott,M,M,2010-10-27,aaron.scott@cappo.com,Delhi,52435
16752,AW00016752,Mason,Wright,S,M,2010-10-27,mason.wright@papers.com,Bangkok,12019
16753,AW00016753,Rachel,Harris,S,F,2010-10-27,rachel.harris@cappo.com,Madrid,11964
16754,AW00016754,Alex,Bell,S,M,2010-10-27,alex.bell@towels.com,Bangkok,36646
16755,AW00016755,Olivia,James,M,F,2010-10-28,olivia.james@sticks.com,Istanbul,43129
16756,AW00016756,Richard,Allen,M,M,2010-10-28,richard.allen@nappa.com,Seoul,16697
16757,AW00016757,Mackenzie,Cox,M,F,2010-10-28,mackenzie.cox@winds.com,Madrid,17983
16758,AW00016758,Justin,Perry,M,M,2010-10-28,justin.perry@towels.com,Seoul,52467
16759,AW00016759,Jasmine,Bell,M,F,2010-10-28,jasmine.bell@towels.com,London,41144
16760,AW00016760,Sydney,Alexander,S,F,2010-10-28,sydney.alexander@cappo.com,Madrid,59230
16761,AW00016761,Angel,Ward,S,M,2010-10-29,angel.ward@winds.com,Delhi,14177
16762,AW00016762,Franklin,Ferrier,M,M,2010-10-29,franklin.ferrier@mouse.com,Paris,59984
16763,AW00016763,Juan,Suarez,M,M,2010-10-29,juan.suarez@mouse.com,London,29250
16764,AW00016764,Thomas,Davis,M,M,2010-10-29,thomas.davis@circles.com,London,19665
16765,AW00016765,Dalton,White,M,M,2010-10-29,dalton.white@cappo.com,Madrid,34098
16766,AW00016766,Summer,Arun,S,F,2010-10-29,summer.arun@mouse.com,Delhi,40802
16767,AW00016767,Rafael,Liu,M,M,2010-10-29,rafael.liu@mouse.com,Madrid,11846
16768,AW00016768,Eduardo,Barnes,M,M,2010-10-29,eduardo.barnes@papers.com,Jakarta,41593
16769,AW00016769,Tyler,Walker,M,M,2010-10-29,tyler.walker@nappa.com,Paris,56496
16770,AW00016770,Charles,Rogers,M,M,2010-10-30,charles.rogers@circles.com,Berlin,37018
16771,AW00016771,Ian,Walker,M,M,2010-10-30,ian.walker@cappo.com,Shanghai,43379
16772,AW00016772,Morgan,Parker,M,F,2010-10-31,morgan.parker@nappa.com,Istanbul,44306
16773,AW00016773,David,Lal,M,M,2010-10-31,david.lal@sticks.com,Singapore,34422
16774,AW00016774,Eduardo,Perry,S,M,2010-10-31,eduardo.perry@papers.com,Istanbul,44142
16775,AW00016775,Sarah,Russell,M,F,2010-10-31,sarah.russell@mouse.com,Paris,37991
16776,AW00016776,Dalton,Lewis,M,M,2010-10-31,dalton.lewis@mouse.com,London,18554
16777,AW00016777,Cameron,Simmons,M,M,2010-10-31,cameron.simmons@circles.com,Bangkok,15058
16778,AW00016778,Blake,Hayes,S,M,2010-10-31,blake.hayes@fountains.com,Seoul,48465
16779,AW00016779,Morgan,Watson,M,F,2010-11-01,morgan.watson@sticks.com,Mumbai,44112
16780,AW00016780,Carlos,Bailey,M,M,2010-11-01,carlos.bailey@hostinger.com,Singapore,16080
16781,AW00016781,Dylan,Chen,M,M,2010-11-01,dylan.chen@nappa.com,Jakarta,33196
16782,AW00016782,Lucas,Clark,M,M,2010-11-01,lucas.clark@papers.com,Delhi,27093
16783,AW00016783,Grace,Barnes,M,F,2010-11-01,grace.barnes@circles.com,Madrid,25791
16784,AW00016784,Chloe,Long,M,F,2010-11-01,chloe.long@nappa.com,Berlin,13465
16785,AW00016785,Christian,Lee,M,M,2010-11-01,christian.lee@mouse.com,Berlin,47417
16786,AW00016786,Lucas,Reed,M,M,2010-11-02,lucas.reed@mouse.com,Paris,17260
16787,AW00016787,Nicole,Jackson,S,F,2010-11-02,nicole.jackson@cappo.com,Bangkok,22822
16788,AW00016788,Ronnie,Gao,M,M,2010-11-02,ronnie.gao@hostinger.com,Delhi,46949
16789,AW00016789,Jennifer,Harris,M,F,2010-11-02,jennifer.harris@nappa.com,Bangkok,56667
16790,AW00016790,Hunter,Lopez,M,M,2010-11-02,hunter.lopez@cappo.com,Istanbul,28376
16791,AW00016791,Leonard,Yuan,S,M,2010-11-02,leonard.yuan@cappo.com,London,39332
16792,AW00016792,Maria,Torres,M,F,2010-11-02,maria.torres@hostinger.com,Tokyo,30528
16793,AW00016793,Savannah,Hernandez,S,F,2010-11-02,savannah.hernandez@mouse.com,Paris,49465
16794,AW00016794,Taylor,Cook,M,F,2010-11-02,taylor.cook@hostinger.com,Tokyo,52809
16795,AW00016795,Regina,Garcia,M,F,2010-11-03,regina.garcia@towels.com,Bangkok,33551
16796,AW00016796,Kaitlyn,Martin,S,F,2010-11-03,kaitlyn.martin@cappo.com,Delhi,26243
16797,AW00016797,Evan,Reed,M,M,2010-11-03,evan.reed@hostinger.com,London,26614
16798,AW00016798,Latasha,Martin,M,F,2010-11-03,latasha.martin@sticks.com,Shanghai,55995
16799,AW00016799,Stephanie,Gonzales,M,F,2010-11-03,stephanie.gonzales@sticks.com,Jakarta,44537
16800,AW00016800,Jordan,Roberts,M,F,2010-11-03,jordan.roberts@circles.com,Tokyo,52002
16801,AW00016801,Jasmine,Henderson,S,F,2010-11-03,jasmine.henderson@fountains.com,Paris,22299
16802,AW00016802,Lucas,Allen,S,M,2010-11-03,lucas.allen@winds.com,Seoul,25375
16803,AW00016803,Marcus,Peterson,M,M,2010-11-03,marcus.peterson@mouse.com,Bangkok,10526
16804,AW00016804,Adam,Zhang,M,M,2010-11-04,adam.zhang@papers.com,Moscow,38824
16805,AW00016805,Fernando,Allen,S,M,2010-11-04,fernando.allen@fountains.com,Berlin,29926
16806,AW00016806,Louis,Zhao,M,M,2010-11-04,louis.zhao@towels.com,Tokyo,41325
16807,AW00016807,Virginia,Suri,M,F,2010-11-04,virginia.suri@mouse.com,Delhi,16505
16808,AW00016808,Jessica,Long,M,F,2010-11-04,jessica.long@hostinger.com,Rome,37598
16809,AW00016809,Bailey,Sanders,S,F,2010-11-04,bailey.sanders@winds.com,Mumbai,39263
16810,AW00016810,Michael,Rodriguez,M,M,2010-11-04,michael.rodriguez@sticks.com,London,26132
16811,AW00016811,Luis,Zhang,M,M,2010-11-04,luis.zhang@hostinger.com,Berlin,59884
16812,AW00016812,Alexa,Richardson,M,F,2010-11-04,alexa.richardson@mouse.com,Delhi,36531
16813,AW00016813,Carson,Diaz,M,M,2010-11-04,carson.diaz@fountains.com,Delhi,15420
16814,AW00016814,Isabella,Collins,S,F,2010-11-04,isabella.collins@cappo.com,Seoul,39959
16815,AW00016815,Jacob,Brown,M,M,2010-11-04,jacob.brown@cappo.com,Madrid,24055
16816,AW00016816,Julia,Miller,M,F,2010-11-04,julia.miller@circles.com,Moscow,53208
16817,AW00016817,Evan,Peterson,M,M,2010-11-05,evan.peterson@winds.com,Tokyo,13642
16818,AW00016818,Gabrielle,Reed,M,F,2010-11-05,gabrielle.reed@fountains.com,Bangkok,20324
16819,AW00016819,Dalton,Cox,M,M,2010-11-05,dalton.cox@cappo.com,Mumbai,54412
16820,AW00016820,Isabella,Gray,M,F,2010-11-05,isabella.gray@nappa.com,Berlin,33439
16821,AW00016821,Mary,Carter,M,F,2010-11-05,mary.carter@mouse.com,Paris,41615
16822,AW00016822,Marshall,Lin,M,M,2010-11-05,marshall.lin@towels.com,London,48299
16823,AW00016823,Stacy,Ruiz,M,F,2010-11-05,stacy.ruiz@fountains.com,Bangkok,22742
16824,AW00016824,Randall,Munoz,M,M,2010-11-05,randall.munoz@papers.com,Tokyo,13020
16825,AW00016825,Susan,Zeng,M,F,2010-11-05,susan.zeng@circles.com,Paris,31103
16826,AW00016826,Roberto,Vazquez,M,M,2010-11-05,roberto.vazquez@mouse.com,Delhi,50347
16827,AW00016827,Jeffery,Chen,M,M,2010-11-05,jeffery.chen@sticks.com,Rome,35021
16828,AW00016828,Logan,Mitchell,M,M,2010-11-05,logan.mitchell@papers.com,London,31394
16829,AW00016829,Wayne,Lal,M,M,2010-11-06,wayne.lal@mouse.com,Singapore,17685
16830,AW00016830,Alexandra,Hall,M,F,2010-11-06,alexandra.hall@hostinger.com,Madrid,49163
16831,AW00016831,Theodore,Vazquez,M,M,2010-11-06,theodore.vazquez@winds.com,Jakarta,10826
16832,AW00016832,Isaiah,Parker,S,M,2010-11-06,isaiah.parker@sticks.com,Istanbul,18522
16833,AW00016833,Richard,Cooper,M,M,2010-11-06,richard.cooper@towels.com,Berlin,13024
16834,AW00016834,Morgan,Peterson,S,F,2010-11-06,morgan.peterson@towels.com,Istanbul,13418
16835,AW00016835,Noah,Nelson,M,M,2010-11-07,noah.nelson@nappa.com,London,23981
16836,AW00016836,David,Thomas,M,M,2010-11-07,david.thomas@sticks.com,Tokyo,18956
16837,AW00016837,Elizabeth,Jackson,M,F,2010-11-07,elizabeth.jackson@cappo.com,Shanghai,46938
16838,AW00016838,Jonathan,Griffin,S,M,2010-11-07,jonathan.griffin@sticks.com,Singapore,31772
16839,AW00016839,Julia,Ross,M,F,2010-11-07,julia.ross@fountains.com,Istanbul,44961
16840,AW00016840,Xavier,Torres,M,M,2010-11-07,xavier.torres@cappo.com,Rome,22499
16841,AW00016841,James,Turner,M,M,2010-11-07,james.turner@towels.com,Singapore,16242
16842,AW00016842,Jenny,Yang,M,F,2010-11-07,jenny.yang@sticks.com,London,47562
16843,AW00016843,Jimmy,Ramos,S,M,2010-11-08,jimmy.ramos@nappa.com,Istanbul,52844
16844,AW00016844,Emma,Robinson,M,F,2010-11-08,emma.robinson@cappo.com,Singapore,45476
16845,AW00016845,Andrea,Adams,S,F,2010-11-08,andrea.adams@winds.com,Jakarta,12202
16846,AW00016846,James,Phillips,S,M,2010-11-08,james.phillips@papers.com,Shanghai,35216
16847,AW00016847,Eduardo,Hall,M,M,2010-11-08,eduardo.hall@sticks.com,Delhi,17567
16848,AW00016848,Jessica,Thomas,S,F,2010-11-08,jessica.thomas@sticks.com,Berlin,10467
16849,AW00016849,Jonathan,Collins,M,M,2010-11-08,jonathan.collins@hostinger.com,Rome,35567
16850,AW00016850,Jessica,Jenkins,S,F,2010-11-08,jessica.jenkins@winds.com,Moscow,50969
16851,AW00016851,Kevin,Hayes,S,M,2010-11-09,kevin.hayes@mouse.com,Mumbai,43742
16852,AW00016852,Kate,She,S,F,2010-11-09,kate.she@cappo.com,Istanbul,43144
16853,AW00016853,Christina,Bailey,S,F,2010-11-09,christina.bailey@hostinger.com,Delhi,12619
16854,AW00016854,Seth,Adams,M,M,2010-11-09,seth.adams@towels.com,Madrid,33145
16855,AW00016855,Evelyn,Srini,M,F,2010-11-09,evelyn.srini@fountains.com,Tokyo,34400
16856,AW00016856,Erin,Rivera,M,F,2010-11-09,erin.rivera@nappa.com,Moscow,16580
16857,AW00016857,Lawrence,Munoz,M,M,2010-11-09,lawrence.munoz@fountains.com,Bangkok,15186
16858,AW00016858,Jan,Lopez,M,F,2010-11-09,jan.lopez@circles.com,Jakarta,11100
16859,AW00016859,Jack,Kumar,S,M,2010-11-10,jack.kumar@nappa.com,Istanbul,40480
16860,AW00016860,Haley,Rogers,M,F,2010-11-10,haley.rogers@hostinger.com,Berlin,32942
16861,AW00016861,Luis,Sharma,S,M,2010-11-10,luis.sharma@hostinger.com,Jakarta,19504
16862,AW00016862,Timothy,Nelson,M,M,2010-11-10,timothy.nelson@fountains.com,Mumbai,12036
16863,AW00016863,Kaitlyn,Clark,M,F,2010-11-10,kaitlyn.clark@fountains.com,Shanghai,34378
16864,AW00016864,Grace,Ramirez,S,F,2010-11-10,grace.ramirez@fountains.com,Singapore,34115
16865,AW00016865,Jordyn,Diaz,M,F,2010-11-10,jordyn.diaz@fountains.com,Paris,49830
16866,AW00016866,Alexandra,Parker,M,F,2010-11-10,alexandra.parker@nappa.com,Delhi,48219
16867,AW00016867,Katelyn,King,S,F,2010-11-10,katelyn.king@papers.com,Shanghai,52338
16868,AW00016868,Xavier,Jackson,M,M,2010-11-11,xavier.jackson@winds.com,Shanghai,33260
16869,AW00016869,Vanessa,Patterson,M,F,2010-11-11,vanessa.patterson@sticks.com,Singapore,25894
16870,AW00016870,Andrea,Morgan,M,F,2010-11-11,andrea.morgan@nappa.com,London,38539
16871,AW00016871,Anna,Clark,M,F,2010-11-11,anna.clark@nappa.com,London,17246
16872,AW00016872,Samuel,Taylor,M,M,2010-11-11,samuel.taylor@fountains.com,Singapore,50360
16873,AW00016873,Damien,Deng,M,M,2010-11-11,damien.deng@mouse.com,Moscow,43920
16874,AW00016874,Leslie,Munoz,S,F,2010-11-11,leslie.munoz@mouse.com,Bangkok,26054
16875,AW00016875,Samantha,Diaz,M,F,2010-11-12,samantha.diaz@mouse.com,Istanbul,47654
16876,AW00016876,Jackson,Sharma,M,M,2010-11-12,jackson.sharma@sticks.com,London,53352
16877,AW00016877,Katelyn,Adams,S,F,2010-11-12,katelyn.adams@winds.com,Seoul,11874
16878,AW00016878,Devin,Young,S,M,2010-11-12,devin.young@cappo.com,Rome,31364
16879,AW00016879,Morgan,Taylor,S,F,2010-11-12,morgan.taylor@mouse.com,Bangkok,18437
16880,AW00016880,Edgar,Patel,M,M,2010-11-12,edgar.patel@nappa.com,Delhi,11999
16881,AW00016881,Ruben,Alonso,M,M,2010-11-12,ruben.alonso@sticks.com,Madrid,36682
16882,AW00016882,Robert,Young,S,M,2010-11-12,robert.young@nappa.com,Mumbai,47299
16883,AW00016883,Tyler,Davis,S,M,2010-11-12,tyler.davis@winds.com,Madrid,54631
16884,AW00016884,Richard,Miller,M,M,2010-11-12,richard.miller@circles.com,Jakarta,56994
16885,AW00016885,Garrett,Cook,M,M,2010-11-12,garrett.cook@cappo.com,Rome,12791
16886,AW00016886,Aidan,Flores,M,M,2010-11-12,aidan.flores@sticks.com,Tokyo,22942
16887,AW00016887,Cody,Rivera,M,M,2010-11-13,cody.rivera@papers.com,London,13586
16888,AW00016888,Arianna,Hughes,S,F,2010-11-13,arianna.hughes@cappo.com,Rome,58324
16889,AW00016889,Daniel,Rodriguez,S,M,2010-11-13,daniel.rodriguez@cappo.com,Bangkok,22908
16890,AW00016890,Timothy,Reed,M,M,2010-11-13,timothy.reed@mouse.com,Delhi,55320
16891,AW00016891,Natalie,Gonzales,M,F,2010-11-13,natalie.gonzales@hostinger.com,Bangkok,20658
16892,AW00016892,Rebecca,Evans,M,F,2010-11-13,rebecca.evans@towels.com,Mumbai,48969
16893,AW00016893,Isaac,Howard,S,M,2010-11-13,isaac.howard@mouse.com,Istanbul,18725
16894,AW00016894,Abigail,Walker,S,F,2010-11-13,abigail.walker@mouse.com,Singapore,44920
16895,AW00016895,Chloe,Gonzales,M,F,2010-11-13,chloe.gonzales@cappo.com,Delhi,35388
16896,AW00016896,Natalie,Perez,M,F,2010-11-13,natalie.perez@nappa.com,Bangkok,26351
16897,AW00016897,Lauren,Torres,S,F,2010-11-14,lauren.torres@hostinger.com,Delhi,49509
16898,AW00016898,Angel,Reed,M,M,2010-11-14,angel.reed@towels.com,Jakarta,15423
16899,AW00016899,Whitney,Sanchez,M,F,2010-11-14,whitney.sanchez@mouse.com,Istanbul,39239
16900,AW00016900,Miguel,Jones,M,M,2010-11-14,miguel.jones@fountains.com,Seoul,46345
16901,AW00016901,Ricky,Munoz,M,M,2010-11-14,ricky.munoz@sticks.com,Jakarta,30519
16902,AW00016902,Shawn,She,S,M,2010-11-14,shawn.she@mouse.com,London,16811
16903,AW00016903,Ian,Wright,S,M,2010-11-14,ian.wright@winds.com,Paris,58790
16904,AW00016904,Arianna,Bailey,M,F,2010-11-14,arianna.bailey@nappa.com,Madrid,33269
16905,AW00016905,Janet,Stewart,M,F,2010-11-15,janet.stewart@cappo.com,Seoul,25412
16906,AW00016906,Brittany,Flores,M,F,2010-11-15,brittany.flores@sticks.com,Berlin,55549
16907,AW00016907,Sarah,Hall,S,F,2010-11-15,sarah.hall@sticks.com,Singapore,39860
16908,AW00016908,Kristi,Patel,S,F,2010-11-16,kristi.patel@cappo.com,Moscow,49335
16909,AW00016909,Chloe,Walker,M,F,2010-11-16,chloe.walker@papers.com,Shanghai,30049
16910,AW00016910,Ryan,Diaz,M,M,2010-11-16,ryan.diaz@fountains.com,Paris,44952
16911,AW00016911,Caleb,Patterson,M,M,2010-11-16,caleb.patterson@towels.com,London,13289
16912,AW00016912,Dalton,Patterson,M,M,2010-11-16,dalton.patterson@winds.com,Seoul,39436
16913,AW00016913,Marcus,Flores,S,M,2010-11-16,marcus.flores@hostinger.com,Mumbai,41296
16914,AW00016914,Alexandra,Campbell,M,F,2010-11-17,alexandra.campbell@sticks.com,Paris,20487
16915,AW00016915,Mason,Phillips,M,M,2010-11-17,mason.phillips@sticks.com,Seoul,24844
16916,AW00016916,Cheryl,Dominguez,S,F,2010-11-17,cheryl.dominguez@mouse.com,Tokyo,39042
16917,AW00016917,Brett,Subram,M,M,2010-11-17,brett.subram@papers.com,Jakarta,17010
16918,AW00016918,Alexandria,Cox,S,F,2010-11-17,alexandria.cox@circles.com,Delhi,42873
16919,AW00016919,Kaitlin,Sullivan,M,F,2010-11-17,kaitlin.sullivan@towels.com,Rome,43060
16920,AW00016920,Eduardo,Stewart,M,M,2010-11-17,eduardo.stewart@mouse.com,Paris,26513
16921,AW00016921,Edwin,Jai,M,M,2010-11-18,edwin.jai@cappo.com,Seoul,36745
16922,AW00016922,Emma,Jackson,S,F,2010-11-18,emma.jackson@mouse.com,Moscow,32568
16923,AW00016923,Connor,Gonzales,S,M,2010-11-18,connor.gonzales@papers.com,Rome,49925
16924,AW00016924,Julia,Price,S,F,2010-11-18,julia.price@winds.com,Berlin,15715
16925,AW00016925,Spencer,Patterson,S,M,2010-11-18,spencer.patterson@hostinger.com,Jakarta,30468
16926,AW00016926,Rodney,Sanz,M,M,2010-11-18,rodney.sanz@papers.com,Mumbai,38400
16927,AW00016927,Rebekah,Gonzalez,M,F,2010-11-18,rebekah.gonzalez@papers.com,Paris,41634
16928,AW00016928,Bryan,Stewart,S,M,2010-11-18,bryan.stewart@winds.com,London,39950
16929,AW00016929,Savannah,Scott,M,F,2010-11-18,savannah.scott@mouse.com,London,51728
16930,AW00016930,Kristen,Zhao,S,F,2010-11-18,kristen.zhao@towels.com,London,29095
16931,AW00016931,Dalton,Lee,S,M,2010-11-19,dalton.lee@circles.com,London,42467
16932,AW00016932,Adam,King,M,M,2010-11-19,adam.king@towels.com,Madrid,55820
16933,AW00016933,Donald,Arun,S,M,2010-11-19,donald.arun@hostinger.com,Shanghai,29846
16934,AW00016934,Michele,Vazquez,S,F,2010-11-19,michele.vazquez@winds.com,Mumbai,41201
16935,AW00016935,Bruce,Perez,S,M,2010-11-19,bruce.perez@nappa.com,Shanghai,43003
16936,AW00016936,Alice,Serventi,M,F,2010-11-19,alice.serventi@nappa.com,Jakarta,40547
16937,AW00016937,Craig,Rubio,M,M,2010-11-19,craig.rubio@winds.com,Shanghai,59260
16938,AW00016938,Abigail,Williams,S,F,2010-11-19,abigail.williams@mouse.com,Istanbul,57467
16939,AW00016939,Bailey,Evans,M,F,2010-11-19,bailey.evans@sticks.com,Singapore,19964
16940,AW00016940,Jenny,Zeng,S,F,2010-11-19,jenny.zeng@towels.com,Tokyo,15592
16941,AW00016941,Amy,Yang,M,F,2010-11-19,amy.yang@papers.com,Moscow,21243
16942,AW00016942,Kaitlyn,Bennett,M,F,2010-11-19,kaitlyn.bennett@winds.com,Shanghai,12954
16943,AW00016943,Veronica,Garcia,M,F,2010-11-19,veronica.garcia@papers.com,Rome,52191
16944,AW00016944,Alejandro,Raji,S,M,2010-11-20,alejandro.raji@mouse.com,Singapore,29530
16945,AW00016945,Brianna,Kelly,S,F,2010-11-20,brianna.kelly@winds.com,Moscow,52596
16946,AW00016946,Teresa,Diaz,M,F,2010-11-20,teresa.diaz@cappo.com,Tokyo,58862
16947,AW00016947,Savannah,Stewart,M,F,2010-11-20,savannah.stewart@fountains.com,Bangkok,29948
16948,AW00016948,Emma,Lee,M,F,2010-11-20,emma.lee@nappa.com,Mumbai,57157
16949,AW00016949,Luis,Flores,M,M,2010-11-20,luis.flores@mouse.com,Berlin,26646
16950,AW00016950,Connor,Edwards,M,M,2010-11-20,connor.edwards@towels.com,Jakarta,46922
16951,AW00016951,Cassidy,Bennett,M,F,2010-11-20,cassidy.bennett@papers.com,Madrid,59848
16952,AW00016952,Thomas,Martin,M,M,2010-11-21,thomas.martin@mouse.com,Mumbai,37204
16953,AW00016953,Paige,Ward,M,F,2010-11-21,paige.ward@mouse.com,Berlin,48669
16954,AW00016954,Fernando,Davis,S,M,2010-11-21,fernando.davis@fountains.com,Jakarta,13123
16955,AW00016955,Nathaniel,Bradley,M,M,2010-11-21,nathaniel.bradley@fountains.com,Singapore,55810
16956,AW00016956,Austin,Flores,M,M,2010-11-22,austin.flores@cappo.com,Istanbul,40754
16957,AW00016957,Seth,Wilson,M,M,2010-11-22,seth.wilson@circles.com,Rome,57723
16958,AW00016958,Pedro,Torres,M,M,2010-11-22,pedro.torres@fountains.com,Tokyo,27951
16959,AW00016959,Carson,Foster,M,M,2010-11-22,carson.foster@winds.com,Shanghai,12097
16960,AW00016960,Paige,Gray,M,F,2010-11-22,paige.gray@towels.com,Tokyo,17023
16961,AW00016961,Faith,Perry,M,F,2010-11-22,faith.perry@winds.com,Seoul,22625
16962,AW00016962,Zachary,Coleman,M,M,2010-11-22,zachary.coleman@circles.com,Madrid,52796
16963,AW00016963,Faith,Hughes,M,F,2010-11-22,faith.hughes@sticks.com,Delhi,27980
16964,AW00016964,Gavin,Wood,M,M,2010-11-23,gavin.wood@cappo.com,Bangkok,18630
16965,AW00016965,Kristi,Romero,S,F,2010-11-23,kristi.romero@hostinger.com,London,36802
16966,AW00016966,Amanda,Diaz,M,F,2010-11-23,amanda.diaz@hostinger.com,Moscow,45262
16967,AW00016967,Noah,Hernandez,S,M,2010-11-23,noah.hernandez@mouse.com,Shanghai,42303
16968,AW00016968,Ian,Griffin,S,M,2010-11-23,ian.griffin@mouse.com,Moscow,31382
16969,AW00016969,Jackson,Turner,M,M,2010-11-23,jackson.turner@mouse.com,Berlin,32375
16970,AW00016970,Katherine,Foster,S,F,2010-11-23,katherine.foster@cappo.com,Paris,32317
16971,AW00016971,Alexia,Bryant,S,F,2010-11-23,alexia.bryant@hostinger.com,Paris,33293
16972,AW00016972,Lucas,Hernandez,S,M,2010-11-23,lucas.hernandez@circles.com,Berlin,39951
16973,AW00016973,Katherine,Collins,S,F,2010-11-24,katherine.collins@circles.com,Istanbul,20799
16974,AW00016974,Paige,Rivera,S,F,2010-11-24,paige.rivera@hostinger.com,Tokyo,56862
16975,AW00016975,Benjamin,Lee,M,M,2010-11-24,benjamin.lee@mouse.com,Bangkok,20853
16976,AW00016976,Sandra,Xu,S,F,2010-11-24,sandra.xu@hostinger.com,Berlin,45161
16977,AW00016977,Noah,Adams,S,M,2010-11-24,noah.adams@winds.com,Bangkok,40376
16978,AW00016978,Jeremy,Rivera,M,M,2010-11-24,jeremy.rivera@cappo.com,London,32360
16979,AW00016979,Kaitlyn,Rogers,S,F,2010-11-24,kaitlyn.rogers@sticks.com,Tokyo,46956
16980,AW00016980,Jill,Moore,M,F,2010-11-24,jill.moore@fountains.com,Bangkok,46961
16981,AW00016981,Hunter,Simmons,M,M,2010-11-24,hunter.simmons@cappo.com,Mumbai,31526
16982,AW00016982,Jillian,Lopez,M,F,2010-11-24,jillian.lopez@nappa.com,Istanbul,43530
16983,AW00016983,Gabriel,Collins,M,M,2010-11-24,gabriel.collins@cappo.com,Madrid,19358
16984,AW00016984,Rodney,Moreno,S,M,2010-11-24,rodney.moreno@sticks.com,Paris,16083
16985,AW00016985,Adam,Li,S,M,2010-11-24,adam.li@circles.com,Berlin,37175
16986,AW00016986,Sara,Adams,S,F,2010-11-25,sara.adams@nappa.com,London,26316
16987,AW00016987,Miguel,Clark,S,M,2010-11-25,miguel.clark@nappa.com,Madrid,15391
16988,AW00016988,Brian,Bailey,S,M,2010-11-25,brian.bailey@cappo.com,London,38593
16989,AW00016989,Emma,Richardson,S,F,2010-11-25,emma.richardson@nappa.com,Jakarta,12863
16990,AW00016990,Zachary,Griffin,M,M,2010-11-25,zachary.griffin@hostinger.com,London,24381
16991,AW00016991,Brianna,Henderson,S,F,2010-11-25,brianna.henderson@hostinger.com,Seoul,19389
16992,AW00016992,Lucas,Watson,S,M,2010-11-26,lucas.watson@nappa.com,Madrid,10509
16993,AW00016993,Russell,Rai,M,M,2010-11-26,russell.rai@nappa.com,Istanbul,37899
16994,AW00016994,Deanna,Torres,S,F,2010-11-26,deanna.torres@hostinger.com,Jakarta,16141
16995,AW00016995,Taylor,Hall,S,F,2010-11-26,taylor.hall@hostinger.com,Delhi,32596
16996,AW00016996,Destiny,Walker,S,F,2010-11-26,destiny.walker@cappo.com,Mumbai,47247
16997,AW00016997,Natalie,Allen,S,F,2010-11-26,natalie.allen@circles.com,Rome,13449
16998,AW00016998,Jennifer,Lopez,S,F,2010-11-26,jennifer.lopez@towels.com,Seoul,58521
16999,AW00016999,Chloe,Kelly,S,F,2010-11-26,chloe.kelly@hostinger.com,Singapore,21320
17000,AW00017000,Miranda,Henderson,S,F,2010-11-26,miranda.henderson@papers.com,Seoul,17536
17001,AW00017001,Ashley,Moore,S,F,2010-11-27,ashley.moore@nappa.com,Jakarta,34932
17002,AW00017002,Dylan,Martin,S,M,2010-11-27,dylan.martin@mouse.com,Singapore,22545
17003,AW00017003,Joanna,Dominguez,S,F,2010-11-27,joanna.dominguez@hostinger.com,Shanghai,16422
17004,AW00017004,Krista,Torres,S,F,2010-11-27,krista.torres@towels.com,London,25482
17005,AW00017005,Priscilla,Anand,S,F,2010-11-27,priscilla.anand@sticks.com,Paris,45907
17006,AW00017006,Hunter,Williams,M,M,2010-11-27,hunter.williams@winds.com,Tokyo,31806
17007,AW00017007,Samuel,Hayes,S,M,2010-11-27,samuel.hayes@cappo.com,Mumbai,47113
17008,AW00017008,Connor,Turner,S,M,2010-11-27,connor.turner@towels.com,London,26123
17009,AW00017009,Wyatt,Butler,S,M,2010-11-27,wyatt.butler@mouse.com,London,13011
17010,AW00017010,Brianna,James,S,F,2010-11-27,brianna.james@hostinger.com,Mumbai,34461
17011,AW00017011,Sara,Hill,M,F,2010-11-27,sara.hill@circles.com,Istanbul,30902
17012,AW00017012,Joan,Collins,M,F,2010-11-27,joan.collins@circles.com,Delhi,23037
17013,AW00017013,Gabriella,Mitchell,S,F,2010-11-27,gabriella.mitchell@winds.com,Tokyo,13571
17014,AW00017014,Michael,Harris,S,M,2010-11-28,michael.harris@papers.com,Berlin,26446
17015,AW00017015,Kelly,Patterson,S,F,2010-11-28,kelly.patterson@mouse.com,Rome,10729
17016,AW00017016,Hailey,Hughes,S,F,2010-11-28,hailey.hughes@sticks.com,Berlin,58197
17017,AW00017017,Jeremiah,Jones,M,M,2010-11-28,jeremiah.jones@papers.com,Shanghai,20437
17018,AW00017018,Mandy,Guo,M,F,2010-11-28,mandy.guo@towels.com,Madrid,34748
17019,AW00017019,Andrea,Hall,M,F,2010-11-28,andrea.hall@fountains.com,Bangkok,35212
17020,AW00017020,Ashley,Bryant,M,F,2010-11-29,ashley.bryant@hostinger.com,Moscow,59810
17021,AW00017021,Nicole,Reed,M,F,2010-11-29,nicole.reed@papers.com,Delhi,47638
17022,AW00017022,Karen,Morgan,M,F,2010-11-29,karen.morgan@nappa.com,Singapore,19528
17023,AW00017023,Jeremiah,Harris,M,M,2010-11-29,jeremiah.harris@sticks.com,Singapore,54495
17024,AW00017024,Jacqueline,Diaz,M,F,2010-11-29,jacqueline.diaz@fountains.com,Jakarta,30636
17025,AW00017025,Ryan,Taylor,S,M,2010-11-29,ryan.taylor@fountains.com,London,42201
17026,AW00017026,Jordan,Li,S,M,2010-11-29,jordan.li@nappa.com,Seoul,21942
17027,AW00017027,Brianna,Taylor,S,F,2010-11-29,brianna.taylor@mouse.com,Jakarta,12244
17028,AW00017028,Grace,Richardson,M,F,2010-11-29,grace.richardson@cappo.com,Shanghai,46205
17029,AW00017029,Suzanne,Xu,M,F,2010-11-29,suzanne.xu@winds.com,Singapore,21624
17030,AW00017030,Emily,Russell,M,F,2010-11-29,emily.russell@sticks.com,Mumbai,37595
17031,AW00017031,Grace,Thomas,M,F,2010-11-30,grace.thomas@hostinger.com,Delhi,31844
17032,AW00017032,Alexandria,Flores,M,F,2010-11-30,alexandria.flores@winds.com,Rome,36567
17033,AW00017033,Carson,Long,S,M,2010-11-30,carson.long@sticks.com,Mumbai,56918
17034,AW00017034,Lauren,Clark,S,F,2010-11-30,lauren.clark@papers.com,Bangkok,19876
17035,AW00017035,Jordan,Flores,M,M,2010-11-30,jordan.flores@mouse.com,Istanbul,33239
17036,AW00017036,Savannah,Perez,M,F,2010-11-30,savannah.perez@cappo.com,Madrid,30222
17037,AW00017037,Kenneth,Nath,M,M,2010-11-30,kenneth.nath@mouse.com,Istanbul,45365
17038,AW00017038,Ernest,Wang,S,M,2010-11-30,ernest.wang@towels.com,Jakarta,34527
17039,AW00017039,Ariana,Watson,M,F,2010-11-30,ariana.watson@cappo.com,Moscow,27496
17040,AW00017040,Adam,Henderson,M,M,2010-11-30,adam.henderson@circles.com,Berlin,27238
17041,AW00017041,Connor,Perry,M,M,2010-11-30,connor.perry@mouse.com,Madrid,16959
17042,AW00017042,Tyler,Jackson,M,M,2010-11-30,tyler.jackson@cappo.com,London,34690
17043,AW00017043,Isabella,Bennett,M,F,2010-12-01,isabella.bennett@sticks.com,Istanbul,48848
17044,AW00017044,Ana,Hayes,M,F,2010-12-01,ana.hayes@hostinger.com,Jakarta,20571
17045,AW00017045,Derek,Goel,S,M,2010-12-01,derek.goel@hostinger.com,Singapore,50162
17046,AW00017046,Preston,Sai,M,M,2010-12-01,preston.sai@towels.com,Paris,52105
17047,AW00017047,Kendra,Rubio,M,F,2010-12-01,kendra.rubio@circles.com,Singapore,30106
17048,AW00017048,Natasha,Gutierrez,S,F,2010-12-01,natasha.gutierrez@towels.com,Mumbai,34044
17049,AW00017049,Krystal,Lu,M,F,2010-12-01,krystal.lu@fountains.com,Berlin,33966
17050,AW00017050,Cristina,Xie,M,F,2010-12-01,cristina.xie@fountains.com,Istanbul,33107
17051,AW00017051,Jessie,Ortega,M,F,2010-12-02,jessie.ortega@circles.com,Moscow,48103
17052,AW00017052,Rafael,Nara,M,M,2010-12-02,rafael.nara@circles.com,Paris,31665
17053,AW00017053,Deanna,Raman,M,F,2010-12-02,deanna.raman@cappo.com,Rome,54778
17054,AW00017054,Shawn,Raje,M,M,2010-12-02,shawn.raje@towels.com,Jakarta,19913
17055,AW00017055,Willie,She,S,M,2010-12-02,willie.she@papers.com,Jakarta,14833
17056,AW00017056,Shaun,Lal,S,M,2010-12-02,shaun.lal@winds.com,Delhi,58862
17057,AW00017057,Tasha,Raji,M,F,2010-12-02,tasha.raji@fountains.com,Jakarta,31194
17058,AW00017058,Destiny,Lee,M,F,2010-12-02,destiny.lee@circles.com,Seoul,37533
17059,AW00017059,Louis,Chen,M,M,2010-12-02,louis.chen@sticks.com,Mumbai,58776
17060,AW00017060,Gerald,Sanz,M,M,2010-12-02,gerald.sanz@papers.com,Delhi,15721
17061,AW00017061,Brandi,Alonso,M,F,2010-12-02,brandi.alonso@mouse.com,Singapore,23278
17062,AW00017062,Christy,Lu,M,F,2010-12-02,christy.lu@mouse.com,Shanghai,18369
17063,AW00017063,Jaclyn,Wang,M,F,2010-12-02,jaclyn.wang@nappa.com,London,49309
17064,AW00017064,Stephanie,Gray,M,F,2010-12-02,stephanie.gray@mouse.com,Berlin,17881
17065,AW00017065,Cedric,Chen,M,M,2010-12-02,cedric.chen@circles.com,Madrid,14051
17066,AW00017066,Lori,Serrano,M,F,2010-12-02,lori.serrano@circles.com,Berlin,33004
17067,AW00017067,Adrienne,Alvarez,S,F,2010-12-03,adrienne.alvarez@sticks.com,London,58679
17068,AW00017068,Thomas,Smith,S,M,2010-12-03,thomas.smith@winds.com,Istanbul,33418
17069,AW00017069,Christy,Zheng,S,F,2010-12-03,christy.zheng@towels.com,Paris,38583
17070,AW00017070,Margaret,Huang,M,F,2010-12-03,margaret.huang@cappo.com,Seoul,37992
17071,AW00017071,Tammy,Raji,S,F,2010-12-03,tammy.raji@mouse.com,Moscow,38177
17072,AW00017072,Kaitlin,Kapoor,M,F,2010-12-03,kaitlin.kapoor@nappa.com,London,46053
17073,AW00017073,Jonathon,Carlson,M,M,2010-12-03,jonathon.carlson@winds.com,Seoul,32451
17074,AW00017074,Ruben,Malhotra,M,M,2010-12-03,ruben.malhotra@sticks.com,Shanghai,37257
17075,AW00017075,Aimee,Guo,M,F,2010-12-03,aimee.guo@cappo.com,Tokyo,52917
17076,AW00017076,Neil,Serrano,M,M,2010-12-03,neil.serrano@fountains.com,Rome,38858
17077,AW00017077,Ronald,Raman,S,M,2010-12-03,ronald.raman@fountains.com,Bangkok,42509
17078,AW00017078,Jenny,Zhu,S,F,2010-12-03,jenny.zhu@fountains.com,Bangkok,59353
17079,AW00017079,Tracy,Rai,S,F,2010-12-03,tracy.rai@papers.com,Seoul,31990
17080,AW00017080,Katelyn,Peterson,S,F,2010-12-04,katelyn.peterson@fountains.com,Delhi,48807
17081,AW00017081,Jennifer,Murphy,S,F,2010-12-04,jennifer.murphy@sticks.com,Tokyo,51357
17082,AW00017082,Morgan,Smith,S,F,2010-12-04,morgan.smith@winds.com,Madrid,50030
17083,AW00017083,Priscilla,Raje,S,F,2010-12-04,priscilla.raje@hostinger.com,Rome,44704
17084,AW00017084,Byron,Serrano,S,M,2010-12-04,byron.serrano@winds.com,Istanbul,16171
17085,AW00017085,Edwin,Deng,M,M,2010-12-04,edwin.deng@cappo.com,Jakarta,50046
17086,AW00017086,Xavier,Anderson,S,M,2010-12-05,xavier.anderson@sticks.com,Singapore,40984
17087,AW00017087,Jésus,Dominguez,M,M,2010-12-05,jésus.dominguez@hostinger.com,Bangkok,11185
17088,AW00017088,Wayne,Yuan,S,M,2010-12-05,wayne.yuan@circles.com,Moscow,18881
17089,AW00017089,Crystal,Zhu,M,F,2010-12-05,crystal.zhu@winds.com,Singapore,37377
17090,AW00017090,Leslie,Alvarez,S,F,2010-12-05,leslie.alvarez@papers.com,Paris,34305
17091,AW00017091,Tammy,Patel,M,F,2010-12-06,tammy.patel@cappo.com,Jakarta,59412
17092,AW00017092,Devon,Beck,M,M,2010-12-06,devon.beck@towels.com,Istanbul,59955
17093,AW00017093,Seth,Sanchez,M,M,2010-12-06,seth.sanchez@circles.com,Bangkok,19265
17094,AW00017094,Julio,Dominguez,S,M,2010-12-06,julio.dominguez@towels.com,Mumbai,15774
17095,AW00017095,Logan,Garcia,S,M,2010-12-06,logan.garcia@papers.com,Seoul,42827
17096,AW00017096,Samantha,Bennett,M,F,2010-12-06,samantha.bennett@papers.com,Mumbai,20501
17097,AW00017097,Deanna,Kapoor,S,F,2010-12-06,deanna.kapoor@circles.com,Rome,31088
17098,AW00017098,Willie,Shan,S,M,2010-12-06,willie.shan@papers.com,Istanbul,56605
17099,AW00017099,Joel,Fernandez,S,M,2010-12-07,joel.fernandez@hostinger.com,Bangkok,44102
17100,AW00017100,Vincent,Wang,S,M,2010-12-07,vincent.wang@hostinger.com,Delhi,59364
17101,AW00017101,Shannon,Gutierrez,S,M,2010-12-07,shannon.gutierrez@sticks.com,Moscow,56734
17102,AW00017102,Andres,Goel,S,M,2010-12-07,andres.goel@papers.com,Moscow,40078
17103,AW00017103,Franklin,Xu,M,M,2010-12-07,franklin.xu@nappa.com,Madrid,52319
17104,AW00017104,Clifford,Rodriguez,S,M,2010-12-07,clifford.rodriguez@hostinger.com,Madrid,55103
17105,AW00017105,Madison,Walker,S,F,2010-12-08,madison.walker@nappa.com,Madrid,58744
17106,AW00017106,Gina,Jiménez,S,F,2010-12-08,gina.jiménez@circles.com,Berlin,22938
17107,AW00017107,Priscilla,Yuan,S,F,2010-12-08,priscilla.yuan@hostinger.com,Jakarta,19245
17108,AW00017108,Susan,Xu,S,F,2010-12-08,susan.xu@fountains.com,Delhi,42550
17109,AW00017109,Sydney,Wilson,S,F,2010-12-08,sydney.wilson@towels.com,Madrid,17943
17110,AW00017110,Meredith,Garcia,S,F,2010-12-08,meredith.garcia@fountains.com,London,46059
17111,AW00017111,Jenny,Chande,M,F,2010-12-08,jenny.chande@mouse.com,Istanbul,22568
17112,AW00017112,Janet,Jimenez,M,F,2010-12-08,janet.jimenez@sticks.com,London,10543
17113,AW00017113,Clarence,Pal,S,M,2010-12-08,clarence.pal@sticks.com,Tokyo,26348
17114,AW00017114,Jarrod,Mehta,S,M,2010-12-08,jarrod.mehta@winds.com,London,24582
17115,AW00017115,Karen,Xu,M,F,2010-12-08,karen.xu@towels.com,Rome,33132
17116,AW00017116,Alison,Nath,S,F,2010-12-09,alison.nath@nappa.com,Seoul,11975
17117,AW00017117,Lydia,Prasad,M,F,2010-12-09,lydia.prasad@mouse.com,London,44870
17118,AW00017118,Sara,Blue,S,F,2010-12-09,sara.blue@sticks.com,Delhi,56422
17119,AW00017119,Isabella,Harris,S,F,2010-12-09,isabella.harris@fountains.com,Delhi,16972
17120,AW00017120,Michele,Raje,S,F,2010-12-09,michele.raje@winds.com,Shanghai,41797
17121,AW00017121,Lucas,Bryant,S,M,2010-12-09,lucas.bryant@nappa.com,Paris,14241
17122,AW00017122,Gabrielle,Gonzalez,S,F,2010-12-09,gabrielle.gonzalez@hostinger.com,Madrid,19930
17123,AW00017123,Pedro,Romero,M,M,2010-12-09,pedro.romero@winds.com,Seoul,18995
17124,AW00017124,Kaitlin,Madan,M,F,2010-12-09,kaitlin.madan@sticks.com,Istanbul,43017
17125,AW00017125,Paige,Rogers,M,F,2010-12-09,paige.rogers@mouse.com,Moscow,56408
17126,AW00017126,Natalie,Perry,S,F,2010-12-09,natalie.perry@winds.com,Delhi,18286
17127,AW00017127,Makayla,Gray,S,F,2010-12-09,makayla.gray@fountains.com,Jakarta,37753
17128,AW00017128,Fernando,Alexander,S,M,2010-12-10,fernando.alexander@towels.com,Istanbul,47252
17129,AW00017129,Gabrielle,Powell,S,F,2010-12-10,gabrielle.powell@circles.com,Mumbai,43426
17130,AW00017130,Janet,Turner,S,F,2010-12-10,janet.turner@cappo.com,Tokyo,33535
17131,AW00017131,Lauren,Henderson,S,F,2010-12-10,lauren.henderson@mouse.com,Delhi,50012
17132,AW00017132,Isabella,James,S,F,2010-12-11,isabella.james@sticks.com,Berlin,27773
17133,AW00017133,Lucas,Kelly,S,M,2010-12-11,lucas.kelly@papers.com,Bangkok,14988
17134,AW00017134,Tabitha,Mehta,S,F,2010-12-11,tabitha.mehta@sticks.com,Delhi,12694
17135,AW00017135,Richard,Edwards,S,M,2010-12-11,richard.edwards@hostinger.com,Singapore,57008
17136,AW00017136,Glenn,Ye,S,M,2010-12-11,glenn.ye@towels.com,Rome,10975
17137,AW00017137,Jason,Washington,S,M,2010-12-11,jason.washington@sticks.com,Mumbai,18060
17138,AW00017138,Melanie,Jenkins,S,F,2010-12-11,melanie.jenkins@circles.com,Berlin,22190
17139,AW00017139,Jade,Rivera,S,F,2010-12-11,jade.rivera@fountains.com,Jakarta,15513
17140,AW00017140,Sean,Peterson,M,M,2010-12-11,sean.peterson@cappo.com,Bangkok,51709
17141,AW00017141,Makayla,Rogers,S,F,2010-12-11,makayla.rogers@fountains.com,Mumbai,50928
17142,AW00017142,Seth,Flores,M,M,2010-12-11,seth.flores@papers.com,Delhi,33991
17143,AW00017143,David,Ross,M,M,2010-12-12,david.ross@winds.com,Madrid,25075
17144,AW00017144,Luis,Griffin,M,M,2010-12-12,luis.griffin@cappo.com,Paris,14678
17145,AW00017145,Sarah,Bennett,S,F,2010-12-12,sarah.bennett@hostinger.com,Paris,59715
17146,AW00017146,Juan,Cook,S,M,2010-12-12,juan.cook@winds.com,Rome,36923
17147,AW00017147,Jennifer,Nelson,S,F,2010-12-12,jennifer.nelson@circles.com,Singapore,47162
17148,AW00017148,Hailey,Henderson,S,F,2010-12-12,hailey.henderson@nappa.com,Shanghai,55764
17149,AW00017149,Steven,Richardson,M,M,2010-12-13,steven.richardson@towels.com,Paris,37813
17150,AW00017150,Wyatt,Wright,M,M,2010-12-13,wyatt.wright@papers.com,Bangkok,22028
17151,AW00017151,Jasmine,Alexander,S,F,2010-12-13,jasmine.alexander@hostinger.com,Jakarta,14170
17152,AW00017152,Jack,Wang,S,M,2010-12-13,jack.wang@nappa.com,Singapore,12351
17153,AW00017153,Devin,Butler,M,M,2010-12-13,devin.butler@cappo.com,Mumbai,44540
17154,AW00017154,Geoffrey,Martinez,M,M,2010-12-13,geoffrey.martinez@circles.com,Shanghai,33350
17155,AW00017155,Samuel,Lewis,M,M,2010-12-14,samuel.lewis@circles.com,Singapore,10735
17156,AW00017156,Hailey,Gonzales,S,F,2010-12-14,hailey.gonzales@circles.com,Moscow,24060
17157,AW00017157,Wyatt,Johnson,M,M,2010-12-14,wyatt.johnson@hostinger.com,Shanghai,57298
17158,AW00017158,Mitchell,Nara,M,M,2010-12-14,mitchell.nara@winds.com,Madrid,54011
17159,AW00017159,Kellie,Ruiz,S,F,2010-12-14,kellie.ruiz@hostinger.com,London,39536
17160,AW00017160,Louis,Andersen,M,M,2010-12-14,louis.andersen@mouse.com,Tokyo,34429
17161,AW00017161,Katherine,Lopez,S,F,2010-12-14,katherine.lopez@hostinger.com,Moscow,46806
17162,AW00017162,Rachel,Blue,S,F,2010-12-14,rachel.blue@winds.com,Jakarta,36921
17163,AW00017163,Edward,Adams,M,M,2010-12-14,edward.adams@circles.com,Seoul,58860
17164,AW00017164,Ryan,Clark,M,M,2010-12-14,ryan.clark@nappa.com,Shanghai,50206
17165,AW00017165,Isaac,Gonzalez,S,M,2010-12-15,isaac.gonzalez@towels.com,Delhi,11145
17166,AW00017166,Joshua,Several,M,M,2010-12-15,joshua.several@towels.com,Seoul,38426
17167,AW00017167,Thomas,Jenkins,M,M,2010-12-15,thomas.jenkins@circles.com,Delhi,16346
17168,AW00017168,Jada,Perez,S,F,2010-12-15,jada.perez@nappa.com,Madrid,37579
17169,AW00017169,Emily,Taylor,M,F,2010-12-15,emily.taylor@cappo.com,Berlin,19365
17170,AW00017170,Jasmine,James,M,F,2010-12-15,jasmine.james@hostinger.com,Moscow,14926
17171,AW00017171,Katherine,Clark,S,F,2010-12-15,katherine.clark@fountains.com,Istanbul,11938
17172,AW00017172,Jesse,Adams,M,M,2010-12-16,jesse.adams@towels.com,Paris,21371
17173,AW00017173,David,Bryant,S,M,2010-12-16,david.bryant@towels.com,Shanghai,18559
17174,AW00017174,Angelica,Wood,S,F,2010-12-16,angelica.wood@hostinger.com,Shanghai,46695
17175,AW00017175,Amanda,Roberts,S,F,2010-12-16,amanda.roberts@sticks.com,Berlin,39562
17176,AW00017176,Isaac,Ward,S,M,2010-12-16,isaac.ward@cappo.com,Moscow,17908
17177,AW00017177,Richard,Hayes,M,M,2010-12-17,richard.hayes@winds.com,Rome,32571
17178,AW00017178,Trisha,Liang,M,F,2010-12-17,trisha.liang@winds.com,Paris,36778
17179,AW00017179,James,Henderson,S,M,2010-12-17,james.henderson@hostinger.com,Shanghai,51781
17180,AW00017180,Timothy,Rogers,M,M,2010-12-17,timothy.rogers@hostinger.com,Moscow,16097
17181,AW00017181,Jenny,Lal,M,F,2010-12-17,jenny.lal@towels.com,Paris,23678
17182,AW00017182,Jessica,Patterson,S,F,2010-12-17,jessica.patterson@sticks.com,Rome,11742
17183,AW00017183,Shane,Sanchez,M,M,2010-12-17,shane.sanchez@mouse.com,Shanghai,32917
17184,AW00017184,Eddie,Dominguez,M,M,2010-12-17,eddie.dominguez@cappo.com,Tokyo,49285
17185,AW00017185,Karla,Anand,M,F,2010-12-17,karla.anand@papers.com,Paris,37004
17186,AW00017186,Isaac,Evans,M,M,2010-12-18,isaac.evans@winds.com,Paris,59492
17187,AW00017187,Alejandro,Ma,S,M,2010-12-18,alejandro.ma@cappo.com,London,21455
17188,AW00017188,Alexa,Peterson,M,F,2010-12-18,alexa.peterson@nappa.com,Jakarta,16186
17189,AW00017189,Clarence,Goel,M,M,2010-12-18,clarence.goel@circles.com,Seoul,10205
17190,AW00017190,Ebony,Rana,S,F,2010-12-19,ebony.rana@circles.com,Rome,54244
17191,AW00017191,Gilbert,Guo,S,M,2010-12-19,gilbert.guo@circles.com,London,44138
17192,AW00017192,Warren,He,S,M,2010-12-19,warren.he@cappo.com,Delhi,47199
17193,AW00017193,Haley,Brooks,M,F,2010-12-19,haley.brooks@mouse.com,Rome,26183
17194,AW00017194,Wyatt,Thompson,M,M,2010-12-19,wyatt.thompson@circles.com,Seoul,38723
17195,AW00017195,Franklin,Sharma,M,M,2010-12-19,franklin.sharma@nappa.com,Seoul,38419
17196,AW00017196,Douglas,Fernandez,S,M,2010-12-19,douglas.fernandez@cappo.com,Bangkok,36152
17197,AW00017197,Mindy,Nara,S,F,2010-12-19,mindy.nara@circles.com,Delhi,26836
17198,AW00017198,Cheryl,Jiménez,S,F,2010-12-20,cheryl.jiménez@towels.com,Jakarta,44250
17199,AW00017199,Dennis,Zhou,M,M,2010-12-20,dennis.zhou@mouse.com,Mumbai,26673
17200,AW00017200,Russell,She,S,M,2010-12-20,russell.she@nappa.com,Rome,33830
17201,AW00017201,Vincent,Yang,S,M,2010-12-20,vincent.yang@towels.com,Mumbai,37955
17202,AW00017202,Deanna,Martinez,M,F,2010-12-20,deanna.martinez@sticks.com,Rome,52618
17203,AW00017203,Christine,Raje,M,F,2010-12-20,christine.raje@sticks.com,Rome,50348
17204,AW00017204,Evelyn,Martinez,S,F,2010-12-20,evelyn.martinez@winds.com,Tokyo,10436
17205,AW00017205,Lisa,Wang,S,F,2010-12-21,lisa.wang@mouse.com,Istanbul,35234
17206,AW00017206,Spencer,Gonzales,M,M,2010-12-21,spencer.gonzales@cappo.com,Delhi,25897
17207,AW00017207,Ian,Torres,S,M,2010-12-21,ian.torres@mouse.com,Seoul,44481
17208,AW00017208,Jacob,Miller,M,M,2010-12-21,jacob.miller@cappo.com,Delhi,54861
17209,AW00017209,Jacqueline,James,M,F,2010-12-21,jacqueline.james@towels.com,Seoul,18159
17210,AW00017210,Karl,Deng,S,M,2010-12-21,karl.deng@cappo.com,Moscow,12883
17211,AW00017211,Virginia,Rodriguez,M,F,2010-12-21,virginia.rodriguez@fountains.com,Paris,17303
17212,AW00017212,Jacqueline,Coleman,S,F,2010-12-21,jacqueline.coleman@winds.com,Singapore,21665
17213,AW00017213,Calvin,Goel,M,M,2010-12-22,calvin.goel@sticks.com,Singapore,42958
17214,AW00017214,Damien,Liu,M,M,2010-12-22,damien.liu@cappo.com,London,44950
17215,AW00017215,Juan,Bell,S,M,2010-12-22,juan.bell@towels.com,Paris,46865
17216,AW00017216,Kathleen,Ramos,M,F,2010-12-22,kathleen.ramos@fountains.com,Shanghai,52819
17217,AW00017217,Raquel,Gill,M,F,2010-12-22,raquel.gill@fountains.com,Madrid,15572
17218,AW00017218,Craig,Carlson,M,M,2010-12-22,craig.carlson@nappa.com,Madrid,15441
17219,AW00017219,Kelsey,Sharma,M,F,2010-12-22,kelsey.sharma@towels.com,Madrid,31370
17220,AW00017220,Glenn,Wang,M,M,2010-12-23,glenn.wang@sticks.com,Berlin,35275
17221,AW00017221,Ricky,Navarro,M,M,2010-12-23,ricky.navarro@mouse.com,Mumbai,48828
17222,AW00017222,Carolyn,Serrano,M,F,2010-12-23,carolyn.serrano@cappo.com,Seoul,46474
17223,AW00017223,Francis,Torres,M,M,2010-12-23,francis.torres@cappo.com,Paris,40426
17224,AW00017224,Mandy,Li,M,F,2010-12-23,mandy.li@towels.com,Madrid,32850
17225,AW00017225,Lawrence,Dominguez,M,M,2010-12-23,lawrence.dominguez@mouse.com,Seoul,50236
17226,AW00017226,Gilbert,McDonald,M,M,2010-12-23,gilbert.mcdonald@winds.com,Seoul,38014
17227,AW00017227,Erika,Gutierrez,M,F,2010-12-23,erika.gutierrez@sticks.com,Rome,32039
17228,AW00017228,Krystal,Zimmerman,S,F,2010-12-23,krystal.zimmerman@cappo.com,Istanbul,21433
17229,AW00017229,Maria,Watson,S,F,2010-12-23,maria.watson@cappo.com,Seoul,44870
17230,AW00017230,Lance,Suarez,M,M,2010-12-23,lance.suarez@mouse.com,Shanghai,14848
17231,AW00017231,Tina,Garcia,S,F,2010-12-23,tina.garcia@nappa.com,London,42502
17232,AW00017232,Walter,Jimenez,M,M,2010-12-24,walter.jimenez@sticks.com,Jakarta,45816
17233,AW00017233,Michele,Raman,M,F,2010-12-24,michele.raman@winds.com,Mumbai,47916
17234,AW00017234,Anna,Jenkins,S,F,2010-12-24,anna.jenkins@hostinger.com,Shanghai,15368
17235,AW00017235,Joshua,Jackson,S,M,2010-12-24,joshua.jackson@circles.com,Delhi,46018
17236,AW00017236,Harold,Chandra,S,M,2010-12-24,harold.chandra@mouse.com,Jakarta,13099
17237,AW00017237,Bridget,Shen,S,F,2010-12-24,bridget.shen@fountains.com,Jakarta,31959
17238,AW00017238,Jordan,Patterson,S,M,2010-12-24,jordan.patterson@papers.com,London,51557
17239,AW00017239,Desiree,Romero,M,F,2010-12-24,desiree.romero@circles.com,Moscow,57688
17240,AW00017240,Dustin,Luo,M,M,2010-12-25,dustin.luo@towels.com,Shanghai,12628
17241,AW00017241,Omar,Chander,M,M,2010-12-25,omar.chander@papers.com,Rome,42903
17242,AW00017242,Dale,Chande,M,M,2010-12-25,dale.chande@towels.com,Istanbul,15076
17243,AW00017243,Miranda,Flores,M,F,2010-12-25,miranda.flores@sticks.com,Singapore,28392
17244,AW00017244,Kellie,Dominguez,M,F,2010-12-25,kellie.dominguez@fountains.com,Delhi,20940
17245,AW00017245,Regina,Mehta,M,F,2010-12-25,regina.mehta@mouse.com,Singapore,37401
17246,AW00017246,Micah,Wu,S,M,2010-12-25,micah.wu@cappo.com,Tokyo,10791
17247,AW00017247,Michael,Moore,M,M,2010-12-25,michael.moore@papers.com,Bangkok,52614
17248,AW00017248,Alicia,Beck,M,F,2010-12-26,alicia.beck@fountains.com,Istanbul,38777
17249,AW00017249,Carl,Goel,M,M,2010-12-26,carl.goel@towels.com,Rome,59683
17250,AW00017250,Alicia,She,M,F,2010-12-26,alicia.she@papers.com,Shanghai,37652
17251,AW00017251,Tonya,Nara,M,F,2010-12-26,tonya.nara@winds.com,Istanbul,17774
17252,AW00017252,Colleen,Zhu,M,F,2010-12-27,colleen.zhu@papers.com,Singapore,22720
17253,AW00017253,Roy,Suri,M,M,2010-12-27,roy.suri@cappo.com,Berlin,24333
17254,AW00017254,Margaret,Liang,M,F,2010-12-27,margaret.liang@circles.com,London,36534
17255,AW00017255,Carly,Nath,M,F,2010-12-27,carly.nath@circles.com,Shanghai,31461
17256,AW00017256,Noah,Flores,M,M,2010-12-27,noah.flores@circles.com,Berlin,50982
17257,AW00017257,Darren,Rana,M,M,2010-12-27,darren.rana@sticks.com,Jakarta,18468
17258,AW00017258,Fernando,Green,M,M,2010-12-27,fernando.green@cappo.com,Singapore,11489
17259,AW00017259,Trisha,Wang,M,F,2010-12-27,trisha.wang@nappa.com,Tokyo,35965
17260,AW00017260,Sean,King,M,M,2010-12-27,sean.king@towels.com,Moscow,23481
17261,AW00017261,Kyle,Shan,M,M,2010-12-28,kyle.shan@fountains.com,Shanghai,41474
17262,AW00017262,Kristy,Martin,M,F,2010-12-28,kristy.martin@winds.com,Paris,26079
17263,AW00017263,Julia,Flores,M,F,2010-12-28,julia.flores@fountains.com,Jakarta,43991
17264,AW00017264,Ian,Smith,S,M,2010-12-28,ian.smith@papers.com,Istanbul,51348
17265,AW00017265,Grace,Flores,M,F,2010-12-28,grace.flores@circles.com,London,14359
17266,AW00017266,Elijah,Hall,M,M,2010-12-28,elijah.hall@nappa.com,Delhi,27350
17267,AW00017267,Abigail,Stewart,M,F,2010-12-28,abigail.stewart@circles.com,Berlin,34749
17268,AW00017268,Alyssa,Hughes,M,F,2010-12-28,alyssa.hughes@papers.com,Shanghai,38870
17269,AW00017269,Kevin,Russell,S,M,2010-12-28,kevin.russell@papers.com,Rome,12466
17270,AW00017270,Jack,Parker,S,M,2010-12-28,jack.parker@sticks.com,Seoul,27966
17271,AW00017271,Sarah,Griffin,M,F,2010-12-28,sarah.griffin@papers.com,Mumbai,25399
17272,AW00017272,Mary,Hernandez,S,F,2010-12-28,mary.hernandez@papers.com,Seoul,59105
17273,AW00017273,Jonathon,Torres,M,M,2010-12-28,jonathon.torres@papers.com,Paris,25110
17274,AW00017274,Arturo,Lu,M,M,2010-12-29,arturo.lu@winds.com,Seoul,13877
17275,AW00017275,Ian,Sanders,M,M,2010-12-29,ian.sanders@mouse.com,Delhi,41808
17276,AW00017276,Elijah,Jenkins,S,M,2010-12-29,elijah.jenkins@circles.com,Tokyo,23610
17277,AW00017277,Nichole,Goel,M,F,2010-12-29,nichole.goel@towels.com,Madrid,45776
17278,AW00017278,Isabella,Price,M,F,2010-12-29,isabella.price@cappo.com,Mumbai,30504
17279,AW00017279,Tanya,Alvarez,M,F,2010-12-29,tanya.alvarez@hostinger.com,London,26173
17280,AW00017280,Deanna,Mehta,M,F,2010-12-30,deanna.mehta@hostinger.com,Moscow,11113
17281,AW00017281,Francis,Vazquez,S,M,2010-12-30,francis.vazquez@circles.com,Istanbul,54261
17282,AW00017282,Alyssa,Alexander,M,F,2010-12-30,alyssa.alexander@circles.com,Istanbul,24898
17283,AW00017283,Henry,Madan,S,M,2010-12-30,henry.madan@cappo.com,Shanghai,35675
17284,AW00017284,Gerald,Martin,S,M,2010-12-30,gerald.martin@winds.com,Delhi,52501
17285,AW00017285,Clayton,Deng,M,M,2010-12-30,clayton.deng@nappa.com,Jakarta,37010
17286,AW00017286,Randall,Rubio,M,M,2010-12-30,randall.rubio@nappa.com,Singapore,26433
17287,AW00017287,Billy,Suarez,M,M,2010-12-31,billy.suarez@papers.com,Paris,45356
17288,AW00017288,Dwayne,Torres,S,M,2010-12-31,dwayne.torres@circles.com,Paris,35935
17289,AW00017289,Mallory,Diaz,M,F,2010-12-31,mallory.diaz@cappo.com,Seoul,21026
17290,AW00017290,Jenny,Becker,S,F,2010-12-31,jenny.becker@winds.com,Seoul,39086
17291,AW00017291,Jorge,Huang,S,M,2010-12-31,jorge.huang@sticks.com,Bangkok,41473
17292,AW00017292,Kellie,Gill,S,F,2010-12-31,kellie.gill@mouse.com,Paris,37834
17293,AW00017293,Alexandra,Allen,M,F,2010-12-31,alexandra.allen@nappa.com,Istanbul,59159
17294,AW00017294,Ruth,Arun,M,F,2010-12-31,ruth.arun@papers.com,Bangkok,29862
17295,AW00017295,Victor,Sanz,M,M,2010-12-31,victor.sanz@towels.com,Seoul,57317
17296,AW00017296,Joanna,Johnston,S,F,2010-12-31,joanna.johnston@sticks.com,Istanbul,50712
17297,AW00017297,Tommy,Kumar,S,M,2010-12-31,tommy.kumar@hostinger.com,Paris,35641
17298,AW00017298,Lucas,Peterson,S,M,2010-12-31,lucas.peterson@cappo.com,Singapore,17324
17299,AW00017299,Jaclyn,Ferrier,S,F,2010-12-31,jaclyn.ferrier@papers.com,Seoul,13498
17300,AW00017300,Ivan,Sai,S,M,2010-12-31,ivan.sai@sticks.com,Singapore,24692
17301,AW00017301,Nicolas,Raji,S,M,2010-12-31,nicolas.raji@cappo.com,Istanbul,33066
17302,AW00017302,Ruth,Vance,S,F,2010-12-31,ruth.vance@fountains.com,Shanghai,35598
17303,AW00017303,Terrence,Tang,M,M,2010-12-31,terrence.tang@mouse.com,Istanbul,49679
17304,AW00017304,Haley,Campbell,S,F,2011-01-01,haley.campbell@winds.com,Delhi,52697
17305,AW00017305,Neil,Torres,M,M,2011-01-01,neil.torres@cappo.com,Istanbul,17149
17306,AW00017306,Edgar,Prasad,S,M,2011-01-01,edgar.prasad@hostinger.com,London,16858
17307,AW00017307,Warren,Chande,M,M,2011-01-01,warren.chande@fountains.com,Seoul,33028
17308,AW00017308,Deborah,Kumar,M,F,2011-01-01,deborah.kumar@sticks.com,Shanghai,26439
17309,AW00017309,Amy,Ma,S,F,2011-01-01,amy.ma@winds.com,Mumbai,46920
17310,AW00017310,Alejandro,Wang,M,M,2011-01-01,alejandro.wang@hostinger.com,Madrid,10123
17311,AW00017311,Kimberly,Reed,S,F,2011-01-01,kimberly.reed@mouse.com,Delhi,22097
17312,AW00017312,Mayra,Kovar,S,F,2011-01-01,mayra.kovar@mouse.com,Shanghai,22500
17313,AW00017313,Raquel,Alonso,S,F,2011-01-01,raquel.alonso@circles.com,Jakarta,39874
17314,AW00017314,Lisa,Guo,S,F,2011-01-01,lisa.guo@fountains.com,Jakarta,15069
17315,AW00017315,Carolyn,Munoz,M,F,2011-01-02,carolyn.munoz@towels.com,Moscow,44940
17316,AW00017316,Marvin,Serrano,M,M,2011-01-02,marvin.serrano@mouse.com,Singapore,35961
17317,AW00017317,Stacey,Zeng,S,F,2011-01-02,stacey.zeng@papers.com,Berlin,35593
17318,AW00017318,Tiffany,Zhang,M,F,2011-01-02,tiffany.zhang@cappo.com,Madrid,23689
17319,AW00017319,Brianna,Johnson,S,F,2011-01-02,brianna.johnson@circles.com,Berlin,34643
17320,AW00017320,Alan,Zhu,S,M,2011-01-02,alan.zhu@mouse.com,Delhi,33249
17321,AW00017321,Kate,Kumar,M,F,2011-01-02,kate.kumar@fountains.com,London,22514
17322,AW00017322,Derek,Beck,S,M,2011-01-03,derek.beck@towels.com,Seoul,15082
17323,AW00017323,Rafael,Jai,M,M,2011-01-03,rafael.jai@cappo.com,Delhi,32721
17324,AW00017324,Tonya,Xu,M,F,2011-01-03,tonya.xu@fountains.com,Rome,17125
17325,AW00017325,Paige,Henderson,M,F,2011-01-03,paige.henderson@mouse.com,Tokyo,45978
17326,AW00017326,Paul,Shakespear,S,F,2011-01-03,paul.shakespear@fountains.com,Istanbul,50734
17327,AW00017327,Jamie,Zhou,S,F,2011-01-03,jamie.zhou@towels.com,Mumbai,10109
17328,AW00017328,Michelle,Cox,S,F,2011-01-03,michelle.cox@papers.com,Jakarta,37673
17329,AW00017329,Jasmine,Wilson,M,F,2011-01-03,jasmine.wilson@circles.com,Tokyo,12067
17330,AW00017330,Latoya,Becker,M,F,2011-01-03,latoya.becker@mouse.com,Moscow,30724
17331,AW00017331,Keith,Stone,M,M,2011-01-03,keith.stone@mouse.com,Seoul,53417
17332,AW00017332,Jonathan,Green,S,M,2011-01-03,jonathan.green@circles.com,Tokyo,51253
17333,AW00017333,Misty,Chander,S,F,2011-01-03,misty.chander@fountains.com,London,21804
17334,AW00017334,Luis,Lopez,M,M,2011-01-03,luis.lopez@fountains.com,Istanbul,15873
17335,AW00017335,Miguel,Gonzales,M,M,2011-01-04,miguel.gonzales@hostinger.com,Delhi,15446
17336,AW00017336,Chase,Sanchez,S,M,2011-01-04,chase.sanchez@towels.com,Jakarta,15850
17337,AW00017337,Marcus,Davis,S,M,2011-01-04,marcus.davis@cappo.com,Paris,37716
17338,AW00017338,Jordyn,Long,M,F,2011-01-04,jordyn.long@papers.com,London,41462
17339,AW00017339,Ian,Hayes,S,M,2011-01-04,ian.hayes@circles.com,Istanbul,13342
17340,AW00017340,Joy,Hernandez,S,F,2011-01-04,joy.hernandez@fountains.com,Seoul,46262
17341,AW00017341,Andy,Alonso,S,M,2011-01-05,andy.alonso@nappa.com,Paris,57502
17342,AW00017342,William,Jones,S,M,2011-01-05,william.jones@papers.com,Moscow,13732
17343,AW00017343,Tristan,Price,S,M,2011-01-05,tristan.price@mouse.com,London,52830
17344,AW00017344,Timothy,Kelly,S,M,2011-01-05,timothy.kelly@towels.com,Madrid,37046
17345,AW00017345,Jeremiah,Martin,M,M,2011-01-05,jeremiah.martin@sticks.com,Berlin,12082
17346,AW00017346,Edgar,Lopez,M,M,2011-01-06,edgar.lopez@sticks.com,Paris,50553
17347,AW00017347,Sara,Stewart,S,F,2011-01-06,sara.stewart@nappa.com,Berlin,39682
17348,AW00017348,Ariana,Cooper,S,F,2011-01-06,ariana.cooper@towels.com,Shanghai,26940
17349,AW00017349,Cassie,Kennedy,M,F,2011-01-06,cassie.kennedy@circles.com,London,20080
17350,AW00017350,Ebony,Dominguez,S,F,2011-01-06,ebony.dominguez@nappa.com,Singapore,56677
17351,AW00017351,Terrence,Sharma,M,M,2011-01-06,terrence.sharma@fountains.com,Delhi,34406
17352,AW00017352,Drew,Goel,M,M,2011-01-06,drew.goel@cappo.com,Rome,54208
17353,AW00017353,Bruce,Navarro,M,M,2011-01-06,bruce.navarro@papers.com,Moscow,43585
17354,AW00017354,Ivan,Garcia,M,M,2011-01-06,ivan.garcia@sticks.com,Delhi,55498
17355,AW00017355,Shaun,Black,M,M,2011-01-06,shaun.black@fountains.com,Rome,44051
17356,AW00017356,Mary,Evans,S,F,2011-01-06,mary.evans@papers.com,Madrid,30534
17357,AW00017357,Brandon,Miller,M,M,2011-01-06,brandon.miller@winds.com,Madrid,30107
17358,AW00017358,Sydney,Bell,M,F,2011-01-06,sydney.bell@papers.com,Berlin,54323
17359,AW00017359,María,Flores,M,F,2011-01-06,maría.flores@fountains.com,Paris,58090
17360,AW00017360,Kyle,Lal,M,M,2011-01-07,kyle.lal@mouse.com,Madrid,26444
17361,AW00017361,Blake,Harris,M,M,2011-01-07,blake.harris@papers.com,London,16339
17362,AW00017362,Miguel,Collins,M,M,2011-01-07,miguel.collins@papers.com,Paris,17192
17363,AW00017363,Benjamin,Harris,M,M,2011-01-07,benjamin.harris@sticks.com,Madrid,39302
17364,AW00017364,Ian,Perry,M,M,2011-01-07,ian.perry@sticks.com,Singapore,41735
17365,AW00017365,Thomas,Patterson,M,M,2011-01-07,thomas.patterson@papers.com,Tokyo,26813
17366,AW00017366,Devin,Harris,M,M,2011-01-07,devin.harris@sticks.com,Berlin,46598
17367,AW00017367,Trinity,Cooper,M,F,2011-01-07,trinity.cooper@fountains.com,Moscow,46655
17368,AW00017368,Alisha,Xie,S,F,2011-01-08,alisha.xie@sticks.com,Rome,19100
17369,AW00017369,Ethan,Brown,S,M,2011-01-08,ethan.brown@circles.com,Mumbai,54773
17370,AW00017370,Edwin,Chander,M,M,2011-01-08,edwin.chander@papers.com,Madrid,48540
17371,AW00017371,Kaylee,Reed,S,F,2011-01-08,kaylee.reed@circles.com,Berlin,59473
17372,AW00017372,Sarah,Long,M,F,2011-01-08,sarah.long@mouse.com,Jakarta,28379
17373,AW00017373,Ryan,Gonzales,M,M,2011-01-08,ryan.gonzales@fountains.com,Berlin,39667
17374,AW00017374,Jason,Diaz,S,M,2011-01-08,jason.diaz@cappo.com,Rome,16490
17375,AW00017375,Sheila,Gill,M,F,2011-01-08,sheila.gill@cappo.com,Delhi,16703
17376,AW00017376,Jaclyn,She,S,F,2011-01-08,jaclyn.she@fountains.com,Bangkok,57916
17377,AW00017377,Isabel,Wood,S,F,2011-01-08,isabel.wood@sticks.com,Bangkok,16657
17378,AW00017378,Zachary,Foster,M,M,2011-01-09,zachary.foster@nappa.com,London,41676
17379,AW00017379,Alexandra,Morgan,S,F,2011-01-09,alexandra.morgan@cappo.com,London,51634
17380,AW00017380,Nathan,Adams,S,M,2011-01-09,nathan.adams@hostinger.com,Moscow,23544
17381,AW00017381,Krystal,Guo,M,F,2011-01-09,krystal.guo@cappo.com,Jakarta,36091
17382,AW00017382,Blake,Allen,M,M,2011-01-09,blake.allen@mouse.com,Berlin,18201
17383,AW00017383,Craig,Ortega,M,M,2011-01-09,craig.ortega@papers.com,Berlin,46942
17384,AW00017384,Raymond,Prasad,M,M,2011-01-09,raymond.prasad@sticks.com,Moscow,21854
17385,AW00017385,Grace,Martinez,M,F,2011-01-09,grace.martinez@towels.com,Madrid,27436
17386,AW00017386,Alexandra,Scott,M,F,2011-01-09,alexandra.scott@mouse.com,Tokyo,37097
17387,AW00017387,Aidan,Alexander,M,M,2011-01-10,aidan.alexander@winds.com,Mumbai,40064
17388,AW00017388,Garrett,Ramirez,M,M,2011-01-10,garrett.ramirez@nappa.com,Singapore,31550
17389,AW00017389,Abigail,Butler,M,F,2011-01-10,abigail.butler@towels.com,London,42833
17390,AW00017390,Blake,Lewis,M,M,2011-01-10,blake.lewis@sticks.com,Rome,27337
17391,AW00017391,Angela,Bennett,S,F,2011-01-10,angela.bennett@towels.com,Rome,18178
17392,AW00017392,Dylan,Jones,M,M,2011-01-10,dylan.jones@winds.com,Rome,30449
17393,AW00017393,Jordan,Sharma,S,M,2011-01-10,jordan.sharma@circles.com,Madrid,48813
17394,AW00017394,Veronica,Mehta,S,F,2011-01-11,veronica.mehta@sticks.com,Seoul,28199
17395,AW00017395,Katherine,Ramirez,S,F,2011-01-11,katherine.ramirez@nappa.com,Seoul,17719
17396,AW00017396,Eduardo,Rodriguez,M,M,2011-01-11,eduardo.rodriguez@circles.com,Shanghai,48613
17397,AW00017397,Alexandra,Cook,M,F,2011-01-11,alexandra.cook@mouse.com,Tokyo,29195
17398,AW00017398,Kaylee,Lopez,S,F,2011-01-11,kaylee.lopez@fountains.com,Moscow,23135
17399,AW00017399,Ian,Sanchez,M,M,2011-01-12,ian.sanchez@winds.com,Moscow,23777
17400,AW00017400,Emily,Wilson,M,F,2011-01-12,emily.wilson@sticks.com,Shanghai,17687
17401,AW00017401,Noah,Wright,M,M,2011-01-12,noah.wright@cappo.com,Delhi,40469
17402,AW00017402,Bryce,Rogers,M,M,2011-01-12,bryce.rogers@towels.com,Jakarta,18260
17403,AW00017403,Greg,White,S,M,2011-01-12,greg.white@papers.com,Berlin,58947
17404,AW00017404,Gabriella,Baker,S,F,2011-01-12,gabriella.baker@sticks.com,Tokyo,58850
17405,AW00017405,Tamara,Wu,S,F,2011-01-12,tamara.wu@cappo.com,London,26949
17406,AW00017406,Mariah,Flores,M,F,2011-01-12,mariah.flores@sticks.com,Singapore,46351
17407,AW00017407,Elizabeth,Bryant,M,F,2011-01-13,elizabeth.bryant@circles.com,Tokyo,29751
17408,AW00017408,Thomas,Miller,M,M,2011-01-13,thomas.miller@winds.com,Rome,30666
17409,AW00017409,Christina,James,S,F,2011-01-13,christina.james@fountains.com,Bangkok,44726
17410,AW00017410,Morgan,Lewis,M,F,2011-01-13,morgan.lewis@winds.com,Madrid,12601
17411,AW00017411,Jennifer,Brooks,M,F,2011-01-13,jennifer.brooks@towels.com,Rome,53241
17412,AW00017412,Kaylee,Carter,M,F,2011-01-13,kaylee.carter@hostinger.com,Moscow,16780
17413,AW00017413,Hailey,Ramirez,S,F,2011-01-13,hailey.ramirez@circles.com,Istanbul,24698
17414,AW00017414,Nicholas,Garcia,M,M,2011-01-14,nicholas.garcia@mouse.com,Shanghai,20491
17415,AW00017415,Dawn,Beck,M,F,2011-01-14,dawn.beck@circles.com,Mumbai,32185
17416,AW00017416,Raymond,Suri,M,M,2011-01-14,raymond.suri@winds.com,London,15149
17417,AW00017417,Lee,Munoz,M,M,2011-01-14,lee.munoz@papers.com,Rome,22090
17418,AW00017418,Victoria,Ramirez,M,F,2011-01-14,victoria.ramirez@papers.com,Bangkok,55441
17419,AW00017419,Brianna,Reed,M,F,2011-01-14,brianna.reed@nappa.com,Paris,18279
17420,AW00017420,Thomas,Hughes,M,M,2011-01-15,thomas.hughes@fountains.com,Berlin,59929
17421,AW00017421,Katherine,Henderson,M,F,2011-01-15,katherine.henderson@sticks.com,Paris,23670
17422,AW00017422,Hunter,Campbell,M,M,2011-01-15,hunter.campbell@mouse.com,Berlin,58850
17423,AW00017423,Arianna,Alexander,S,F,2011-01-15,arianna.alexander@hostinger.com,Singapore,11287
17424,AW00017424,Spencer,Long,M,M,2011-01-15,spencer.long@hostinger.com,Paris,32287
17425,AW00017425,Austin,Washington,M,M,2011-01-15,austin.washington@cappo.com,Shanghai,13322
17426,AW00017426,Donna,Shan,S,F,2011-01-16,donna.shan@hostinger.com,Madrid,19687
17427,AW00017427,Adam,Russell,M,M,2011-01-16,adam.russell@winds.com,Delhi,13001
17428,AW00017428,Xavier,Perez,S,M,2011-01-16,xavier.perez@mouse.com,Tokyo,58385
17429,AW00017429,Wyatt,Carter,M,M,2011-01-16,wyatt.carter@papers.com,Tokyo,52342
17430,AW00017430,Edward,King,M,M,2011-01-16,edward.king@towels.com,Shanghai,47937
17431,AW00017431,Grace,Kelly,M,F,2011-01-16,grace.kelly@nappa.com,Singapore,51570
17432,AW00017432,Mariah,Peterson,M,F,2011-01-16,mariah.peterson@cappo.com,Istanbul,25667
17433,AW00017433,Cameron,Lee,M,M,2011-01-16,cameron.lee@hostinger.com,Rome,49750
17434,AW00017434,Alyssa,Russell,M,F,2011-01-16,alyssa.russell@winds.com,Delhi,56156
17435,AW00017435,Edward,Mitchell,S,M,2011-01-16,edward.mitchell@papers.com,Seoul,31380
17436,AW00017436,Evan,Ramirez,M,M,2011-01-17,evan.ramirez@fountains.com,Seoul,19381
17437,AW00017437,Natalie,Baker,M,F,2011-01-17,natalie.baker@fountains.com,Singapore,23050
17438,AW00017438,Marcus,Hughes,M,M,2011-01-17,marcus.hughes@nappa.com,Rome,33324
17439,AW00017439,Jasmine,Butler,M,F,2011-01-17,jasmine.butler@hostinger.com,Shanghai,34393
17440,AW00017440,Richard,Cox,S,M,2011-01-17,richard.cox@nappa.com,Moscow,45094
17441,AW00017441,Natalie,Turner,S,F,2011-01-17,natalie.turner@hostinger.com,Paris,37774
17442,AW00017442,Edward,Taylor,M,M,2011-01-17,edward.taylor@fountains.com,Tokyo,29569
17443,AW00017443,Kristin,Shen,S,F,2011-01-17,kristin.shen@fountains.com,Mumbai,47300
17444,AW00017444,Bailey,Cox,S,F,2011-01-18,bailey.cox@cappo.com,Madrid,34373
17445,AW00017445,Natasha,Hernandez,M,F,2011-01-18,natasha.hernandez@papers.com,Istanbul,19545
17446,AW00017446,Pamela,Rana,M,F,2011-01-18,pamela.rana@nappa.com,Singapore,12419
17447,AW00017447,Sydney,Lewis,M,F,2011-01-18,sydney.lewis@nappa.com,Shanghai,57540
17448,AW00017448,Zachary,Hayes,M,M,2011-01-18,zachary.hayes@nappa.com,Seoul,14876
17449,AW00017449,Jackson,Adams,M,M,2011-01-18,jackson.adams@sticks.com,Paris,49694
17450,AW00017450,Samuel,Coleman,M,M,2011-01-18,samuel.coleman@hostinger.com,Mumbai,12687
17451,AW00017451,Isabelle,Wood,M,F,2011-01-18,isabelle.wood@towels.com,Mumbai,17831
17452,AW00017452,Mitchell,Nath,M,M,2011-01-18,mitchell.nath@papers.com,Seoul,11630
17453,AW00017453,Hailey,Reed,S,F,2011-01-18,hailey.reed@sticks.com,Tokyo,23386
17454,AW00017454,Edward,Perry,M,M,2011-01-19,edward.perry@winds.com,Rome,35118
17455,AW00017455,Dylan,Hayes,M,M,2011-01-19,dylan.hayes@sticks.com,Paris,35170
17456,AW00017456,Trevor,Wood,M,M,2011-01-19,trevor.wood@hostinger.com,London,48360
17457,AW00017457,Katherine,Allen,M,F,2011-01-19,katherine.allen@hostinger.com,Berlin,10844
17458,AW00017458,Jason,Collins,S,M,2011-01-19,jason.collins@mouse.com,Singapore,50907
17459,AW00017459,Cassidy,Barnes,M,F,2011-01-19,cassidy.barnes@sticks.com,London,37342
17460,AW00017460,Megan,Murphy,M,F,2011-01-19,megan.murphy@winds.com,Paris,57048
17461,AW00017461,Sara,Allen,M,F,2011-01-19,sara.allen@papers.com,Rome,22270
17462,AW00017462,Jesse,Rogers,M,M,2011-01-19,jesse.rogers@nappa.com,Seoul,49365
17463,AW00017463,Nicholas,Moore,M,M,2011-01-19,nicholas.moore@fountains.com,Mumbai,34278
17464,AW00017464,Jeremy,Rodriguez,M,M,2011-01-20,jeremy.rodriguez@winds.com,London,39800
17465,AW00017465,Arianna,Stewart,S,F,2011-01-20,arianna.stewart@nappa.com,Moscow,36994
17466,AW00017466,Thomas,Perez,M,M,2011-01-20,thomas.perez@hostinger.com,Moscow,13184
17467,AW00017467,Wyatt,Hayes,S,M,2011-01-20,wyatt.hayes@sticks.com,Singapore,40189
17468,AW00017468,Jeremiah,Gonzalez,M,M,2011-01-20,jeremiah.gonzalez@circles.com,Tokyo,19552
17469,AW00017469,Ian,Perez,M,M,2011-01-20,ian.perez@papers.com,Istanbul,35893
17470,AW00017470,Jaime,Carlson,M,F,2011-01-20,jaime.carlson@papers.com,Singapore,12468
17471,AW00017471,Grace,James,S,F,2011-01-20,grace.james@mouse.com,Jakarta,11861
17472,AW00017472,Meredith,Torres,S,F,2011-01-20,meredith.torres@winds.com,Shanghai,27110
17473,AW00017473,Ebony,Blanco,M,F,2011-01-21,ebony.blanco@nappa.com,London,48563
17474,AW00017474,Jose,King,S,M,2011-01-21,jose.king@sticks.com,Mumbai,11733
17475,AW00017475,Jackson,Green,M,M,2011-01-21,jackson.green@winds.com,Istanbul,58830
17476,AW00017476,Alexandria,Stewart,M,F,2011-01-22,alexandria.stewart@hostinger.com,Tokyo,11660
17477,AW00017477,Miranda,Griffin,S,F,2011-01-22,miranda.griffin@towels.com,Tokyo,16808
17478,AW00017478,Renee,Martin,M,F,2011-01-22,renee.martin@mouse.com,Tokyo,53248
17479,AW00017479,Kristine,Ramos,M,F,2011-01-22,kristine.ramos@papers.com,Madrid,15840
17480,AW00017480,Lucas,Gonzalez,S,M,2011-01-22,lucas.gonzalez@papers.com,Istanbul,21442
17481,AW00017481,Emma,Watson,S,F,2011-01-22,emma.watson@mouse.com,Delhi,28018
17482,AW00017482,Taylor,Alexander,S,F,2011-01-22,taylor.alexander@mouse.com,Singapore,47620
17483,AW00017483,Logan,Gonzalez,S,M,2011-01-23,logan.gonzalez@hostinger.com,Seoul,11281
17484,AW00017484,Armando,Carlson,M,M,2011-01-23,armando.carlson@towels.com,Madrid,24117
17485,AW00017485,Blake,Davis,M,M,2011-01-23,blake.davis@papers.com,Mumbai,33025
17486,AW00017486,Marissa,Foster,S,F,2011-01-23,marissa.foster@sticks.com,Delhi,26639
17487,AW00017487,Nathan,Green,S,M,2011-01-23,nathan.green@circles.com,Delhi,49710
17488,AW00017488,Jason,Adams,S,M,2011-01-23,jason.adams@fountains.com,Delhi,16897
17489,AW00017489,Jack,Evans,S,M,2011-01-23,jack.evans@towels.com,Singapore,16911
17490,AW00017490,Grace,Moore,S,F,2011-01-23,grace.moore@mouse.com,Moscow,21412
17491,AW00017491,Kyle,Hall,S,M,2011-01-23,kyle.hall@winds.com,Tokyo,42313
17492,AW00017492,Amanda,Price,S,F,2011-01-23,amanda.price@hostinger.com,Seoul,19696
17493,AW00017493,Candice,Gao,M,F,2011-01-23,candice.gao@winds.com,Singapore,13941
17494,AW00017494,Mathew,Alvarez,M,M,2011-01-23,mathew.alvarez@sticks.com,Rome,52452
17495,AW00017495,Corey,Sharma,M,M,2011-01-23,corey.sharma@hostinger.com,Berlin,38849
17496,AW00017496,Tabitha,Sanz,M,F,2011-01-23,tabitha.sanz@hostinger.com,Moscow,19019
17497,AW00017497,Maria,Collins,S,F,2011-01-24,maria.collins@hostinger.com,Tokyo,54182
17498,AW00017498,Daniel,Martin,S,M,2011-01-24,daniel.martin@hostinger.com,Bangkok,26548
17499,AW00017499,Marcus,Campbell,S,M,2011-01-24,marcus.campbell@fountains.com,Berlin,21390
17500,AW00017500,Cesar,Lopez,S,M,2011-01-24,cesar.lopez@towels.com,Jakarta,25915
17501,AW00017501,Marc,Carlson,M,M,2011-01-24,marc.carlson@nappa.com,Istanbul,46746
17502,AW00017502,Wayne,Kumar,S,M,2011-01-25,wayne.kumar@circles.com,Berlin,48873
17503,AW00017503,Molly,Suri,M,F,2011-01-25,molly.suri@towels.com,Singapore,22310
17504,AW00017504,Anna,Williams,S,F,2011-01-25,anna.williams@mouse.com,Moscow,54788
17505,AW00017505,Hunter,Mitchell,S,M,2011-01-25,hunter.mitchell@winds.com,Moscow,31312
17506,AW00017506,Alexandria,Simmons,M,F,2011-01-25,alexandria.simmons@cappo.com,London,10723
17507,AW00017507,Alexis,Robinson,M,F,2011-01-25,alexis.robinson@winds.com,Moscow,35712
17508,AW00017508,Caroline,Bennett,S,F,2011-01-25,caroline.bennett@circles.com,Seoul,11146
17509,AW00017509,Makayla,Ramirez,S,F,2011-01-26,makayla.ramirez@sticks.com,Rome,52014
17510,AW00017510,Jason,Butler,S,M,2011-01-26,jason.butler@sticks.com,Delhi,12125
17511,AW00017511,Tabitha,Subram,S,F,2011-01-26,tabitha.subram@circles.com,Tokyo,26098
17512,AW00017512,Cesar,Suri,M,M,2011-01-26,cesar.suri@cappo.com,Singapore,40196
17513,AW00017513,Micheal,Saunders,S,M,2011-01-26,micheal.saunders@hostinger.com,Moscow,20093
17514,AW00017514,Cedric,Zhou,M,M,2011-01-26,cedric.zhou@nappa.com,London,10719
17515,AW00017515,Lacey,Li,S,F,2011-01-26,lacey.li@circles.com,Delhi,59644
17516,AW00017516,Thomas,Foster,S,M,2011-01-26,thomas.foster@winds.com,Jakarta,51725
17517,AW00017517,Daniel,Williams,S,M,2011-01-26,daniel.williams@nappa.com,Mumbai,26369
17518,AW00017518,Wendy,Gill,S,F,2011-01-26,wendy.gill@cappo.com,Berlin,42884
17519,AW00017519,Taylor,Rivera,M,F,2011-01-26,taylor.rivera@nappa.com,Shanghai,15496
17520,AW00017520,Marcus,Baker,S,M,2011-01-27,marcus.baker@nappa.com,London,37825
17521,AW00017521,Destiny,Jenkins,M,F,2011-01-27,destiny.jenkins@mouse.com,Mumbai,54400
17522,AW00017522,Reginald,Sanz,M,M,2011-01-27,reginald.sanz@hostinger.com,Bangkok,35124
17523,AW00017523,Jordan,West,M,M,2011-01-27,jordan.west@fountains.com,Delhi,19033
17524,AW00017524,Lucas,Washington,S,M,2011-01-27,lucas.washington@hostinger.com,Tokyo,25886
17525,AW00017525,Adam,Wright,M,M,2011-01-27,adam.wright@mouse.com,Madrid,58292
17526,AW00017526,Tristan,Gonzales,S,M,2011-01-27,tristan.gonzales@papers.com,Jakarta,50273
17527,AW00017527,Anna,Cook,S,F,2011-01-27,anna.cook@sticks.com,London,56185
17528,AW00017528,Whitney,Kapoor,M,F,2011-01-27,whitney.kapoor@fountains.com,Delhi,12863
17529,AW00017529,Chloe,Mitchell,M,F,2011-01-27,chloe.mitchell@hostinger.com,Madrid,52636
17530,AW00017530,Devin,Wood,M,M,2011-01-28,devin.wood@sticks.com,Shanghai,38513
17531,AW00017531,Isaac,Ramirez,M,M,2011-01-28,isaac.ramirez@nappa.com,Berlin,43601
17532,AW00017532,Nathan,Patterson,M,M,2011-01-28,nathan.patterson@hostinger.com,Singapore,22714
17533,AW00017533,Fernando,Baker,M,M,2011-01-28,fernando.baker@sticks.com,Seoul,25289
17534,AW00017534,Robert,Griffin,S,M,2011-01-28,robert.griffin@winds.com,Seoul,28379
17535,AW00017535,Colleen,Guo,S,F,2011-01-28,colleen.guo@hostinger.com,Moscow,40421
17536,AW00017536,Benjamin,Robinson,S,M,2011-01-29,benjamin.robinson@fountains.com,Moscow,11280
17537,AW00017537,Courtney,Mitchell,S,F,2011-01-29,courtney.mitchell@winds.com,London,36214
17538,AW00017538,Brianna,Bell,S,F,2011-01-29,brianna.bell@towels.com,London,57804
17539,AW00017539,Grace,Wilson,M,F,2011-01-30,grace.wilson@towels.com,Delhi,24683
17540,AW00017540,Gloria,Gutierrez,M,F,2011-01-30,gloria.gutierrez@winds.com,Delhi,36501
17541,AW00017541,Kristen,Zeng,M,F,2011-01-30,kristen.zeng@cappo.com,Delhi,54977
17542,AW00017542,Bridget,Rai,S,F,2011-01-30,bridget.rai@nappa.com,Singapore,37227
17543,AW00017543,Meredith,Martin,S,F,2011-01-30,meredith.martin@nappa.com,Istanbul,21580
17544,AW00017544,Eduardo,Rogers,M,M,2011-01-30,eduardo.rogers@hostinger.com,Istanbul,56128
17545,AW00017545,Wyatt,Ross,M,M,2011-01-30,wyatt.ross@winds.com,Shanghai,50386
17546,AW00017546,Melanie,James,M,F,2011-01-30,melanie.james@mouse.com,Tokyo,24938
17547,AW00017547,Alejandro,Yuan,M,M,2011-01-30,alejandro.yuan@cappo.com,Jakarta,34360
17548,AW00017548,Kaylee,Adams,M,F,2011-01-30,kaylee.adams@mouse.com,Istanbul,25313
17549,AW00017549,Jonathan,Taylor,M,M,2011-01-30,jonathan.taylor@fountains.com,Jakarta,40276
17550,AW00017550,Mason,Edwards,S,M,2011-01-30,mason.edwards@fountains.com,Mumbai,37017
17551,AW00017551,Victoria,Torres,M,F,2011-01-30,victoria.torres@circles.com,Bangkok,50450
17552,AW00017552,Julia,Howard,M,F,2011-01-31,julia.howard@mouse.com,Rome,17879
17553,AW00017553,Summer,Sanchez,M,F,2011-01-31,summer.sanchez@cappo.com,Rome,28711
17554,AW00017554,Emma,Harris,M,F,2011-01-31,emma.harris@cappo.com,Berlin,16116
17555,AW00017555,William,Smith,M,M,2011-01-31,william.smith@cappo.com,Jakarta,20715
17556,AW00017556,Emily,Powell,M,F,2011-01-31,emily.powell@cappo.com,Seoul,17835
17557,AW00017557,Matthew,Davis,S,M,2011-01-31,matthew.davis@towels.com,Rome,15337
17558,AW00017558,Ian,Williams,S,M,2011-01-31,ian.williams@nappa.com,Delhi,34951
17559,AW00017559,Kari,Suarez,S,F,2011-01-31,kari.suarez@nappa.com,London,35294
17560,AW00017560,Kaylee,Richardson,M,F,2011-01-31,kaylee.richardson@cappo.com,Tokyo,49813
17561,AW00017561,Samantha,White,M,F,2011-01-31,samantha.white@hostinger.com,Moscow,11170
17562,AW00017562,Zachary,Sharma,M,M,2011-01-31,zachary.sharma@sticks.com,Shanghai,12728
17563,AW00017563,Jeremiah,King,S,M,2011-01-31,jeremiah.king@towels.com,London,34025
17564,AW00017564,Julia,West,M,F,2011-01-31,julia.west@cappo.com,Moscow,19309
17565,AW00017565,Alexandra,Murphy,M,F,2011-02-01,alexandra.murphy@winds.com,Tokyo,26742
17566,AW00017566,Rachel,Martinez,M,F,2011-02-01,rachel.martinez@winds.com,Shanghai,17231
17567,AW00017567,Nathaniel,Cook,M,M,2011-02-01,nathaniel.cook@fountains.com,Bangkok,52969
17568,AW00017568,Dylan,Perry,M,M,2011-02-01,dylan.perry@hostinger.com,London,58643
17569,AW00017569,Mya,Price,S,F,2011-02-01,mya.price@fountains.com,Moscow,28000
17570,AW00017570,Carlos,Sanchez,M,M,2011-02-01,carlos.sanchez@papers.com,Tokyo,37282
17571,AW00017571,James,Li,M,M,2011-02-02,james.li@circles.com,Delhi,50331
17572,AW00017572,Lucas,Edwards,S,M,2011-02-02,lucas.edwards@towels.com,Delhi,39121
17573,AW00017573,Caroline,Ross,S,F,2011-02-02,caroline.ross@winds.com,Paris,18414
17574,AW00017574,Punya,Palit,S,M,2011-02-02,punya.palit@fountains.com,Delhi,10399
17575,AW00017575,Marcus,Brown,S,M,2011-02-02,marcus.brown@papers.com,Delhi,31861
17576,AW00017576,Albert,Vazquez,M,M,2011-02-02,albert.vazquez@cappo.com,Delhi,52642
17577,AW00017577,Justin,Lee,S,M,2011-02-02,justin.lee@winds.com,London,56850
17578,AW00017578,Megan,Thompson,M,F,2011-02-02,megan.thompson@nappa.com,Delhi,50356
17579,AW00017579,Jack,Chen,M,M,2011-02-02,jack.chen@mouse.com,Delhi,58229
17580,AW00017580,Noah,White,M,M,2011-02-02,noah.white@mouse.com,Madrid,28070
17581,AW00017581,Jack,Henderson,M,M,2011-02-02,jack.henderson@sticks.com,Berlin,21534
17582,AW00017582,Katherine,Wilson,S,F,2011-02-03,katherine.wilson@sticks.com,Bangkok,43437
17583,AW00017583,Stephanie,Cook,S,F,2011-02-03,stephanie.cook@papers.com,Istanbul,33251
17584,AW00017584,Lisa,Liu,S,F,2011-02-04,lisa.liu@papers.com,Moscow,16895
17585,AW00017585,Seth,Griffin,S,M,2011-02-04,seth.griffin@winds.com,Berlin,18940
17586,AW00017586,Cassidy,Patterson,S,F,2011-02-04,cassidy.patterson@nappa.com,Seoul,29517
17587,AW00017587,Curtis,Liang,M,M,2011-02-04,curtis.liang@hostinger.com,Shanghai,18454
17588,AW00017588,Gavin,Bennett,M,M,2011-02-04,gavin.bennett@cappo.com,Singapore,53085
17589,AW00017589,Melanie,Brooks,S,F,2011-02-04,melanie.brooks@winds.com,Bangkok,35157
17590,AW00017590,Garrett,Cox,M,M,2011-02-05,garrett.cox@towels.com,Delhi,16002
17591,AW00017591,Spencer,Hughes,M,M,2011-02-05,spencer.hughes@cappo.com,Shanghai,33171
17592,AW00017592,Bryan,Sanders,M,M,2011-02-05,bryan.sanders@sticks.com,Moscow,11158
17593,AW00017593,Richard,Butler,M,M,2011-02-05,richard.butler@fountains.com,Tokyo,50827
17594,AW00017594,Michelle,Cook,M,F,2011-02-05,michelle.cook@circles.com,Madrid,28192
17595,AW00017595,Benjamin,Garcia,M,M,2011-02-05,benjamin.garcia@mouse.com,Seoul,13989
17596,AW00017596,Adrienne,Vazquez,S,F,2011-02-05,adrienne.vazquez@winds.com,Paris,43462
17597,AW00017597,Sarah,Diaz,S,F,2011-02-05,sarah.diaz@circles.com,Madrid,55545
17598,AW00017598,Cameron,Harris,M,M,2011-02-05,cameron.harris@fountains.com,Bangkok,32910
17599,AW00017599,Sebastian,Cooper,M,M,2011-02-05,sebastian.cooper@mouse.com,Shanghai,53447
17600,AW00017600,Timothy,Brooks,S,M,2011-02-06,timothy.brooks@fountains.com,Singapore,32326
17601,AW00017601,Jose,Hall,M,M,2011-02-06,jose.hall@fountains.com,Mumbai,45031
17602,AW00017602,Dalton,Williams,M,M,2011-02-06,dalton.williams@mouse.com,Delhi,42534
17603,AW00017603,Anna,Patterson,M,F,2011-02-06,anna.patterson@fountains.com,Bangkok,54764
17604,AW00017604,Noah,Robinson,S,M,2011-02-06,noah.robinson@mouse.com,Singapore,26756
17605,AW00017605,Jon,Ma,M,M,2011-02-06,jon.ma@sticks.com,Mumbai,49067
17606,AW00017606,Jacqueline,Peterson,M,F,2011-02-06,jacqueline.peterson@sticks.com,Bangkok,43626
17607,AW00017607,Frederick,Gonzalez,S,M,2011-02-06,frederick.gonzalez@cappo.com,Tokyo,28880
17608,AW00017608,Carlos,Cooper,S,M,2011-02-06,carlos.cooper@mouse.com,London,21237
17609,AW00017609,Charles,Davis,S,M,2011-02-07,charles.davis@mouse.com,Jakarta,14046
17610,AW00017610,Anna,White,S,F,2011-02-07,anna.white@mouse.com,Paris,21598
17611,AW00017611,Luis,Butler,S,M,2011-02-07,luis.butler@hostinger.com,Seoul,36457
17612,AW00017612,Courtney,Parker,S,F,2011-02-07,courtney.parker@papers.com,Istanbul,15355
17613,AW00017613,Dakota,Bryant,S,M,2011-02-07,dakota.bryant@sticks.com,Madrid,46300
17614,AW00017614,Mason,Cook,S,M,2011-02-07,mason.cook@papers.com,Madrid,53225
17615,AW00017615,Brittany,Long,S,F,2011-02-08,brittany.long@fountains.com,Paris,25811
17616,AW00017616,Daniel,Weisman,S,M,2011-02-08,daniel.weisman@nappa.com,Paris,48412
17617,AW00017617,Abigail,Simmons,S,F,2011-02-08,abigail.simmons@towels.com,Jakarta,41960
17618,AW00017618,Ramon,Liu,M,M,2011-02-08,ramon.liu@nappa.com,Shanghai,43149
17619,AW00017619,Chloe,Smith,M,F,2011-02-08,chloe.smith@winds.com,Madrid,28806
17620,AW00017620,Miranda,Coleman,S,F,2011-02-08,miranda.coleman@hostinger.com,Bangkok,31176
17621,AW00017621,Brianna,Price,S,F,2011-02-08,brianna.price@hostinger.com,Moscow,59973
17622,AW00017622,Courtney,Young,S,F,2011-02-08,courtney.young@papers.com,Istanbul,20559
17623,AW00017623,Austin,Robinson,S,M,2011-02-08,austin.robinson@cappo.com,Moscow,59119
17624,AW00017624,Samantha,Alexander,S,F,2011-02-08,samantha.alexander@circles.com,Berlin,51972
17625,AW00017625,Mason,Allen,M,M,2011-02-09,mason.allen@mouse.com,Jakarta,26525
17626,AW00017626,Alfredo,Blanco,M,M,2011-02-09,alfredo.blanco@hostinger.com,Tokyo,12248
17627,AW00017627,Dennis,Chen,M,M,2011-02-09,dennis.chen@papers.com,London,27871
17628,AW00017628,Roberto,Munoz,S,M,2011-02-09,roberto.munoz@nappa.com,Delhi,26767
17629,AW00017629,Tabitha,Torres,S,F,2011-02-09,tabitha.torres@sticks.com,Seoul,33020
17630,AW00017630,Gilbert,Zhang,M,M,2011-02-09,gilbert.zhang@cappo.com,Jakarta,34726
17631,AW00017631,Cara,He,M,F,2011-02-09,cara.he@sticks.com,Istanbul,51881
17632,AW00017632,Jimmy,Serrano,M,M,2011-02-09,jimmy.serrano@fountains.com,Delhi,59979
17633,AW00017633,Gary,Dominguez,S,M,2011-02-10,gary.dominguez@sticks.com,Tokyo,17949
17634,AW00017634,Kaitlin,Rana,S,F,2011-02-10,kaitlin.rana@towels.com,Delhi,39434
17635,AW00017635,Terry,Deng,S,M,2011-02-10,terry.deng@cappo.com,Paris,51101
17636,AW00017636,Ross,Srini,S,M,2011-02-10,ross.srini@towels.com,Rome,32951
17637,AW00017637,Arturo,Tang,S,M,2011-02-10,arturo.tang@winds.com,Singapore,22952
17638,AW00017638,Clarence,Zheng,S,M,2011-02-10,clarence.zheng@mouse.com,Shanghai,42186
17639,AW00017639,Heather,Ma,S,F,2011-02-10,heather.ma@circles.com,Shanghai,53896
17640,AW00017640,Haley,Allen,M,F,2011-02-10,haley.allen@towels.com,Mumbai,57153
17641,AW00017641,Lorrin,Smith-Bates,S,M,2011-02-10,lorrin.smith-bates@circles.com,Rome,37064
17642,AW00017642,Gregory,Luo,S,M,2011-02-10,gregory.luo@hostinger.com,Delhi,59574
17643,AW00017643,Wesley,Cai,S,M,2011-02-10,wesley.cai@sticks.com,Berlin,15478
17644,AW00017644,Rebecca,Adams,S,F,2011-02-11,rebecca.adams@hostinger.com,Rome,58885
17645,AW00017645,Albert,Alonso,S,M,2011-02-11,albert.alonso@papers.com,Tokyo,22291
17646,AW00017646,Leah,Xu,S,F,2011-02-11,leah.xu@mouse.com,Mumbai,10929
17647,AW00017647,Molly,Lopez,S,F,2011-02-11,molly.lopez@nappa.com,Istanbul,35074
17648,AW00017648,Gilbert,Sharma,S,M,2011-02-11,gilbert.sharma@cappo.com,Seoul,31963
17649,AW00017649,Ronald,Mehta,S,M,2011-02-12,ronald.mehta@hostinger.com,Shanghai,11703
17650,AW00017650,Jessica,Sanders,S,F,2011-02-12,jessica.sanders@fountains.com,Bangkok,32600
17651,AW00017651,Ethan,Butler,S,M,2011-02-12,ethan.butler@towels.com,Jakarta,50419
17652,AW00017652,Javier,Vazquez,M,M,2011-02-12,javier.vazquez@fountains.com,Moscow,56715
17653,AW00017653,Linda,Vazquez,S,F,2011-02-12,linda.vazquez@mouse.com,Seoul,33126
17654,AW00017654,Caroline,Alexander,S,F,2011-02-12,caroline.alexander@towels.com,Moscow,36723
17655,AW00017655,Angela,Sánchez,S,F,2011-02-12,angela.sánchez@hostinger.com,London,57329
17656,AW00017656,Carol,Martinez,S,F,2011-02-12,carol.martinez@sticks.com,Delhi,15820
17657,AW00017657,Noah,Martin,M,M,2011-02-12,noah.martin@towels.com,Berlin,25380
17658,AW00017658,Jade,Howard,M,F,2011-02-12,jade.howard@winds.com,Berlin,34797
17659,AW00017659,Jodi,Tang,S,F,2011-02-12,jodi.tang@sticks.com,Berlin,39368
17660,AW00017660,Seth,Young,M,M,2011-02-12,seth.young@mouse.com,Bangkok,28274
17661,AW00017661,Natalie,Smith,M,F,2011-02-12,natalie.smith@winds.com,Mumbai,20854
17662,AW00017662,Jose,Washington,M,M,2011-02-13,jose.washington@mouse.com,Singapore,42933
17663,AW00017663,Elizabeth,Hayes,M,F,2011-02-13,elizabeth.hayes@winds.com,Tokyo,44257
17664,AW00017664,Devin,Robinson,S,M,2011-02-13,devin.robinson@hostinger.com,Paris,32657
17665,AW00017665,Zachary,Jenkins,M,M,2011-02-13,zachary.jenkins@fountains.com,Madrid,49451
17666,AW00017666,Steven,Torres,M,M,2011-02-13,steven.torres@nappa.com,Rome,20724
17667,AW00017667,Jaime,Rai,M,M,2011-02-13,jaime.rai@circles.com,London,34708
17668,AW00017668,Eduardo,Peterson,S,M,2011-02-13,eduardo.peterson@fountains.com,Delhi,33993
17669,AW00017669,Olivia,Rivera,M,F,2011-02-13,olivia.rivera@cappo.com,Mumbai,23006
17670,AW00017670,Gabrielle,Alexander,M,F,2011-02-13,gabrielle.alexander@sticks.com,Moscow,53473
17671,AW00017671,Emma,Stewart,M,F,2011-02-13,emma.stewart@papers.com,Mumbai,50197
17672,AW00017672,Thomas,Coleman,M,M,2011-02-13,thomas.coleman@sticks.com,Mumbai,31793
17673,AW00017673,Amber,Scott,M,F,2011-02-14,amber.scott@mouse.com,Berlin,49286
17674,AW00017674,Kevin,Wang,M,M,2011-02-14,kevin.wang@fountains.com,Moscow,23001
17675,AW00017675,Rosa,Li,M,F,2011-02-14,rosa.li@cappo.com,Moscow,50827
17676,AW00017676,Eugene,Yang,M,M,2011-02-14,eugene.yang@papers.com,Seoul,29478
17677,AW00017677,Lawrence,Hernandez,S,M,2011-02-14,lawrence.hernandez@fountains.com,Rome,49394
17678,AW00017678,Julio,Blanco,S,M,2011-02-14,julio.blanco@fountains.com,Seoul,57166
17679,AW00017679,Joe,Mehta,M,M,2011-02-14,joe.mehta@cappo.com,Paris,33418
17680,AW00017680,Mackenzie,Gray,M,F,2011-02-14,mackenzie.gray@hostinger.com,Istanbul,55774
17681,AW00017681,Robert,Carter,M,M,2011-02-14,robert.carter@fountains.com,Shanghai,18381
17682,AW00017682,Anna,Ramirez,S,F,2011-02-14,anna.ramirez@fountains.com,Shanghai,47969
17683,AW00017683,Jenna,Evans,S,F,2011-02-14,jenna.evans@mouse.com,Paris,56938
17684,AW00017684,Leslie,Gomez,S,F,2011-02-15,leslie.gomez@fountains.com,Istanbul,43227
17685,AW00017685,Diana,Torres,S,F,2011-02-15,diana.torres@cappo.com,Moscow,58497
17686,AW00017686,Jack,Griffin,S,M,2011-02-15,jack.griffin@fountains.com,Delhi,17349
17687,AW00017687,Miguel,Turner,M,M,2011-02-15,miguel.turner@fountains.com,Shanghai,54334
17688,AW00017688,Pedro,Subram,M,M,2011-02-15,pedro.subram@papers.com,Mumbai,20340
17689,AW00017689,Mary,Young,S,F,2011-02-15,mary.young@mouse.com,Bangkok,31701
17690,AW00017690,Jenna,Gonzalez,S,F,2011-02-15,jenna.gonzalez@sticks.com,Paris,52921
17691,AW00017691,Alexandria,Bradley,S,F,2011-02-15,alexandria.bradley@mouse.com,Rome,19565
17692,AW00017692,Emily,Smith,S,F,2011-02-15,emily.smith@nappa.com,Moscow,37729
17693,AW00017693,Justin,Jenkins,S,M,2011-02-16,justin.jenkins@sticks.com,Rome,20840
17694,AW00017694,Joan,Carter,S,F,2011-02-16,joan.carter@hostinger.com,Delhi,49876
17695,AW00017695,Hunter,Washington,S,M,2011-02-16,hunter.washington@towels.com,Moscow,55035
17696,AW00017696,Madison,Simmons,S,F,2011-02-16,madison.simmons@sticks.com,Istanbul,10795
17697,AW00017697,Nathaniel,Gray,S,M,2011-02-16,nathaniel.gray@sticks.com,Bangkok,10615
17698,AW00017698,Xavier,Butler,M,M,2011-02-16,xavier.butler@sticks.com,Madrid,44717
17699,AW00017699,Jesse,Bell,M,M,2011-02-16,jesse.bell@papers.com,Shanghai,56390
17700,AW00017700,Hector,Torres,S,M,2011-02-16,hector.torres@circles.com,Bangkok,59191
17701,AW00017701,Cassidy,Washington,M,F,2011-02-16,cassidy.washington@circles.com,Madrid,12824
17702,AW00017702,Jack,King,M,M,2011-02-16,jack.king@sticks.com,Delhi,44758
17703,AW00017703,Pamela,Fernandez,M,F,2011-02-16,pamela.fernandez@mouse.com,Seoul,33482
17704,AW00017704,Nelson,Moreno,M,M,2011-02-16,nelson.moreno@papers.com,Shanghai,43189
17705,AW00017705,Kelvin,Guo,M,M,2011-02-17,kelvin.guo@mouse.com,London,48457
17706,AW00017706,Gabriel,Coleman,M,M,2011-02-17,gabriel.coleman@papers.com,Jakarta,58605
17707,AW00017707,Mindy,Deng,S,F,2011-02-17,mindy.deng@hostinger.com,Bangkok,57900
17708,AW00017708,Timothy,Sneath,M,M,2011-02-17,timothy.sneath@towels.com,Tokyo,11963
17709,AW00017709,Martin,Raman,M,M,2011-02-17,martin.raman@circles.com,Tokyo,34082
17710,AW00017710,Natalie,Stewart,M,F,2011-02-17,natalie.stewart@nappa.com,Jakarta,53421
17711,AW00017711,Kristin,Luo,M,F,2011-02-17,kristin.luo@towels.com,Delhi,38334
17712,AW00017712,Gary,Blanco,S,M,2011-02-17,gary.blanco@towels.com,Berlin,40640
17713,AW00017713,David,Johnson,S,M,2011-02-17,david.johnson@winds.com,Moscow,18638
17714,AW00017714,Tanya,Gutierrez,M,F,2011-02-18,tanya.gutierrez@sticks.com,Moscow,20882
17715,AW00017715,Rafael,Pal,M,M,2011-02-18,rafael.pal@cappo.com,Mumbai,12422
17716,AW00017716,Cesar,Gonzalez,M,M,2011-02-18,cesar.gonzalez@cappo.com,Mumbai,29120
17717,AW00017717,Jeremiah,Miller,S,M,2011-02-18,jeremiah.miller@towels.com,Istanbul,30930
17718,AW00017718,Lindsay,Jai,M,F,2011-02-18,lindsay.jai@winds.com,Rome,36342
17719,AW00017719,Vincent,Gao,M,M,2011-02-18,vincent.gao@hostinger.com,London,26738
17720,AW00017720,Deanna,Diaz,S,F,2011-02-18,deanna.diaz@sticks.com,London,18561
17721,AW00017721,Cheryl,Alan,M,F,2011-02-18,cheryl.alan@hostinger.com,Mumbai,44364
17722,AW00017722,Jerome,Serrano,M,M,2011-02-19,jerome.serrano@hostinger.com,Rome,44979
17723,AW00017723,Johnathan,Malhotra,M,M,2011-02-19,johnathan.malhotra@papers.com,London,41484
17724,AW00017724,Sheila,Blanco,M,F,2011-02-19,sheila.blanco@circles.com,Tokyo,43005
17725,AW00017725,Daniel,Martinez,S,M,2011-02-19,daniel.martinez@mouse.com,Moscow,14462
17726,AW00017726,Caroline,Griffin,S,F,2011-02-19,caroline.griffin@hostinger.com,Tokyo,54478
17727,AW00017727,Monique,Gill,M,F,2011-02-19,monique.gill@hostinger.com,Paris,58216
17728,AW00017728,Maria,Perry,S,F,2011-02-19,maria.perry@fountains.com,Moscow,13923
17729,AW00017729,Edgar,Garcia,M,M,2011-02-20,edgar.garcia@winds.com,London,47931
17730,AW00017730,Bridget,Tang,S,F,2011-02-20,bridget.tang@mouse.com,Bangkok,37263
17731,AW00017731,Tracy,Sharma,M,F,2011-02-20,tracy.sharma@fountains.com,Shanghai,11529
17732,AW00017732,Allen,Rodriguez,M,M,2011-02-20,allen.rodriguez@papers.com,Moscow,55999
17733,AW00017733,Alberto,Gill,M,M,2011-02-21,alberto.gill@mouse.com,Berlin,25462
17734,AW00017734,Leah,Sun,M,F,2011-02-21,leah.sun@cappo.com,Singapore,31425
17735,AW00017735,Connor,Yang,S,M,2011-02-21,connor.yang@sticks.com,Rome,56758
17736,AW00017736,Kristine,Vazquez,S,F,2011-02-21,kristine.vazquez@cappo.com,London,30023
17737,AW00017737,Nicole,Gonzales,M,F,2011-02-21,nicole.gonzales@sticks.com,Madrid,55495
17738,AW00017738,Nicolas,Deng,S,M,2011-02-21,nicolas.deng@nappa.com,Tokyo,12613
17739,AW00017739,Colin,Cai,S,M,2011-02-21,colin.cai@cappo.com,Berlin,32647
17740,AW00017740,Colleen,Liang,S,F,2011-02-22,colleen.liang@cappo.com,Istanbul,42427
17741,AW00017741,Alvin,Xu,M,M,2011-02-22,alvin.xu@hostinger.com,Paris,35332
17742,AW00017742,Randall,Romero,S,M,2011-02-22,randall.romero@hostinger.com,Istanbul,57627
17743,AW00017743,Gerald,Gomez,S,M,2011-02-22,gerald.gomez@papers.com,Mumbai,48649
17744,AW00017744,Chad,Nath,M,M,2011-02-22,chad.nath@cappo.com,Shanghai,48623
17745,AW00017745,Tanya,Suarez,M,F,2011-02-22,tanya.suarez@sticks.com,Bangkok,55373
17746,AW00017746,Cedric,Nath,M,M,2011-02-22,cedric.nath@fountains.com,Bangkok,48360
17747,AW00017747,Franklin,Xie,M,M,2011-02-23,franklin.xie@winds.com,Singapore,18714
17748,AW00017748,Geoffrey,Kapoor,S,M,2011-02-23,geoffrey.kapoor@papers.com,Istanbul,47696
17749,AW00017749,Leah,Wu,M,F,2011-02-23,leah.wu@cappo.com,Shanghai,43636
17750,AW00017750,Shawna,Jai,M,F,2011-02-23,shawna.jai@nappa.com,Bangkok,40583
17751,AW00017751,Isaiah,Bailey,S,M,2011-02-23,isaiah.bailey@papers.com,Istanbul,10417
17752,AW00017752,Deanna,Hernandez,M,F,2011-02-23,deanna.hernandez@papers.com,Rome,32249
17753,AW00017753,Kendra,Sanz,S,F,2011-02-23,kendra.sanz@sticks.com,Tokyo,32347
17754,AW00017754,Stephanie,King,S,F,2011-02-24,stephanie.king@winds.com,Rome,41912
17755,AW00017755,Zoe,Cox,M,F,2011-02-24,zoe.cox@fountains.com,Tokyo,57658
17756,AW00017756,Jill,Ashe,M,F,2011-02-24,jill.ashe@circles.com,Paris,41130
17757,AW00017757,Seth,Hayes,S,M,2011-02-24,seth.hayes@nappa.com,Singapore,25338
17758,AW00017758,Linda,Gill,M,F,2011-02-24,linda.gill@nappa.com,London,22515
17759,AW00017759,Kristopher,Sanchez,S,M,2011-02-24,kristopher.sanchez@nappa.com,Singapore,59147
17760,AW00017760,Diana,Romero,S,F,2011-02-24,diana.romero@circles.com,Jakarta,13380
17761,AW00017761,Kristopher,Sai,M,M,2011-02-24,kristopher.sai@circles.com,London,42367
17762,AW00017762,Rachel,Rodriguez,S,F,2011-02-25,rachel.rodriguez@towels.com,Istanbul,29033
17763,AW00017763,Jacquelyn,Martin,S,F,2011-02-25,jacquelyn.martin@cappo.com,Madrid,21444
17764,AW00017764,Terrance,Garcia,M,M,2011-02-25,terrance.garcia@cappo.com,Rome,36863
17765,AW00017765,Valerie,Zhang,M,F,2011-02-25,valerie.zhang@winds.com,Paris,49602
17766,AW00017766,Jake,Xu,M,M,2011-02-25,jake.xu@cappo.com,Madrid,55316
17767,AW00017767,Tommy,Raje,M,M,2011-02-25,tommy.raje@mouse.com,Berlin,24162
17768,AW00017768,Luis,Parker,S,M,2011-02-25,luis.parker@nappa.com,Seoul,15186
17769,AW00017769,Nathan,Martin,S,M,2011-02-25,nathan.martin@mouse.com,Jakarta,54555
17770,AW00017770,Grant,Xie,S,M,2011-02-26,grant.xie@cappo.com,Jakarta,15445
17771,AW00017771,Holly,Chandra,M,F,2011-02-26,holly.chandra@mouse.com,Berlin,38844
17772,AW00017772,Leonard,Andersen,S,M,2011-02-26,leonard.andersen@towels.com,Shanghai,26740
17773,AW00017773,Crystal,Lin,S,F,2011-02-26,crystal.lin@nappa.com,Seoul,32302
17774,AW00017774,Brandi,Gutierrez,M,F,2011-02-26,brandi.gutierrez@fountains.com,Delhi,18752
17775,AW00017775,Ricky,Moreno,S,M,2011-02-26,ricky.moreno@sticks.com,Mumbai,51689
17776,AW00017776,Diana,Jimenez,S,F,2011-02-26,diana.jimenez@sticks.com,Tokyo,16717
17777,AW00017777,Armando,Alvarez,M,M,2011-02-26,armando.alvarez@mouse.com,Delhi,19094
17778,AW00017778,Kari,Prasad,M,F,2011-02-27,kari.prasad@hostinger.com,Paris,53273
17779,AW00017779,Madison,Patterson,M,F,2011-02-27,madison.patterson@mouse.com,Bangkok,34199
17780,AW00017780,Alisha,Huang,M,F,2011-02-27,alisha.huang@fountains.com,Moscow,49048
17781,AW00017781,Jake,She,M,M,2011-02-27,jake.she@fountains.com,Moscow,38041
17782,AW00017782,Casey,Shan,M,F,2011-02-27,casey.shan@winds.com,Moscow,59517
17783,AW00017783,Tracy,Jai,S,F,2011-02-28,tracy.jai@mouse.com,Bangkok,18178
17784,AW00017784,Mayra,Patel,S,F,2011-02-28,mayra.patel@sticks.com,Moscow,40992
17785,AW00017785,Pedro,Chapman,M,M,2011-02-28,pedro.chapman@papers.com,Delhi,34698
17786,AW00017786,Kathleen,Gutierrez,S,F,2011-02-28,kathleen.gutierrez@nappa.com,Seoul,36635
17787,AW00017787,Alejandro,Zhao,S,M,2011-02-28,alejandro.zhao@nappa.com,Shanghai,25163
17788,AW00017788,Jeffery,Liu,M,M,2011-02-28,jeffery.liu@cappo.com,Istanbul,42298
17789,AW00017789,Kari,Dominguez,S,F,2011-03-01,kari.dominguez@mouse.com,Singapore,50222
17790,AW00017790,Darryl,Ye,S,M,2011-03-01,darryl.ye@towels.com,Shanghai,22006
17791,AW00017791,Sydney,Davis,M,F,2011-03-01,sydney.davis@nappa.com,Madrid,29965
17792,AW00017792,Bridget,Andersen,M,F,2011-03-01,bridget.andersen@winds.com,Rome,27391
17793,AW00017793,Kathleen,Alvarez,M,F,2011-03-01,kathleen.alvarez@circles.com,Berlin,11732
17794,AW00017794,Theodore,Rowe,M,M,2011-03-01,theodore.rowe@winds.com,Madrid,26289
17795,AW00017795,Jaime,Diaz,M,F,2011-03-01,jaime.diaz@papers.com,Delhi,50629
17796,AW00017796,Eduardo,Taylor,S,M,2011-03-01,eduardo.taylor@circles.com,Bangkok,53631
17797,AW00017797,Ebony,Martinez,S,F,2011-03-02,ebony.martinez@mouse.com,Bangkok,20504
17798,AW00017798,Robin,Ortega,S,F,2011-03-02,robin.ortega@nappa.com,London,54344
17799,AW00017799,Alejandro,Guo,S,M,2011-03-02,alejandro.guo@winds.com,Moscow,53913
17800,AW00017800,Robyn,Alonso,S,F,2011-03-02,robyn.alonso@mouse.com,Singapore,45557
17801,AW00017801,Shannon,He,S,F,2011-03-02,shannon.he@fountains.com,Paris,21590
17802,AW00017802,Erick,Arun,S,M,2011-03-02,erick.arun@papers.com,Rome,18406
17803,AW00017803,Renee,Hernandez,S,F,2011-03-02,renee.hernandez@towels.com,Singapore,37031
17804,AW00017804,Melody,Torres,S,F,2011-03-02,melody.torres@sticks.com,Seoul,55538
17805,AW00017805,Carlos,Young,S,M,2011-03-02,carlos.young@nappa.com,Moscow,14141
17806,AW00017806,Omar,Kumar,M,M,2011-03-03,omar.kumar@cappo.com,Berlin,36840
17807,AW00017807,Philip,Sanz,S,M,2011-03-03,philip.sanz@towels.com,Bangkok,19973
17808,AW00017808,Raquel,Alvarez,S,F,2011-03-03,raquel.alvarez@nappa.com,Shanghai,52070
17809,AW00017809,Josue,Blanco,S,M,2011-03-03,josue.blanco@nappa.com,Paris,23564
17810,AW00017810,Frederick,Prasad,M,M,2011-03-03,frederick.prasad@papers.com,Istanbul,17008
17811,AW00017811,Stacy,Hernandez,M,F,2011-03-03,stacy.hernandez@papers.com,Paris,45064
17812,AW00017812,Casey,Nara,M,F,2011-03-04,casey.nara@sticks.com,Mumbai,40504
17813,AW00017813,Jay,Nicholls,M,M,2011-03-04,jay.nicholls@winds.com,Berlin,57642
17814,AW00017814,Michele,Pal,M,F,2011-03-04,michele.pal@cappo.com,London,55668
17815,AW00017815,Ronnie,Ma,S,M,2011-03-04,ronnie.ma@fountains.com,Rome,11589
17816,AW00017816,Kathryn,Raje,S,F,2011-03-04,kathryn.raje@fountains.com,Jakarta,37573
17817,AW00017817,Felicia,Gutierrez,M,F,2011-03-04,felicia.gutierrez@nappa.com,Istanbul,41411
17818,AW00017818,Dale,Yuan,M,M,2011-03-05,dale.yuan@circles.com,Singapore,21506
17819,AW00017819,Arthur,Rana,M,M,2011-03-05,arthur.rana@circles.com,Shanghai,47603
17820,AW00017820,Emma,Morris,M,F,2011-03-05,emma.morris@mouse.com,Singapore,30547
17821,AW00017821,Marvin,Gill,M,M,2011-03-05,marvin.gill@circles.com,Jakarta,34416
17822,AW00017822,Michelle,Cooper,S,F,2011-03-05,michelle.cooper@winds.com,Madrid,49334
17823,AW00017823,Ramon,Gao,M,M,2011-03-06,ramon.gao@nappa.com,Delhi,53388
17824,AW00017824,Mario,Pal,S,M,2011-03-06,mario.pal@towels.com,Istanbul,43748
17825,AW00017825,Clayton,Li,M,M,2011-03-06,clayton.li@papers.com,Singapore,17169
17826,AW00017826,Paige,Morgan,S,F,2011-03-06,paige.morgan@papers.com,Jakarta,36277
17827,AW00017827,Maria,Coleman,S,F,2011-03-06,maria.coleman@winds.com,Jakarta,29852
17828,AW00017828,Valerie,Zhou,M,F,2011-03-06,valerie.zhou@cappo.com,London,28389
17829,AW00017829,Audrey,Gutierrez,M,F,2011-03-06,audrey.gutierrez@mouse.com,Madrid,17547
17830,AW00017830,Carlos,Scott,M,M,2011-03-07,carlos.scott@circles.com,Shanghai,41962
17831,AW00017831,Noah,Long,M,M,2011-03-07,noah.long@towels.com,London,26423
17832,AW00017832,Cameron,Sharma,M,M,2011-03-07,cameron.sharma@fountains.com,Delhi,45651
17833,AW00017833,Monique,Suarez,M,F,2011-03-07,monique.suarez@nappa.com,London,37404
17834,AW00017834,Michele,Gill,M,F,2011-03-07,michele.gill@winds.com,Mumbai,19631
17835,AW00017835,Francisco,Perez,M,M,2011-03-07,francisco.perez@mouse.com,Mumbai,26500
17836,AW00017836,Jacquelyn,Ramos,S,F,2011-03-07,jacquelyn.ramos@winds.com,Tokyo,36769
17837,AW00017837,Mayra,Garcia,S,F,2011-03-08,mayra.garcia@winds.com,Rome,17600
17838,AW00017838,Jill,Blanco,S,F,2011-03-08,jill.blanco@fountains.com,Mumbai,34667
17839,AW00017839,Christine,Chander,S,F,2011-03-08,christine.chander@mouse.com,Moscow,51749
17840,AW00017840,Larry,Hernandez,S,M,2011-03-08,larry.hernandez@mouse.com,Madrid,58893
17841,AW00017841,Walter,Navarro,S,M,2011-03-08,walter.navarro@cappo.com,Shanghai,27466
17842,AW00017842,Isaiah,Ward,S,M,2011-03-08,isaiah.ward@fountains.com,Seoul,52398
17843,AW00017843,Kelli,Shan,S,F,2011-03-08,kelli.shan@nappa.com,Singapore,12249
17844,AW00017844,Martha,Zeng,S,F,2011-03-08,martha.zeng@nappa.com,Paris,36864
17845,AW00017845,Ebony,Diaz,S,F,2011-03-08,ebony.diaz@circles.com,Paris,50401
17846,AW00017846,Alejandro,Chavez,S,M,2011-03-08,alejandro.chavez@sticks.com,Istanbul,47155
17847,AW00017847,Logan,Lee,S,M,2011-03-09,logan.lee@towels.com,Madrid,47221
17848,AW00017848,Jaime,Yuan,S,M,2011-03-09,jaime.yuan@nappa.com,Bangkok,11214
17849,AW00017849,Wesley,He,M,M,2011-03-09,wesley.he@papers.com,Istanbul,18651
17850,AW00017850,Alvin,Shen,S,M,2011-03-09,alvin.shen@sticks.com,London,35155
17851,AW00017851,Warren,Tang,S,M,2011-03-09,warren.tang@circles.com,Seoul,11097
17852,AW00017852,Lindsey,Shan,M,F,2011-03-10,lindsey.shan@sticks.com,Paris,23380
17853,AW00017853,Ernest,Chen,S,M,2011-03-10,ernest.chen@cappo.com,Mumbai,30275
17854,AW00017854,Shannon,Gomez,S,M,2011-03-10,shannon.gomez@cappo.com,Bangkok,54741
17855,AW00017855,Ronald,Lopez,S,M,2011-03-10,ronald.lopez@papers.com,Jakarta,24908
17856,AW00017856,Roger,Rai,S,M,2011-03-10,roger.rai@nappa.com,Tokyo,17498
17857,AW00017857,Albert,Cabello,S,F,2011-03-10,albert.cabello@papers.com,Singapore,11293
17858,AW00017858,Dalton,Barnes,M,M,2011-03-11,dalton.barnes@fountains.com,Rome,12897
17859,AW00017859,Wyatt,Gonzalez,M,M,2011-03-11,wyatt.gonzalez@towels.com,Seoul,21054
17860,AW00017860,Noah,Diaz,M,M,2011-03-11,noah.diaz@circles.com,Mumbai,47483
17861,AW00017861,Melanie,Blue,S,F,2011-03-11,melanie.blue@circles.com,London,15467
17862,AW00017862,Aaron,Baker,M,M,2011-03-11,aaron.baker@fountains.com,Rome,38573
17863,AW00017863,Bailey,Cooper,S,F,2011-03-11,bailey.cooper@fountains.com,Berlin,49446
17864,AW00017864,Emily,Martinez,M,F,2011-03-11,emily.martinez@sticks.com,Moscow,58467
17865,AW00017865,Blake,Barnes,M,M,2011-03-12,blake.barnes@papers.com,Bangkok,59217
17866,AW00017866,Jack,Baker,M,M,2011-03-12,jack.baker@sticks.com,Singapore,40724
17867,AW00017867,Stephanie,Sanchez,S,F,2011-03-12,stephanie.sanchez@fountains.com,Paris,40139
17868,AW00017868,Richard,Blue,S,M,2011-03-12,richard.blue@circles.com,Rome,39512
17869,AW00017869,Henry,Mehta,S,M,2011-03-12,henry.mehta@nappa.com,Rome,24681
17870,AW00017870,Melissa,Price,S,F,2011-03-12,melissa.price@mouse.com,Madrid,23360
17871,AW00017871,Sydney,Patterson,M,F,2011-03-12,sydney.patterson@fountains.com,Jakarta,13812
17872,AW00017872,Robert,Miller,M,M,2011-03-12,robert.miller@towels.com,Mumbai,54845
17873,AW00017873,Alejandro,She,M,M,2011-03-12,alejandro.she@nappa.com,Mumbai,36920
17874,AW00017874,Natasha,Alvarez,S,F,2011-03-13,natasha.alvarez@towels.com,Singapore,50429
17875,AW00017875,Tommy,Anand,M,M,2011-03-13,tommy.anand@cappo.com,Moscow,29902
17876,AW00017876,Fernando,Harris,M,M,2011-03-13,fernando.harris@circles.com,Shanghai,18676
17877,AW00017877,Danny,Blanco,S,M,2011-03-13,danny.blanco@winds.com,Paris,16724
17878,AW00017878,Gabrielle,Sanders,M,F,2011-03-13,gabrielle.sanders@hostinger.com,Jakarta,41091
17879,AW00017879,Seth,Rivera,M,M,2011-03-13,seth.rivera@cappo.com,Tokyo,38956
17880,AW00017880,Sydney,Hall,M,F,2011-03-13,sydney.hall@circles.com,Shanghai,42453
17881,AW00017881,Tamara,Wang,M,F,2011-03-14,tamara.wang@mouse.com,Seoul,58573
17882,AW00017882,Drew,Deng,M,M,2011-03-14,drew.deng@mouse.com,Shanghai,24283
17883,AW00017883,Lori,Rubio,M,F,2011-03-14,lori.rubio@hostinger.com,Seoul,37393
17884,AW00017884,Mayra,Schmidt,M,F,2011-03-14,mayra.schmidt@papers.com,Tokyo,26148
17885,AW00017885,Julio,Carlson,M,M,2011-03-14,julio.carlson@hostinger.com,Rome,30041
17886,AW00017886,Bianca,Harrison,M,F,2011-03-14,bianca.harrison@mouse.com,Paris,30029
17887,AW00017887,Joel,Madan,M,M,2011-03-14,joel.madan@mouse.com,Berlin,22293
17888,AW00017888,Mandy,Liu,S,F,2011-03-14,mandy.liu@circles.com,Rome,29356
17889,AW00017889,Blake,Taylor,M,M,2011-03-14,blake.taylor@nappa.com,Seoul,23088
17890,AW00017890,Derrick,Jiménez,M,M,2011-03-15,derrick.jiménez@nappa.com,Rome,42274
17891,AW00017891,Sharon,Lal,M,F,2011-03-15,sharon.lal@cappo.com,Jakarta,34567
17892,AW00017892,Ronnie,Xu,M,M,2011-03-15,ronnie.xu@hostinger.com,Jakarta,50778
17893,AW00017893,Omar,Rai,M,M,2011-03-15,omar.rai@cappo.com,Istanbul,42557
17894,AW00017894,Hailey,Simmons,M,F,2011-03-15,hailey.simmons@cappo.com,Shanghai,35649
17895,AW00017895,Allen,Subram,M,M,2011-03-15,allen.subram@nappa.com,Madrid,48502
17896,AW00017896,Renee,Gutierrez,S,F,2011-03-15,renee.gutierrez@hostinger.com,Paris,33800
17897,AW00017897,Darrell,Kumar,S,M,2011-03-15,darrell.kumar@towels.com,Tokyo,47086
17898,AW00017898,Janet,Sanz,S,F,2011-03-15,janet.sanz@winds.com,Singapore,53780
17899,AW00017899,Theresa,Moreno,M,F,2011-03-15,theresa.moreno@cappo.com,Shanghai,49110
17900,AW00017900,Victoria,Snowden,S,F,2011-03-15,victoria.snowden@winds.com,Mumbai,57341
17901,AW00017901,Keith,Tang,M,M,2011-03-16,keith.tang@papers.com,Tokyo,30778
17902,AW00017902,Ruth,Lopez,M,F,2011-03-16,ruth.lopez@cappo.com,London,37733
17903,AW00017903,Bethany,Shen,M,F,2011-03-16,bethany.shen@mouse.com,Shanghai,45686
17904,AW00017904,Gina,Torres,S,F,2011-03-16,gina.torres@hostinger.com,Jakarta,39806
17905,AW00017905,Calvin,Yuan,M,M,2011-03-16,calvin.yuan@towels.com,Istanbul,25793
17906,AW00017906,Jonathon,Vazquez,M,M,2011-03-16,jonathon.vazquez@nappa.com,Mumbai,34431
17907,AW00017907,Priscilla,Luo,M,F,2011-03-17,priscilla.luo@circles.com,Rome,47525
17908,AW00017908,Warren,Yang,M,M,2011-03-17,warren.yang@nappa.com,Jakarta,33345
17909,AW00017909,Joanna,Ortega,S,F,2011-03-17,joanna.ortega@fountains.com,Berlin,30154
17910,AW00017910,Dustin,Nara,M,M,2011-03-17,dustin.nara@nappa.com,Istanbul,34111
17911,AW00017911,Pedro,Rodriguez,M,M,2011-03-17,pedro.rodriguez@fountains.com,Madrid,38674
17912,AW00017912,Louis,Zhou,M,M,2011-03-17,louis.zhou@fountains.com,Istanbul,53287
17913,AW00017913,Lacey,Xu,S,F,2011-03-17,lacey.xu@papers.com,Mumbai,25711
17914,AW00017914,Phillip,Suri,M,M,2011-03-17,phillip.suri@nappa.com,Istanbul,25844
17915,AW00017915,Aimee,Li,S,F,2011-03-17,aimee.li@papers.com,Mumbai,22553
17916,AW00017916,Tracy,Xu,S,F,2011-03-17,tracy.xu@cappo.com,Paris,20891
17917,AW00017917,Cristina,Raje,S,F,2011-03-17,cristina.raje@sticks.com,Rome,44717
17918,AW00017918,Suzanne,Zeng,M,F,2011-03-18,suzanne.zeng@mouse.com,Mumbai,46957
17919,AW00017919,Bruce,Hernandez,S,M,2011-03-18,bruce.hernandez@papers.com,Jakarta,15608
17920,AW00017920,Bradley,Yuan,S,M,2011-03-18,bradley.yuan@sticks.com,Mumbai,46494
17921,AW00017921,Karen,Li,M,F,2011-03-18,karen.li@towels.com,Bangkok,18631
17922,AW00017922,Shane,Schmidt,M,M,2011-03-18,shane.schmidt@nappa.com,Shanghai,58550
17923,AW00017923,Cory,Malhotra,S,M,2011-03-18,cory.malhotra@papers.com,Berlin,14464
17924,AW00017924,Shawna,Lal,S,F,2011-03-18,shawna.lal@cappo.com,Shanghai,48714
17925,AW00017925,Bradley,Raji,S,M,2011-03-18,bradley.raji@papers.com,Istanbul,37906
17926,AW00017926,Carolyn,Ramos,M,F,2011-03-19,carolyn.ramos@towels.com,Shanghai,34061
17927,AW00017927,Douglas,Patel,S,M,2011-03-19,douglas.patel@papers.com,Madrid,40089
17928,AW00017928,Terrence,She,M,M,2011-03-19,terrence.she@papers.com,Seoul,27956
17929,AW00017929,Alfredo,Rubio,M,M,2011-03-19,alfredo.rubio@towels.com,Rome,12821
17930,AW00017930,Chelsea,Srini,M,F,2011-03-19,chelsea.srini@winds.com,Mumbai,31060
17931,AW00017931,Jeffery,Zhao,M,M,2011-03-20,jeffery.zhao@cappo.com,Singapore,34664
17932,AW00017932,Barry,Srini,M,M,2011-03-20,barry.srini@papers.com,Istanbul,24858
17933,AW00017933,Virginia,Prasad,M,F,2011-03-20,virginia.prasad@sticks.com,Paris,48889
17934,AW00017934,Nelson,Gill,S,M,2011-03-20,nelson.gill@circles.com,Paris,51348
17935,AW00017935,Misty,Jai,M,F,2011-03-20,misty.jai@mouse.com,Delhi,53668
17936,AW00017936,Tonya,Deng,M,F,2011-03-20,tonya.deng@winds.com,London,34001
17937,AW00017937,Heidi,Kapoor,M,F,2011-03-20,heidi.kapoor@fountains.com,Bangkok,56322
17938,AW00017938,Ruben,Gill,S,M,2011-03-20,ruben.gill@winds.com,Madrid,47933
17939,AW00017939,Kelli,Wang,S,F,2011-03-20,kelli.wang@winds.com,Seoul,55430
17940,AW00017940,Tommy,Yuan,M,M,2011-03-21,tommy.yuan@mouse.com,Madrid,34456
17941,AW00017941,David,Jenkins,M,M,2011-03-21,david.jenkins@cappo.com,Jakarta,38827
17942,AW00017942,Steven,Watson,M,M,2011-03-21,steven.watson@cappo.com,Tokyo,28218
17943,AW00017943,Joe,Romero,S,M,2011-03-21,joe.romero@winds.com,Shanghai,52025
17944,AW00017944,Riley,Rivera,M,F,2011-03-21,riley.rivera@hostinger.com,Shanghai,34551
17945,AW00017945,Julio,Rubio,M,M,2011-03-21,julio.rubio@fountains.com,Shanghai,59483
17946,AW00017946,Jocelyn,Washington,M,F,2011-03-21,jocelyn.washington@cappo.com,Jakarta,27995
17947,AW00017947,Erick,Srini,S,M,2011-03-21,erick.srini@winds.com,Seoul,32495
17948,AW00017948,Cheryl,Vazquez,S,F,2011-03-22,cheryl.vazquez@mouse.com,Berlin,20519
17949,AW00017949,Sophia,Mitchell,M,F,2011-03-22,sophia.mitchell@sticks.com,Bangkok,34484
17950,AW00017950,Alberto,Ortega,M,M,2011-03-22,alberto.ortega@cappo.com,Rome,12963
17951,AW00017951,Frederick,Malhotra,M,M,2011-03-22,frederick.malhotra@cappo.com,Delhi,17509
17952,AW00017952,Brendan,Beck,S,M,2011-03-22,brendan.beck@towels.com,Istanbul,26788
17953,AW00017953,Latoya,Raje,S,F,2011-03-22,latoya.raje@fountains.com,Seoul,29652
17954,AW00017954,Shelby,Torres,S,F,2011-03-22,shelby.torres@mouse.com,London,53644
17955,AW00017955,Ronnie,Zhao,S,M,2011-03-22,ronnie.zhao@mouse.com,Berlin,29003
17956,AW00017956,Jaime,Gomez,S,M,2011-03-23,jaime.gomez@cappo.com,Jakarta,17000
17957,AW00017957,Misty,Yuan,S,F,2011-03-23,misty.yuan@hostinger.com,Berlin,55028
17958,AW00017958,Ricardo,Lal,M,M,2011-03-23,ricardo.lal@winds.com,Mumbai,22405
17959,AW00017959,Ebony,Srini,M,F,2011-03-23,ebony.srini@nappa.com,Jakarta,32344
17960,AW00017960,Marie,Rodriguez,M,F,2011-03-23,marie.rodriguez@winds.com,Mumbai,20477
17961,AW00017961,Meghan,Blanco,S,F,2011-03-23,meghan.blanco@hostinger.com,Berlin,57020
17962,AW00017962,Colin,Zhou,M,M,2011-03-23,colin.zhou@nappa.com,Seoul,25613
17963,AW00017963,Natalie,Collins,S,F,2011-03-23,natalie.collins@hostinger.com,Delhi,22234
17964,AW00017964,Darren,Suri,M,M,2011-03-23,darren.suri@hostinger.com,Madrid,47048
17965,AW00017965,Warren,Chander,M,M,2011-03-24,warren.chander@mouse.com,Paris,52703
17966,AW00017966,Kellie,Gutierrez,S,F,2011-03-24,kellie.gutierrez@cappo.com,Mumbai,29643
17967,AW00017967,Cassandra,Gonzalez,M,F,2011-03-24,cassandra.gonzalez@cappo.com,Bangkok,13947
17968,AW00017968,Nina,Black,M,F,2011-03-24,nina.black@cappo.com,Tokyo,27995
17969,AW00017969,Jeffery,Li,M,M,2011-03-24,jeffery.li@circles.com,Berlin,26456
17970,AW00017970,Erick,Martinez,S,M,2011-03-24,erick.martinez@hostinger.com,Rome,23905
17971,AW00017971,Mayra,Perez,S,F,2011-03-24,mayra.perez@towels.com,Shanghai,50253
17972,AW00017972,Alisha,Ma,S,F,2011-03-25,alisha.ma@fountains.com,Paris,53216
17973,AW00017973,Johnathan,Rodriguez,M,M,2011-03-25,johnathan.rodriguez@fountains.com,Berlin,15135
17974,AW00017974,Kate,Raje,M,F,2011-03-25,kate.raje@nappa.com,Jakarta,21273
17975,AW00017975,Candace,Sai,S,F,2011-03-25,candace.sai@hostinger.com,Tokyo,34179
17976,AW00017976,Daisy,Carlson,M,F,2011-03-25,daisy.carlson@sticks.com,Seoul,22103
17977,AW00017977,Valerie,Zeng,M,F,2011-03-25,valerie.zeng@sticks.com,Seoul,19862
17978,AW00017978,Armando,Diaz,M,M,2011-03-25,armando.diaz@towels.com,Paris,41320
17979,AW00017979,Lisa,Lin,M,F,2011-03-25,lisa.lin@cappo.com,Madrid,32460
17980,AW00017980,Paige,Hughes,S,F,2011-03-26,paige.hughes@cappo.com,Mumbai,30076
17981,AW00017981,Fernando,Mitchell,M,M,2011-03-26,fernando.mitchell@fountains.com,Jakarta,51345
17982,AW00017982,Francisco,Mehta,S,M,2011-03-26,francisco.mehta@mouse.com,Rome,31421
17983,AW00017983,Carol,Saunders,M,F,2011-03-26,carol.saunders@sticks.com,Moscow,41611
17984,AW00017984,Barbara,Andersen,M,F,2011-03-26,barbara.andersen@cappo.com,Tokyo,35468
17985,AW00017985,Cedric,Sun,M,M,2011-03-26,cedric.sun@nappa.com,Rome,54272
17986,AW00017986,Monica,Malhotra,M,F,2011-03-27,monica.malhotra@winds.com,Istanbul,50232
17987,AW00017987,Cara,Sun,M,F,2011-03-27,cara.sun@hostinger.com,Paris,45404
17988,AW00017988,Alfredo,Diaz,S,M,2011-03-27,alfredo.diaz@hostinger.com,Bangkok,39273
17989,AW00017989,Tiffany,Sun,S,F,2011-03-27,tiffany.sun@sticks.com,Tokyo,40395
17990,AW00017990,Kristina,Patel,S,F,2011-03-27,kristina.patel@papers.com,Istanbul,13064
17991,AW00017991,Richard,Kelly,M,M,2011-03-27,richard.kelly@mouse.com,Madrid,25161
17992,AW00017992,Sandra,Ma,S,F,2011-03-27,sandra.ma@cappo.com,London,24747
17993,AW00017993,Richard,Williams,M,M,2011-03-27,richard.williams@hostinger.com,Paris,39227
17994,AW00017994,Bradley,Xu,S,M,2011-03-27,bradley.xu@nappa.com,Istanbul,32469
17995,AW00017995,Sabrina,Jimenez,S,F,2011-03-27,sabrina.jimenez@papers.com,Madrid,37918
17996,AW00017996,Cedric,Raji,S,M,2011-03-27,cedric.raji@winds.com,Mumbai,29343
17997,AW00017997,April,Sharma,S,F,2011-03-27,april.sharma@mouse.com,Paris,59914
17998,AW00017998,Tammy,Weber,S,F,2011-03-28,tammy.weber@cappo.com,Madrid,25458
17999,AW00017999,Byron,Romero,S,M,2011-03-28,byron.romero@sticks.com,Seoul,26808
18000,AW00018000,Ramon,She,S,M,2011-03-28,ramon.she@towels.com,Rome,25024
18001,AW00018001,Ross,Suri,S,M,2011-03-28,ross.suri@cappo.com,London,42863
18002,AW00018002,Gina,Navarro,M,F,2011-03-28,gina.navarro@winds.com,Delhi,18770
18003,AW00018003,Edwin,Chande,M,M,2011-03-28,edwin.chande@nappa.com,Jakarta,22813
18004,AW00018004,Tonya,Shen,M,F,2011-03-28,tonya.shen@nappa.com,Delhi,52877
18005,AW00018005,Renee,Ramos,M,F,2011-03-28,renee.ramos@mouse.com,Tokyo,26522
18006,AW00018006,Franklin,Chander,M,M,2011-03-29,franklin.chander@papers.com,Delhi,28391
18007,AW00018007,Michele,Suri,M,F,2011-03-29,michele.suri@towels.com,Madrid,12058
18008,AW00018008,Deanna,Sai,S,F,2011-03-29,deanna.sai@mouse.com,Istanbul,44389
18009,AW00018009,Deanna,Prasad,S,F,2011-03-29,deanna.prasad@cappo.com,Berlin,10357
18010,AW00018010,Clarence,Jai,S,M,2011-03-29,clarence.jai@mouse.com,Istanbul,49966
18011,AW00018011,Frank,Gomez,S,M,2011-03-29,frank.gomez@mouse.com,Madrid,52429
18012,AW00018012,Karen,Zhu,M,F,2011-03-29,karen.zhu@nappa.com,Singapore,30645
18013,AW00018013,Kathleen,Munoz,M,F,2011-03-29,kathleen.munoz@sticks.com,Madrid,18023
18014,AW00018014,Wayne,Xu,S,M,2011-03-29,wayne.xu@towels.com,Jakarta,58285
18015,AW00018015,Haley,Edwards,S,F,2011-03-30,haley.edwards@fountains.com,Paris,52842
18016,AW00018016,Tiffany,Liu,M,F,2011-03-30,tiffany.liu@cappo.com,Istanbul,53585
18017,AW00018017,Kurt,Shan,S,M,2011-03-30,kurt.shan@hostinger.com,Jakarta,11338
18018,AW00018018,Peter,Xie,S,M,2011-03-30,peter.xie@hostinger.com,Madrid,16905
18019,AW00018019,Yolanda,Raji,M,F,2011-03-30,yolanda.raji@mouse.com,Istanbul,36186
18020,AW00018020,Armando,Ruiz,S,M,2011-03-30,armando.ruiz@papers.com,Jakarta,43678
18021,AW00018021,Trisha,She,S,F,2011-03-30,trisha.she@nappa.com,London,55185
18022,AW00018022,Victor,Alvarez,S,M,2011-03-30,victor.alvarez@cappo.com,Singapore,57672
18023,AW00018023,Terrence,Raji,S,M,2011-03-30,terrence.raji@circles.com,Shanghai,16207
18024,AW00018024,Nancy,Kapoor,S,F,2011-03-30,nancy.kapoor@sticks.com,Paris,10225
18025,AW00018025,Benjamin,Flores,S,M,2011-03-31,benjamin.flores@papers.com,Shanghai,18545
18026,AW00018026,Alisha,He,M,F,2011-03-31,alisha.he@nappa.com,Madrid,50865
18027,AW00018027,Alexia,Griffin,M,F,2011-03-31,alexia.griffin@sticks.com,Rome,45114
18028,AW00018028,Jessie,Zheng,M,M,2011-03-31,jessie.zheng@towels.com,Rome,28480
18029,AW00018029,Carmen,Malhotra,S,F,2011-03-31,carmen.malhotra@mouse.com,Delhi,52025
18030,AW00018030,Victor,Torres,S,M,2011-03-31,victor.torres@hostinger.com,Bangkok,32836
18031,AW00018031,Shawna,Tang,S,F,2011-03-31,shawna.tang@hostinger.com,Tokyo,59750
18032,AW00018032,Cassie,Raji,M,F,2011-03-31,cassie.raji@towels.com,Bangkok,19151
18033,AW00018033,Evelyn,Patel,S,F,2011-03-31,evelyn.patel@winds.com,Berlin,24234
18034,AW00018034,Ethan,Robinson,M,M,2011-03-31,ethan.robinson@towels.com,Seoul,52002
18035,AW00018035,Karen,Zhang,S,F,2011-04-01,karen.zhang@papers.com,Berlin,39908
18036,AW00018036,Bruce,Sanchez,S,M,2011-04-01,bruce.sanchez@papers.com,Bangkok,52238
18037,AW00018037,Bruce,Garcia,S,M,2011-04-01,bruce.garcia@papers.com,Istanbul,12289
18038,AW00018038,Kelli,Kumar,S,F,2011-04-01,kelli.kumar@papers.com,Bangkok,41682
18039,AW00018039,Logan,Clark,M,M,2011-04-01,logan.clark@circles.com,Rome,10210
18040,AW00018040,Curtis,Liu,M,M,2011-04-01,curtis.liu@cappo.com,Singapore,45180
18041,AW00018041,Sheena,Xie,S,F,2011-04-01,sheena.xie@nappa.com,Paris,57742
18042,AW00018042,Stanley,Srini,S,M,2011-04-01,stanley.srini@fountains.com,Delhi,25390
18043,AW00018043,Katie,Chande,S,F,2011-04-01,katie.chande@winds.com,Istanbul,57409
18044,AW00018044,Kendra,Carlson,S,F,2011-04-01,kendra.carlson@circles.com,Paris,48837
18045,AW00018045,Toni,Arun,S,F,2011-04-01,toni.arun@towels.com,Rome,32722
18046,AW00018046,Terry,Jai,S,M,2011-04-02,terry.jai@nappa.com,Shanghai,45450
18047,AW00018047,Latasha,Alvarez,M,F,2011-04-02,latasha.alvarez@fountains.com,Seoul,45363
18048,AW00018048,Alisha,Sun,S,F,2011-04-02,alisha.sun@papers.com,London,31683
18049,AW00018049,Patrick,Watson,S,M,2011-04-02,patrick.watson@papers.com,Delhi,26516
18050,AW00018050,Sara,Cooper,M,F,2011-04-02,sara.cooper@hostinger.com,Istanbul,19567
18051,AW00018051,Caroline,Price,M,F,2011-04-02,caroline.price@papers.com,Mumbai,27064
18052,AW00018052,Maria,Young,M,F,2011-04-02,maria.young@papers.com,Seoul,31244
18053,AW00018053,Stefanie,Smith,S,F,2011-04-02,stefanie.smith@cappo.com,Tokyo,28541
18054,AW00018054,Jake,Zeng,S,M,2011-04-02,jake.zeng@mouse.com,London,30465
18055,AW00018055,Trevor,Harrison,S,M,2011-04-02,trevor.harrison@winds.com,London,36569
18056,AW00018056,Haley,Price,S,F,2011-04-02,haley.price@fountains.com,Rome,58299
18057,AW00018057,Logan,Washington,M,M,2011-04-03,logan.washington@papers.com,Berlin,22623
18058,AW00018058,Riley,Patterson,S,F,2011-04-03,riley.patterson@nappa.com,Rome,52330
18059,AW00018059,Bailey,Gonzalez,M,F,2011-04-03,bailey.gonzalez@winds.com,Tokyo,43627
18060,AW00018060,Sara,Carter,M,F,2011-04-03,sara.carter@nappa.com,Madrid,51483
18061,AW00018061,Jesse,Bailey,M,M,2011-04-03,jesse.bailey@nappa.com,Mumbai,32526
18062,AW00018062,Dylan,Anderson,M,M,2011-04-03,dylan.anderson@papers.com,Istanbul,11115
18063,AW00018063,Alexandria,Ward,S,F,2011-04-03,alexandria.ward@nappa.com,Tokyo,56773
18064,AW00018064,Catherine,Rivera,M,F,2011-04-03,catherine.rivera@cappo.com,Paris,29225
18065,AW00018065,Julia,Brown,S,F,2011-04-04,julia.brown@towels.com,Shanghai,18121
18066,AW00018066,Steve,He,S,M,2011-04-04,steve.he@cappo.com,Paris,10352
18067,AW00018067,Jackson,King,M,M,2011-04-04,jackson.king@fountains.com,London,53259
18068,AW00018068,Ethan,Walker,M,M,2011-04-04,ethan.walker@fountains.com,Mumbai,55859
18069,AW00018069,Elijah,Hill,M,M,2011-04-04,elijah.hill@fountains.com,Bangkok,29189
18070,AW00018070,Alyssa,Martinez,M,F,2011-04-04,alyssa.martinez@sticks.com,Shanghai,53609
18071,AW00018071,Katelyn,Campbell,M,F,2011-04-04,katelyn.campbell@circles.com,Seoul,16984
18072,AW00018072,Maria,Perez,S,F,2011-04-04,maria.perez@mouse.com,Tokyo,43009
18073,AW00018073,Robert,Chen,M,M,2011-04-04,robert.chen@hostinger.com,Madrid,56712
18074,AW00018074,Julia,Hall,S,F,2011-04-04,julia.hall@fountains.com,Paris,43290
18075,AW00018075,Courtney,Adams,S,F,2011-04-05,courtney.adams@towels.com,Bangkok,23738
18076,AW00018076,Andre,Mehta,M,M,2011-04-05,andre.mehta@sticks.com,Delhi,31175
18077,AW00018077,Philip,Ruiz,M,M,2011-04-05,philip.ruiz@cappo.com,Paris,51419
18078,AW00018078,Ruben,Srini,M,M,2011-04-05,ruben.srini@towels.com,Rome,55491
18079,AW00018079,Victoria,Martin,M,F,2011-04-05,victoria.martin@hostinger.com,Singapore,14849
18080,AW00018080,Paige,Richardson,M,F,2011-04-05,paige.richardson@sticks.com,Mumbai,10968
18081,AW00018081,Amanda,Parker,M,F,2011-04-05,amanda.parker@hostinger.com,Shanghai,17474
18082,AW00018082,Steven,Sanchez,M,M,2011-04-05,steven.sanchez@nappa.com,Tokyo,35630
18083,AW00018083,Osarumwense,Agbonile,M,M,2011-04-05,osarumwense.agbonile@winds.com,Shanghai,16879
18084,AW00018084,Jessica,Diaz,S,F,2011-04-06,jessica.diaz@circles.com,Moscow,40374
18085,AW00018085,Christy,Nath,S,F,2011-04-06,christy.nath@cappo.com,Shanghai,59817
18086,AW00018086,Jaclyn,Zeng,S,F,2011-04-06,jaclyn.zeng@circles.com,Moscow,12272
18087,AW00018087,Marcus,Long,S,M,2011-04-06,marcus.long@circles.com,Istanbul,26334
18088,AW00018088,Seth,Stewart,M,M,2011-04-06,seth.stewart@circles.com,Madrid,24677
18089,AW00018089,Melanie,Gonzales,M,F,2011-04-07,melanie.gonzales@circles.com,Seoul,15502
18090,AW00018090,Lucas,Smith,M,M,2011-04-07,lucas.smith@papers.com,Jakarta,17663
18091,AW00018091,Chase,Bell,S,M,2011-04-07,chase.bell@fountains.com,Moscow,16406
18092,AW00018092,Eduardo,Baker,M,M,2011-04-07,eduardo.baker@papers.com,London,54994
18093,AW00018093,Grace,Johnson,S,F,2011-04-07,grace.johnson@winds.com,London,23225
18094,AW00018094,Roy,Alonso,S,M,2011-04-07,roy.alonso@hostinger.com,London,16715
18095,AW00018095,Thomas,Campbell,M,M,2011-04-07,thomas.campbell@nappa.com,Berlin,45266
18096,AW00018096,Ariana,Kelly,M,F,2011-04-07,ariana.kelly@hostinger.com,Istanbul,26143
18097,AW00018097,Sydney,Stewart,S,F,2011-04-07,sydney.stewart@circles.com,Seoul,53404
18098,AW00018098,Edward,Lee,M,M,2011-04-07,edward.lee@fountains.com,Rome,28116
18099,AW00018099,Marcus,Edwards,M,M,2011-04-08,marcus.edwards@hostinger.com,Delhi,56700
18100,AW00018100,Kyle,Li,M,M,2011-04-08,kyle.li@nappa.com,Mumbai,54386
18101,AW00018101,Bailey,Turner,M,F,2011-04-08,bailey.turner@nappa.com,Madrid,50222
18102,AW00018102,Nicholas,Lewis,M,M,2011-04-08,nicholas.lewis@towels.com,Mumbai,40116
18103,AW00018103,Chelsea,Gonzalez,S,F,2011-04-08,chelsea.gonzalez@circles.com,Shanghai,12798
18104,AW00018104,Taylor,Coleman,M,F,2011-04-08,taylor.coleman@hostinger.com,Madrid,11542
18105,AW00018105,Destiny,Brooks,M,F,2011-04-08,destiny.brooks@sticks.com,Mumbai,20600
18106,AW00018106,Carson,Alexander,M,M,2011-04-08,carson.alexander@cappo.com,London,46465
18107,AW00018107,Laura,Liang,M,F,2011-04-08,laura.liang@winds.com,Berlin,12400
18108,AW00018108,Colin,Gao,M,M,2011-04-08,colin.gao@mouse.com,Mumbai,39970
18109,AW00018109,Samuel,Campbell,S,M,2011-04-08,samuel.campbell@hostinger.com,Jakarta,25155
18110,AW00018110,Austin,Li,M,M,2011-04-08,austin.li@winds.com,Seoul,26883
18111,AW00018111,Timothy,Morris,M,M,2011-04-08,timothy.morris@winds.com,Istanbul,46933
18112,AW00018112,Sophia,Gonzalez,M,F,2011-04-08,sophia.gonzalez@cappo.com,London,37695
18113,AW00018113,Abigail,Simmons,M,F,2011-04-09,abigail.simmons@winds.com,Berlin,38770
18114,AW00018114,Alexandria,Foster,S,F,2011-04-09,alexandria.foster@cappo.com,Moscow,16802
18115,AW00018115,Richard,Young,M,M,2011-04-09,richard.young@hostinger.com,Delhi,52516
18116,AW00018116,Thomas,Li,M,M,2011-04-09,thomas.li@towels.com,Jakarta,51463
18117,AW00018117,Fernando,Washington,S,M,2011-04-09,fernando.washington@mouse.com,Moscow,52065
18118,AW00018118,Megan,Reed,M,F,2011-04-09,megan.reed@mouse.com,London,37626
18119,AW00018119,Shawn,Nath,M,M,2011-04-09,shawn.nath@towels.com,Jakarta,24370
18120,AW00018120,Isabella,Martin,M,F,2011-04-09,isabella.martin@cappo.com,Paris,27444
18121,AW00018121,Madeline,Young,M,F,2011-04-09,madeline.young@hostinger.com,Jakarta,59453
18122,AW00018122,Justin,Hughes,S,M,2011-04-09,justin.hughes@cappo.com,Tokyo,20724
18123,AW00018123,Emily,Hughes,M,F,2011-04-09,emily.hughes@hostinger.com,London,21044
18124,AW00018124,Calvin,Chander,M,M,2011-04-09,calvin.chander@winds.com,Jakarta,42883
18125,AW00018125,Leah,Cai,M,F,2011-04-09,leah.cai@fountains.com,Istanbul,17840
18126,AW00018126,Larry,Ortega,M,M,2011-04-09,larry.ortega@hostinger.com,Paris,20600
18127,AW00018127,Franklin,He,M,M,2011-04-09,franklin.he@circles.com,London,13391
18128,AW00018128,Roberto,Suarez,M,M,2011-04-10,roberto.suarez@papers.com,Bangkok,38669
18129,AW00018129,Elizabeth,Rodriguez,M,F,2011-04-10,elizabeth.rodriguez@papers.com,Rome,20855
18130,AW00018130,Kaitlyn,Mitchell,S,F,2011-04-10,kaitlyn.mitchell@towels.com,Jakarta,34805
18131,AW00018131,Ann,Malhotra,S,F,2011-04-10,ann.malhotra@cappo.com,Shanghai,25011
18132,AW00018132,Adrienne,Blanco,M,F,2011-04-10,adrienne.blanco@winds.com,Jakarta,26163
18133,AW00018133,Karen,Smith,S,F,2011-04-10,karen.smith@circles.com,Singapore,19171
18134,AW00018134,Melody,Romero,M,F,2011-04-10,melody.romero@towels.com,Istanbul,25204
18135,AW00018135,Blake,Diaz,M,M,2011-04-11,blake.diaz@papers.com,Seoul,38431
18136,AW00018136,Carl,Xie,M,M,2011-04-11,carl.xie@nappa.com,Jakarta,43920
18137,AW00018137,Gabriel,Kumar,M,M,2011-04-11,gabriel.kumar@nappa.com,Istanbul,58647
18138,AW00018138,Walter,Alonso,M,M,2011-04-11,walter.alonso@towels.com,Tokyo,38352
18139,AW00018139,Jennifer,Washington,M,F,2011-04-11,jennifer.washington@winds.com,Singapore,38247
18140,AW00018140,Anthony,White,M,M,2011-04-11,anthony.white@fountains.com,Istanbul,33123
18141,AW00018141,Deanna,Chandra,M,F,2011-04-11,deanna.chandra@sticks.com,Istanbul,15170
18142,AW00018142,Riley,Bradley,S,F,2011-04-11,riley.bradley@nappa.com,Madrid,23014
18143,AW00018143,Chad,Shen,S,M,2011-04-11,chad.shen@winds.com,Shanghai,59249
18144,AW00018144,Katie,Chapman,M,F,2011-04-11,katie.chapman@fountains.com,Bangkok,40943
18145,AW00018145,David,So,M,M,2011-04-11,david.so@circles.com,Bangkok,50422
18146,AW00018146,Eugene,Wang,S,M,2011-04-12,eugene.wang@mouse.com,Singapore,17006
18147,AW00018147,Katrina,Luo,M,F,2011-04-12,katrina.luo@papers.com,Paris,24783
18148,AW00018148,Jaclyn,Huang,M,F,2011-04-12,jaclyn.huang@winds.com,Tokyo,15588
18149,AW00018149,Rebekah,Blanco,M,F,2011-04-12,rebekah.blanco@nappa.com,Singapore,15180
18150,AW00018150,Mitchell,Deng,S,M,2011-04-12,mitchell.deng@mouse.com,Seoul,50201
18151,AW00018151,Brendan,She,S,M,2011-04-12,brendan.she@winds.com,Istanbul,18564
18152,AW00018152,Bryant,Suri,S,M,2011-04-12,bryant.suri@winds.com,Berlin,15347
18153,AW00018153,Karen,Gao,M,F,2011-04-12,karen.gao@nappa.com,Berlin,40177
18154,AW00018154,Calvin,She,S,M,2011-04-12,calvin.she@towels.com,London,43013
18155,AW00018155,Arianna,Morgan,M,F,2011-04-13,arianna.morgan@fountains.com,Moscow,23761
18156,AW00018156,Trisha,Zhang,M,F,2011-04-13,trisha.zhang@sticks.com,Singapore,50691
18157,AW00018157,Isabella,Hall,S,F,2011-04-13,isabella.hall@nappa.com,Singapore,11936
18158,AW00018158,Jeremiah,Griffin,M,M,2011-04-13,jeremiah.griffin@circles.com,Bangkok,31226
18159,AW00018159,Jaime,Serrano,M,F,2011-04-13,jaime.serrano@nappa.com,Tokyo,34840
18160,AW00018160,Bryan,Rivera,M,M,2011-04-13,bryan.rivera@mouse.com,Mumbai,22000
18161,AW00018161,Tanya,Sanz,M,F,2011-04-13,tanya.sanz@nappa.com,Rome,51963
18162,AW00018162,Misty,Pal,M,F,2011-04-13,misty.pal@fountains.com,Berlin,15897
18163,AW00018163,Gabriel,Zhang,M,M,2011-04-14,gabriel.zhang@sticks.com,Rome,39119
18164,AW00018164,Alisha,Wang,M,F,2011-04-14,alisha.wang@circles.com,Delhi,23585
18165,AW00018165,Randall,Gill,M,M,2011-04-14,randall.gill@mouse.com,Mumbai,46395
18166,AW00018166,Julian,Wood,M,M,2011-04-14,julian.wood@nappa.com,Istanbul,23388
18167,AW00018167,Raul,Chander,M,M,2011-04-14,raul.chander@papers.com,Rome,57943
18168,AW00018168,Pedro,Sanz,S,M,2011-04-14,pedro.sanz@circles.com,Shanghai,55155
18169,AW00018169,Alisha,Liang,S,F,2011-04-15,alisha.liang@sticks.com,Moscow,34974
18170,AW00018170,Adam,Perez,M,M,2011-04-15,adam.perez@cappo.com,Singapore,11801
18171,AW00018171,Alejandro,Zeng,M,M,2011-04-15,alejandro.zeng@mouse.com,Tokyo,32954
18172,AW00018172,Willie,Black,M,M,2011-04-15,willie.black@cappo.com,Rome,33361
18173,AW00018173,Brent,Zhang,S,M,2011-04-15,brent.zhang@winds.com,Singapore,57220
18174,AW00018174,Jill,Munoz,M,F,2011-04-15,jill.munoz@cappo.com,Delhi,34072
18175,AW00018175,Carrie,Hernandez,M,F,2011-04-16,carrie.hernandez@winds.com,London,48434
18176,AW00018176,Bradley,Kumar,M,M,2011-04-16,bradley.kumar@hostinger.com,Rome,35443
18177,AW00018177,Reginald,Suarez,M,M,2011-04-16,reginald.suarez@papers.com,Bangkok,40897
18178,AW00018178,Tracy,Goel,M,F,2011-04-16,tracy.goel@towels.com,Singapore,54550
18179,AW00018179,Chelsea,McDonald,S,F,2011-04-16,chelsea.mcdonald@winds.com,Rome,10514
18180,AW00018180,Juan,Howard,M,M,2011-04-17,juan.howard@mouse.com,Bangkok,45628
18181,AW00018181,Neil,Diaz,M,M,2011-04-17,neil.diaz@sticks.com,London,48838
18182,AW00018182,Kristi,Prasad,S,F,2011-04-17,kristi.prasad@cappo.com,Tokyo,32002
18183,AW00018183,Meagan,Schmidt,M,F,2011-04-17,meagan.schmidt@nappa.com,Seoul,29410
18184,AW00018184,Leonard,Chande,M,M,2011-04-17,leonard.chande@sticks.com,Madrid,14469
18185,AW00018185,Laura,Huang,M,F,2011-04-17,laura.huang@papers.com,Mumbai,19559
18186,AW00018186,Lori,Hernandez,M,F,2011-04-17,lori.hernandez@circles.com,Seoul,56146
18187,AW00018187,Dennis,Gao,S,M,2011-04-17,dennis.gao@sticks.com,Seoul,52563
18188,AW00018188,Jeffery,Wang,M,M,2011-04-17,jeffery.wang@towels.com,Mumbai,43491
18189,AW00018189,Nancy,Mehta,M,F,2011-04-18,nancy.mehta@fountains.com,Delhi,11162
18190,AW00018190,Danny,Diaz,M,M,2011-04-18,danny.diaz@papers.com,Delhi,26343
18191,AW00018191,Julie,Sharma,M,F,2011-04-18,julie.sharma@hostinger.com,Berlin,12903
18192,AW00018192,Max,Hernandez,M,M,2011-04-19,max.hernandez@nappa.com,Paris,13806
18193,AW00018193,Louis,Yuan,S,M,2011-04-19,louis.yuan@papers.com,Paris,44702
18194,AW00018194,Yolanda,Kumar,M,F,2011-04-19,yolanda.kumar@winds.com,Madrid,42984
18195,AW00018195,Walter,Sanz,M,M,2011-04-19,walter.sanz@circles.com,Jakarta,35706
18196,AW00018196,Ivan,Rana,M,M,2011-04-19,ivan.rana@circles.com,Shanghai,11150
18197,AW00018197,Jenny,Zimmerman,M,F,2011-04-20,jenny.zimmerman@hostinger.com,Bangkok,53218
18198,AW00018198,Cedric,Xu,S,M,2011-04-20,cedric.xu@towels.com,Istanbul,21405
18199,AW00018199,Brandy,Lopez,S,F,2011-04-20,brandy.lopez@sticks.com,Moscow,58198
18200,AW00018200,Alfredo,Gomez,M,M,2011-04-20,alfredo.gomez@nappa.com,Rome,58574
18201,AW00018201,Karla,Xie,M,F,2011-04-20,karla.xie@nappa.com,Berlin,15651
18202,AW00018202,Erika,Gill,M,F,2011-04-20,erika.gill@papers.com,Singapore,26996
18203,AW00018203,Louis,Kumar,S,M,2011-04-20,louis.kumar@hostinger.com,Jakarta,55150
18204,AW00018204,Tiffany,Cai,M,F,2011-04-20,tiffany.cai@sticks.com,Bangkok,51451
18205,AW00018205,Lindsey,Raji,M,F,2011-04-20,lindsey.raji@towels.com,Paris,57269
18206,AW00018206,Bruce,Madan,M,M,2011-04-20,bruce.madan@nappa.com,Berlin,54412
18207,AW00018207,Phillip,Gonzalez,M,M,2011-04-21,phillip.gonzalez@papers.com,Paris,32250
18208,AW00018208,Latoya,Nara,M,F,2011-04-21,latoya.nara@nappa.com,Rome,53488
18209,AW00018209,Ann,Chandra,S,F,2011-04-21,ann.chandra@mouse.com,Jakarta,12345
18210,AW00018210,Katie,Lal,M,F,2011-04-21,katie.lal@papers.com,Bangkok,48802
18211,AW00018211,Jaclyn,Sun,M,F,2011-04-21,jaclyn.sun@fountains.com,Berlin,40589
18212,AW00018212,Marc,Ramos,M,M,2011-04-21,marc.ramos@fountains.com,Seoul,27695
18213,AW00018213,Sheena,Raji,S,F,2011-04-21,sheena.raji@nappa.com,Tokyo,16982
18214,AW00018214,Ronald,Suri,M,M,2011-04-21,ronald.suri@sticks.com,Mumbai,52568
18215,AW00018215,Ashley,Taylor,S,F,2011-04-22,ashley.taylor@mouse.com,Singapore,24789
18216,AW00018216,Susan,Zhang,M,F,2011-04-22,susan.zhang@mouse.com,Istanbul,12512
18217,AW00018217,Danny,Alonso,M,M,2011-04-22,danny.alonso@fountains.com,Berlin,11616
18218,AW00018218,Thomas,Powell,M,M,2011-04-22,thomas.powell@cappo.com,Mumbai,26710
18219,AW00018219,Felicia,Gomez,M,F,2011-04-22,felicia.gomez@nappa.com,Jakarta,57295
18220,AW00018220,Brent,Huang,M,M,2011-04-22,brent.huang@papers.com,Rome,57172
18221,AW00018221,Marc,Alvarez,M,M,2011-04-22,marc.alvarez@fountains.com,Berlin,43808
18222,AW00018222,Carolyn,Suarez,M,F,2011-04-22,carolyn.suarez@mouse.com,Seoul,42635
18223,AW00018223,Noah,Clark,M,M,2011-04-22,noah.clark@mouse.com,Istanbul,23612
18224,AW00018224,Vanessa,Perry,S,F,2011-04-22,vanessa.perry@nappa.com,Delhi,13101
18225,AW00018225,Paige,Jenkins,S,F,2011-04-23,paige.jenkins@mouse.com,Rome,34143
18226,AW00018226,Joseph,Walker,M,M,2011-04-23,joseph.walker@hostinger.com,Paris,27255
18227,AW00018227,Miranda,Diaz,M,F,2011-04-23,miranda.diaz@cappo.com,Jakarta,15901
18228,AW00018228,Adam,Parker,M,M,2011-04-23,adam.parker@winds.com,Paris,34619
18229,AW00018229,Gabriella,Ward,M,F,2011-04-23,gabriella.ward@papers.com,Tokyo,25160
18230,AW00018230,Brianna,Perry,M,F,2011-04-23,brianna.perry@sticks.com,Seoul,42520
18231,AW00018231,Janet,Gutierrez,M,F,2011-04-24,janet.gutierrez@nappa.com,Moscow,44159
18232,AW00018232,Sophia,Edwards,M,F,2011-04-24,sophia.edwards@nappa.com,Singapore,58881
18233,AW00018233,Mackenzie,Bailey,S,F,2011-04-24,mackenzie.bailey@towels.com,Bangkok,35580
18234,AW00018234,Alexandria,Russell,M,F,2011-04-24,alexandria.russell@cappo.com,Madrid,28346
18235,AW00018235,Vincent,Guo,M,M,2011-04-24,vincent.guo@mouse.com,Jakarta,28731
18236,AW00018236,Andrew,Wilson,M,M,2011-04-24,andrew.wilson@papers.com,Berlin,28580
18237,AW00018237,Nicole,Russell,M,F,2011-04-24,nicole.russell@sticks.com,Moscow,14058
18238,AW00018238,Eduardo,Harris,M,M,2011-04-24,eduardo.harris@mouse.com,Singapore,21950
18239,AW00018239,Alisha,Zhu,M,F,2011-04-24,alisha.zhu@mouse.com,Paris,29538
18240,AW00018240,Arthur,Smith,M,M,2011-04-25,arthur.smith@sticks.com,Berlin,54729
18241,AW00018241,Tony,Sharma,M,M,2011-04-25,tony.sharma@sticks.com,Delhi,21804
18242,AW00018242,Christine,Pal,M,F,2011-04-25,christine.pal@nappa.com,Paris,23175
18243,AW00018243,Cesar,Sai,M,M,2011-04-25,cesar.sai@fountains.com,Rome,46584
18244,AW00018244,Lindsay,Chande,M,F,2011-04-25,lindsay.chande@papers.com,Tokyo,59107
18245,AW00018245,Misty,Goel,S,F,2011-04-25,misty.goel@circles.com,London,34259
18246,AW00018246,Terrence,Raje,M,M,2011-04-25,terrence.raje@fountains.com,Moscow,26900
18247,AW00018247,Donna,Beck,M,F,2011-04-25,donna.beck@mouse.com,Bangkok,32334
18248,AW00018248,Pedro,Moreno,M,M,2011-04-25,pedro.moreno@towels.com,Istanbul,48384
18249,AW00018249,Alison,Chander,M,F,2011-04-25,alison.chander@sticks.com,Seoul,58040
18250,AW00018250,Jeremiah,Hall,S,M,2011-04-26,jeremiah.hall@circles.com,Bangkok,21289
18251,AW00018251,Ricky,Sanz,S,M,2011-04-26,ricky.sanz@winds.com,Moscow,57883
18252,AW00018252,Alvin,Sun,M,M,2011-04-26,alvin.sun@mouse.com,Moscow,14508
18253,AW00018253,Trisha,Guo,M,F,2011-04-26,trisha.guo@cappo.com,Seoul,35563
18254,AW00018254,Larry,Martin,S,M,2011-04-26,larry.martin@nappa.com,Tokyo,43118
18255,AW00018255,Rachel,Griffin,S,F,2011-04-26,rachel.griffin@mouse.com,Delhi,22966
18256,AW00018256,Gilbert,Cai,M,M,2011-04-26,gilbert.cai@sticks.com,Mumbai,59831
18257,AW00018257,Krista,Jimenez,M,F,2011-04-26,krista.jimenez@circles.com,Singapore,30356
18258,AW00018258,Cassie,Chander,S,F,2011-04-26,cassie.chander@mouse.com,Singapore,47710
18259,AW00018259,Bailey,Torres,S,F,2011-04-27,bailey.torres@mouse.com,Berlin,37300
18260,AW00018260,Jodi,Sharma,S,F,2011-04-27,jodi.sharma@fountains.com,Mumbai,57323
18261,AW00018261,Stacy,Ramos,S,F,2011-04-27,stacy.ramos@sticks.com,Singapore,44395
18262,AW00018262,Evelyn,Rana,S,F,2011-04-27,evelyn.rana@cappo.com,Jakarta,17175
18263,AW00018263,Karla,Jai,M,F,2011-04-27,karla.jai@papers.com,Bangkok,40371
18264,AW00018264,Jeffery,Ma,S,M,2011-04-28,jeffery.ma@cappo.com,Singapore,21205
18265,AW00018265,Trisha,Cai,M,F,2011-04-28,trisha.cai@winds.com,London,49247
18266,AW00018266,Mandy,Huang,S,F,2011-04-28,mandy.huang@fountains.com,Moscow,57680
18267,AW00018267,Brad,Jai,M,M,2011-04-28,brad.jai@sticks.com,Delhi,24746
18268,AW00018268,Preston,Chapman,M,M,2011-04-28,preston.chapman@winds.com,Mumbai,41381
18269,AW00018269,Wendy,Torres,S,F,2011-04-29,wendy.torres@towels.com,Moscow,18515
18270,AW00018270,Rachael,Rana,S,F,2011-04-29,rachael.rana@papers.com,Delhi,50669
18271,AW00018271,Darrell,Yuan,M,M,2011-04-29,darrell.yuan@winds.com,Paris,42181
18272,AW00018272,Autumn,Lin,M,F,2011-04-29,autumn.lin@mouse.com,Rome,37214
18273,AW00018273,Natalie,Moore,M,F,2011-04-29,natalie.moore@mouse.com,Jakarta,49140
18274,AW00018274,Carla,Sanchez,M,F,2011-04-30,carla.sanchez@mouse.com,Berlin,22076
18275,AW00018275,Heather,Yang,S,F,2011-04-30,heather.yang@hostinger.com,Tokyo,29136
18276,AW00018276,Alexa,Murphy,S,F,2011-04-30,alexa.murphy@towels.com,Delhi,39188
18277,AW00018277,Terry,Lal,M,M,2011-04-30,terry.lal@hostinger.com,Shanghai,54632
18278,AW00018278,Lucas,Powell,M,M,2011-04-30,lucas.powell@papers.com,Paris,16954
18279,AW00018279,Rachael,Suri,S,F,2011-04-30,rachael.suri@towels.com,Rome,20963
18280,AW00018280,Jimmy,Alonso,M,M,2011-05-01,jimmy.alonso@winds.com,Singapore,52389
18281,AW00018281,Jaclyn,Li,S,F,2011-05-01,jaclyn.li@winds.com,Berlin,22944
18282,AW00018282,Candace,Kapoor,S,F,2011-05-01,candace.kapoor@sticks.com,London,59060
18283,AW00018283,Mallory,Vazquez,S,F,2011-05-01,mallory.vazquez@hostinger.com,Jakarta,53165
18284,AW00018284,Carl,Deng,S,M,2011-05-01,carl.deng@hostinger.com,Moscow,36682
18285,AW00018285,Roberto,Romero,M,M,2011-05-01,roberto.romero@hostinger.com,Singapore,47811
18286,AW00018286,Holly,Suri,M,F,2011-05-01,holly.suri@circles.com,Berlin,46387
18287,AW00018287,Heather,Zeng,M,F,2011-05-01,heather.zeng@sticks.com,Singapore,27808
18288,AW00018288,Daisy,Suarez,S,F,2011-05-02,daisy.suarez@cappo.com,Mumbai,32320
18289,AW00018289,Jaclyn,Raji,M,F,2011-05-02,jaclyn.raji@sticks.com,London,24591
18290,AW00018290,Audrey,Hernandez,S,F,2011-05-02,audrey.hernandez@mouse.com,Berlin,28481
18291,AW00018291,Jennifer,Hill,S,F,2011-05-02,jennifer.hill@circles.com,Singapore,16871
18292,AW00018292,Louis,Tang,S,M,2011-05-02,louis.tang@winds.com,Tokyo,59576
18293,AW00018293,Austin,Butler,M,M,2011-05-02,austin.butler@circles.com,Mumbai,18951
18294,AW00018294,Denise,Prasad,M,F,2011-05-02,denise.prasad@fountains.com,Shanghai,46789
18295,AW00018295,Ajay,Solanki,M,F,2011-05-03,ajay.solanki@cappo.com,Istanbul,25652
18296,AW00018296,Trisha,Li,S,F,2011-05-03,trisha.li@sticks.com,Seoul,14044
18297,AW00018297,Gloria,Alvarez,S,F,2011-05-03,gloria.alvarez@fountains.com,Rome,15329
18298,AW00018298,Geoffrey,Malhotra,S,M,2011-05-03,geoffrey.malhotra@towels.com,Jakarta,42590
18299,AW00018299,Colin,Deng,M,M,2011-05-03,colin.deng@sticks.com,Berlin,18409
18300,AW00018300,Diane,Ramos,M,F,2011-05-03,diane.ramos@winds.com,Paris,24841
18301,AW00018301,Julie,Xu,S,F,2011-05-03,julie.xu@towels.com,Madrid,39044
18302,AW00018302,Wayne,Xie,S,M,2011-05-03,wayne.xie@fountains.com,Delhi,12315
18303,AW00018303,Shannon,Serrano,S,M,2011-05-03,shannon.serrano@towels.com,Mumbai,11078
18304,AW00018304,Yolanda,She,S,F,2011-05-04,yolanda.she@hostinger.com,Istanbul,51482
18305,AW00018305,Kelvin,Xu,M,M,2011-05-04,kelvin.xu@winds.com,Rome,42229
18306,AW00018306,Margaret,Lin,M,F,2011-05-04,margaret.lin@winds.com,Singapore,34162
18307,AW00018307,Amy,Zhang,S,F,2011-05-04,amy.zhang@nappa.com,Tokyo,36604
18308,AW00018308,Erica,Chen,S,F,2011-05-05,erica.chen@towels.com,Paris,10937
18309,AW00018309,Mandy,Wu,S,F,2011-05-05,mandy.wu@circles.com,London,31341
18310,AW00018310,Lance,Romero,M,M,2011-05-05,lance.romero@circles.com,Bangkok,34017
18311,AW00018311,Jennifer,Mitchell,M,F,2011-05-05,jennifer.mitchell@papers.com,Shanghai,38550
18312,AW00018312,Miguel,Moore,S,M,2011-05-05,miguel.moore@towels.com,Paris,51515
18313,AW00018313,Arianna,Foster,S,F,2011-05-05,arianna.foster@circles.com,Mumbai,19293
18314,AW00018314,Eric,Perry,S,M,2011-05-05,eric.perry@towels.com,Delhi,50759
18315,AW00018315,Melody,Dominguez,M,F,2011-05-06,melody.dominguez@papers.com,Shanghai,51744
18316,AW00018316,Justin,Kumar,S,M,2011-05-06,justin.kumar@towels.com,Seoul,52771
18317,AW00018317,Samantha,Jones,M,F,2011-05-06,samantha.jones@circles.com,Mumbai,35760
18318,AW00018318,Benjamin,Hughes,M,M,2011-05-06,benjamin.hughes@sticks.com,Seoul,24910
18319,AW00018319,Aimee,Sun,S,F,2011-05-06,aimee.sun@fountains.com,Berlin,26845
18320,AW00018320,Luis,Jai,M,M,2011-05-06,luis.jai@winds.com,Jakarta,54779
18321,AW00018321,Sebastian,Cook,S,M,2011-05-06,sebastian.cook@circles.com,Tokyo,29517
18322,AW00018322,Antonio,Ross,S,M,2011-05-06,antonio.ross@sticks.com,Berlin,27210
18323,AW00018323,Jeremy,Clark,S,M,2011-05-06,jeremy.clark@sticks.com,Madrid,34943
18324,AW00018324,Jackson,Butler,S,M,2011-05-07,jackson.butler@circles.com,Tokyo,22884
18325,AW00018325,Colleen,Xu,M,F,2011-05-07,colleen.xu@winds.com,Istanbul,11888
18326,AW00018326,Jay,Srini,M,M,2011-05-07,jay.srini@winds.com,Jakarta,25118
18327,AW00018327,Jon,Sharma,S,M,2011-05-07,jon.sharma@mouse.com,Mumbai,43271
18328,AW00018328,Alvin,Rai,M,M,2011-05-07,alvin.rai@nappa.com,Istanbul,17139
18329,AW00018329,Marcus,Bailey,S,M,2011-05-07,marcus.bailey@sticks.com,Mumbai,44549
18330,AW00018330,Kellie,Diaz,S,F,2011-05-07,kellie.diaz@sticks.com,Seoul,48564
18331,AW00018331,Jerry,Chande,M,M,2011-05-07,jerry.chande@nappa.com,Mumbai,52560
18332,AW00018332,Emmanuel,Malhotra,M,M,2011-05-07,emmanuel.malhotra@nappa.com,Bangkok,51892
18333,AW00018333,Meredith,Patel,S,F,2011-05-07,meredith.patel@sticks.com,Berlin,32541
18334,AW00018334,Edwin,Ye,M,M,2011-05-07,edwin.ye@mouse.com,Moscow,20730
18335,AW00018335,Ricky,Diaz,M,M,2011-05-07,ricky.diaz@fountains.com,Shanghai,39512
18336,AW00018336,Carla,Gonzalez,M,F,2011-05-08,carla.gonzalez@fountains.com,Berlin,43855
18337,AW00018337,Audrey,Serrano,S,F,2011-05-08,audrey.serrano@papers.com,Mumbai,21932
18338,AW00018338,Nina,Andersen,S,F,2011-05-08,nina.andersen@fountains.com,Rome,45735
18339,AW00018339,Donna,Nath,S,F,2011-05-08,donna.nath@hostinger.com,Istanbul,52179
18340,AW00018340,Arianna,Cooper,S,F,2011-05-08,arianna.cooper@circles.com,Seoul,55006
18341,AW00018341,Russell,Goel,S,M,2011-05-08,russell.goel@fountains.com,Paris,29896
18342,AW00018342,Victoria,James,S,F,2011-05-08,victoria.james@cappo.com,Delhi,21031
18343,AW00018343,Dalton,Green,S,M,2011-05-09,dalton.green@cappo.com,Seoul,43160
18344,AW00018344,Caleb,Turner,S,M,2011-05-09,caleb.turner@cappo.com,Rome,15130
18345,AW00018345,Samantha,Bryant,M,F,2011-05-09,samantha.bryant@nappa.com,Bangkok,49748
18346,AW00018346,Anna,Flores,S,F,2011-05-09,anna.flores@cappo.com,Bangkok,49225
18347,AW00018347,Alyssa,Clark,S,F,2011-05-09,alyssa.clark@nappa.com,Shanghai,17340
18348,AW00018348,Katelyn,Roberts,S,F,2011-05-09,katelyn.roberts@fountains.com,London,11746
18349,AW00018349,Jacob,Robinson,S,M,2011-05-09,jacob.robinson@cappo.com,Rome,32769
18350,AW00018350,Emma,Ross,M,F,2011-05-10,emma.ross@sticks.com,Madrid,35003
18351,AW00018351,Alexander,Smith,M,M,2011-05-10,alexander.smith@mouse.com,Paris,42010
18352,AW00018352,Noah,Thomas,M,M,2011-05-10,noah.thomas@towels.com,Singapore,18138
18353,AW00018353,Robert,Anderson,M,M,2011-05-10,robert.anderson@fountains.com,London,41229
18354,AW00018354,Alvin,Nara,M,M,2011-05-10,alvin.nara@winds.com,Berlin,51230
18355,AW00018355,Edward,Foster,M,M,2011-05-10,edward.foster@winds.com,Istanbul,18401
18356,AW00018356,Alexander,Lee,M,M,2011-05-10,alexander.lee@sticks.com,Moscow,22855
18357,AW00018357,Trinity,Reed,M,F,2011-05-10,trinity.reed@fountains.com,Seoul,10857
18358,AW00018358,Oscar,Coleman,M,M,2011-05-10,oscar.coleman@hostinger.com,Paris,22017
18359,AW00018359,Alexandria,Bryant,S,F,2011-05-10,alexandria.bryant@papers.com,London,55474
18360,AW00018360,Eric,Li,M,M,2011-05-10,eric.li@mouse.com,Istanbul,28304
18361,AW00018361,Marcus,Simmons,S,M,2011-05-11,marcus.simmons@cappo.com,Paris,53720
18362,AW00018362,Erin,Howard,M,F,2011-05-11,erin.howard@fountains.com,Jakarta,12637
18363,AW00018363,Lucas,Ward,M,M,2011-05-11,lucas.ward@papers.com,Rome,42915
18364,AW00018364,Eduardo,Gray,M,M,2011-05-11,eduardo.gray@nappa.com,Bangkok,45739
18365,AW00018365,Daniel,Lewis,M,M,2011-05-11,daniel.lewis@towels.com,Tokyo,49899
18366,AW00018366,Alexandria,Richardson,M,F,2011-05-11,alexandria.richardson@fountains.com,Rome,44387
18367,AW00018367,Edwin,Wu,M,M,2011-05-11,edwin.wu@papers.com,Mumbai,23574
18368,AW00018368,Austin,Hughes,M,M,2011-05-11,austin.hughes@towels.com,Seoul,51149
18369,AW00018369,Mandy,He,M,F,2011-05-11,mandy.he@cappo.com,Jakarta,47419
18370,AW00018370,Tristan,Flores,M,M,2011-05-11,tristan.flores@winds.com,Berlin,35906
18371,AW00018371,Jessica,Morgan,M,F,2011-05-12,jessica.morgan@winds.com,London,44210
18372,AW00018372,Jeremiah,Thomas,M,M,2011-05-12,jeremiah.thomas@cappo.com,Rome,13987
18373,AW00018373,Stephanie,Roberts,M,F,2011-05-12,stephanie.roberts@sticks.com,Istanbul,44607
18374,AW00018374,Logan,King,M,M,2011-05-12,logan.king@mouse.com,Delhi,41600
18375,AW00018375,Michelle,Morris,M,F,2011-05-12,michelle.morris@sticks.com,Istanbul,16830
18376,AW00018376,Abigail,Diaz,M,F,2011-05-12,abigail.diaz@nappa.com,Delhi,35219
18377,AW00018377,Madison,Robinson,S,F,2011-05-12,madison.robinson@papers.com,Bangkok,20302
18378,AW00018378,Dalton,Foster,M,M,2011-05-12,dalton.foster@mouse.com,Berlin,11210
18379,AW00018379,Abigail,Robinson,M,F,2011-05-12,abigail.robinson@cappo.com,Tokyo,56239
18380,AW00018380,Kaitlyn,Kelly,M,F,2011-05-13,kaitlyn.kelly@cappo.com,Madrid,33587
18381,AW00018381,Katherine,Ward,S,F,2011-05-13,katherine.ward@fountains.com,Istanbul,13510
18382,AW00018382,Isabella,Garcia,M,F,2011-05-13,isabella.garcia@towels.com,Berlin,55756
18383,AW00018383,Natalie,Torres,S,F,2011-05-13,natalie.torres@circles.com,Tokyo,31927
18384,AW00018384,Nicole,Williams,S,F,2011-05-13,nicole.williams@cappo.com,Rome,43436
18385,AW00018385,Miguel,Gonzalez,M,M,2011-05-13,miguel.gonzalez@cappo.com,Seoul,24630
18386,AW00018386,Kevin,Shan,M,M,2011-05-13,kevin.shan@nappa.com,Bangkok,40763
18387,AW00018387,Carlos,Green,M,M,2011-05-13,carlos.green@papers.com,Tokyo,18474
18388,AW00018388,Julia,Russell,M,F,2011-05-13,julia.russell@mouse.com,Singapore,39022
18389,AW00018389,Marcus,Gray,S,M,2011-05-13,marcus.gray@sticks.com,Bangkok,12624
18390,AW00018390,Blake,Thompson,M,M,2011-05-14,blake.thompson@cappo.com,London,28224
18391,AW00018391,Jacqueline,Russell,S,F,2011-05-14,jacqueline.russell@sticks.com,Shanghai,16394
18392,AW00018392,Jasmine,Gonzales,S,F,2011-05-14,jasmine.gonzales@cappo.com,Shanghai,28624
18393,AW00018393,Angela,Ross,M,F,2011-05-14,angela.ross@mouse.com,Madrid,34694
18394,AW00018394,Sean,Wright,M,M,2011-05-14,sean.wright@nappa.com,Paris,11914
18395,AW00018395,Xavier,Howard,M,M,2011-05-14,xavier.howard@circles.com,Seoul,55090
18396,AW00018396,Luke,Parker,M,M,2011-05-14,luke.parker@hostinger.com,Berlin,25696
18397,AW00018397,Louis,Anand,M,M,2011-05-14,louis.anand@mouse.com,Rome,52102
18398,AW00018398,Geoffrey,Sanchez,S,M,2011-05-14,geoffrey.sanchez@cappo.com,Paris,46122
18399,AW00018399,Sara,Torres,S,F,2011-05-15,sara.torres@nappa.com,Istanbul,27038
18400,AW00018400,Jeremiah,Jackson,S,M,2011-05-15,jeremiah.jackson@sticks.com,Madrid,34323
18401,AW00018401,Joshua,Jones,S,M,2011-05-15,joshua.jones@sticks.com,Mumbai,18594
18402,AW00018402,Kimberly,Kelly,M,F,2011-05-15,kimberly.kelly@circles.com,Istanbul,49738
18403,AW00018403,Madeline,Phillips,S,F,2011-05-15,madeline.phillips@hostinger.com,Bangkok,37774
18404,AW00018404,Alicia,Raji,M,F,2011-05-15,alicia.raji@nappa.com,Tokyo,42889
18405,AW00018405,Sheila,Gutierrez,M,F,2011-05-15,sheila.gutierrez@hostinger.com,Singapore,51435
18406,AW00018406,Zachary,Ross,S,M,2011-05-15,zachary.ross@sticks.com,Madrid,43914
18407,AW00018407,Maria,Griffin,M,F,2011-05-15,maria.griffin@towels.com,London,19993
18408,AW00018408,Cody,West,S,M,2011-05-15,cody.west@papers.com,Istanbul,22896
18409,AW00018409,Olivia,Washington,M,F,2011-05-15,olivia.washington@hostinger.com,Istanbul,53264
18410,AW00018410,Joshua,Davis,M,M,2011-05-15,joshua.davis@nappa.com,Rome,20584
18411,AW00018411,Jack,Powell,M,M,2011-05-15,jack.powell@winds.com,Jakarta,14908
18412,AW00018412,Mary,Parker,S,F,2011-05-15,mary.parker@winds.com,Singapore,31393
18413,AW00018413,Samuel,Jackson,M,M,2011-05-16,samuel.jackson@fountains.com,Madrid,23244
18414,AW00018414,Gabrielle,Griffin,M,F,2011-05-16,gabrielle.griffin@fountains.com,Jakarta,39419
18415,AW00018415,Summer,Mehta,M,F,2011-05-16,summer.mehta@sticks.com,Madrid,58142
18416,AW00018416,Emma,Peterson,M,F,2011-05-16,emma.peterson@circles.com,Shanghai,10719
18417,AW00018417,Jonathan,Roberts,M,M,2011-05-16,jonathan.roberts@winds.com,Jakarta,40846
18418,AW00018418,Dawn,Sun,S,F,2011-05-16,dawn.sun@fountains.com,Mumbai,41014
18419,AW00018419,Rachel,Johnson,M,F,2011-05-16,rachel.johnson@hostinger.com,Singapore,37105
18420,AW00018420,Riley,Stewart,M,F,2011-05-16,riley.stewart@cappo.com,London,22974
18421,AW00018421,Megan,Morgan,M,F,2011-05-16,megan.morgan@sticks.com,Seoul,58078
18422,AW00018422,Taylor,Jones,S,F,2011-05-17,taylor.jones@circles.com,Bangkok,34912
18423,AW00018423,Christian,Jones,S,M,2011-05-17,christian.jones@towels.com,Rome,28296
18424,AW00018424,Samuel,Williams,S,M,2011-05-17,samuel.williams@sticks.com,Tokyo,17544
18425,AW00018425,Garrett,Brooks,M,M,2011-05-17,garrett.brooks@winds.com,Shanghai,42100
18426,AW00018426,Luke,Gonzales,M,M,2011-05-17,luke.gonzales@winds.com,Paris,59459
18427,AW00018427,Justin,Diaz,M,M,2011-05-17,justin.diaz@mouse.com,Seoul,32187
18428,AW00018428,Alexis,Henderson,S,F,2011-05-17,alexis.henderson@hostinger.com,Rome,45474
18429,AW00018429,Faith,Gonzales,S,F,2011-05-18,faith.gonzales@circles.com,Bangkok,20914
18430,AW00018430,Victoria,Morgan,M,F,2011-05-18,victoria.morgan@hostinger.com,Shanghai,13993
18431,AW00018431,Cameron,Hayes,M,M,2011-05-18,cameron.hayes@sticks.com,Mumbai,28070
18432,AW00018432,Jordan,Lopez,M,F,2011-05-18,jordan.lopez@sticks.com,Tokyo,23386
18433,AW00018433,Seth,Ross,M,M,2011-05-18,seth.ross@winds.com,Istanbul,31543
18434,AW00018434,Clayton,Stone,M,M,2011-05-18,clayton.stone@papers.com,Shanghai,15798
18435,AW00018435,Maria,Phillips,S,F,2011-05-18,maria.phillips@winds.com,London,33341
18436,AW00018436,Richard,Johnson,M,M,2011-05-19,richard.johnson@circles.com,Paris,37908
18437,AW00018437,Isabella,Butler,M,F,2011-05-19,isabella.butler@hostinger.com,Seoul,22640
18438,AW00018438,Sheila,Sanz,M,F,2011-05-19,sheila.sanz@circles.com,Madrid,14157
18439,AW00018439,Angela,Coleman,M,F,2011-05-19,angela.coleman@sticks.com,Delhi,57626
18440,AW00018440,Joe,Ashe,M,M,2011-05-19,joe.ashe@cappo.com,Shanghai,18609
18441,AW00018441,Tabitha,Munoz,M,F,2011-05-20,tabitha.munoz@hostinger.com,Bangkok,36796
18442,AW00018442,Mason,Hill,S,M,2011-05-20,mason.hill@towels.com,Istanbul,52330
18443,AW00018443,Ross,Lopez,M,M,2011-05-20,ross.lopez@cappo.com,Berlin,35086
18444,AW00018444,Shannon,Chow,S,F,2011-05-20,shannon.chow@fountains.com,Istanbul,54238
18445,AW00018445,Colin,Li,M,M,2011-05-20,colin.li@nappa.com,Delhi,23737
18446,AW00018446,Larry,Ramos,M,M,2011-05-21,larry.ramos@mouse.com,Istanbul,49317
18447,AW00018447,Renee,Ortega,M,F,2011-05-21,renee.ortega@fountains.com,Istanbul,17362
18448,AW00018448,Jennifer,Bailey,M,F,2011-05-21,jennifer.bailey@nappa.com,Shanghai,16495
18449,AW00018449,Derrick,Ramos,M,M,2011-05-21,derrick.ramos@cappo.com,Rome,27260
18450,AW00018450,Willie,Shen,M,M,2011-05-21,willie.shen@cappo.com,London,25287
18451,AW00018451,Dale,Pal,M,M,2011-05-21,dale.pal@hostinger.com,Madrid,30010
18452,AW00018452,Bruce,Martinez,M,M,2011-05-21,bruce.martinez@hostinger.com,Berlin,24570
18453,AW00018453,Caroline,Patterson,S,F,2011-05-21,caroline.patterson@fountains.com,Shanghai,26092
18454,AW00018454,George,Perez,S,M,2011-05-21,george.perez@papers.com,Singapore,31787
18455,AW00018455,Alejandro,Wu,M,M,2011-05-22,alejandro.wu@cappo.com,Bangkok,40289
18456,AW00018456,Timothy,Bailey,S,M,2011-05-22,timothy.bailey@towels.com,Delhi,38782
18457,AW00018457,Olivia,White,M,F,2011-05-22,olivia.white@winds.com,Istanbul,42046
18458,AW00018458,Gregory,She,S,M,2011-05-22,gregory.she@cappo.com,Seoul,57674
18459,AW00018459,Toni,Sai,S,F,2011-05-22,toni.sai@papers.com,Istanbul,46631
18460,AW00018460,Faith,Butler,S,F,2011-05-22,faith.butler@towels.com,Shanghai,54511
18461,AW00018461,Tina,Martinez,M,F,2011-05-22,tina.martinez@sticks.com,Istanbul,58468
18462,AW00018462,Clarence,Zhu,M,M,2011-05-22,clarence.zhu@circles.com,Seoul,22814
18463,AW00018463,Adriana,Suri,M,F,2011-05-23,adriana.suri@circles.com,Berlin,50108
18464,AW00018464,Toni,Suri,M,F,2011-05-23,toni.suri@papers.com,Moscow,47128
18465,AW00018465,Jamie,Yang,S,F,2011-05-23,jamie.yang@towels.com,Seoul,53600
18466,AW00018466,Joy,Gutierrez,M,F,2011-05-23,joy.gutierrez@cappo.com,Moscow,58796
18467,AW00018467,Darren,Townsend,S,M,2011-05-23,darren.townsend@fountains.com,Tokyo,31002
18468,AW00018468,Joel,Sanchez,S,M,2011-05-23,joel.sanchez@hostinger.com,Jakarta,15053
18469,AW00018469,Robyn,Rubio,S,F,2011-05-23,robyn.rubio@mouse.com,Jakarta,36337
18470,AW00018470,Jennifer,Taylor,S,F,2011-05-24,jennifer.taylor@papers.com,Shanghai,36368
18471,AW00018471,Paige,Stewart,S,F,2011-05-24,paige.stewart@winds.com,Rome,39017
18472,AW00018472,Hannah,Ross,S,F,2011-05-24,hannah.ross@cappo.com,Seoul,16405
18473,AW00018473,Nathaniel,Rogers,M,M,2011-05-24,nathaniel.rogers@papers.com,Berlin,42744
18474,AW00018474,James,Smith,M,M,2011-05-24,james.smith@fountains.com,Jakarta,54149
18475,AW00018475,Natalie,Brown,S,F,2011-05-24,natalie.brown@towels.com,Moscow,36880
18476,AW00018476,Brooke,Rogers,S,F,2011-05-24,brooke.rogers@mouse.com,London,40564
18477,AW00018477,Angelica,Hughes,S,F,2011-05-25,angelica.hughes@mouse.com,Seoul,16868
18478,AW00018478,Eduardo,Roberts,M,M,2011-05-25,eduardo.roberts@cappo.com,Berlin,29593
18479,AW00018479,Stacey,Chen,M,F,2011-05-25,stacey.chen@circles.com,Mumbai,52891
18480,AW00018480,Heidi,Suri,S,F,2011-05-25,heidi.suri@sticks.com,Rome,55493
18481,AW00018481,Tanya,Romero,M,F,2011-05-25,tanya.romero@sticks.com,Moscow,28768
18482,AW00018482,Sharon,Nara,S,F,2011-05-25,sharon.nara@winds.com,Rome,32951
18483,AW00018483,Byron,Gill,S,M,2011-05-25,byron.gill@nappa.com,London,50817
18484,AW00018484,Dustin,Sharma,S,M,2011-05-25,dustin.sharma@sticks.com,Paris,58660
18485,AW00018485,Devin,Gonzalez,S,M,2011-05-25,devin.gonzalez@papers.com,Paris,30934
18486,AW00018486,Kari,Torres,S,F,2011-05-26,kari.torres@circles.com,Rome,26122
18487,AW00018487,Tasha,Nath,S,F,2011-05-26,tasha.nath@towels.com,Shanghai,43485
18488,AW00018488,Clayton,Xu,M,M,2011-05-26,clayton.xu@hostinger.com,Paris,47553
18489,AW00018489,Johnny,Nara,M,M,2011-05-26,johnny.nara@circles.com,London,53401
18490,AW00018490,Brad,Rai,S,M,2011-05-26,brad.rai@hostinger.com,Mumbai,45805
18491,AW00018491,Michele,Gonzalez,S,F,2011-05-27,michele.gonzalez@circles.com,Mumbai,56873
18492,AW00018492,Tamara,Johnston,S,F,2011-05-27,tamara.johnston@hostinger.com,London,39497
18493,AW00018493,Kaitlin,McDonald,M,F,2011-05-27,kaitlin.mcdonald@winds.com,London,59000
18494,AW00018494,Marcus,Young,M,M,2011-05-27,marcus.young@towels.com,London,45767
18495,AW00018495,Jeremy,Phillips,S,M,2011-05-27,jeremy.phillips@circles.com,Shanghai,33922
18496,AW00018496,Vincent,Zheng,S,M,2011-05-27,vincent.zheng@sticks.com,Rome,47369
18497,AW00018497,Fernando,Evans,S,M,2011-05-27,fernando.evans@winds.com,Jakarta,46470
18498,AW00018498,Zachary,Russell,S,M,2011-05-27,zachary.russell@fountains.com,Mumbai,17904
18499,AW00018499,Darren,Rodriguez,S,M,2011-05-27,darren.rodriguez@hostinger.com,Shanghai,46121
18500,AW00018500,Jose,Brown,M,M,2011-05-27,jose.brown@mouse.com,Mumbai,19156
18501,AW00018501,Alexandra,Powell,S,F,2011-05-27,alexandra.powell@nappa.com,Mumbai,52623
18502,AW00018502,Pamela,Madan,M,F,2011-05-27,pamela.madan@circles.com,Rome,44696
18503,AW00018503,Timothy,Peterson,S,M,2011-05-27,timothy.peterson@cappo.com,Madrid,24879
18504,AW00018504,Angel,Adams,M,M,2011-05-28,angel.adams@sticks.com,Moscow,17793
18505,AW00018505,Carol,Scott,M,F,2011-05-28,carol.scott@fountains.com,Seoul,24094
18506,AW00018506,Evan,Bradley,M,M,2011-05-28,evan.bradley@towels.com,Berlin,38595
18507,AW00018507,Edward,Baker,M,M,2011-05-28,edward.baker@fountains.com,Istanbul,54315
18508,AW00018508,Michele,Chander,S,F,2011-05-29,michele.chander@winds.com,Jakarta,57631
18509,AW00018509,Xavier,Foster,M,M,2011-05-29,xavier.foster@nappa.com,Rome,10986
18510,AW00018510,Samuel,Washington,S,M,2011-05-29,samuel.washington@sticks.com,Tokyo,38072
18511,AW00018511,Mya,Jenkins,S,F,2011-05-29,mya.jenkins@sticks.com,Mumbai,24999
18512,AW00018512,Alex,Torres,M,M,2011-05-29,alex.torres@mouse.com,Delhi,29066
18513,AW00018513,Edwin,Xu,M,M,2011-05-29,edwin.xu@circles.com,Jakarta,54794
18514,AW00018514,Anne,Romero,S,F,2011-05-29,anne.romero@mouse.com,Shanghai,24717
18515,AW00018515,Gabrielle,Patterson,M,F,2011-05-29,gabrielle.patterson@towels.com,Madrid,52387
18516,AW00018516,Juan,Brooks,S,M,2011-05-29,juan.brooks@mouse.com,Paris,45664
18517,AW00018517,Tristan,Diaz,M,M,2011-05-29,tristan.diaz@papers.com,Rome,32692
18518,AW00018518,Stephanie,Scott,S,F,2011-05-29,stephanie.scott@fountains.com,Berlin,31872
18519,AW00018519,Alex,Cook,M,M,2011-05-29,alex.cook@hostinger.com,Berlin,36665
18520,AW00018520,Rafael,Huang,M,M,2011-05-29,rafael.huang@mouse.com,London,52572
18521,AW00018521,Meghan,Rowe,M,F,2011-05-29,meghan.rowe@mouse.com,Istanbul,21289
18522,AW00018522,Jeremiah,Smith,M,M,2011-05-29,jeremiah.smith@sticks.com,Seoul,51839
18523,AW00018523,Samuel,Foster,M,M,2011-05-29,samuel.foster@towels.com,Bangkok,23861
18524,AW00018524,Edward,Alexander,M,M,2011-05-30,edward.alexander@papers.com,Moscow,36615
18525,AW00018525,Jack,Lal,M,M,2011-05-30,jack.lal@circles.com,Delhi,50976
18526,AW00018526,Kevin,Hernandez,S,M,2011-05-30,kevin.hernandez@papers.com,Singapore,20292
18527,AW00018527,Jonathan,Baker,M,M,2011-05-30,jonathan.baker@cappo.com,Rome,17174
18528,AW00018528,John,Rodriguez,M,M,2011-05-30,john.rodriguez@fountains.com,Madrid,31694
18529,AW00018529,Albert,Castro,S,M,2011-05-30,albert.castro@circles.com,Bangkok,49191
18530,AW00018530,Wyatt,Evans,M,M,2011-05-30,wyatt.evans@nappa.com,Mumbai,39781
18531,AW00018531,Thomas,Simmons,S,M,2011-05-30,thomas.simmons@mouse.com,Jakarta,49632
18532,AW00018532,Marcus,Russell,M,M,2011-05-31,marcus.russell@sticks.com,Rome,37101
18533,AW00018533,Lucas,Martinez,M,M,2011-05-31,lucas.martinez@sticks.com,Seoul,35227
18534,AW00018534,Hunter,Collins,M,M,2011-05-31,hunter.collins@sticks.com,Shanghai,59925
18535,AW00018535,Donald,Kapoor,S,M,2011-05-31,donald.kapoor@cappo.com,Bangkok,14342
18536,AW00018536,Hailey,Coleman,M,F,2011-05-31,hailey.coleman@winds.com,Madrid,48675
18537,AW00018537,Kathryn,Carson,S,F,2011-05-31,kathryn.carson@papers.com,Paris,50221
18538,AW00018538,Ian,Mitchell,S,M,2011-05-31,ian.mitchell@towels.com,Paris,17911
18539,AW00018539,Riley,Russell,M,F,2011-05-31,riley.russell@circles.com,Moscow,43659
18540,AW00018540,Victoria,Perry,S,F,2011-05-31,victoria.perry@sticks.com,Seoul,39872
18541,AW00018541,Kayla,Jones,M,F,2011-05-31,kayla.jones@winds.com,Jakarta,53727
18542,AW00018542,Dustin,She,M,M,2011-05-31,dustin.she@fountains.com,Bangkok,45280
18543,AW00018543,Dalton,Wilson,M,M,2011-05-31,dalton.wilson@mouse.com,Istanbul,14083
18544,AW00018544,Riley,Washington,M,F,2011-05-31,riley.washington@circles.com,Rome,19151
18545,AW00018545,Ian,Clark,M,M,2011-06-01,ian.clark@sticks.com,Moscow,46273
18546,AW00018546,Pieter,Wycoff,M,F,2011-06-01,pieter.wycoff@circles.com,Seoul,32483
18547,AW00018547,Ethan,Johnson,M,M,2011-06-01,ethan.johnson@cappo.com,Paris,19835
18548,AW00018548,Jordan,Powell,M,M,2011-06-01,jordan.powell@mouse.com,Seoul,24729
18549,AW00018549,Sierra,Collins,M,F,2011-06-01,sierra.collins@sticks.com,Paris,50054
18550,AW00018550,Julia,Griffin,M,F,2011-06-01,julia.griffin@winds.com,Delhi,35002
18551,AW00018551,Chloe,Hall,M,F,2011-06-01,chloe.hall@towels.com,Istanbul,39426
18552,AW00018552,Kelsey,Goel,M,F,2011-06-01,kelsey.goel@fountains.com,Mumbai,10161
18553,AW00018553,Alex,Roberts,M,M,2011-06-01,alex.roberts@towels.com,Shanghai,59039
18554,AW00018554,Isabelle,Ross,M,F,2011-06-02,isabelle.ross@towels.com,Madrid,20497
18555,AW00018555,Muniraju,Pulipalyam,M,F,2011-06-02,muniraju.pulipalyam@circles.com,Singapore,22861
18556,AW00018556,Ruben,Perez,M,M,2011-06-02,ruben.perez@fountains.com,Rome,48108
18557,AW00018557,Bailey,Lopez,M,F,2011-06-02,bailey.lopez@papers.com,Istanbul,36113
18558,AW00018558,Alexandra,Price,M,F,2011-06-02,alexandra.price@towels.com,Moscow,32762
18559,AW00018559,Lucas,Adams,M,M,2011-06-02,lucas.adams@cappo.com,Paris,40937
18560,AW00018560,Anna,Miller,M,F,2011-06-03,anna.miller@fountains.com,Bangkok,12981
18561,AW00018561,Carol,Torres,S,F,2011-06-03,carol.torres@circles.com,Delhi,45632
18562,AW00018562,Mary,Wright,M,F,2011-06-03,mary.wright@fountains.com,Mumbai,22815
18563,AW00018563,Evan,Sanchez,M,M,2011-06-03,evan.sanchez@winds.com,London,57855
18564,AW00018564,John,Moore,S,M,2011-06-03,john.moore@cappo.com,London,16442
18565,AW00018565,Dalton,Bryant,M,M,2011-06-03,dalton.bryant@circles.com,Jakarta,18094
18566,AW00018566,Bryce,Peterson,M,M,2011-06-03,bryce.peterson@cappo.com,Berlin,55495
18567,AW00018567,Madison,Barnes,S,F,2011-06-04,madison.barnes@winds.com,Jakarta,53363
18568,AW00018568,Mya,Bennett,S,F,2011-06-04,mya.bennett@cappo.com,Shanghai,56878
18569,AW00018569,Emma,Bryant,M,F,2011-06-04,emma.bryant@mouse.com,Singapore,21554
18570,AW00018570,Mason,Peterson,S,M,2011-06-04,mason.peterson@papers.com,Paris,11172
18571,AW00018571,Cameron,Kumar,S,M,2011-06-04,cameron.kumar@papers.com,Singapore,22583
18572,AW00018572,Danielle,Watson,M,F,2011-06-04,danielle.watson@nappa.com,Istanbul,56225
18573,AW00018573,Andrea,Phillips,M,F,2011-06-05,andrea.phillips@sticks.com,Paris,18149
18574,AW00018574,Kaitlyn,Taylor,M,F,2011-06-05,kaitlyn.taylor@fountains.com,London,21779
18575,AW00018575,Erin,Stewart,M,F,2011-06-05,erin.stewart@circles.com,Jakarta,51066
18576,AW00018576,Emily,Coleman,M,F,2011-06-05,emily.coleman@sticks.com,London,41128
18577,AW00018577,Isabelle,Winston,M,F,2011-06-05,isabelle.winston@sticks.com,Rome,56012
18578,AW00018578,Patrick,Rogers,S,M,2011-06-05,patrick.rogers@hostinger.com,Jakarta,17555
18579,AW00018579,William,Brown,M,M,2011-06-05,william.brown@hostinger.com,Jakarta,22906
18580,AW00018580,Emma,Anderson,M,F,2011-06-05,emma.anderson@winds.com,Berlin,23045
18581,AW00018581,Melinda,Dominguez,S,F,2011-06-06,melinda.dominguez@papers.com,Bangkok,37072
18582,AW00018582,Bryan,Morgan,M,M,2011-06-06,bryan.morgan@sticks.com,Madrid,51536
18583,AW00018583,Luis,Kumar,S,M,2011-06-06,luis.kumar@hostinger.com,Shanghai,25557
18584,AW00018584,Haley,Evans,M,F,2011-06-06,haley.evans@cappo.com,Rome,36275
18585,AW00018585,Katherine,Blue,M,F,2011-06-06,katherine.blue@circles.com,Bangkok,16111
18586,AW00018586,Benjamin,Patterson,S,M,2011-06-06,benjamin.patterson@papers.com,London,26137
18587,AW00018587,Monica,Arun,S,F,2011-06-06,monica.arun@nappa.com,Paris,29861
18588,AW00018588,Isabella,Rogers,S,F,2011-06-06,isabella.rogers@hostinger.com,Seoul,18845
18589,AW00018589,Anna,Stewart,S,F,2011-06-06,anna.stewart@circles.com,Jakarta,58452
18590,AW00018590,Valerie,Sun,S,F,2011-06-06,valerie.sun@circles.com,Delhi,21477
18591,AW00018591,Eduardo,Nelson,M,M,2011-06-06,eduardo.nelson@circles.com,London,54428
18592,AW00018592,Mackenzie,Evans,S,F,2011-06-06,mackenzie.evans@fountains.com,Rome,36296
18593,AW00018593,Sydney,Martinez,S,F,2011-06-07,sydney.martinez@papers.com,Jakarta,16880
18594,AW00018594,Kristi,Garcia,S,F,2011-06-07,kristi.garcia@nappa.com,Seoul,42937
18595,AW00018595,Marcus,Hernandez,S,M,2011-06-07,marcus.hernandez@papers.com,London,30472
18596,AW00018596,Gabriella,Cooper,S,F,2011-06-07,gabriella.cooper@mouse.com,Shanghai,30338
18597,AW00018597,Isabel,Perry,M,F,2011-06-07,isabel.perry@winds.com,Jakarta,11747
18598,AW00018598,Norimichi,Yonekura,S,M,2011-06-07,norimichi.yonekura@cappo.com,Tokyo,23651
18599,AW00018599,Kyle,Simmons,S,M,2011-06-07,kyle.simmons@papers.com,Seoul,28464
18600,AW00018600,Ashley,Gonzales,M,F,2011-06-07,ashley.gonzales@circles.com,Shanghai,10843
18601,AW00018601,Cynthia,Garcia,S,F,2011-06-07,cynthia.garcia@cappo.com,Berlin,33199
18602,AW00018602,Patrick,Ramirez,M,M,2011-06-07,patrick.ramirez@fountains.com,Paris,30532
18603,AW00018603,Gabrielle,Henderson,S,F,2011-06-07,gabrielle.henderson@fountains.com,Delhi,33611
18604,AW00018604,Paige,Alexander,M,F,2011-06-07,paige.alexander@sticks.com,Tokyo,33059
18605,AW00018605,David,Wright,S,M,2011-06-08,david.wright@towels.com,Rome,38717
18606,AW00018606,Wyatt,Green,S,M,2011-06-08,wyatt.green@hostinger.com,Bangkok,19775
18607,AW00018607,Katherine,Taylor,S,F,2011-06-08,katherine.taylor@papers.com,Jakarta,44587
18608,AW00018608,Ian,Phillips,M,M,2011-06-08,ian.phillips@mouse.com,Istanbul,26962
18609,AW00018609,Alyssa,Cook,M,F,2011-06-08,alyssa.cook@papers.com,Madrid,23051
18610,AW00018610,Bailey,Rivera,S,F,2011-06-08,bailey.rivera@circles.com,Jakarta,22712
18611,AW00018611,Taylor,Foster,M,F,2011-06-08,taylor.foster@papers.com,Delhi,42301
18612,AW00018612,Alyssa,Flores,S,F,2011-06-08,alyssa.flores@winds.com,London,45301
18613,AW00018613,Cody,Murphy,S,M,2011-06-08,cody.murphy@hostinger.com,Singapore,18523
18614,AW00018614,Seth,Wright,S,M,2011-06-08,seth.wright@circles.com,Moscow,17738
18615,AW00018615,Charles,Peterson,S,M,2011-06-09,charles.peterson@towels.com,Jakarta,51514
18616,AW00018616,Spencer,Butler,S,M,2011-06-09,spencer.butler@winds.com,Mumbai,45976
18617,AW00018617,Carlos,Lopez,S,M,2011-06-09,carlos.lopez@sticks.com,Berlin,47716
18618,AW00018618,Mitchell,Rai,S,M,2011-06-09,mitchell.rai@cappo.com,Jakarta,32365
18619,AW00018619,Dominic,Mehta,M,M,2011-06-09,dominic.mehta@circles.com,Seoul,50424
18620,AW00018620,Randall,Navarro,S,M,2011-06-09,randall.navarro@papers.com,London,13019
18621,AW00018621,Cassandra,Prasad,S,F,2011-06-09,cassandra.prasad@nappa.com,Istanbul,54236
18622,AW00018622,Byron,Rubio,S,M,2011-06-09,byron.rubio@hostinger.com,Jakarta,47226
18623,AW00018623,Anne,Torres,M,F,2011-06-10,anne.torres@sticks.com,Istanbul,31811
18624,AW00018624,Jay,Perez,S,M,2011-06-10,jay.perez@circles.com,Paris,54012
18625,AW00018625,Derrick,Moreno,S,M,2011-06-10,derrick.moreno@mouse.com,Bangkok,58339
18626,AW00018626,Tony,Pal,S,M,2011-06-10,tony.pal@cappo.com,Bangkok,49945
18627,AW00018627,Kristine,Gomez,S,F,2011-06-10,kristine.gomez@papers.com,London,33172
18628,AW00018628,Suzanne,Yang,S,F,2011-06-10,suzanne.yang@hostinger.com,Singapore,40593
18629,AW00018629,Martin,Srini,S,M,2011-06-10,martin.srini@mouse.com,London,10592
18630,AW00018630,Priscilla,She,S,F,2011-06-10,priscilla.she@papers.com,Singapore,44815
18631,AW00018631,Carly,Shan,S,F,2011-06-10,carly.shan@winds.com,Seoul,34261
18632,AW00018632,Russell,Tang,S,M,2011-06-11,russell.tang@towels.com,Moscow,51771
18633,AW00018633,Adam,Jenkins,M,M,2011-06-11,adam.jenkins@sticks.com,Moscow,35622
18634,AW00018634,Veronica,Arun,S,F,2011-06-11,veronica.arun@towels.com,Rome,39440
18635,AW00018635,Toni,Martinez,S,F,2011-06-11,toni.martinez@towels.com,Delhi,21669
18636,AW00018636,Edgar,Chapman,S,M,2011-06-11,edgar.chapman@towels.com,Jakarta,20952
18637,AW00018637,Thomas,Sharma,S,M,2011-06-11,thomas.sharma@papers.com,Istanbul,26507
18638,AW00018638,Alyssa,Thompson,S,F,2011-06-11,alyssa.thompson@nappa.com,Madrid,18940
18639,AW00018639,Maria,Scott,S,F,2011-06-11,maria.scott@fountains.com,Shanghai,30113
18640,AW00018640,Isaac,James,M,M,2011-06-11,isaac.james@winds.com,Paris,50227
18641,AW00018641,Cameron,Garcia,S,M,2011-06-11,cameron.garcia@papers.com,London,20538
18642,AW00018642,Brianna,Thompson,S,F,2011-06-12,brianna.thompson@fountains.com,Seoul,43884
18643,AW00018643,Joshua,Thomas,M,M,2011-06-12,joshua.thomas@mouse.com,Madrid,53564
18644,AW00018644,Carrie,Ruiz,S,F,2011-06-12,carrie.ruiz@hostinger.com,Jakarta,54258
18645,AW00018645,Jordan,Bryant,M,M,2011-06-12,jordan.bryant@winds.com,Berlin,26768
18646,AW00018646,Blake,Adams,M,M,2011-06-12,blake.adams@hostinger.com,Moscow,29529
18647,AW00018647,Christy,Huang,S,F,2011-06-13,christy.huang@towels.com,Seoul,20494
18648,AW00018648,Hailey,Torres,M,F,2011-06-13,hailey.torres@fountains.com,Rome,30266
18649,AW00018649,Jackson,Patterson,S,M,2011-06-13,jackson.patterson@hostinger.com,London,37652
18650,AW00018650,Kyle,Flores,S,M,2011-06-13,kyle.flores@winds.com,Jakarta,40605
18651,AW00018651,Isaiah,Mitchell,M,M,2011-06-13,isaiah.mitchell@winds.com,Delhi,39667
18652,AW00018652,Meredith,Diaz,M,F,2011-06-13,meredith.diaz@hostinger.com,Istanbul,46349
18653,AW00018653,Emmanuel,Madan,M,M,2011-06-13,emmanuel.madan@fountains.com,Delhi,17293
18654,AW00018654,Thomas,Lopez,M,M,2011-06-13,thomas.lopez@mouse.com,Mumbai,18828
18655,AW00018655,Eric,Diaz,M,M,2011-06-13,eric.diaz@nappa.com,Bangkok,43831
18656,AW00018656,Charles,Clark,S,M,2011-06-14,charles.clark@towels.com,Mumbai,43612
18657,AW00018657,Alex,Morgan,M,M,2011-06-14,alex.morgan@nappa.com,Delhi,57235
18658,AW00018658,Dalton,Turner,M,M,2011-06-14,dalton.turner@cappo.com,Moscow,51216
18659,AW00018659,Jasmine,Thompson,M,F,2011-06-14,jasmine.thompson@winds.com,Jakarta,36962
18660,AW00018660,Cristina,Anand,M,F,2011-06-14,cristina.anand@winds.com,Moscow,30707
18661,AW00018661,Daniel,Walker,M,M,2011-06-14,daniel.walker@towels.com,Jakarta,59570
18662,AW00018662,Kyle,Sharma,M,M,2011-06-14,kyle.sharma@hostinger.com,Delhi,58472
18663,AW00018663,Jason,Flores,M,M,2011-06-15,jason.flores@mouse.com,Shanghai,25878
18664,AW00018664,Robert,Long,M,M,2011-06-15,robert.long@hostinger.com,Bangkok,51751
18665,AW00018665,Olivia,Brooks,M,F,2011-06-15,olivia.brooks@winds.com,Rome,12905
18666,AW00018666,Jordyn,Henderson,S,F,2011-06-15,jordyn.henderson@hostinger.com,Rome,21207
18667,AW00018667,Kelli,Ma,S,F,2011-06-15,kelli.ma@fountains.com,London,35993
18668,AW00018668,Brian,Sanders,M,M,2011-06-15,brian.sanders@fountains.com,Moscow,59306
18669,AW00018669,Adam,Griffin,M,M,2011-06-15,adam.griffin@sticks.com,London,14679
18670,AW00018670,Melanie,Bryant,M,F,2011-06-15,melanie.bryant@winds.com,Shanghai,59729
18671,AW00018671,Melanie,Kelly,M,F,2011-06-16,melanie.kelly@towels.com,Seoul,34384
18672,AW00018672,Anthony,Lewis,M,M,2011-06-16,anthony.lewis@cappo.com,Madrid,10928
18673,AW00018673,James,Green,M,M,2011-06-16,james.green@papers.com,Paris,45902
18674,AW00018674,Isabelle,Bennett,S,F,2011-06-16,isabelle.bennett@papers.com,Singapore,29759
18675,AW00018675,Abigail,Martin,M,F,2011-06-16,abigail.martin@winds.com,Delhi,50039
18676,AW00018676,Jesse,Young,M,M,2011-06-16,jesse.young@nappa.com,Rome,59352
18677,AW00018677,Logan,Shan,M,M,2011-06-16,logan.shan@circles.com,Mumbai,51827
18678,AW00018678,Sean,Watson,S,M,2011-06-17,sean.watson@papers.com,Madrid,25333
18679,AW00018679,Seth,Wood,S,M,2011-06-17,seth.wood@towels.com,Bangkok,47809
18680,AW00018680,David,Shan,M,M,2011-06-17,david.shan@mouse.com,Berlin,34484
18681,AW00018681,Jacqueline,Griffin,M,F,2011-06-17,jacqueline.griffin@towels.com,Mumbai,25730
18682,AW00018682,Emily,Bennett,M,F,2011-06-17,emily.bennett@hostinger.com,Mumbai,22338
18683,AW00018683,Robert,Walker,M,M,2011-06-17,robert.walker@papers.com,Istanbul,22610
18684,AW00018684,Makayla,Watson,M,F,2011-06-17,makayla.watson@mouse.com,London,20710
18685,AW00018685,Sean,Rogers,M,M,2011-06-17,sean.rogers@mouse.com,Tokyo,47381
18686,AW00018686,Logan,Coleman,S,M,2011-06-17,logan.coleman@winds.com,Madrid,49729
18687,AW00018687,Olivia,Smith,M,F,2011-06-17,olivia.smith@mouse.com,Moscow,53202
18688,AW00018688,Antonio,Barnes,M,M,2011-06-17,antonio.barnes@mouse.com,Rome,41424
18689,AW00018689,Miguel,Miller,M,M,2011-06-17,miguel.miller@towels.com,Madrid,15732
18690,AW00018690,Carlos,Rivera,M,M,2011-06-17,carlos.rivera@hostinger.com,Seoul,45123
18691,AW00018691,Claudia,Zheng,M,F,2011-06-17,claudia.zheng@nappa.com,Tokyo,40969
18692,AW00018692,Preston,Mehta,M,M,2011-06-17,preston.mehta@winds.com,Rome,52221
18693,AW00018693,Ann,Subram,S,F,2011-06-17,ann.subram@mouse.com,Istanbul,19868
18694,AW00018694,Derrick,Gomez,M,M,2011-06-17,derrick.gomez@fountains.com,Shanghai,34397
18695,AW00018695,Aaron,Diaz,M,M,2011-06-17,aaron.diaz@towels.com,Delhi,29376
18696,AW00018696,Mindy,Black,M,F,2011-06-18,mindy.black@fountains.com,Rome,41245
18697,AW00018697,Tara,Lal,S,F,2011-06-18,tara.lal@fountains.com,Mumbai,59543
18698,AW00018698,Jaclyn,Chande,S,F,2011-06-18,jaclyn.chande@towels.com,Shanghai,40850
18699,AW00018699,Blake,Griffin,M,M,2011-06-18,blake.griffin@cappo.com,Seoul,18984
18700,AW00018700,Ernest,Zhao,S,M,2011-06-18,ernest.zhao@cappo.com,Rome,30930
18701,AW00018701,Kenneth,Lal,S,M,2011-06-18,kenneth.lal@sticks.com,London,17813
18702,AW00018702,Adriana,Smith,S,F,2011-06-18,adriana.smith@towels.com,Shanghai,36216
18703,AW00018703,Vincent,Huang,S,M,2011-06-18,vincent.huang@fountains.com,Istanbul,39176
18704,AW00018704,Lacey,Goel,M,F,2011-06-19,lacey.goel@winds.com,Berlin,43754
18705,AW00018705,Karl,Goel,M,M,2011-06-19,karl.goel@papers.com,Tokyo,44051
18706,AW00018706,Darryl,Zheng,S,M,2011-06-19,darryl.zheng@circles.com,Berlin,34053
18707,AW00018707,Marshall,She,M,M,2011-06-19,marshall.she@winds.com,Bangkok,11631
18708,AW00018708,Micah,Zhao,M,M,2011-06-19,micah.zhao@fountains.com,Singapore,30434
18709,AW00018709,Darren,Hernandez,M,M,2011-06-19,darren.hernandez@fountains.com,Bangkok,50731
18710,AW00018710,Ricardo,Xie,M,M,2011-06-19,ricardo.xie@nappa.com,Bangkok,28488
18711,AW00018711,Emma,Diaz,S,F,2011-06-19,emma.diaz@cappo.com,Mumbai,59780
18712,AW00018712,Glenn,Guo,M,M,2011-06-19,glenn.guo@fountains.com,London,49527
18713,AW00018713,Rosa,Yang,M,F,2011-06-19,rosa.yang@sticks.com,Istanbul,32139
18714,AW00018714,Francisco,Lopez,M,M,2011-06-19,francisco.lopez@winds.com,London,22575
18715,AW00018715,Rafael,Rai,M,M,2011-06-20,rafael.rai@fountains.com,Paris,53336
18716,AW00018716,Seth,Campbell,M,M,2011-06-20,seth.campbell@circles.com,Delhi,27884
18717,AW00018717,Cassandra,Suri,M,F,2011-06-20,cassandra.suri@papers.com,Singapore,59089
18718,AW00018718,Susan,Liu,S,F,2011-06-20,susan.liu@sticks.com,Paris,30259
18719,AW00018719,Alberto,Suarez,M,M,2011-06-20,alberto.suarez@fountains.com,Berlin,39524
18720,AW00018720,Taylor,Miller,M,F,2011-06-20,taylor.miller@papers.com,London,27472
18721,AW00018721,Andy,Gomez,S,M,2011-06-20,andy.gomez@cappo.com,Jakarta,55498
18722,AW00018722,Jonathon,Navarro,S,M,2011-06-21,jonathon.navarro@nappa.com,Rome,37098
18723,AW00018723,Lacey,Ma,S,F,2011-06-21,lacey.ma@winds.com,London,40378
18724,AW00018724,Denise,Fernandez,M,F,2011-06-21,denise.fernandez@papers.com,Moscow,27448
18725,AW00018725,Denise,Kapoor,S,F,2011-06-21,denise.kapoor@towels.com,Tokyo,59336
18726,AW00018726,Katrina,Anand,S,F,2011-06-21,katrina.anand@mouse.com,Jakarta,48733
18727,AW00018727,Hailey,Hernandez,S,F,2011-06-21,hailey.hernandez@circles.com,Seoul,51643
18728,AW00018728,Roger,Luo,M,M,2011-06-21,roger.luo@papers.com,Delhi,53808
18729,AW00018729,Evan,Parker,S,M,2011-06-21,evan.parker@towels.com,Paris,32492
18730,AW00018730,Johnathan,Arthur,M,M,2011-06-21,johnathan.arthur@cappo.com,Shanghai,10866
18731,AW00018731,Brett,Malhotra,S,M,2011-06-21,brett.malhotra@hostinger.com,Seoul,35667
18732,AW00018732,Zachary,Jai,M,M,2011-06-21,zachary.jai@towels.com,Singapore,52783
18733,AW00018733,Rafael,Gao,S,M,2011-06-21,rafael.gao@circles.com,Singapore,40171
18734,AW00018734,Barbara,Ashe,S,F,2011-06-21,barbara.ashe@mouse.com,Seoul,57216
18735,AW00018735,Latasha,Moreno,S,F,2011-06-22,latasha.moreno@hostinger.com,Istanbul,47155
18736,AW00018736,Ashley,Patterson,S,F,2011-06-22,ashley.patterson@cappo.com,Istanbul,46511
18737,AW00018737,Ricky,Gomez,S,M,2011-06-22,ricky.gomez@circles.com,Moscow,19873
18738,AW00018738,Tamara,Luo,S,F,2011-06-22,tamara.luo@papers.com,Berlin,17514
18739,AW00018739,Christy,Pal,M,F,2011-06-22,christy.pal@winds.com,Singapore,15492
18740,AW00018740,Adam,Hill,M,M,2011-06-22,adam.hill@papers.com,Paris,31039
18741,AW00018741,Edgar,Martinez,M,M,2011-06-22,edgar.martinez@papers.com,Jakarta,26097
18742,AW00018742,Don,Guo,M,M,2011-06-22,don.guo@cappo.com,Jakarta,21669
18743,AW00018743,Glenn,Xu,M,M,2011-06-22,glenn.xu@sticks.com,Bangkok,59251
18744,AW00018744,April,Raje,M,F,2011-06-22,april.raje@towels.com,Mumbai,46755
18745,AW00018745,Brooke,James,M,F,2011-06-22,brooke.james@papers.com,Madrid,36262
18746,AW00018746,Reginald,Alvarez,S,M,2011-06-23,reginald.alvarez@papers.com,Bangkok,59461
18747,AW00018747,Jacquelyn,Diaz,S,F,2011-06-23,jacquelyn.diaz@hostinger.com,Berlin,29816
18748,AW00018748,Gabrielle,Stewart,M,F,2011-06-23,gabrielle.stewart@sticks.com,Singapore,49593
18749,AW00018749,Olivia,Stewart,M,F,2011-06-23,olivia.stewart@circles.com,Rome,40966
18750,AW00018750,Alexandra,Perry,M,F,2011-06-23,alexandra.perry@cappo.com,Jakarta,27673
18751,AW00018751,Kari,Schmidt,S,F,2011-06-23,kari.schmidt@towels.com,Paris,19985
18752,AW00018752,Samantha,Walker,S,F,2011-06-23,samantha.walker@winds.com,Shanghai,13360
18753,AW00018753,James,Moore,S,M,2011-06-23,james.moore@papers.com,London,48673
18754,AW00018754,Isabella,Mitchell,S,F,2011-06-23,isabella.mitchell@nappa.com,Delhi,16557
18755,AW00018755,Christopher,Lewis,S,M,2011-06-23,christopher.lewis@sticks.com,Delhi,49870
18756,AW00018756,Isabella,Thompson,S,F,2011-06-23,isabella.thompson@towels.com,Singapore,47385
18757,AW00018757,Frederick,Srini,M,M,2011-06-23,frederick.srini@sticks.com,Madrid,52760
18758,AW00018758,Devin,Price,S,M,2011-06-23,devin.price@cappo.com,Berlin,55033
18759,AW00018759,Devin,Phillips,S,M,2011-06-23,devin.phillips@towels.com,Mumbai,16513
18760,AW00018760,Morgan,Wood,M,F,2011-06-23,morgan.wood@winds.com,Paris,22085
18761,AW00018761,Luis,Wright,S,M,2011-06-24,luis.wright@mouse.com,Berlin,27554
18762,AW00018762,Arthur,Wilson,M,F,2011-06-24,arthur.wilson@papers.com,Mumbai,29727
18763,AW00018763,Julie,Chander,M,F,2011-06-24,julie.chander@sticks.com,Madrid,33664
18764,AW00018764,Natalie,Scott,M,F,2011-06-24,natalie.scott@winds.com,Berlin,49400
18765,AW00018765,Noah,Shan,S,M,2011-06-24,noah.shan@hostinger.com,Istanbul,36069
18766,AW00018766,Francisco,Sai,M,M,2011-06-24,francisco.sai@towels.com,London,18930
18767,AW00018767,Gary,Alonso,M,M,2011-06-24,gary.alonso@fountains.com,Berlin,23289
18768,AW00018768,Dalton,Garcia,M,M,2011-06-24,dalton.garcia@towels.com,Singapore,27533
18769,AW00018769,Theresa,Dominguez,M,F,2011-06-25,theresa.dominguez@papers.com,Delhi,12582
18770,AW00018770,Aaron,Hernandez,S,M,2011-06-25,aaron.hernandez@nappa.com,Bangkok,12332
18771,AW00018771,Robert,Green,S,M,2011-06-25,robert.green@papers.com,Mumbai,57037
18772,AW00018772,Julia,Hill,M,F,2011-06-25,julia.hill@hostinger.com,Madrid,32314
18773,AW00018773,Cassidy,Price,M,F,2011-06-25,cassidy.price@fountains.com,Jakarta,11206
18774,AW00018774,Justin,Flores,S,M,2011-06-25,justin.flores@nappa.com,Madrid,12288
18775,AW00018775,Andrea,Bell,M,F,2011-06-25,andrea.bell@cappo.com,Istanbul,39153
18776,AW00018776,Connor,Allen,S,M,2011-06-26,connor.allen@hostinger.com,Rome,55466
18777,AW00018777,Richard,Clark,S,M,2011-06-26,richard.clark@nappa.com,Singapore,34640
18778,AW00018778,Miguel,Washington,M,M,2011-06-26,miguel.washington@mouse.com,Seoul,38492
18779,AW00018779,Jose,Hill,M,M,2011-06-26,jose.hill@fountains.com,Bangkok,34158
18780,AW00018780,Evan,Carter,S,M,2011-06-26,evan.carter@papers.com,Delhi,33319
18781,AW00018781,Hunter,Lewis,S,M,2011-06-26,hunter.lewis@cappo.com,Bangkok,38040
18782,AW00018782,Patrick,Reed,M,M,2011-06-27,patrick.reed@winds.com,Tokyo,31116
18783,AW00018783,Michael,Martin,S,M,2011-06-27,michael.martin@sticks.com,Rome,10646
18784,AW00018784,Trinity,Brooks,M,F,2011-06-27,trinity.brooks@circles.com,Moscow,22000
18785,AW00018785,Sara,Rivera,S,F,2011-06-27,sara.rivera@nappa.com,Jakarta,20082
18786,AW00018786,Dustin,Chande,S,M,2011-06-27,dustin.chande@nappa.com,Paris,56881
18787,AW00018787,Mya,Wood,M,F,2011-06-27,mya.wood@winds.com,Tokyo,50609
18788,AW00018788,Madison,Thompson,S,F,2011-06-27,madison.thompson@cappo.com,Delhi,18687
18789,AW00018789,Seth,Robinson,S,M,2011-06-27,seth.robinson@cappo.com,Berlin,56473
18790,AW00018790,Julia,Martin,M,F,2011-06-28,julia.martin@nappa.com,Singapore,33946
18791,AW00018791,Megan,Blue,S,F,2011-06-28,megan.blue@circles.com,Madrid,25143
18792,AW00018792,Gabriella,Peterson,M,F,2011-06-28,gabriella.peterson@mouse.com,Singapore,35306
18793,AW00018793,Angel,Cox,M,M,2011-06-28,angel.cox@papers.com,Berlin,53432
18794,AW00018794,Andrew,Davis,S,M,2011-06-28,andrew.davis@towels.com,London,54807
18795,AW00018795,Nathan,Alexander,S,M,2011-06-28,nathan.alexander@winds.com,Bangkok,52312
18796,AW00018796,Marvin,Ruiz,M,M,2011-06-28,marvin.ruiz@fountains.com,Jakarta,37560
18797,AW00018797,Evan,Murphy,S,M,2011-06-28,evan.murphy@nappa.com,London,28261
18798,AW00018798,Andrea,Allen,M,F,2011-06-29,andrea.allen@fountains.com,Madrid,13691
18799,AW00018799,Jacob,Lewis,M,M,2011-06-29,jacob.lewis@circles.com,Singapore,51409
18800,AW00018800,Jennifer,Phillips,M,F,2011-06-29,jennifer.phillips@sticks.com,Madrid,16800
18801,AW00018801,Dawn,Yuan,M,F,2011-06-29,dawn.yuan@hostinger.com,Delhi,38153
18802,AW00018802,Mario,Shen,M,M,2011-06-29,mario.shen@towels.com,Madrid,35418
18803,AW00018803,Cedric,Zheng,M,M,2011-06-29,cedric.zheng@fountains.com,Shanghai,49650
18804,AW00018804,Aaron,Gonzales,M,M,2011-06-29,aaron.gonzales@sticks.com,Shanghai,53377
18805,AW00018805,Tracy,Simpson,M,F,2011-06-29,tracy.simpson@fountains.com,Jakarta,37744
18806,AW00018806,Kaitlyn,Torres,M,F,2011-06-30,kaitlyn.torres@nappa.com,Paris,38848
18807,AW00018807,Spencer,Bennett,S,M,2011-06-30,spencer.bennett@papers.com,Madrid,16395
18808,AW00018808,Gabrielle,Perez,S,F,2011-06-30,gabrielle.perez@fountains.com,Jakarta,52585
18809,AW00018809,Jason,King,M,M,2011-06-30,jason.king@towels.com,London,11770
18810,AW00018810,Casey,Dominguez,M,M,2011-06-30,casey.dominguez@sticks.com,Madrid,35575
18811,AW00018811,Samuel,Perry,M,M,2011-06-30,samuel.perry@mouse.com,London,58118
18812,AW00018812,Kyle,Adams,S,M,2011-06-30,kyle.adams@nappa.com,Mumbai,42072
18813,AW00018813,Kristy,Hernandez,S,F,2011-07-01,kristy.hernandez@nappa.com,Shanghai,10873
18814,AW00018814,Evan,Adams,S,M,2011-07-01,evan.adams@winds.com,Delhi,16856
18815,AW00018815,Abigail,Rogers,M,F,2011-07-01,abigail.rogers@fountains.com,Istanbul,35918
18816,AW00018816,Taylor,Smith,S,F,2011-07-01,taylor.smith@mouse.com,Berlin,46558
18817,AW00018817,Brittany,Russell,S,F,2011-07-01,brittany.russell@cappo.com,Delhi,47730
18818,AW00018818,Lucas,Torres,M,M,2011-07-01,lucas.torres@nappa.com,Tokyo,31415
18819,AW00018819,Miranda,Bennett,M,F,2011-07-01,miranda.bennett@towels.com,Paris,52664
18820,AW00018820,Alexandria,Cook,M,F,2011-07-02,alexandria.cook@winds.com,Jakarta,12521
18821,AW00018821,Juan,Morgan,S,M,2011-07-02,juan.morgan@cappo.com,Tokyo,39363
18822,AW00018822,Gregory,Ferrier,M,M,2011-07-02,gregory.ferrier@fountains.com,Moscow,50642
18823,AW00018823,Russell,Xu,S,M,2011-07-02,russell.xu@towels.com,Madrid,14255
18824,AW00018824,Elijah,Collins,M,M,2011-07-02,elijah.collins@sticks.com,Tokyo,58202
18825,AW00018825,Brandon,Smith,M,M,2011-07-02,brandon.smith@sticks.com,Istanbul,57909
18826,AW00018826,Allison,Stewart,M,F,2011-07-02,allison.stewart@fountains.com,London,26572
18827,AW00018827,Carmen,Raman,S,F,2011-07-02,carmen.raman@papers.com,Istanbul,12835
18828,AW00018828,Morgan,Wright,M,F,2011-07-02,morgan.wright@papers.com,Singapore,35239
18829,AW00018829,Jackson,Simmons,S,M,2011-07-02,jackson.simmons@towels.com,Berlin,56996
18830,AW00018830,Kristine,Ortega,M,F,2011-07-02,kristine.ortega@cappo.com,Istanbul,13603
18831,AW00018831,Andy,Hernandez,S,M,2011-07-02,andy.hernandez@winds.com,Istanbul,42999
18832,AW00018832,Dylan,Jackson,M,M,2011-07-03,dylan.jackson@cappo.com,Mumbai,59898
18833,AW00018833,Morgan,Baker,M,F,2011-07-03,morgan.baker@nappa.com,Seoul,59018
18834,AW00018834,Ana,Foster,M,F,2011-07-03,ana.foster@fountains.com,Bangkok,28577
18835,AW00018835,Isabelle,Coleman,S,F,2011-07-03,isabelle.coleman@nappa.com,Mumbai,17310
18836,AW00018836,Nicole,Cooper,S,F,2011-07-04,nicole.cooper@nappa.com,Seoul,51641
18837,AW00018837,Amanda,Hernandez,M,F,2011-07-04,amanda.hernandez@circles.com,Madrid,10840
18838,AW00018838,Natalie,Morris,M,F,2011-07-04,natalie.morris@papers.com,Bangkok,57481
18839,AW00018839,Don,Lee,M,M,2011-07-04,don.lee@cappo.com,Rome,39762
18840,AW00018840,Alexandria,Barnes,M,F,2011-07-04,alexandria.barnes@mouse.com,Bangkok,57766
18841,AW00018841,Gabriella,Campbell,M,F,2011-07-04,gabriella.campbell@hostinger.com,Shanghai,51169
18842,AW00018842,James,Gonzalez,S,M,2011-07-05,james.gonzalez@towels.com,Seoul,35046
18843,AW00018843,Luis,Perez,M,M,2011-07-05,luis.perez@cappo.com,Bangkok,10546
18844,AW00018844,Dalton,Hernandez,S,M,2011-07-05,dalton.hernandez@circles.com,Jakarta,30173
18845,AW00018845,Katherine,Hughes,M,F,2011-07-05,katherine.hughes@papers.com,Madrid,10460
18846,AW00018846,Deb,Hughes,S,M,2011-07-05,deb.hughes@circles.com,Madrid,39368
18847,AW00018847,Ariana,Richardson,M,F,2011-07-05,ariana.richardson@sticks.com,Delhi,44661
18848,AW00018848,Christian,Harris,M,M,2011-07-05,christian.harris@cappo.com,Berlin,12645
18849,AW00018849,Faith,Flores,S,F,2011-07-05,faith.flores@cappo.com,Istanbul,15105
18850,AW00018850,Ethan,Hughes,M,M,2011-07-05,ethan.hughes@papers.com,Shanghai,15284
18851,AW00018851,Dalton,Cook,M,M,2011-07-05,dalton.cook@nappa.com,Mumbai,52787
18852,AW00018852,Allison,Sanders,M,F,2011-07-05,allison.sanders@mouse.com,Moscow,58931
18853,AW00018853,Jacqueline,Gray,M,F,2011-07-06,jacqueline.gray@papers.com,London,12188
18854,AW00018854,Hunter,Turner,M,M,2011-07-06,hunter.turner@sticks.com,Rome,56216
18855,AW00018855,Robert,Zhang,S,M,2011-07-06,robert.zhang@circles.com,Mumbai,11755
18856,AW00018856,Thomas,Green,M,M,2011-07-06,thomas.green@papers.com,Shanghai,46607
18857,AW00018857,Sebastian,Sanders,M,M,2011-07-06,sebastian.sanders@mouse.com,Berlin,55339
18858,AW00018858,Miguel,Parker,S,M,2011-07-06,miguel.parker@hostinger.com,Jakarta,28463
18859,AW00018859,Olivia,Henderson,M,F,2011-07-06,olivia.henderson@nappa.com,Seoul,47660
18860,AW00018860,Sydney,Foster,M,F,2011-07-06,sydney.foster@winds.com,Jakarta,30796
18861,AW00018861,Ashley,Wood,M,F,2011-07-07,ashley.wood@cappo.com,Jakarta,23387
18862,AW00018862,Luke,Zhang,M,M,2011-07-07,luke.zhang@circles.com,Paris,53794
18863,AW00018863,Charles,Scott,S,M,2011-07-07,charles.scott@hostinger.com,Istanbul,11724
18864,AW00018864,Elijah,Long,M,M,2011-07-07,elijah.long@cappo.com,Berlin,16960
18865,AW00018865,Ashley,Hayes,M,F,2011-07-07,ashley.hayes@circles.com,Singapore,20191
18866,AW00018866,Miguel,Scott,M,M,2011-07-07,miguel.scott@mouse.com,Bangkok,48358
18867,AW00018867,Thomas,Perry,M,M,2011-07-07,thomas.perry@circles.com,Mumbai,24694
18868,AW00018868,Adam,Long,S,M,2011-07-07,adam.long@fountains.com,Shanghai,51053
18869,AW00018869,Ashley,Flores,M,F,2011-07-07,ashley.flores@nappa.com,Shanghai,59819
18870,AW00018870,Ana,Barnes,M,F,2011-07-07,ana.barnes@winds.com,Bangkok,57112
18871,AW00018871,Ruben,Rubio,M,M,2011-07-08,ruben.rubio@towels.com,Madrid,33596
18872,AW00018872,Miguel,Severino,M,M,2011-07-08,miguel.severino@fountains.com,Berlin,15971
18873,AW00018873,Austin,Rodriguez,S,M,2011-07-08,austin.rodriguez@circles.com,Bangkok,35678
18874,AW00018874,Julia,Green,M,F,2011-07-08,julia.green@fountains.com,Berlin,39447
18875,AW00018875,Devin,Watson,M,M,2011-07-08,devin.watson@papers.com,Moscow,30846
18876,AW00018876,Luke,Chen,M,M,2011-07-09,luke.chen@sticks.com,Madrid,35409
18877,AW00018877,Evan,Hall,M,M,2011-07-09,evan.hall@circles.com,Rome,47703
18878,AW00018878,Mallory,Ramos,M,F,2011-07-09,mallory.ramos@cappo.com,Mumbai,49552
18879,AW00018879,Garrett,Morgan,M,M,2011-07-09,garrett.morgan@towels.com,London,58961
18880,AW00018880,Jarrod,Sanchez,M,M,2011-07-09,jarrod.sanchez@cappo.com,Singapore,12956
18881,AW00018881,Kimberly,James,M,F,2011-07-09,kimberly.james@winds.com,Madrid,55251
18882,AW00018882,Dalton,Hayes,M,M,2011-07-10,dalton.hayes@circles.com,Mumbai,18032
18883,AW00018883,Jonathan,Garcia,S,M,2011-07-10,jonathan.garcia@fountains.com,Istanbul,24131
18884,AW00018884,Bryan,Reed,S,M,2011-07-10,bryan.reed@papers.com,Rome,32328
18885,AW00018885,Cara,Ma,S,F,2011-07-10,cara.ma@fountains.com,Berlin,32843
18886,AW00018886,Donald,McDonald,S,M,2011-07-10,donald.mcdonald@winds.com,Mumbai,47719
18887,AW00018887,Kari,Hernandez,S,F,2011-07-10,kari.hernandez@winds.com,Tokyo,56471
18888,AW00018888,Devin,Powell,S,M,2011-07-10,devin.powell@nappa.com,Delhi,13997
18889,AW00018889,Katelyn,Murphy,S,F,2011-07-10,katelyn.murphy@mouse.com,Berlin,56798
18890,AW00018890,Lauren,Blue,M,F,2011-07-10,lauren.blue@nappa.com,Tokyo,34000
18891,AW00018891,Megan,James,M,F,2011-07-10,megan.james@winds.com,Moscow,16856
18892,AW00018892,Chase,Howard,S,M,2011-07-11,chase.howard@circles.com,London,40227
18893,AW00018893,Devin,White,S,M,2011-07-11,devin.white@mouse.com,Moscow,15654
18894,AW00018894,Eric,Allen,S,M,2011-07-11,eric.allen@sticks.com,Rome,52756
18895,AW00018895,Marco,Madan,M,M,2011-07-11,marco.madan@sticks.com,Moscow,46908
18896,AW00018896,Jonathan,Russell,M,M,2011-07-11,jonathan.russell@nappa.com,Shanghai,42011
18897,AW00018897,Russell,Black,M,M,2011-07-11,russell.black@mouse.com,Delhi,53543
18898,AW00018898,Monica,Chandra,S,F,2011-07-11,monica.chandra@sticks.com,Jakarta,57902
18899,AW00018899,Glenn,Liu,M,M,2011-07-11,glenn.liu@hostinger.com,Tokyo,23423
18900,AW00018900,Mathew,Torres,M,M,2011-07-11,mathew.torres@mouse.com,Bangkok,37962
18901,AW00018901,Connor,Shan,S,M,2011-07-11,connor.shan@winds.com,Istanbul,34115
18902,AW00018902,Steve,Chen,M,M,2011-07-11,steve.chen@fountains.com,Mumbai,54579
18903,AW00018903,Louis,Zeng,S,M,2011-07-11,louis.zeng@sticks.com,Tokyo,38873
18904,AW00018904,Emma,Thomas,S,F,2011-07-12,emma.thomas@cappo.com,Rome,38142
18905,AW00018905,Samuel,Adams,S,M,2011-07-12,samuel.adams@cappo.com,Tokyo,17777
18906,AW00018906,Adrienne,Gutierrez,S,F,2011-07-12,adrienne.gutierrez@circles.com,Delhi,12953
18907,AW00018907,Priscilla,Nara,M,F,2011-07-12,priscilla.nara@mouse.com,Seoul,17011
18908,AW00018908,Krystal,Sun,S,F,2011-07-12,krystal.sun@winds.com,Tokyo,20371
18909,AW00018909,Jodi,Chavez,S,F,2011-07-12,jodi.chavez@papers.com,Jakarta,35029
18910,AW00018910,Marco,Perez,S,M,2011-07-12,marco.perez@cappo.com,Shanghai,37064
18911,AW00018911,Elijah,McDonald,S,M,2011-07-13,elijah.mcdonald@papers.com,Rome,22854
18912,AW00018912,Tyler,Williams,M,M,2011-07-13,tyler.williams@circles.com,Mumbai,52655
18913,AW00018913,Jesse,Stewart,M,M,2011-07-13,jesse.stewart@mouse.com,Paris,16214
18914,AW00018914,Felicia,Ruiz,S,F,2011-07-13,felicia.ruiz@nappa.com,Singapore,42732
18915,AW00018915,Sydney,Gonzalez,M,F,2011-07-13,sydney.gonzalez@mouse.com,Istanbul,54919
18916,AW00018916,Christian,Moore,S,M,2011-07-13,christian.moore@cappo.com,Paris,16078
18917,AW00018917,Jonathan,Nelson,M,M,2011-07-13,jonathan.nelson@towels.com,Shanghai,41715
18918,AW00018918,Jacqueline,Ross,M,F,2011-07-14,jacqueline.ross@winds.com,Tokyo,40620
18919,AW00018919,Eduardo,Hernandez,S,M,2011-07-14,eduardo.hernandez@towels.com,Bangkok,23325
18920,AW00018920,Jonathan,Young,S,M,2011-07-14,jonathan.young@papers.com,Shanghai,21977
18921,AW00018921,Rachel,Bailey,S,F,2011-07-14,rachel.bailey@towels.com,Singapore,45787
18922,AW00018922,Madeline,Gonzalez,S,F,2011-07-14,madeline.gonzalez@fountains.com,Delhi,51238
18923,AW00018923,Cassandra,Kapoor,M,F,2011-07-14,cassandra.kapoor@papers.com,Singapore,18552
18924,AW00018924,Rachel,Williams,S,F,2011-07-14,rachel.williams@papers.com,Bangkok,24500
18925,AW00018925,Haley,Griffin,M,F,2011-07-15,haley.griffin@sticks.com,Madrid,44888
18926,AW00018926,Alexandre,Lobao,M,M,2011-07-15,alexandre.lobao@sticks.com,Berlin,40434
18927,AW00018927,Arianna,Cox,S,F,2011-07-15,arianna.cox@towels.com,Jakarta,46254
18928,AW00018928,Carmen,Prasad,M,F,2011-07-15,carmen.prasad@mouse.com,Delhi,47446
18929,AW00018929,Donald,Garcia,S,M,2011-07-15,donald.garcia@cappo.com,Istanbul,40093
18930,AW00018930,Katelyn,Richardson,S,F,2011-07-15,katelyn.richardson@circles.com,Paris,41614
18931,AW00018931,Rosa,She,M,F,2011-07-15,rosa.she@circles.com,Singapore,49868
18932,AW00018932,Carl,Chande,M,M,2011-07-15,carl.chande@fountains.com,Rome,59511
18933,AW00018933,Kelli,Huang,S,F,2011-07-15,kelli.huang@fountains.com,Paris,11136
18934,AW00018934,Jeremiah,Moore,S,M,2011-07-15,jeremiah.moore@sticks.com,Rome,30107
18935,AW00018935,Jasmine,Jenkins,M,F,2011-07-16,jasmine.jenkins@hostinger.com,Moscow,10431
18936,AW00018936,Morgan,Collins,S,F,2011-07-16,morgan.collins@sticks.com,Madrid,20200
18937,AW00018937,Ian,Reed,S,M,2011-07-16,ian.reed@hostinger.com,Madrid,20347
18938,AW00018938,Lucas,Lopez,M,M,2011-07-16,lucas.lopez@mouse.com,Shanghai,30925
18939,AW00018939,Hunter,McDonald,S,M,2011-07-16,hunter.mcdonald@sticks.com,Tokyo,55549
18940,AW00018940,Seth,Bell,M,M,2011-07-16,seth.bell@nappa.com,Rome,55112
18941,AW00018941,Philip,Torres,M,M,2011-07-16,philip.torres@papers.com,Rome,15060
18942,AW00018942,Billy,Ortega,M,M,2011-07-17,billy.ortega@fountains.com,Madrid,30347
18943,AW00018943,Kaitlyn,Hall,S,F,2011-07-17,kaitlyn.hall@hostinger.com,Rome,17772
18944,AW00018944,Marcus,Taylor,S,M,2011-07-17,marcus.taylor@cappo.com,Seoul,27220
18945,AW00018945,Marcus,Cox,M,M,2011-07-17,marcus.cox@fountains.com,Berlin,36117
18946,AW00018946,Brandon,Simmons,M,M,2011-07-17,brandon.simmons@winds.com,Paris,14142
18947,AW00018947,Devin,Bryant,S,M,2011-07-17,devin.bryant@winds.com,Singapore,15323
18948,AW00018948,Sydney,Bailey,M,F,2011-07-17,sydney.bailey@winds.com,London,16411
18949,AW00018949,Jackson,Hall,S,M,2011-07-17,jackson.hall@papers.com,Berlin,42740
18950,AW00018950,Lauren,Alexander,S,F,2011-07-17,lauren.alexander@nappa.com,Delhi,18745
18951,AW00018951,Dalton,Jones,S,M,2011-07-17,dalton.jones@sticks.com,Delhi,47128
18952,AW00018952,Chloe,Hernandez,M,F,2011-07-17,chloe.hernandez@towels.com,Moscow,34218
18953,AW00018953,Mya,Patterson,S,F,2011-07-17,mya.patterson@sticks.com,Mumbai,28702
18954,AW00018954,Dalton,Young,S,M,2011-07-17,dalton.young@nappa.com,Rome,24758
18955,AW00018955,Justin,Jones,S,M,2011-07-17,justin.jones@hostinger.com,Rome,58914
18956,AW00018956,Sara,Howard,S,F,2011-07-17,sara.howard@fountains.com,Tokyo,24719
18957,AW00018957,Mackenzie,Lopez,S,F,2011-07-18,mackenzie.lopez@cappo.com,Madrid,50892
18958,AW00018958,Natalie,Sanchez,S,F,2011-07-18,natalie.sanchez@sticks.com,Paris,29431
18959,AW00018959,Seth,Morris,S,M,2011-07-18,seth.morris@papers.com,Moscow,33530
18960,AW00018960,Marcus,Johnson,S,M,2011-07-18,marcus.johnson@fountains.com,Delhi,49772
18961,AW00018961,Jeremiah,Henderson,S,M,2011-07-18,jeremiah.henderson@hostinger.com,Tokyo,18238
18962,AW00018962,Seth,Parker,M,M,2011-07-18,seth.parker@nappa.com,Rome,41326
18963,AW00018963,Amber,Collins,M,F,2011-07-18,amber.collins@nappa.com,Bangkok,22351
18964,AW00018964,Thomas,Gonzalez,S,M,2011-07-18,thomas.gonzalez@cappo.com,Berlin,49526
18965,AW00018965,Richard,Turner,M,M,2011-07-18,richard.turner@mouse.com,Rome,25819
18966,AW00018966,Carly,Rai,M,F,2011-07-18,carly.rai@nappa.com,Istanbul,44043
18967,AW00018967,Xavier,Clark,M,M,2011-07-18,xavier.clark@sticks.com,Paris,17640
18968,AW00018968,Isaiah,Lopez,M,M,2011-07-19,isaiah.lopez@papers.com,Delhi,32261
18969,AW00018969,Anna,Cox,M,F,2011-07-19,anna.cox@fountains.com,Tokyo,12733
18970,AW00018970,Jason,Roberts,M,M,2011-07-19,jason.roberts@mouse.com,Moscow,23614
18971,AW00018971,Wyatt,Moore,M,M,2011-07-19,wyatt.moore@circles.com,Madrid,59292
18972,AW00018972,Benjamin,Butler,M,M,2011-07-20,benjamin.butler@sticks.com,Jakarta,44413
18973,AW00018973,Kate,Yuan,M,F,2011-07-20,kate.yuan@papers.com,Mumbai,23952
18974,AW00018974,James,Rodriguez,M,M,2011-07-20,james.rodriguez@mouse.com,Rome,35625
18975,AW00018975,Samuel,Bryant,M,M,2011-07-20,samuel.bryant@fountains.com,Tokyo,28043
18976,AW00018976,Garrett,Howard,S,M,2011-07-21,garrett.howard@fountains.com,Istanbul,38578
18977,AW00018977,Jackson,Wang,M,M,2011-07-21,jackson.wang@papers.com,Seoul,53795
18978,AW00018978,Isaiah,Morgan,M,M,2011-07-21,isaiah.morgan@hostinger.com,London,55662
18979,AW00018979,Noah,Taylor,M,M,2011-07-21,noah.taylor@cappo.com,Madrid,31150
18980,AW00018980,Sophia,Hernandez,M,F,2011-07-21,sophia.hernandez@circles.com,Shanghai,56424
18981,AW00018981,Savannah,Watson,M,F,2011-07-21,savannah.watson@hostinger.com,Mumbai,39857
18982,AW00018982,Kyle,Baker,S,M,2011-07-21,kyle.baker@circles.com,Rome,29987
18983,AW00018983,Destiny,Price,M,F,2011-07-21,destiny.price@towels.com,Moscow,13939
18984,AW00018984,Shelby,Rivera,S,F,2011-07-21,shelby.rivera@papers.com,Shanghai,15963
18985,AW00018985,Paige,Bailey,M,F,2011-07-21,paige.bailey@towels.com,Paris,10063
18986,AW00018986,Robert,Roberts,S,M,2011-07-22,robert.roberts@nappa.com,Delhi,44600
18987,AW00018987,Hunter,Adams,M,M,2011-07-22,hunter.adams@towels.com,Delhi,35134
18988,AW00018988,Courtney,Baker,S,F,2011-07-22,courtney.baker@towels.com,Jakarta,23624
18989,AW00018989,Cindy,Suri,M,F,2011-07-22,cindy.suri@cappo.com,Istanbul,10379
18990,AW00018990,Amanda,Henderson,M,F,2011-07-22,amanda.henderson@nappa.com,London,37866
18991,AW00018991,Evan,Cook,M,M,2011-07-22,evan.cook@hostinger.com,Singapore,46234
18992,AW00018992,David,Perry,M,M,2011-07-22,david.perry@hostinger.com,Shanghai,12042
18993,AW00018993,Kevin,Ross,M,M,2011-07-22,kevin.ross@nappa.com,Rome,40840
18994,AW00018994,Jackson,Allen,M,M,2011-07-22,jackson.allen@papers.com,Singapore,23959
18995,AW00018995,Melissa,Gray,S,F,2011-07-23,melissa.gray@mouse.com,Bangkok,50974
18996,AW00018996,Katherine,Turner,M,F,2011-07-23,katherine.turner@winds.com,Singapore,38960
18997,AW00018997,Eric,King,M,M,2011-07-23,eric.king@cappo.com,Istanbul,56659
18998,AW00018998,Aidan,Bennett,M,M,2011-07-23,aidan.bennett@mouse.com,Singapore,49811
18999,AW00018999,Mackenzie,Watson,M,F,2011-07-23,mackenzie.watson@circles.com,Delhi,32416
19000,AW00019000,Makayla,Blue,M,F,2011-07-23,makayla.blue@papers.com,Istanbul,35474
19001,AW00019001,Fernando,Brown,M,M,2011-07-23,fernando.brown@mouse.com,Madrid,17904
19002,AW00019002,Alexis,Thompson,M,F,2011-07-24,alexis.thompson@fountains.com,Mumbai,11659
19003,AW00019003,Jared,Stewart,M,M,2011-07-24,jared.stewart@papers.com,Delhi,50080
19004,AW00019004,Ian,Rogers,M,M,2011-07-24,ian.rogers@fountains.com,Moscow,13751
19005,AW00019005,Lauren,Peterson,S,F,2011-07-24,lauren.peterson@nappa.com,Shanghai,38589
19006,AW00019006,Leslie,Martin,M,F,2011-07-24,leslie.martin@nappa.com,Delhi,15616
19007,AW00019007,Mackenzie,Sanchez,M,F,2011-07-24,mackenzie.sanchez@fountains.com,Singapore,33610
19008,AW00019008,Hailey,Murphy,S,F,2011-07-24,hailey.murphy@sticks.com,Singapore,53777
19009,AW00019009,Arianna,Watson,M,F,2011-07-24,arianna.watson@circles.com,Paris,34058
19010,AW00019010,Naomi,Ortega,M,F,2011-07-24,naomi.ortega@towels.com,Delhi,24409
19011,AW00019011,Maria,Cook,M,F,2011-07-24,maria.cook@circles.com,Istanbul,27812
19012,AW00019012,Oscar,Bryant,M,M,2011-07-24,oscar.bryant@circles.com,Bangkok,52011
19013,AW00019013,Amanda,Phillips,S,F,2011-07-24,amanda.phillips@winds.com,Shanghai,17798
19014,AW00019014,Jonathan,Hernandez,M,M,2011-07-24,jonathan.hernandez@nappa.com,Paris,42462
19015,AW00019015,Thomas,Griffin,M,M,2011-07-25,thomas.griffin@mouse.com,Shanghai,11002
19016,AW00019016,Sierra,Wright,M,F,2011-07-25,sierra.wright@circles.com,Berlin,45667
19017,AW00019017,Zoe,Brooks,M,F,2011-07-25,zoe.brooks@circles.com,Shanghai,39655
19018,AW00019018,Nicole,Gray,M,F,2011-07-25,nicole.gray@towels.com,Delhi,36376
19019,AW00019019,Jackson,Gonzales,M,M,2011-07-25,jackson.gonzales@nappa.com,Seoul,43418
19020,AW00019020,Jack,Flores,S,M,2011-07-25,jack.flores@cappo.com,Moscow,58276
19021,AW00019021,Melissa,Russell,S,F,2011-07-25,melissa.russell@sticks.com,Paris,44785
19022,AW00019022,Samantha,Wood,M,F,2011-07-25,samantha.wood@papers.com,Bangkok,33855
19023,AW00019023,Arianna,Powell,M,F,2011-07-26,arianna.powell@nappa.com,Paris,41828
19024,AW00019024,Dalton,Russell,S,M,2011-07-26,dalton.russell@mouse.com,Shanghai,11232
19025,AW00019025,Aaron,Roberts,S,M,2011-07-26,aaron.roberts@nappa.com,Madrid,23780
19026,AW00019026,Logan,Hayes,S,M,2011-07-26,logan.hayes@mouse.com,Jakarta,57832
19027,AW00019027,Mayra,Madan,S,F,2011-07-26,mayra.madan@mouse.com,Singapore,48309
19028,AW00019028,Cedric,Wang,M,M,2011-07-27,cedric.wang@papers.com,Mumbai,44211
19029,AW00019029,Alicia,Andersen,M,F,2011-07-27,alicia.andersen@fountains.com,Mumbai,50017
19030,AW00019030,Marco,Arun,M,M,2011-07-27,marco.arun@towels.com,Tokyo,33813
19031,AW00019031,Regina,Perez,M,F,2011-07-27,regina.perez@towels.com,Berlin,12470
19032,AW00019032,Katrina,Andersen,S,F,2011-07-27,katrina.andersen@towels.com,Delhi,35129
19033,AW00019033,Omar,Lin,S,M,2011-07-27,omar.lin@sticks.com,Paris,44190
19034,AW00019034,Tabitha,Diaz,S,F,2011-07-27,tabitha.diaz@mouse.com,Shanghai,53156
19035,AW00019035,Stanley,Schmidt,M,M,2011-07-27,stanley.schmidt@cappo.com,Mumbai,51838
19036,AW00019036,Allen,Rana,M,M,2011-07-27,allen.rana@towels.com,Mumbai,59679
19037,AW00019037,Marshall,Chen,M,M,2011-07-28,marshall.chen@sticks.com,Singapore,57808
19038,AW00019038,Joe,Patel,S,M,2011-07-28,joe.patel@mouse.com,Seoul,43019
19039,AW00019039,Melvin,Pal,M,M,2011-07-28,melvin.pal@mouse.com,London,20521
19040,AW00019040,Eugene,Sun,M,M,2011-07-28,eugene.sun@fountains.com,Berlin,14483
19041,AW00019041,Autumn,Zheng,S,F,2011-07-28,autumn.zheng@sticks.com,Moscow,19832
19042,AW00019042,Ronnie,Cai,M,M,2011-07-28,ronnie.cai@winds.com,Paris,45113
19043,AW00019043,Jessica,Jones,M,F,2011-07-28,jessica.jones@fountains.com,Rome,53037
19044,AW00019044,Cesar,Rana,M,M,2011-07-28,cesar.rana@fountains.com,Paris,36545
19045,AW00019045,Ross,Rodriguez,S,M,2011-07-28,ross.rodriguez@towels.com,Shanghai,51427
19046,AW00019046,Shawna,Raje,M,F,2011-07-29,shawna.raje@hostinger.com,Jakarta,35995
19047,AW00019047,Sydney,Walker,M,F,2011-07-29,sydney.walker@winds.com,Paris,29840
19048,AW00019048,Bryant,Raman,M,M,2011-07-29,bryant.raman@hostinger.com,Bangkok,40813
19049,AW00019049,Craig,Gutierrez,M,M,2011-07-29,craig.gutierrez@circles.com,London,36945
19050,AW00019050,Joel,Chapman,M,M,2011-07-29,joel.chapman@cappo.com,Seoul,27837
19051,AW00019051,Taylor,Henderson,S,F,2011-07-29,taylor.henderson@towels.com,Rome,45335
19052,AW00019052,Kristi,Kapoor,M,F,2011-07-29,kristi.kapoor@sticks.com,Singapore,55136
19053,AW00019053,Gerald,Jordan,S,M,2011-07-29,gerald.jordan@cappo.com,Moscow,50645
19054,AW00019054,Arthur,Alonso,S,M,2011-07-29,arthur.alonso@cappo.com,Seoul,43609
19055,AW00019055,Garrett,Bailey,M,M,2011-07-29,garrett.bailey@nappa.com,Delhi,47119
19056,AW00019056,Carla,Van,M,F,2011-07-30,carla.van@papers.com,London,10739
19057,AW00019057,Joanna,Ramos,M,F,2011-07-30,joanna.ramos@papers.com,Berlin,49503
19058,AW00019058,Shawn,Goel,M,M,2011-07-30,shawn.goel@nappa.com,Shanghai,50286
19059,AW00019059,George,Rodriguez,M,M,2011-07-30,george.rodriguez@nappa.com,Delhi,58100
19060,AW00019060,Stephanie,Stone,M,F,2011-07-30,stephanie.stone@hostinger.com,Mumbai,33358
19061,AW00019061,Heather,Gao,S,F,2011-07-30,heather.gao@circles.com,Istanbul,50708
19062,AW00019062,Erica,Zhou,M,F,2011-07-30,erica.zhou@winds.com,Seoul,55984
19063,AW00019063,Gabrielle,Kelly,M,F,2011-07-30,gabrielle.kelly@fountains.com,Bangkok,37899
19064,AW00019064,Veronica,Madan,M,F,2011-07-30,veronica.madan@towels.com,Singapore,42990
19065,AW00019065,Michele,Arun,M,F,2011-07-30,michele.arun@fountains.com,Mumbai,42032
19066,AW00019066,Dylan,Sharma,M,M,2011-07-30,dylan.sharma@cappo.com,Moscow,47216
19067,AW00019067,Misty,Luo,M,F,2011-07-30,misty.luo@mouse.com,Madrid,59657
19068,AW00019068,Alma,Son,M,F,2011-07-30,alma.son@circles.com,Istanbul,52127
19069,AW00019069,Thomas,Hall,M,M,2011-07-31,thomas.hall@circles.com,Moscow,35275
19070,AW00019070,Kristopher,Garcia,M,M,2011-07-31,kristopher.garcia@papers.com,Tokyo,36926
19071,AW00019071,Joe,Jimenez,M,M,2011-07-31,joe.jimenez@circles.com,Mumbai,47173
19072,AW00019072,Tamara,Lu,M,F,2011-07-31,tamara.lu@towels.com,Paris,16077
19073,AW00019073,Lolan,Song,M,M,2011-07-31,lolan.song@circles.com,Delhi,40254
19074,AW00019074,Colleen,Shen,M,F,2011-07-31,colleen.shen@fountains.com,Madrid,54921
19075,AW00019075,Brent,Wu,M,M,2011-07-31,brent.wu@circles.com,Jakarta,14720
19076,AW00019076,Jaclyn,Pal,M,F,2011-08-01,jaclyn.pal@papers.com,Jakarta,12750
19077,AW00019077,Pedro,Prasad,M,M,2011-08-01,pedro.prasad@fountains.com,Delhi,45136
19078,AW00019078,Misty,She,S,F,2011-08-01,misty.she@winds.com,Seoul,55547
19079,AW00019079,Brett,Lopez,M,M,2011-08-01,brett.lopez@nappa.com,Madrid,17351
19080,AW00019080,Ross,Vance,S,M,2011-08-01,ross.vance@fountains.com,Berlin,20797
19081,AW00019081,Leslie,Rubio,M,F,2011-08-01,leslie.rubio@circles.com,Madrid,18513
19082,AW00019082,Alvin,Zhang,M,M,2011-08-01,alvin.zhang@cappo.com,Moscow,44649
19083,AW00019083,Steven,Rivera,S,M,2011-08-01,steven.rivera@mouse.com,Seoul,19520
19084,AW00019084,Colleen,Raje,S,F,2011-08-01,colleen.raje@winds.com,Seoul,57309
19085,AW00019085,Shawna,Kumar,M,F,2011-08-01,shawna.kumar@cappo.com,Moscow,40471
19086,AW00019086,Tommy,Chander,S,M,2011-08-01,tommy.chander@cappo.com,Rome,47647
19087,AW00019087,Erica,Gao,M,F,2011-08-01,erica.gao@towels.com,Jakarta,36508
19088,AW00019088,Rafael,Kumar,S,M,2011-08-01,rafael.kumar@hostinger.com,Seoul,48437
19089,AW00019089,Regina,Arthur,S,F,2011-08-01,regina.arthur@winds.com,Madrid,59641
19090,AW00019090,Marshall,Chander,S,M,2011-08-01,marshall.chander@fountains.com,Shanghai,52746
19091,AW00019091,Warren,Yuan,S,M,2011-08-02,warren.yuan@circles.com,Seoul,47382
19092,AW00019092,Eric,Gonzalez,S,M,2011-08-02,eric.gonzalez@towels.com,Paris,42129
19093,AW00019093,Tara,Ashe,S,F,2011-08-02,tara.ashe@fountains.com,Moscow,51035
19094,AW00019094,Todd,Yang,S,M,2011-08-02,todd.yang@hostinger.com,Shanghai,46241
19095,AW00019095,Meredith,Martinez,S,F,2011-08-02,meredith.martinez@hostinger.com,Istanbul,30438
19096,AW00019096,Douglas,Suri,S,M,2011-08-02,douglas.suri@mouse.com,Tokyo,55039
19097,AW00019097,Mindy,Pal,S,F,2011-08-03,mindy.pal@towels.com,Bangkok,54471
19098,AW00019098,Xavier,Evans,M,M,2011-08-03,xavier.evans@papers.com,Mumbai,40910
19099,AW00019099,Sheena,Deng,M,F,2011-08-03,sheena.deng@cappo.com,Paris,16701
19100,AW00019100,Bradley,Rai,M,M,2011-08-03,bradley.rai@fountains.com,Berlin,42946
19101,AW00019101,Susan,Cai,S,F,2011-08-03,susan.cai@circles.com,Berlin,47893
19102,AW00019102,Claudia,Ye,S,F,2011-08-03,claudia.ye@circles.com,Jakarta,50764
19103,AW00019103,Johnathan,Raman,M,M,2011-08-03,johnathan.raman@nappa.com,London,25483
19104,AW00019104,Mariah,James,M,F,2011-08-03,mariah.james@sticks.com,Istanbul,45419
19105,AW00019105,Stacy,Dominguez,S,F,2011-08-04,stacy.dominguez@nappa.com,Singapore,18414
19106,AW00019106,Terrance,Sai,M,M,2011-08-04,terrance.sai@cappo.com,Berlin,16361
19107,AW00019107,Franklin,Liu,M,M,2011-08-04,franklin.liu@nappa.com,Delhi,21978
19108,AW00019108,Haley,Stewart,S,F,2011-08-04,haley.stewart@sticks.com,Mumbai,59413
19109,AW00019109,Jade,Brooks,M,F,2011-08-04,jade.brooks@cappo.com,Delhi,16394
19110,AW00019110,Jesse,Kelly,M,M,2011-08-04,jesse.kelly@papers.com,Bangkok,31194
19111,AW00019111,Mariah,Kelly,M,F,2011-08-04,mariah.kelly@hostinger.com,Paris,53872
19112,AW00019112,Victoria,Hughes,M,F,2011-08-04,victoria.hughes@hostinger.com,Mumbai,51036
19113,AW00019113,Aaron,Patterson,M,M,2011-08-05,aaron.patterson@mouse.com,Delhi,35826
19114,AW00019114,Natalie,Richardson,M,F,2011-08-05,natalie.richardson@hostinger.com,Seoul,49740
19115,AW00019115,Bailey,Sanchez,M,F,2011-08-05,bailey.sanchez@towels.com,Madrid,32827
19116,AW00019116,Logan,Alexander,S,M,2011-08-05,logan.alexander@hostinger.com,Singapore,51286
19117,AW00019117,Kaitlyn,Coleman,S,F,2011-08-05,kaitlyn.coleman@cappo.com,Tokyo,57486
19118,AW00019118,Ian,Thomas,M,M,2011-08-05,ian.thomas@mouse.com,Delhi,45725
19119,AW00019119,Connor,Simmons,M,M,2011-08-05,connor.simmons@circles.com,Shanghai,59752
19120,AW00019120,Caleb,Sharma,M,M,2011-08-06,caleb.sharma@circles.com,Madrid,49689
19121,AW00019121,Kaitlyn,Blue,M,F,2011-08-06,kaitlyn.blue@sticks.com,Paris,41075
19122,AW00019122,Abigail,Hughes,S,F,2011-08-06,abigail.hughes@mouse.com,Singapore,50019
19123,AW00019123,Emma,Washington,M,F,2011-08-06,emma.washington@cappo.com,London,21114
19124,AW00019124,Cody,Bailey,M,M,2011-08-06,cody.bailey@circles.com,Rome,42448
19125,AW00019125,Cameron,Russell,S,M,2011-08-06,cameron.russell@nappa.com,London,30131
19126,AW00019126,Kristopher,Kapoor,M,M,2011-08-06,kristopher.kapoor@fountains.com,Berlin,24749
19127,AW00019127,Alexa,Sanchez,S,F,2011-08-06,alexa.sanchez@fountains.com,London,46117
19128,AW00019128,Madison,Jackson,M,F,2011-08-06,madison.jackson@winds.com,Seoul,51142
19129,AW00019129,Carson,Simmons,M,M,2011-08-06,carson.simmons@fountains.com,Madrid,18625
19130,AW00019130,Madeline,Baker,M,F,2011-08-06,madeline.baker@cappo.com,Rome,19921
19131,AW00019131,Mason,Blue,S,M,2011-08-07,mason.blue@towels.com,London,46829
19132,AW00019132,Benjamin,Washington,S,M,2011-08-07,benjamin.washington@nappa.com,Singapore,34847
19133,AW00019133,Logan,Martinez,S,M,2011-08-07,logan.martinez@circles.com,Moscow,17031
19134,AW00019134,Sierra,Allen,S,F,2011-08-07,sierra.allen@sticks.com,London,46083
19135,AW00019135,Logan,Brown,M,M,2011-08-07,logan.brown@towels.com,Moscow,26405
19136,AW00019136,Richard,Cook,M,M,2011-08-07,richard.cook@winds.com,Paris,13476
19137,AW00019137,Eric,Russell,S,M,2011-08-07,eric.russell@hostinger.com,Jakarta,38526
19138,AW00019138,Eric,Coleman,M,M,2011-08-07,eric.coleman@cappo.com,Jakarta,35629
19139,AW00019139,Oscar,Simmons,M,M,2011-08-07,oscar.simmons@mouse.com,Paris,14984
19140,AW00019140,Melanie,Rogers,S,F,2011-08-07,melanie.rogers@winds.com,Seoul,25917
19141,AW00019141,Samuel,Martinez,S,M,2011-08-07,samuel.martinez@sticks.com,Bangkok,54230
19142,AW00019142,Dalton,Washington,M,M,2011-08-07,dalton.washington@hostinger.com,Shanghai,28473
19143,AW00019143,Lauren,Long,S,F,2011-08-07,lauren.long@cappo.com,Jakarta,39583
19144,AW00019144,Edwin,He,S,M,2011-08-07,edwin.he@nappa.com,London,39423
19145,AW00019145,Adriana,Malhotra,M,F,2011-08-07,adriana.malhotra@winds.com,Madrid,50266
19146,AW00019146,Mariah,Morgan,S,F,2011-08-07,mariah.morgan@fountains.com,Paris,55875
19147,AW00019147,Edward,Thomas,M,M,2011-08-07,edward.thomas@mouse.com,Rome,56581
19148,AW00019148,Cody,Ramirez,S,M,2011-08-07,cody.ramirez@circles.com,Delhi,42069
19149,AW00019149,Sean,Parker,S,M,2011-08-08,sean.parker@sticks.com,Bangkok,49018
19150,AW00019150,Maria,Bailey,M,F,2011-08-08,maria.bailey@papers.com,Singapore,30877
19151,AW00019151,Ian,Cooper,S,M,2011-08-08,ian.cooper@hostinger.com,London,10803
19152,AW00019152,Jonathan,Walker,M,M,2011-08-08,jonathan.walker@winds.com,Delhi,35485
19153,AW00019153,Dylan,Griffin,M,M,2011-08-08,dylan.griffin@towels.com,Tokyo,28129
19154,AW00019154,William,Sotelo,M,F,2011-08-08,william.sotelo@hostinger.com,Jakarta,35065
19155,AW00019155,Caroline,Flores,M,F,2011-08-09,caroline.flores@circles.com,Istanbul,51977
19156,AW00019156,Julia,Jenkins,S,F,2011-08-09,julia.jenkins@fountains.com,London,38104
19157,AW00019157,Eduardo,Thompson,S,M,2011-08-09,eduardo.thompson@towels.com,Bangkok,22668
19158,AW00019158,Destiny,Griffin,S,F,2011-08-09,destiny.griffin@hostinger.com,Rome,33964
19159,AW00019159,Richard,Gonzalez,M,M,2011-08-09,richard.gonzalez@winds.com,Delhi,43686
19160,AW00019160,Sara,Perez,S,F,2011-08-10,sara.perez@cappo.com,Moscow,10251
19161,AW00019161,Jeremiah,Hughes,S,M,2011-08-10,jeremiah.hughes@hostinger.com,Singapore,34102
19162,AW00019162,Peter,Raji,M,M,2011-08-10,peter.raji@towels.com,Seoul,13885
19163,AW00019163,Riley,Bailey,M,F,2011-08-10,riley.bailey@sticks.com,Rome,25299
19164,AW00019164,Danielle,Morgan,S,F,2011-08-10,danielle.morgan@papers.com,Singapore,31677
19165,AW00019165,Miranda,Russell,S,F,2011-08-10,miranda.russell@hostinger.com,Bangkok,51581
19166,AW00019166,Olivia,Jenkins,S,F,2011-08-10,olivia.jenkins@cappo.com,Jakarta,36869
19167,AW00019167,Caitlin,Morgan,S,F,2011-08-10,caitlin.morgan@fountains.com,Rome,28173
19168,AW00019168,Nathan,Kumar,S,M,2011-08-10,nathan.kumar@cappo.com,Seoul,17184
19169,AW00019169,Arianna,Bryant,S,F,2011-08-10,arianna.bryant@hostinger.com,London,16487
19170,AW00019170,Luis,Campbell,S,M,2011-08-10,luis.campbell@mouse.com,Jakarta,13230
19171,AW00019171,Melanie,Torres,M,F,2011-08-10,melanie.torres@mouse.com,Bangkok,35561
19172,AW00019172,Calvin,Luo,M,M,2011-08-10,calvin.luo@papers.com,Mumbai,55236
19173,AW00019173,Kelli,Lal,M,F,2011-08-10,kelli.lal@cappo.com,Mumbai,11001
19174,AW00019174,Katelyn,Howard,S,F,2011-08-10,katelyn.howard@cappo.com,Shanghai,24594
19175,AW00019175,Wayne,Sharma,S,M,2011-08-10,wayne.sharma@nappa.com,Singapore,20721
19176,AW00019176,Ebony,Vazquez,S,F,2011-08-10,ebony.vazquez@towels.com,Rome,44601
19177,AW00019177,Donna,Chander,M,F,2011-08-11,donna.chander@fountains.com,Singapore,28110
19178,AW00019178,Sarah,Miller,S,F,2011-08-11,sarah.miller@nappa.com,Berlin,50535
19179,AW00019179,Gloria,Sanz,S,F,2011-08-11,gloria.sanz@fountains.com,Paris,46708
19180,AW00019180,Joan,Navarro,S,F,2011-08-11,joan.navarro@winds.com,Jakarta,53034
19181,AW00019181,Chad,Pal,S,M,2011-08-11,chad.pal@papers.com,Madrid,37074
19182,AW00019182,Lance,Dominguez,S,M,2011-08-11,lance.dominguez@cappo.com,Mumbai,18500
19183,AW00019183,Edwin,Raje,S,M,2011-08-11,edwin.raje@hostinger.com,Madrid,19450
19184,AW00019184,Emily,Hayes,S,F,2011-08-11,emily.hayes@winds.com,Mumbai,53309
19185,AW00019185,Jacqueline,Bradley,S,F,2011-08-11,jacqueline.bradley@hostinger.com,Rome,36473
19186,AW00019186,Bob,Garcia,M,M,2011-08-11,bob.garcia@winds.com,Berlin,19297
19187,AW00019187,Karl,Pal,S,M,2011-08-11,karl.pal@nappa.com,Paris,35314
19188,AW00019188,Dalton,Anderson,S,M,2011-08-11,dalton.anderson@sticks.com,Istanbul,31809
19189,AW00019189,Morgan,Price,S,F,2011-08-11,morgan.price@mouse.com,Rome,30978
19190,AW00019190,Carl,Shen,S,M,2011-08-11,carl.shen@winds.com,Delhi,39291
19191,AW00019191,Keith,Chande,S,M,2011-08-12,keith.chande@towels.com,Istanbul,12869
19192,AW00019192,Erika,Ruiz,S,F,2011-08-12,erika.ruiz@nappa.com,Seoul,28996
19193,AW00019193,Omar,Lal,S,M,2011-08-12,omar.lal@towels.com,Rome,53763
19194,AW00019194,Cesar,Garcia,S,M,2011-08-12,cesar.garcia@sticks.com,Jakarta,11326
19195,AW00019195,Darren,Romero,S,M,2011-08-12,darren.romero@sticks.com,Bangkok,24712
19196,AW00019196,April,She,S,F,2011-08-12,april.she@cappo.com,Tokyo,57767
19197,AW00019197,Briana,Sandoval,S,F,2011-08-12,briana.sandoval@sticks.com,Rome,20127
19198,AW00019198,Melissa,Brooks,S,F,2011-08-12,melissa.brooks@cappo.com,Seoul,26223
19199,AW00019199,David,Williams,S,M,2011-08-12,david.williams@cappo.com,Bangkok,51443
19200,AW00019200,Luke,Henderson,M,M,2011-08-12,luke.henderson@circles.com,Istanbul,19412
19201,AW00019201,Charles,Brooks,M,M,2011-08-12,charles.brooks@winds.com,London,17791
19202,AW00019202,Brianna,Lee,M,F,2011-08-12,brianna.lee@nappa.com,London,11144
19203,AW00019203,Darren,Navarro,S,M,2011-08-12,darren.navarro@towels.com,London,23297
19204,AW00019204,Sydney,Evans,S,F,2011-08-13,sydney.evans@papers.com,Mumbai,52775
19205,AW00019205,James,Perry,M,M,2011-08-13,james.perry@fountains.com,Paris,27320
19206,AW00019206,Destiny,Cooper,M,F,2011-08-13,destiny.cooper@sticks.com,Tokyo,25680
19207,AW00019207,Jeremiah,Turner,M,M,2011-08-13,jeremiah.turner@sticks.com,Mumbai,17333
19208,AW00019208,Angelica,Diaz,M,F,2011-08-13,angelica.diaz@mouse.com,Shanghai,25589
19209,AW00019209,Alexandra,Nelson,M,F,2011-08-13,alexandra.nelson@sticks.com,Bangkok,48383
19210,AW00019210,Alexis,Price,M,F,2011-08-14,alexis.price@hostinger.com,Mumbai,27189
19211,AW00019211,Anna,Lee,M,F,2011-08-14,anna.lee@fountains.com,Bangkok,23604
19212,AW00019212,Brianna,Clark,M,F,2011-08-14,brianna.clark@nappa.com,Mumbai,40694
19213,AW00019213,Amanda,Simmons,M,F,2011-08-14,amanda.simmons@sticks.com,Tokyo,17565
19214,AW00019214,Cassidy,Powell,S,F,2011-08-14,cassidy.powell@circles.com,Berlin,27731
19215,AW00019215,Edward,Hall,S,M,2011-08-14,edward.hall@sticks.com,Delhi,30665
19216,AW00019216,Gabriel,Lopez,S,M,2011-08-15,gabriel.lopez@sticks.com,Paris,11403
19217,AW00019217,Jose,Nelson,M,M,2011-08-15,jose.nelson@fountains.com,Mumbai,42981
19218,AW00019218,Nathaniel,Brooks,M,M,2011-08-15,nathaniel.brooks@papers.com,Singapore,13342
19219,AW00019219,Mary,Peterson,M,F,2011-08-15,mary.peterson@circles.com,Mumbai,50138
19220,AW00019220,Mariah,Sanchez,M,F,2011-08-15,mariah.sanchez@towels.com,Jakarta,37553
19221,AW00019221,Kaitlyn,Williams,M,F,2011-08-15,kaitlyn.williams@towels.com,Shanghai,20422
19222,AW00019222,Jordan,Hall,M,M,2011-08-15,jordan.hall@hostinger.com,Jakarta,55082
19223,AW00019223,Jacqueline,Cook,M,F,2011-08-15,jacqueline.cook@nappa.com,Delhi,19456
19224,AW00019224,Stephanie,Henderson,M,F,2011-08-15,stephanie.henderson@sticks.com,Bangkok,48170
19225,AW00019225,Jeremy,Watson,M,M,2011-08-15,jeremy.watson@sticks.com,London,29216
19226,AW00019226,Neil,Carlson,M,M,2011-08-15,neil.carlson@towels.com,Moscow,11668
19227,AW00019227,Logan,Nelson,M,M,2011-08-16,logan.nelson@towels.com,Madrid,17882
19228,AW00019228,Morgan,Ramirez,M,F,2011-08-16,morgan.ramirez@hostinger.com,Rome,22044
19229,AW00019229,David,Robinson,S,M,2011-08-16,david.robinson@winds.com,Shanghai,43362
19230,AW00019230,Joy,Moreno,M,F,2011-08-16,joy.moreno@papers.com,Moscow,18354
19231,AW00019231,Meghan,Gill,M,F,2011-08-16,meghan.gill@nappa.com,Shanghai,50140
19232,AW00019232,Candice,Chow,S,F,2011-08-16,candice.chow@nappa.com,Jakarta,57162
19233,AW00019233,Omar,Andersen,M,M,2011-08-16,omar.andersen@nappa.com,Moscow,44348
19234,AW00019234,Micah,Zheng,S,M,2011-08-17,micah.zheng@towels.com,Singapore,34706
19235,AW00019235,Kayla,Bennett,M,F,2011-08-17,kayla.bennett@towels.com,Delhi,51530
19236,AW00019236,Chloe,Phillips,M,F,2011-08-17,chloe.phillips@mouse.com,Jakarta,39826
19237,AW00019237,Kristy,Gomez,M,F,2011-08-17,kristy.gomez@cappo.com,Istanbul,37508
19238,AW00019238,Isabella,West,M,F,2011-08-17,isabella.west@nappa.com,Jakarta,19652
19239,AW00019239,Jeremy,Alexander,M,M,2011-08-17,jeremy.alexander@cappo.com,Mumbai,56457
19240,AW00019240,Theresa,Jimenez,M,F,2011-08-17,theresa.jimenez@sticks.com,Moscow,47510
19241,AW00019241,Diane,Dominguez,M,F,2011-08-17,diane.dominguez@hostinger.com,Moscow,51795
19242,AW00019242,Devin,Baker,M,M,2011-08-17,devin.baker@fountains.com,Berlin,14256
19243,AW00019243,James,Thomas,M,M,2011-08-18,james.thomas@winds.com,Tokyo,55869
19244,AW00019244,Sebastian,Ward,M,M,2011-08-18,sebastian.ward@nappa.com,Singapore,31816
19245,AW00019245,Isaiah,King,M,M,2011-08-18,isaiah.king@sticks.com,Seoul,13456
19246,AW00019246,Carlos,Campbell,M,M,2011-08-18,carlos.campbell@nappa.com,Singapore,25537
19247,AW00019247,Michele,Martinez,M,F,2011-08-18,michele.martinez@cappo.com,Moscow,15733
19248,AW00019248,Sheena,Black,M,F,2011-08-18,sheena.black@fountains.com,Shanghai,45834
19249,AW00019249,Chad,Andersen,M,M,2011-08-18,chad.andersen@mouse.com,Paris,19960
19250,AW00019250,Lacey,Wu,M,F,2011-08-18,lacey.wu@cappo.com,Shanghai,13345
19251,AW00019251,Brett,Sai,M,M,2011-08-19,brett.sai@fountains.com,London,23924
19252,AW00019252,Jasmine,Brooks,M,F,2011-08-19,jasmine.brooks@nappa.com,Jakarta,33415
19253,AW00019253,Gabrielle,Ross,S,F,2011-08-19,gabrielle.ross@circles.com,Berlin,56923
19254,AW00019254,Anibal,Sousa,S,M,2011-08-19,anibal.sousa@towels.com,Madrid,54389
19255,AW00019255,Terrance,Sara,S,M,2011-08-19,terrance.sara@hostinger.com,Mumbai,44479
19256,AW00019256,Abigail,Griffin,M,F,2011-08-19,abigail.griffin@towels.com,Rome,50759
19257,AW00019257,Dana,Jiménez,M,F,2011-08-19,dana.jiménez@hostinger.com,Tokyo,30009
19258,AW00019258,Douglas,Mehta,M,M,2011-08-19,douglas.mehta@cappo.com,Tokyo,58897
19259,AW00019259,Barbara,Lin,M,F,2011-08-19,barbara.lin@mouse.com,Tokyo,21872
19260,AW00019260,Latoya,Sharma,S,F,2011-08-19,latoya.sharma@towels.com,Shanghai,10077
19261,AW00019261,Heather,Wu,M,F,2011-08-19,heather.wu@hostinger.com,Tokyo,25249
19262,AW00019262,Kari,Sanchez,M,F,2011-08-19,kari.sanchez@hostinger.com,Berlin,24670
19263,AW00019263,Nina,Chande,M,F,2011-08-19,nina.chande@mouse.com,Singapore,57629
19264,AW00019264,Kristopher,Gonzalez,S,M,2011-08-20,kristopher.gonzalez@winds.com,Madrid,12735
19265,AW00019265,Dale,Raji,M,M,2011-08-20,dale.raji@nappa.com,Jakarta,47710
19266,AW00019266,Grant,Xu,M,M,2011-08-20,grant.xu@circles.com,Moscow,44784
19267,AW00019267,Marshall,Raje,M,M,2011-08-20,marshall.raje@towels.com,Rome,21731
19268,AW00019268,Alyssa,Ward,M,F,2011-08-20,alyssa.ward@hostinger.com,Tokyo,46131
19269,AW00019269,Kathleen,Navarro,S,F,2011-08-20,kathleen.navarro@hostinger.com,Shanghai,10414
19270,AW00019270,Shawn,Shen,M,M,2011-08-20,shawn.shen@mouse.com,Mumbai,12202
19271,AW00019271,Kristopher,Fernandez,M,M,2011-08-20,kristopher.fernandez@circles.com,Istanbul,18510
19272,AW00019272,Shaun,Andersen,M,M,2011-08-21,shaun.andersen@nappa.com,Moscow,49635
19273,AW00019273,Natalie,Henderson,M,F,2011-08-21,natalie.henderson@circles.com,Rome,14726
19274,AW00019274,Karen,Yang,M,F,2011-08-21,karen.yang@circles.com,Bangkok,46925
19275,AW00019275,Gregory,Rai,M,M,2011-08-21,gregory.rai@towels.com,Madrid,29537
19276,AW00019276,Ruben,Sai,S,M,2011-08-21,ruben.sai@mouse.com,Bangkok,54096
19277,AW00019277,Billy,Jiménez,M,M,2011-08-21,billy.jiménez@sticks.com,Berlin,33193
19278,AW00019278,Willie,Sun,S,M,2011-08-21,willie.sun@winds.com,Delhi,14328
19279,AW00019279,Omar,Xu,S,M,2011-08-21,omar.xu@mouse.com,Jakarta,13908
19280,AW00019280,Darrell,Andersen,M,M,2011-08-22,darrell.andersen@mouse.com,Tokyo,54713
19281,AW00019281,Mallory,Carlson,S,F,2011-08-22,mallory.carlson@towels.com,Mumbai,23218
19282,AW00019282,Hailey,Wood,M,F,2011-08-22,hailey.wood@cappo.com,Rome,16678
19283,AW00019283,Adrian,Sanders,M,M,2011-08-22,adrian.sanders@sticks.com,Paris,40937
19284,AW00019284,Briana,Romero,M,F,2011-08-22,briana.romero@papers.com,Bangkok,20043
19285,AW00019285,Jacqueline,Howard,M,F,2011-08-22,jacqueline.howard@cappo.com,Singapore,19498
19286,AW00019286,Kaitlyn,Butler,M,F,2011-08-22,kaitlyn.butler@mouse.com,London,38919
19287,AW00019287,Shane,Chandra,M,M,2011-08-23,shane.chandra@towels.com,Madrid,48807
19288,AW00019288,Candice,Wang,M,F,2011-08-23,candice.wang@winds.com,Singapore,38570
19289,AW00019289,Johnathan,Patel,M,M,2011-08-23,johnathan.patel@mouse.com,Madrid,31784
19290,AW00019290,Sergio,Prasad,S,M,2011-08-23,sergio.prasad@hostinger.com,Delhi,44894
19291,AW00019291,Colleen,Wu,S,F,2011-08-23,colleen.wu@mouse.com,Jakarta,38615
19292,AW00019292,Micah,Lin,M,M,2011-08-23,micah.lin@sticks.com,London,23780
19293,AW00019293,Chloe,Watson,M,F,2011-08-23,chloe.watson@nappa.com,Istanbul,24506
19294,AW00019294,Stanley,Garcia,M,M,2011-08-23,stanley.garcia@towels.com,Moscow,24004
19295,AW00019295,Katelyn,Green,S,F,2011-08-23,katelyn.green@fountains.com,Mumbai,53283
19296,AW00019296,Jake,Zheng,S,M,2011-08-24,jake.zheng@sticks.com,Bangkok,19291
19297,AW00019297,Cedric,Xie,S,M,2011-08-24,cedric.xie@cappo.com,Shanghai,12410
19298,AW00019298,Priscilla,Andersen,S,F,2011-08-24,priscilla.andersen@papers.com,Seoul,23158
19299,AW00019299,Carrie,Browning,M,F,2011-08-24,carrie.browning@sticks.com,Paris,49821
19300,AW00019300,Clarence,Hu,M,M,2011-08-24,clarence.hu@circles.com,Berlin,33748
19301,AW00019301,Jamie,Liu,M,F,2011-08-24,jamie.liu@sticks.com,Jakarta,34497
19302,AW00019302,Brad,Xie,S,M,2011-08-24,brad.xie@towels.com,Tokyo,51177
19303,AW00019303,Sylvia,Spencer,M,M,2011-08-24,sylvia.spencer@sticks.com,Madrid,38568
19304,AW00019304,Sara,Nelson,S,F,2011-08-25,sara.nelson@sticks.com,Seoul,36018
19305,AW00019305,Gabriella,Young,S,F,2011-08-25,gabriella.young@nappa.com,Shanghai,24369
19306,AW00019306,Candace,Perez,M,F,2011-08-25,candace.perez@winds.com,Moscow,38292
19307,AW00019307,Micheal,Alonso,M,M,2011-08-25,micheal.alonso@papers.com,Singapore,49980
19308,AW00019308,Casey,Rai,M,F,2011-08-25,casey.rai@circles.com,Mumbai,57646
19309,AW00019309,Frank,Suarez,M,M,2011-08-25,frank.suarez@hostinger.com,Bangkok,36331
19310,AW00019310,Evelyn,Raman,M,F,2011-08-25,evelyn.raman@fountains.com,Berlin,50385
19311,AW00019311,Dana,Rubio,M,F,2011-08-26,dana.rubio@winds.com,Paris,45698
19312,AW00019312,Valerie,Zheng,M,F,2011-08-26,valerie.zheng@papers.com,Paris,51785
19313,AW00019313,Charles,Baker,S,M,2011-08-26,charles.baker@mouse.com,London,12531
19314,AW00019314,Alvin,Beck,S,M,2011-08-26,alvin.beck@papers.com,Moscow,21429
19315,AW00019315,Devon,Sharma,S,M,2011-08-26,devon.sharma@towels.com,Moscow,24295
19316,AW00019316,Raymond,Srini,M,M,2011-08-26,raymond.srini@mouse.com,Bangkok,21119
19317,AW00019317,Sara,Scott,S,F,2011-08-26,sara.scott@towels.com,Paris,10945
19318,AW00019318,Jamie,Dominguez,S,M,2011-08-26,jamie.dominguez@hostinger.com,London,33724
19319,AW00019319,Darryl,Guo,S,M,2011-08-27,darryl.guo@towels.com,Seoul,52688
19320,AW00019320,Bethany,Deng,S,F,2011-08-27,bethany.deng@circles.com,Bangkok,22889
19321,AW00019321,Clifford,Weber,M,M,2011-08-27,clifford.weber@papers.com,Moscow,27288
19322,AW00019322,Gerald,Romero,S,M,2011-08-27,gerald.romero@circles.com,Berlin,19051
19323,AW00019323,Jeremy,Rogers,M,M,2011-08-27,jeremy.rogers@towels.com,Seoul,34563
19324,AW00019324,Tanya,Blanco,M,F,2011-08-27,tanya.blanco@fountains.com,Jakarta,12063
19325,AW00019325,Kelli,Chen,M,F,2011-08-27,kelli.chen@papers.com,Singapore,51247
19326,AW00019326,Marcus,Robinson,M,M,2011-08-27,marcus.robinson@towels.com,Singapore,32566
19327,AW00019327,Candace,Gonzalez,M,F,2011-08-27,candace.gonzalez@circles.com,London,14848
19328,AW00019328,Shawn,Xu,S,M,2011-08-27,shawn.xu@towels.com,London,59949
19329,AW00019329,Nancy,Srini,S,F,2011-08-27,nancy.srini@hostinger.com,Singapore,45315
19330,AW00019330,Johnny,Shen,S,M,2011-08-27,johnny.shen@sticks.com,Singapore,15740
19331,AW00019331,Jessie,Hu,S,M,2011-08-28,jessie.hu@circles.com,Rome,54991
19332,AW00019332,Kelvin,Alan,M,M,2011-08-28,kelvin.alan@nappa.com,Madrid,22202
19333,AW00019333,Candace,Malhotra,M,F,2011-08-28,candace.malhotra@papers.com,Rome,20432
19334,AW00019334,Katherine,Baker,S,F,2011-08-28,katherine.baker@sticks.com,Berlin,47171
19335,AW00019335,Cedric,Ye,S,M,2011-08-28,cedric.ye@cappo.com,Delhi,22804
19336,AW00019336,Ricardo,Andersen,S,M,2011-08-28,ricardo.andersen@cappo.com,Jakarta,23997
19337,AW00019337,Bonnie,Luo,S,F,2011-08-28,bonnie.luo@hostinger.com,Mumbai,55124
19338,AW00019338,Paula,Dominguez,M,F,2011-08-29,paula.dominguez@fountains.com,Singapore,43798
19339,AW00019339,Lance,Gomez,M,M,2011-08-29,lance.gomez@hostinger.com,Bangkok,48500
19340,AW00019340,Renee,Dominguez,M,F,2011-08-29,renee.dominguez@cappo.com,Rome,49885
19341,AW00019341,Clarence,Huang,M,M,2011-08-30,clarence.huang@hostinger.com,Berlin,26676
19342,AW00019342,Aimee,Zeng,S,F,2011-08-30,aimee.zeng@mouse.com,Berlin,11136
19343,AW00019343,Louis,Ye,S,M,2011-08-30,louis.ye@nappa.com,Berlin,44000
19344,AW00019344,Mandy,Ma,S,F,2011-08-30,mandy.ma@towels.com,Mumbai,34747
19345,AW00019345,Kaitlin,Prasad,M,F,2011-08-30,kaitlin.prasad@winds.com,Madrid,50584
19346,AW00019346,Donna,She,M,F,2011-08-30,donna.she@cappo.com,Tokyo,56629
19347,AW00019347,Alvin,Zhao,M,M,2011-08-30,alvin.zhao@towels.com,Delhi,21548
19348,AW00019348,Ebony,Raman,M,F,2011-08-31,ebony.raman@fountains.com,Shanghai,36472
19349,AW00019349,Warren,Anand,S,M,2011-08-31,warren.anand@papers.com,Delhi,20708
19350,AW00019350,Bethany,Ashe,M,F,2011-08-31,bethany.ashe@mouse.com,Singapore,13702
19351,AW00019351,Edgar,Vance,S,M,2011-08-31,edgar.vance@towels.com,Rome,29044
19352,AW00019352,Arturo,Chen,S,M,2011-08-31,arturo.chen@circles.com,London,58165
19353,AW00019353,Desiree,Gill,S,F,2011-08-31,desiree.gill@hostinger.com,Delhi,31752
19354,AW00019354,Abby,Madan,S,F,2011-08-31,abby.madan@papers.com,Madrid,48417
19355,AW00019355,Danny,Munoz,S,M,2011-08-31,danny.munoz@cappo.com,Mumbai,50411
19356,AW00019356,Francis,Ortega,M,M,2011-08-31,francis.ortega@fountains.com,Singapore,42833
19357,AW00019357,Ryan,Flores,S,M,2011-08-31,ryan.flores@papers.com,Delhi,33010
19358,AW00019358,Jonathan,Bryant,S,M,2011-09-01,jonathan.bryant@fountains.com,London,37858
19359,AW00019359,Roberto,Townsend,M,M,2011-09-01,roberto.townsend@hostinger.com,Jakarta,52629
19360,AW00019360,Joanna,Hernandez,M,F,2011-09-01,joanna.hernandez@papers.com,Paris,13929
19361,AW00019361,Stacey,Sun,M,F,2011-09-01,stacey.sun@fountains.com,Seoul,17461
19362,AW00019362,Karl,Raje,M,M,2011-09-01,karl.raje@hostinger.com,London,44448
19363,AW00019363,Regina,Raman,S,F,2011-09-01,regina.raman@cappo.com,Delhi,26813
19364,AW00019364,Alejandro,Nara,M,M,2011-09-01,alejandro.nara@papers.com,Madrid,47663
19365,AW00019365,Wayne,Shan,M,M,2011-09-01,wayne.shan@papers.com,Shanghai,34838
19366,AW00019366,Christy,Beck,M,F,2011-09-02,christy.beck@winds.com,Singapore,15686
19367,AW00019367,Johnathan,Gonzalez,S,M,2011-09-02,johnathan.gonzalez@winds.com,Rome,22308
19368,AW00019368,Lindsay,Anand,S,F,2011-09-02,lindsay.anand@hostinger.com,London,47333
19369,AW00019369,Clifford,Suri,S,M,2011-09-02,clifford.suri@winds.com,Tokyo,13283
19370,AW00019370,Gilbert,Yang,S,M,2011-09-02,gilbert.yang@towels.com,Tokyo,22546
19371,AW00019371,Roy,Mehta,S,M,2011-09-02,roy.mehta@papers.com,Tokyo,39902
19372,AW00019372,Cassidy,Long,S,F,2011-09-02,cassidy.long@nappa.com,Delhi,48100
19373,AW00019373,Rebekah,Suri,S,F,2011-09-02,rebekah.suri@circles.com,Shanghai,13117
19374,AW00019374,Paula,Ashe,S,F,2011-09-02,paula.ashe@fountains.com,Seoul,36831
19375,AW00019375,Omar,Anand,S,M,2011-09-02,omar.anand@sticks.com,Seoul,42182
19376,AW00019376,Paige,Wood,S,F,2011-09-03,paige.wood@circles.com,London,15375
19377,AW00019377,Dominic,Chandra,S,M,2011-09-03,dominic.chandra@winds.com,Moscow,24135
19378,AW00019378,Lucas,Davis,S,M,2011-09-03,lucas.davis@nappa.com,Shanghai,42182
19379,AW00019379,Crystal,Guo,S,F,2011-09-03,crystal.guo@sticks.com,Mumbai,42303
19380,AW00019380,Marshall,Luo,S,M,2011-09-03,marshall.luo@circles.com,Shanghai,26519
19381,AW00019381,Brandi,Romero,S,F,2011-09-03,brandi.romero@sticks.com,London,15428
19382,AW00019382,Jerry,Shan,M,M,2011-09-03,jerry.shan@towels.com,Berlin,59262
19383,AW00019383,Roger,Nath,S,M,2011-09-04,roger.nath@fountains.com,London,49473
19384,AW00019384,Gilbert,Rai,S,M,2011-09-04,gilbert.rai@circles.com,Jakarta,38004
19385,AW00019385,Alisha,Lin,S,F,2011-09-04,alisha.lin@fountains.com,Tokyo,49837
19386,AW00019386,Allen,Martinez,S,M,2011-09-04,allen.martinez@nappa.com,Singapore,45788
19387,AW00019387,Ruth,Rana,M,F,2011-09-04,ruth.rana@papers.com,Shanghai,35177
19388,AW00019388,Alberto,Martin,S,M,2011-09-04,alberto.martin@mouse.com,Istanbul,40712
19389,AW00019389,Terrence,Goel,S,M,2011-09-04,terrence.goel@circles.com,London,10969
19390,AW00019390,Terrance,Perez,S,M,2011-09-04,terrance.perez@mouse.com,Madrid,51097
19391,AW00019391,Sergio,Rana,S,M,2011-09-04,sergio.rana@nappa.com,Tokyo,42675
19392,AW00019392,Sergio,Kapoor,S,M,2011-09-04,sergio.kapoor@towels.com,Shanghai,37631
19393,AW00019393,Miguel,Anderson,M,M,2011-09-04,miguel.anderson@mouse.com,Seoul,13553
19394,AW00019394,Henry,Nelson,M,M,2011-09-04,henry.nelson@cappo.com,Rome,41807
19395,AW00019395,Austin,Zhang,S,M,2011-09-04,austin.zhang@towels.com,Tokyo,45942
19396,AW00019396,Tammy,Prasad,S,F,2011-09-04,tammy.prasad@towels.com,Seoul,22024
19397,AW00019397,Terry,Shen,S,M,2011-09-04,terry.shen@hostinger.com,Tokyo,57912
19398,AW00019398,Dylan,Gonzales,S,M,2011-09-05,dylan.gonzales@mouse.com,Jakarta,24519
19399,AW00019399,Anthony,Brown,S,M,2011-09-05,anthony.brown@circles.com,Delhi,22857
19400,AW00019400,Gavin,Hayes,S,M,2011-09-05,gavin.hayes@circles.com,London,52970
19401,AW00019401,Kyle,Hernandez,S,M,2011-09-05,kyle.hernandez@towels.com,Singapore,53030
19402,AW00019402,Jeremiah,Scott,S,M,2011-09-05,jeremiah.scott@sticks.com,Rome,24314
19403,AW00019403,Morgan,Cook,S,F,2011-09-05,morgan.cook@papers.com,Rome,25761
19404,AW00019404,Nicole,Moore,M,F,2011-09-05,nicole.moore@nappa.com,Jakarta,34376
19405,AW00019405,Abigail,Smith,M,F,2011-09-06,abigail.smith@fountains.com,Delhi,42544
19406,AW00019406,Brooke,Travers,M,F,2011-09-06,brooke.travers@circles.com,Madrid,14956
19407,AW00019407,Sarah,Perry,M,F,2011-09-06,sarah.perry@towels.com,Moscow,34321
19408,AW00019408,Taylor,Richardson,M,F,2011-09-06,taylor.richardson@winds.com,Tokyo,49167
19409,AW00019409,Savannah,Allen,M,F,2011-09-06,savannah.allen@winds.com,Seoul,14903
19410,AW00019410,Chloe,Adams,M,F,2011-09-06,chloe.adams@papers.com,Mumbai,33481
19411,AW00019411,Sarah,Alexander,M,F,2011-09-06,sarah.alexander@sticks.com,Delhi,58862
19412,AW00019412,Jaime,Chander,M,M,2011-09-06,jaime.chander@towels.com,Istanbul,27690
19413,AW00019413,Xavier,Kelly,S,M,2011-09-07,xavier.kelly@hostinger.com,Moscow,43231
19414,AW00019414,Alexis,Ashe,M,F,2011-09-07,alexis.ashe@mouse.com,Berlin,21680
19415,AW00019415,Devin,Collins,M,M,2011-09-07,devin.collins@towels.com,Delhi,37592
19416,AW00019416,Caitlin,Morris,M,F,2011-09-07,caitlin.morris@sticks.com,Delhi,30809
19417,AW00019417,Alexis,Foster,M,F,2011-09-07,alexis.foster@cappo.com,Singapore,31082
19418,AW00019418,Nathan,Miller,S,M,2011-09-07,nathan.miller@circles.com,Shanghai,18769
19419,AW00019419,Allison,Adams,S,F,2011-09-07,allison.adams@fountains.com,Berlin,57456
19420,AW00019420,Stanley,Raman,S,M,2011-09-07,stanley.raman@mouse.com,Madrid,10851
19421,AW00019421,Jay,Rana,S,M,2011-09-08,jay.rana@hostinger.com,Rome,35731
19422,AW00019422,Paula,Gutierrez,S,F,2011-09-08,paula.gutierrez@winds.com,Moscow,11994
19423,AW00019423,Maria,Price,S,F,2011-09-08,maria.price@papers.com,Rome,43099
19424,AW00019424,Terrance,Smith,S,M,2011-09-08,terrance.smith@hostinger.com,Rome,44518
19425,AW00019425,Arturo,Zhao,M,M,2011-09-08,arturo.zhao@circles.com,Singapore,51618
19426,AW00019426,Brian,Stewart,S,M,2011-09-08,brian.stewart@circles.com,Seoul,20965
19427,AW00019427,Troy,Lopez,S,M,2011-09-08,troy.lopez@mouse.com,London,56786
19428,AW00019428,Eric,Turner,M,M,2011-09-08,eric.turner@papers.com,Berlin,10037
19429,AW00019429,Jared,Kelly,S,M,2011-09-08,jared.kelly@cappo.com,Istanbul,45326
19430,AW00019430,Sharon,Goel,M,F,2011-09-08,sharon.goel@fountains.com,Istanbul,50048
19431,AW00019431,Bonnie,She,S,F,2011-09-08,bonnie.she@towels.com,Singapore,19136
19432,AW00019432,Armando,Dominguez,S,M,2011-09-09,armando.dominguez@fountains.com,Paris,28071
19433,AW00019433,Bridget,Raje,M,F,2011-09-09,bridget.raje@circles.com,Mumbai,15079
19434,AW00019434,Geoffrey,Ashe,S,M,2011-09-09,geoffrey.ashe@winds.com,London,21919
19435,AW00019435,Benjamin,Thompson,M,M,2011-09-09,benjamin.thompson@circles.com,Rome,42925
19436,AW00019436,Gregory,Pal,M,M,2011-09-09,gregory.pal@mouse.com,Berlin,32889
19437,AW00019437,Kelsey,Rai,S,F,2011-09-09,kelsey.rai@towels.com,Istanbul,32676
19438,AW00019438,Shannon,Hu,M,F,2011-09-09,shannon.hu@towels.com,Jakarta,33337
19439,AW00019439,Franklin,Xu,S,M,2011-09-09,franklin.xu@towels.com,Paris,35284
19440,AW00019440,Alicia,Sharma,M,F,2011-09-09,alicia.sharma@winds.com,Madrid,52192
19441,AW00019441,Dale,She,S,M,2011-09-09,dale.she@papers.com,Mumbai,51922
19442,AW00019442,Connor,Hill,S,M,2011-09-10,connor.hill@papers.com,Moscow,15420
19443,AW00019443,Dominic,Raman,M,M,2011-09-10,dominic.raman@papers.com,Mumbai,58184
19444,AW00019444,Kayla,Thomas,M,F,2011-09-10,kayla.thomas@cappo.com,Jakarta,35494
19445,AW00019445,Emma,Thompson,M,F,2011-09-10,emma.thompson@circles.com,Jakarta,28262
19446,AW00019446,Bridget,Nath,M,F,2011-09-10,bridget.nath@winds.com,Seoul,18391
19447,AW00019447,Yolanda,Simpson,M,F,2011-09-10,yolanda.simpson@circles.com,London,52887
19448,AW00019448,Meagan,Fernandez,S,F,2011-09-10,meagan.fernandez@papers.com,Mumbai,53059
19449,AW00019449,Nuan,Yuan,M,M,2011-09-10,nuan.yuan@winds.com,Paris,52857
19450,AW00019450,Keith,Lal,M,M,2011-09-10,keith.lal@nappa.com,London,22295
19451,AW00019451,Pedro,Sara,S,M,2011-09-10,pedro.sara@circles.com,Delhi,29102
19452,AW00019452,Jacob,Anderson,M,M,2011-09-10,jacob.anderson@sticks.com,Seoul,30043
19453,AW00019453,Veronica,Rana,M,F,2011-09-11,veronica.rana@towels.com,Mumbai,35164
19454,AW00019454,Roger,Sharma,M,M,2011-09-11,roger.sharma@circles.com,Moscow,44113
19455,AW00019455,Jack,Perez,S,M,2011-09-11,jack.perez@hostinger.com,Istanbul,22577
19456,AW00019456,Jesse,Perez,M,M,2011-09-11,jesse.perez@winds.com,Jakarta,58959
19457,AW00019457,Jennifer,Williams,S,F,2011-09-11,jennifer.williams@cappo.com,Mumbai,56639
19458,AW00019458,Tyrone,Blanco,M,M,2011-09-11,tyrone.blanco@cappo.com,Seoul,25872
19459,AW00019459,Katie,Yuan,M,F,2011-09-11,katie.yuan@cappo.com,Rome,38353
19460,AW00019460,Arthur,Diaz,M,M,2011-09-12,arthur.diaz@sticks.com,Moscow,32512
19461,AW00019461,Nichole,Shan,S,F,2011-09-12,nichole.shan@winds.com,Berlin,59255
19462,AW00019462,Paige,Travers,S,F,2011-09-12,paige.travers@circles.com,Moscow,48177
19463,AW00019463,Cassandra,Chandra,M,F,2011-09-12,cassandra.chandra@cappo.com,Tokyo,35406
19464,AW00019464,Tyrone,Alonso,M,M,2011-09-12,tyrone.alonso@circles.com,Delhi,40824
19465,AW00019465,Sierra,Baker,S,F,2011-09-12,sierra.baker@fountains.com,Berlin,37729
19466,AW00019466,Morgan,Lopez,M,F,2011-09-12,morgan.lopez@papers.com,Istanbul,12561
19467,AW00019467,Krista,Alvarez,S,F,2011-09-12,krista.alvarez@sticks.com,Bangkok,47080
19468,AW00019468,Ramon,Lin,S,M,2011-09-12,ramon.lin@hostinger.com,Seoul,10679
19469,AW00019469,Valerie,Cai,S,F,2011-09-12,valerie.cai@sticks.com,Madrid,46046
19470,AW00019470,Kelli,Ye,S,F,2011-09-12,kelli.ye@towels.com,Moscow,29107
19471,AW00019471,Bryant,Martinez,S,M,2011-09-12,bryant.martinez@circles.com,London,21075
19472,AW00019472,Heidi,Sara,S,F,2011-09-13,heidi.sara@circles.com,Shanghai,43282
19473,AW00019473,Roger,Chande,S,M,2011-09-13,roger.chande@sticks.com,Istanbul,58237
19474,AW00019474,Jenny,Luo,S,F,2011-09-13,jenny.luo@cappo.com,Bangkok,49006
19475,AW00019475,Mandy,Ye,M,F,2011-09-13,mandy.ye@winds.com,Berlin,16568
19476,AW00019476,Sarah,Anderson,M,F,2011-09-13,sarah.anderson@mouse.com,London,35890
19477,AW00019477,Lance,Rubio,M,M,2011-09-13,lance.rubio@winds.com,Berlin,37326
19478,AW00019478,Tasha,Goel,M,F,2011-09-13,tasha.goel@nappa.com,Bangkok,46945
19479,AW00019479,Jessica,Gray,S,F,2011-09-14,jessica.gray@nappa.com,Istanbul,10982
19480,AW00019480,Lisa,Zeng,M,F,2011-09-14,lisa.zeng@towels.com,Paris,12966
19481,AW00019481,Darren,Suarez,M,M,2011-09-14,darren.suarez@circles.com,Shanghai,52389
19482,AW00019482,Andy,Ortega,M,M,2011-09-14,andy.ortega@cappo.com,Seoul,13779
19483,AW00019483,Michele,Serrano,M,F,2011-09-14,michele.serrano@circles.com,Seoul,19361
19484,AW00019484,Willie,Liang,M,M,2011-09-14,willie.liang@hostinger.com,Paris,57694
19485,AW00019485,Raul,Shan,S,M,2011-09-14,raul.shan@sticks.com,Delhi,58543
19486,AW00019486,Melanie,Price,M,F,2011-09-14,melanie.price@papers.com,Berlin,15133
19487,AW00019487,Dwayne,Gutierrez,M,M,2011-09-14,dwayne.gutierrez@sticks.com,Rome,53278
19488,AW00019488,Jamie,Lin,S,F,2011-09-14,jamie.lin@nappa.com,London,26400
19489,AW00019489,Alexandra,Patterson,S,F,2011-09-14,alexandra.patterson@mouse.com,Bangkok,29429
19490,AW00019490,Kristina,Smith,S,F,2011-09-14,kristina.smith@towels.com,Berlin,38627
19491,AW00019491,Stanley,Prasad,S,M,2011-09-15,stanley.prasad@cappo.com,Jakarta,44383
19492,AW00019492,Andres,Andersen,S,M,2011-09-15,andres.andersen@towels.com,Singapore,10998
19493,AW00019493,Karla,Shan,M,F,2011-09-15,karla.shan@towels.com,Delhi,37988
19494,AW00019494,Sergio,Martinez,S,M,2011-09-15,sergio.martinez@mouse.com,Jakarta,15162
19495,AW00019495,Francis,Gill,S,M,2011-09-15,francis.gill@hostinger.com,Tokyo,32625
19496,AW00019496,Edgar,Subram,S,M,2011-09-15,edgar.subram@winds.com,Berlin,12836
19497,AW00019497,Raul,She,S,M,2011-09-15,raul.she@cappo.com,Moscow,36417
19498,AW00019498,Christy,Wang,S,F,2011-09-15,christy.wang@winds.com,Moscow,56001
19499,AW00019499,Shawn,Black,M,M,2011-09-15,shawn.black@towels.com,Delhi,46455
19500,AW00019500,Russell,Shan,M,M,2011-09-15,russell.shan@fountains.com,Paris,49766
19501,AW00019501,Allison,Edwards,M,F,2011-09-16,allison.edwards@cappo.com,Paris,55449
19502,AW00019502,Felicia,Carlson,M,F,2011-09-16,felicia.carlson@winds.com,London,50998
19503,AW00019503,Bridget,Luo,M,F,2011-09-16,bridget.luo@winds.com,Singapore,22339
19504,AW00019504,Dominic,Garcia,M,M,2011-09-16,dominic.garcia@fountains.com,Madrid,21608
19505,AW00019505,Gilbert,She,S,M,2011-09-16,gilbert.she@hostinger.com,Seoul,51964
19506,AW00019506,Candice,Lin,S,F,2011-09-16,candice.lin@mouse.com,Mumbai,36770
19507,AW00019507,Raul,Shen,S,M,2011-09-16,raul.shen@fountains.com,Mumbai,15021
19508,AW00019508,Troy,Rana,M,M,2011-09-16,troy.rana@sticks.com,Rome,10429
19509,AW00019509,Nancy,Suri,S,F,2011-09-16,nancy.suri@mouse.com,Delhi,26156
19510,AW00019510,Renee,Torres,S,F,2011-09-16,renee.torres@cappo.com,Paris,46588
19511,AW00019511,Marcus,Ward,S,M,2011-09-17,marcus.ward@winds.com,London,46989
19512,AW00019512,Marco,Kapoor,M,M,2011-09-17,marco.kapoor@hostinger.com,Mumbai,40372
19513,AW00019513,Jessie,Liang,M,M,2011-09-17,jessie.liang@circles.com,Tokyo,50220
19514,AW00019514,Kari,Rodriguez,S,F,2011-09-17,kari.rodriguez@fountains.com,Tokyo,21945
19515,AW00019515,Nancy,Garcia,S,F,2011-09-17,nancy.garcia@nappa.com,Bangkok,26182
19516,AW00019516,Kaitlyn,Griffin,S,F,2011-09-17,kaitlyn.griffin@fountains.com,Delhi,37297
19517,AW00019517,Max,Gomez,S,M,2011-09-17,max.gomez@mouse.com,Madrid,20645
19518,AW00019518,Clifford,Arun,S,M,2011-09-17,clifford.arun@winds.com,Rome,58126
19519,AW00019519,Bianca,Zhu,S,F,2011-09-17,bianca.zhu@sticks.com,Mumbai,20190
19520,AW00019520,Kari,Muñoz,M,F,2011-09-17,kari.muñoz@papers.com,Moscow,20160
19521,AW00019521,Jaime,Dominguez,S,F,2011-09-17,jaime.dominguez@circles.com,Berlin,45556
19522,AW00019522,Christian,Powell,M,M,2011-09-17,christian.powell@sticks.com,Jakarta,21443
19523,AW00019523,Brittney,Holt,S,F,2011-09-17,brittney.holt@cappo.com,Singapore,29618
19524,AW00019524,Denise,Malhotra,S,F,2011-09-17,denise.malhotra@circles.com,Paris,50341
19525,AW00019525,Hannah,Flores,S,F,2011-09-17,hannah.flores@nappa.com,Shanghai,51800
19526,AW00019526,Angela,Cooper,S,F,2011-09-18,angela.cooper@towels.com,Shanghai,35021
19527,AW00019527,Gabriel,Adams,S,M,2011-09-18,gabriel.adams@cappo.com,Rome,21545
19528,AW00019528,Bailey,Hall,S,F,2011-09-18,bailey.hall@cappo.com,Tokyo,38372
19529,AW00019529,Bailey,Parker,S,F,2011-09-18,bailey.parker@mouse.com,Bangkok,48108
19530,AW00019530,Lisa,Liang,S,F,2011-09-18,lisa.liang@fountains.com,Moscow,17664
19531,AW00019531,John,Robinson,S,M,2011-09-18,john.robinson@papers.com,Delhi,39978
19532,AW00019532,Victoria,Brown,S,F,2011-09-19,victoria.brown@hostinger.com,Jakarta,12819
19533,AW00019533,Vanessa,Long,S,F,2011-09-19,vanessa.long@hostinger.com,Mumbai,19988
19534,AW00019534,Adrian,Torres,S,M,2011-09-19,adrian.torres@fountains.com,Tokyo,16871
19535,AW00019535,Alex,Mitchell,S,M,2011-09-19,alex.mitchell@nappa.com,Madrid,58886
19536,AW00019536,Brooke,Cooper,M,F,2011-09-19,brooke.cooper@sticks.com,London,56025
19537,AW00019537,Michelle,Brooks,M,F,2011-09-19,michelle.brooks@winds.com,Shanghai,51325
19538,AW00019538,Connor,Hall,M,M,2011-09-19,connor.hall@papers.com,Paris,35649
19539,AW00019539,Latoya,Raji,M,F,2011-09-19,latoya.raji@papers.com,Seoul,29252
19540,AW00019540,Jade,Richardson,M,F,2011-09-19,jade.richardson@hostinger.com,Delhi,15107
19541,AW00019541,Alexandra,Cooper,M,F,2011-09-19,alexandra.cooper@winds.com,Mumbai,34232
19542,AW00019542,Robert,Allen,M,M,2011-09-20,robert.allen@fountains.com,Bangkok,56392
19543,AW00019543,Evan,Torres,M,M,2011-09-20,evan.torres@winds.com,Mumbai,27675
19544,AW00019544,Katherine,Price,M,F,2011-09-20,katherine.price@hostinger.com,Delhi,57067
19545,AW00019545,Garrett,Watson,S,M,2011-09-20,garrett.watson@towels.com,Berlin,54286
19546,AW00019546,Angel,Campbell,S,M,2011-09-20,angel.campbell@towels.com,Berlin,43604
19547,AW00019547,Lauren,Patterson,M,F,2011-09-20,lauren.patterson@nappa.com,Singapore,23222
19548,AW00019548,Kaitlyn,Howard,M,F,2011-09-20,kaitlyn.howard@nappa.com,Istanbul,31570
19549,AW00019549,Kevin,Sharma,M,M,2011-09-20,kevin.sharma@nappa.com,Jakarta,16786
19550,AW00019550,Lucas,Perez,M,M,2011-09-21,lucas.perez@circles.com,Shanghai,28106
19551,AW00019551,Samuel,Alexander,M,M,2011-09-21,samuel.alexander@hostinger.com,Paris,57948
19552,AW00019552,Margaret,Zhu,M,F,2011-09-21,margaret.zhu@mouse.com,London,55459
19553,AW00019553,Karen,Wang,M,F,2011-09-21,karen.wang@nappa.com,Jakarta,56366
19554,AW00019554,Emmanuel,Raman,S,M,2011-09-21,emmanuel.raman@hostinger.com,Mumbai,31973
19555,AW00019555,Alejandro,Liu,M,M,2011-09-21,alejandro.liu@towels.com,Delhi,49683
19556,AW00019556,Shawna,Andersen,M,F,2011-09-21,shawna.andersen@towels.com,Moscow,24436
19557,AW00019557,Bridget,She,S,F,2011-09-21,bridget.she@fountains.com,Jakarta,58666
19558,AW00019558,Gloria,Ortega,M,F,2011-09-21,gloria.ortega@hostinger.com,Moscow,15242
19559,AW00019559,Cedric,Cai,M,M,2011-09-21,cedric.cai@towels.com,Seoul,35265
19560,AW00019560,Randall,Martin,M,M,2011-09-21,randall.martin@sticks.com,Bangkok,36163
19561,AW00019561,Orlando,Serrano,M,M,2011-09-22,orlando.serrano@cappo.com,Berlin,36214
19562,AW00019562,Leah,Guo,S,F,2011-09-22,leah.guo@mouse.com,Tokyo,27510
19563,AW00019563,Robin,Moreno,M,F,2011-09-22,robin.moreno@cappo.com,Tokyo,24635
19564,AW00019564,Lawrence,Gutierrez,M,M,2011-09-22,lawrence.gutierrez@winds.com,Bangkok,59349
19565,AW00019565,Patricia,Saunders,M,F,2011-09-23,patricia.saunders@nappa.com,Jakarta,15498
19566,AW00019566,Ruben,Sara,S,M,2011-09-23,ruben.sara@circles.com,Madrid,26517
19567,AW00019567,Barbara,Hu,M,F,2011-09-23,barbara.hu@papers.com,Shanghai,12121
19568,AW00019568,Candice,Sun,M,F,2011-09-23,candice.sun@sticks.com,Rome,50759
19569,AW00019569,Kellie,Torres,M,F,2011-09-23,kellie.torres@circles.com,Moscow,56761
19570,AW00019570,Kristy,Navarro,M,F,2011-09-23,kristy.navarro@hostinger.com,Paris,28140
19571,AW00019571,Sydney,Johnson,S,F,2011-09-23,sydney.johnson@winds.com,Rome,20126
19572,AW00019572,Melissa,Bailey,M,F,2011-09-23,melissa.bailey@circles.com,Singapore,38499
19573,AW00019573,Deanna,Rubio,M,F,2011-09-23,deanna.rubio@papers.com,Madrid,17564
19574,AW00019574,Michele,Ramos,S,F,2011-09-23,michele.ramos@hostinger.com,Madrid,43629
19575,AW00019575,Marco,Patel,S,M,2011-09-23,marco.patel@cappo.com,Jakarta,25689
19576,AW00019576,Mackenzie,Hill,S,F,2011-09-23,mackenzie.hill@fountains.com,Delhi,51310
19577,AW00019577,Martin,Perez,M,M,2011-09-23,martin.perez@papers.com,Shanghai,45647
19578,AW00019578,Max,Rubio,M,M,2011-09-23,max.rubio@fountains.com,Madrid,21951
19579,AW00019579,Dawn,Zheng,M,F,2011-09-23,dawn.zheng@cappo.com,Madrid,41471
19580,AW00019580,Eddie,Sanz,M,M,2011-09-23,eddie.sanz@fountains.com,Berlin,17052
19581,AW00019581,Todd,Ma,M,M,2011-09-24,todd.ma@cappo.com,Bangkok,55114
19582,AW00019582,Bethany,Luo,S,F,2011-09-24,bethany.luo@circles.com,Madrid,36879
19583,AW00019583,Jake,Li,M,M,2011-09-24,jake.li@winds.com,Madrid,37933
19584,AW00019584,Terrance,Sanchez,S,M,2011-09-24,terrance.sanchez@sticks.com,Berlin,41006
19585,AW00019585,Kristi,Fernandez,S,F,2011-09-24,kristi.fernandez@fountains.com,Shanghai,33388
19586,AW00019586,Alvin,Sharma,S,M,2011-09-24,alvin.sharma@hostinger.com,Paris,11820
19587,AW00019587,Alyssa,Martin,M,F,2011-09-24,alyssa.martin@mouse.com,Seoul,10480
19588,AW00019588,Raymond,Raman,M,M,2011-09-25,raymond.raman@mouse.com,Berlin,40271
19589,AW00019589,Jake,Huang,M,M,2011-09-25,jake.huang@papers.com,Seoul,41344
19590,AW00019590,Martin,Subram,M,M,2011-09-25,martin.subram@sticks.com,Mumbai,13484
19591,AW00019591,Derek,Raji,S,M,2011-09-25,derek.raji@towels.com,Berlin,31124
19592,AW00019592,Tara,Xu,S,F,2011-09-25,tara.xu@circles.com,Seoul,44804
19593,AW00019593,Carla,Rana,S,F,2011-09-25,carla.rana@papers.com,Delhi,10103
19594,AW00019594,Suzanne,Liu,S,F,2011-09-25,suzanne.liu@mouse.com,London,58503
19595,AW00019595,Carl,Raji,S,M,2011-09-26,carl.raji@papers.com,Delhi,16195
19596,AW00019596,Allen,Fernandez,S,M,2011-09-26,allen.fernandez@mouse.com,Istanbul,49949
19597,AW00019597,Jay,Martin,M,M,2011-09-26,jay.martin@sticks.com,Istanbul,17602
19598,AW00019598,Kaitlyn,Powell,M,F,2011-09-26,kaitlyn.powell@papers.com,Berlin,38731
19599,AW00019599,Alvin,Jai,M,M,2011-09-26,alvin.jai@circles.com,Bangkok,44172
19600,AW00019600,Lacey,Andersen,M,F,2011-09-26,lacey.andersen@fountains.com,Tokyo,10073
19601,AW00019601,Alfredo,Suarez,M,M,2011-09-26,alfredo.suarez@papers.com,Mumbai,52462
19602,AW00019602,Stanley,Madan,S,M,2011-09-26,stanley.madan@mouse.com,Bangkok,15125
19603,AW00019603,Tabitha,Hernandez,S,F,2011-09-26,tabitha.hernandez@fountains.com,Berlin,51352
19604,AW00019604,Wendy,Blanco,S,F,2011-09-26,wendy.blanco@towels.com,Mumbai,58610
19605,AW00019605,Brad,Shan,M,M,2011-09-26,brad.shan@circles.com,Paris,19223
19606,AW00019606,Gabriel,Parker,S,M,2011-09-27,gabriel.parker@hostinger.com,Paris,38960
19607,AW00019607,Troy,Subram,S,M,2011-09-27,troy.subram@cappo.com,Delhi,47049
19608,AW00019608,Harold,Prasad,M,M,2011-09-27,harold.prasad@cappo.com,London,41700
19609,AW00019609,Kari,Martinez,S,F,2011-09-27,kari.martinez@sticks.com,Moscow,18427
19610,AW00019610,Deborah,Andersen,M,F,2011-09-28,deborah.andersen@sticks.com,Madrid,15972
19611,AW00019611,Meagan,Prasad,S,F,2011-09-28,meagan.prasad@fountains.com,Mumbai,25940
19612,AW00019612,Marvin,Sanz,S,M,2011-09-28,marvin.sanz@cappo.com,Tokyo,57761
19613,AW00019613,Ruben,Garcia,S,M,2011-09-28,ruben.garcia@fountains.com,Madrid,23507
19614,AW00019614,Wyatt,Williams,S,M,2011-09-28,wyatt.williams@circles.com,Seoul,16472
19615,AW00019615,Franklin,Sun,S,M,2011-09-28,franklin.sun@mouse.com,Delhi,17427
19616,AW00019616,Stefanie,Rana,M,F,2011-09-29,stefanie.rana@sticks.com,Berlin,44622
19617,AW00019617,Keith,Nath,M,M,2011-09-29,keith.nath@cappo.com,Rome,59527
19618,AW00019618,Ross,Johnsen,M,M,2011-09-29,ross.johnsen@papers.com,London,12629
19619,AW00019619,Eduardo,Morris,M,M,2011-09-29,eduardo.morris@winds.com,Bangkok,20540
19620,AW00019620,Andy,Vazquez,S,M,2011-09-29,andy.vazquez@papers.com,Istanbul,55838
19621,AW00019621,Mariah,Barnes,M,F,2011-09-29,mariah.barnes@winds.com,Rome,14166
19622,AW00019622,Roger,Yuan,M,M,2011-09-29,roger.yuan@circles.com,Singapore,52614
19623,AW00019623,Cristina,Tang,M,F,2011-09-29,cristina.tang@sticks.com,Rome,22632
19624,AW00019624,Wesley,Zhu,M,M,2011-09-29,wesley.zhu@fountains.com,Paris,57648
19625,AW00019625,Ivan,Gonzalez,S,M,2011-09-29,ivan.gonzalez@fountains.com,Shanghai,16211
19626,AW00019626,Bradley,Anand,M,M,2011-09-29,bradley.anand@cappo.com,Moscow,17000
19627,AW00019627,Kari,Blanco,M,F,2011-09-30,kari.blanco@circles.com,Bangkok,15173
19628,AW00019628,Holly,Martinez,S,F,2011-09-30,holly.martinez@papers.com,Bangkok,45586
19629,AW00019629,Theresa,Carlson,M,F,2011-09-30,theresa.carlson@fountains.com,Berlin,43647
19630,AW00019630,Jodi,Raje,M,F,2011-09-30,jodi.raje@circles.com,Delhi,56220
19631,AW00019631,Timothy,Scott,M,M,2011-09-30,timothy.scott@papers.com,Delhi,36889
19632,AW00019632,Lawrence,Vazquez,S,M,2011-09-30,lawrence.vazquez@mouse.com,Bangkok,59981
19633,AW00019633,Destiny,Gray,S,F,2011-09-30,destiny.gray@mouse.com,Jakarta,25239
19634,AW00019634,Gregory,Nath,M,M,2011-09-30,gregory.nath@fountains.com,Madrid,11913
19635,AW00019635,Dawn,Shan,S,F,2011-09-30,dawn.shan@sticks.com,Tokyo,55154
19636,AW00019636,Jessica,Lee,M,F,2011-10-01,jessica.lee@circles.com,Paris,29661
19637,AW00019637,Eduardo,Long,S,M,2011-10-01,eduardo.long@towels.com,Mumbai,37373
19638,AW00019638,Kimberly,Peterson,M,F,2011-10-01,kimberly.peterson@mouse.com,Mumbai,37489
19639,AW00019639,Victor,Gill,S,M,2011-10-01,victor.gill@towels.com,Berlin,37202
19640,AW00019640,Richard,Walker,M,M,2011-10-01,richard.walker@winds.com,Berlin,27685
19641,AW00019641,Richard,Evans,S,M,2011-10-02,richard.evans@sticks.com,Delhi,53999
19642,AW00019642,Kaylee,Evans,S,F,2011-10-02,kaylee.evans@fountains.com,Tokyo,15577
19643,AW00019643,Jacqueline,Watson,M,F,2011-10-02,jacqueline.watson@hostinger.com,Shanghai,54183
19644,AW00019644,Gloria,Gill,S,F,2011-10-02,gloria.gill@hostinger.com,Seoul,25819
19645,AW00019645,Carlos,Rogers,M,M,2011-10-02,carlos.rogers@winds.com,Paris,29481
19646,AW00019646,Ian,Lee,S,M,2011-10-02,ian.lee@winds.com,Singapore,19627
19647,AW00019647,Hailey,Sanders,S,F,2011-10-02,hailey.sanders@winds.com,Jakarta,53387
19648,AW00019648,Lauren,Hall,S,F,2011-10-03,lauren.hall@nappa.com,Istanbul,11091
19649,AW00019649,Elizabeth,Martin,S,F,2011-10-03,elizabeth.martin@hostinger.com,Rome,25758
19650,AW00019650,Sabrina,Sanz,M,F,2011-10-03,sabrina.sanz@cappo.com,Tokyo,42879
19651,AW00019651,Jarrod,Perez,M,M,2011-10-03,jarrod.perez@cappo.com,Madrid,25008
19652,AW00019652,Douglas,Rodriguez,S,M,2011-10-03,douglas.rodriguez@nappa.com,Singapore,19154
19653,AW00019653,Tina,Gonzalez,M,F,2011-10-03,tina.gonzalez@circles.com,Mumbai,44854
19654,AW00019654,Richard,Alexander,M,M,2011-10-03,richard.alexander@fountains.com,Singapore,19608
19655,AW00019655,Cindy,Murphy,S,F,2011-10-03,cindy.murphy@cappo.com,Delhi,16442
19656,AW00019656,Sydney,Travers,M,F,2011-10-03,sydney.travers@cappo.com,Rome,24555
19657,AW00019657,Emily,Griffin,S,F,2011-10-03,emily.griffin@nappa.com,Delhi,40826
19658,AW00019658,Dylan,Russell,S,M,2011-10-04,dylan.russell@circles.com,Singapore,23625
19659,AW00019659,Wyatt,Robinson,S,M,2011-10-04,wyatt.robinson@mouse.com,Mumbai,24583
19660,AW00019660,Devin,Hill,M,M,2011-10-04,devin.hill@mouse.com,Jakarta,40470
19661,AW00019661,Nathaniel,Cox,S,M,2011-10-04,nathaniel.cox@circles.com,Delhi,47477
19662,AW00019662,Lauren,Powell,M,F,2011-10-04,lauren.powell@circles.com,Madrid,28461
19663,AW00019663,Alex,Allen,M,M,2011-10-04,alex.allen@sticks.com,Singapore,58641
19664,AW00019664,Ethan,Alexander,S,M,2011-10-04,ethan.alexander@hostinger.com,Singapore,50773
19665,AW00019665,Eduardo,Gonzales,M,M,2011-10-04,eduardo.gonzales@nappa.com,Jakarta,53257
19666,AW00019666,Hailey,Alexander,M,F,2011-10-04,hailey.alexander@winds.com,Madrid,36840
19667,AW00019667,Billy,Carlson,M,M,2011-10-05,billy.carlson@hostinger.com,Moscow,17764
19668,AW00019668,Erick,Patel,M,M,2011-10-05,erick.patel@cappo.com,Berlin,58683
19669,AW00019669,Hailey,Hill,S,F,2011-10-05,hailey.hill@sticks.com,Bangkok,32252
19670,AW00019670,Erik,Gutierrez,S,M,2011-10-05,erik.gutierrez@papers.com,London,33690
19671,AW00019671,Michael,Davis,M,M,2011-10-05,michael.davis@cappo.com,Berlin,56146
19672,AW00019672,Rosa,Zhao,M,F,2011-10-05,rosa.zhao@circles.com,Paris,55845
19673,AW00019673,Mathew,Navarro,M,M,2011-10-05,mathew.navarro@nappa.com,Berlin,28514
19674,AW00019674,Casey,Deng,S,F,2011-10-05,casey.deng@winds.com,Shanghai,30782
19675,AW00019675,Dwayne,Gill,M,M,2011-10-05,dwayne.gill@mouse.com,Bangkok,48040
19676,AW00019676,Diana,Gutierrez,M,F,2011-10-05,diana.gutierrez@mouse.com,Seoul,37816
19677,AW00019677,Dylan,Shan,M,M,2011-10-05,dylan.shan@winds.com,Tokyo,17764
19678,AW00019678,Martin,Rodriguez,M,M,2011-10-06,martin.rodriguez@circles.com,Singapore,25507
19679,AW00019679,Erick,Rana,M,M,2011-10-06,erick.rana@sticks.com,Seoul,33163
19680,AW00019680,Jan,King,M,F,2011-10-06,jan.king@towels.com,Madrid,39448
19681,AW00019681,Morgan,King,M,F,2011-10-06,morgan.king@circles.com,London,33642
19682,AW00019682,Eric,Kumar,M,M,2011-10-06,eric.kumar@sticks.com,Istanbul,16701
19683,AW00019683,Marcus,Parker,M,M,2011-10-06,marcus.parker@fountains.com,Moscow,44256
19684,AW00019684,Alexandra,Lee,S,F,2011-10-06,alexandra.lee@towels.com,Seoul,50539
19685,AW00019685,Brandy,Perez,M,F,2011-10-06,brandy.perez@winds.com,Paris,52780
19686,AW00019686,Charles,Hernandez,M,M,2011-10-06,charles.hernandez@circles.com,Shanghai,15403
19687,AW00019687,Connor,Coleman,M,M,2011-10-06,connor.coleman@circles.com,Delhi,37168
19688,AW00019688,Timothy,Baker,M,M,2011-10-06,timothy.baker@nappa.com,Rome,20471
19689,AW00019689,Elizabeth,Gonzales,S,F,2011-10-06,elizabeth.gonzales@sticks.com,Delhi,34203
19690,AW00019690,Robert,White,S,M,2011-10-07,robert.white@winds.com,Seoul,26764
19691,AW00019691,Gabriella,Cox,S,F,2011-10-07,gabriella.cox@fountains.com,Bangkok,24635
19692,AW00019692,Aaron,Edwards,M,M,2011-10-07,aaron.edwards@sticks.com,London,32390
19693,AW00019693,Kayla,Foster,M,F,2011-10-07,kayla.foster@hostinger.com,Moscow,24882
19694,AW00019694,Stephanie,Perez,M,F,2011-10-07,stephanie.perez@circles.com,London,17520
19695,AW00019695,Angel,Gonzalez,M,M,2011-10-07,angel.gonzalez@fountains.com,Berlin,21804
19696,AW00019696,Adam,Patterson,M,M,2011-10-07,adam.patterson@winds.com,Singapore,25559
19697,AW00019697,Isabella,Wood,S,F,2011-10-07,isabella.wood@nappa.com,Mumbai,54167
19698,AW00019698,Stephanie,Barnes,M,F,2011-10-08,stephanie.barnes@cappo.com,Rome,22062
19699,AW00019699,Stephanie,James,M,F,2011-10-08,stephanie.james@fountains.com,Rome,41137
19700,AW00019700,Gabriel,Hall,M,M,2011-10-08,gabriel.hall@circles.com,London,40614
19701,AW00019701,Arianna,Wood,M,F,2011-10-08,arianna.wood@cappo.com,Delhi,29454
19702,AW00019702,Edward,Diaz,M,M,2011-10-08,edward.diaz@sticks.com,Tokyo,35706
19703,AW00019703,Katelyn,Baker,M,F,2011-10-08,katelyn.baker@fountains.com,Singapore,18534
19704,AW00019704,Nathan,Collins,M,M,2011-10-08,nathan.collins@nappa.com,Singapore,46174
19705,AW00019705,Anna,Hughes,S,F,2011-10-09,anna.hughes@towels.com,Moscow,24951
19706,AW00019706,Benjamin,Diaz,S,M,2011-10-09,benjamin.diaz@winds.com,Moscow,47208
19707,AW00019707,Cole,Cooper,M,M,2011-10-09,cole.cooper@towels.com,Delhi,56226
19708,AW00019708,April,Luo,M,F,2011-10-09,april.luo@papers.com,Berlin,37014
19709,AW00019709,Christian,Martin,M,M,2011-10-09,christian.martin@cappo.com,Seoul,24946
19710,AW00019710,Arianna,Gonzales,S,F,2011-10-09,arianna.gonzales@fountains.com,Jakarta,51930
19711,AW00019711,Devin,Cooper,S,M,2011-10-09,devin.cooper@circles.com,Istanbul,52150
19712,AW00019712,Eric,Phillips,M,M,2011-10-09,eric.phillips@fountains.com,Mumbai,35802
19713,AW00019713,Morgan,Stewart,M,F,2011-10-09,morgan.stewart@circles.com,Istanbul,15668
19714,AW00019714,Angela,Price,S,F,2011-10-09,angela.price@winds.com,Delhi,54539
19715,AW00019715,Elijah,Parker,M,M,2011-10-09,elijah.parker@cappo.com,Rome,45984
19716,AW00019716,Logan,Martin,S,M,2011-10-10,logan.martin@mouse.com,Moscow,44609
19717,AW00019717,Edward,Hill,S,M,2011-10-10,edward.hill@sticks.com,Jakarta,53833
19718,AW00019718,Taylor,Butler,M,F,2011-10-10,taylor.butler@circles.com,Paris,20790
19719,AW00019719,Hunter,Baker,S,M,2011-10-10,hunter.baker@sticks.com,Istanbul,15446
19720,AW00019720,Kaitlyn,Phillips,M,F,2011-10-10,kaitlyn.phillips@cappo.com,Rome,56873
19721,AW00019721,Noah,Allen,S,M,2011-10-10,noah.allen@nappa.com,Singapore,46718
19722,AW00019722,Dalton,Bailey,M,M,2011-10-10,dalton.bailey@mouse.com,Paris,14699
19723,AW00019723,Olivia,Russell,M,F,2011-10-10,olivia.russell@fountains.com,Seoul,48481
19724,AW00019724,Bryce,Morris,S,M,2011-10-10,bryce.morris@circles.com,Delhi,54760
19725,AW00019725,Alexandria,Ramirez,M,F,2011-10-11,alexandria.ramirez@hostinger.com,Paris,18997
19726,AW00019726,Javier,Rubio,M,M,2011-10-11,javier.rubio@nappa.com,Rome,49149
19727,AW00019727,Natasha,Vazquez,M,F,2011-10-11,natasha.vazquez@cappo.com,Jakarta,45701
19728,AW00019728,Wyatt,Edwards,M,M,2011-10-11,wyatt.edwards@sticks.com,Istanbul,28505
19729,AW00019729,Nicole,Patterson,M,F,2011-10-11,nicole.patterson@papers.com,Delhi,17649
19730,AW00019730,Ricardo,Black,M,M,2011-10-12,ricardo.black@papers.com,Madrid,25959
19731,AW00019731,Jonathan,Allen,M,M,2011-10-12,jonathan.allen@circles.com,Delhi,48275
19732,AW00019732,Kyle,Hill,S,M,2011-10-12,kyle.hill@sticks.com,Mumbai,56854
19733,AW00019733,Caitlin,Watson,M,F,2011-10-12,caitlin.watson@hostinger.com,London,29641
19734,AW00019734,Natalie,Weisman,M,F,2011-10-12,natalie.weisman@hostinger.com,Istanbul,22706
19735,AW00019735,Mackenzie,Reed,M,F,2011-10-12,mackenzie.reed@sticks.com,Madrid,27600
19736,AW00019736,Rachel,Kelly,M,F,2011-10-12,rachel.kelly@cappo.com,Bangkok,28512
19737,AW00019737,Erin,Ramirez,S,F,2011-10-12,erin.ramirez@winds.com,Seoul,10140
19738,AW00019738,Henry,Martinez,M,M,2011-10-12,henry.martinez@mouse.com,Delhi,32365
19739,AW00019739,Lucas,Perry,M,M,2011-10-13,lucas.perry@cappo.com,Shanghai,25711
19740,AW00019740,Connie,Liang,S,F,2011-10-13,connie.liang@circles.com,Singapore,45780
19741,AW00019741,María,Rivera,S,F,2011-10-13,maría.rivera@circles.com,Seoul,31196
19742,AW00019742,Alexia,Russell,M,F,2011-10-13,alexia.russell@winds.com,Delhi,40242
19743,AW00019743,Holly,Rana,S,F,2011-10-13,holly.rana@mouse.com,Moscow,32609
19744,AW00019744,Tamara,Cai,M,F,2011-10-14,tamara.cai@winds.com,Shanghai,18008
19745,AW00019745,Kayla,Simmons,M,F,2011-10-14,kayla.simmons@papers.com,Tokyo,43350
19746,AW00019746,Stephanie,Sanders,M,F,2011-10-14,stephanie.sanders@winds.com,Mumbai,42120
19747,AW00019747,Louis,Rai,M,M,2011-10-14,louis.rai@papers.com,Tokyo,36150
19748,AW00019748,Cory,Prasad,M,M,2011-10-14,cory.prasad@sticks.com,Shanghai,45836
19749,AW00019749,Natalie,Jackson,S,F,2011-10-14,natalie.jackson@cappo.com,Bangkok,13243
19750,AW00019750,Miguel,Flores,S,M,2011-10-14,miguel.flores@winds.com,Moscow,15867
19751,AW00019751,Kaylee,Hall,S,F,2011-10-14,kaylee.hall@towels.com,Mumbai,29794
19752,AW00019752,Ebony,Madan,M,F,2011-10-14,ebony.madan@mouse.com,Istanbul,54922
19753,AW00019753,Lisa,Gao,M,F,2011-10-15,lisa.gao@cappo.com,Seoul,56027
19754,AW00019754,Francisco,Rana,S,M,2011-10-15,francisco.rana@fountains.com,Rome,54792
19755,AW00019755,Lauren,Foster,M,F,2011-10-15,lauren.foster@papers.com,London,32180
19756,AW00019756,Nicolas,Yuan,S,M,2011-10-15,nicolas.yuan@winds.com,Bangkok,59898
19757,AW00019757,Allison,Allen,M,F,2011-10-15,allison.allen@winds.com,Madrid,38498
19758,AW00019758,Alex,Wright,S,M,2011-10-15,alex.wright@mouse.com,Singapore,22325
19759,AW00019759,Sydney,Barnes,M,F,2011-10-15,sydney.barnes@cappo.com,Moscow,49115
19760,AW00019760,Sydney,Russell,S,F,2011-10-15,sydney.russell@sticks.com,Rome,15391
19761,AW00019761,Alan,Lu,M,M,2011-10-15,alan.lu@fountains.com,Rome,12191
19762,AW00019762,Warren,Ma,S,M,2011-10-15,warren.ma@mouse.com,Singapore,30922
19763,AW00019763,Roger,Lu,M,M,2011-10-15,roger.lu@hostinger.com,Singapore,48954
19764,AW00019764,Wayne,Pal,M,M,2011-10-16,wayne.pal@hostinger.com,Delhi,57617
19765,AW00019765,Ruben,Patel,M,M,2011-10-16,ruben.patel@papers.com,Seoul,54727
19766,AW00019766,Edwin,Lin,M,M,2011-10-16,edwin.lin@sticks.com,Delhi,53215
19767,AW00019767,Ross,Serrano,S,M,2011-10-16,ross.serrano@sticks.com,Seoul,11603
19768,AW00019768,Christopher,Jackson,S,M,2011-10-16,christopher.jackson@nappa.com,Bangkok,27670
19769,AW00019769,Andrea,Peterson,M,F,2011-10-17,andrea.peterson@circles.com,Istanbul,33071
19770,AW00019770,Rosa,Liang,M,F,2011-10-17,rosa.liang@mouse.com,Madrid,11651
19771,AW00019771,Tasha,Jai,M,F,2011-10-17,tasha.jai@winds.com,Delhi,40351
19772,AW00019772,Hector,Vazquez,S,M,2011-10-17,hector.vazquez@mouse.com,Delhi,11513
19773,AW00019773,Ricky,Gutierrez,M,M,2011-10-17,ricky.gutierrez@cappo.com,Jakarta,51636
19774,AW00019774,Brianna,Davis,M,F,2011-10-18,brianna.davis@hostinger.com,Rome,20162
19775,AW00019775,Alisha,Cai,S,F,2011-10-18,alisha.cai@circles.com,Berlin,28554
19776,AW00019776,Judith,Murphy,M,F,2011-10-18,judith.murphy@cappo.com,Seoul,25642
19777,AW00019777,Jonathan,Thomas,M,M,2011-10-18,jonathan.thomas@towels.com,Singapore,31990
19778,AW00019778,Isabella,Jones,M,F,2011-10-18,isabella.jones@cappo.com,Shanghai,15695
19779,AW00019779,Emily,Foster,S,F,2011-10-18,emily.foster@fountains.com,Mumbai,45330
19780,AW00019780,Brianna,White,S,F,2011-10-18,brianna.white@cappo.com,Paris,45075
19781,AW00019781,Alexis,Washington,M,F,2011-10-18,alexis.washington@circles.com,Shanghai,58429
19782,AW00019782,Derek,Shan,S,M,2011-10-18,derek.shan@mouse.com,Jakarta,56020
19783,AW00019783,Tony,Kumar,S,M,2011-10-18,tony.kumar@mouse.com,Moscow,44318
19784,AW00019784,Christy,Liu,M,F,2011-10-19,christy.liu@nappa.com,Mumbai,50327
19785,AW00019785,Olivia,Ramirez,M,F,2011-10-19,olivia.ramirez@mouse.com,Rome,10498
19786,AW00019786,Robin,Carlson,M,F,2011-10-19,robin.carlson@circles.com,Jakarta,23438
19787,AW00019787,Alex,Hill,S,M,2011-10-19,alex.hill@cappo.com,Singapore,56407
19788,AW00019788,Kristen,Hu,S,F,2011-10-19,kristen.hu@fountains.com,Mumbai,39960
19789,AW00019789,Gloria,Munoz,M,F,2011-10-19,gloria.munoz@cappo.com,Singapore,26832
19790,AW00019790,Amy,Wu,S,F,2011-10-20,amy.wu@sticks.com,Berlin,28947
19791,AW00019791,Warren,Zhou,S,M,2011-10-20,warren.zhou@sticks.com,Delhi,55141
19792,AW00019792,Cristina,Nara,S,F,2011-10-20,cristina.nara@fountains.com,Paris,56716
19793,AW00019793,Tina,Smith,S,F,2011-10-20,tina.smith@hostinger.com,Shanghai,33089
19794,AW00019794,Danny,Ortega,S,M,2011-10-20,danny.ortega@nappa.com,Berlin,37382
19795,AW00019795,Casey,Navarro,M,M,2011-10-20,casey.navarro@cappo.com,Istanbul,56613
19796,AW00019796,Marshall,Xie,S,M,2011-10-20,marshall.xie@mouse.com,Madrid,48127
19797,AW00019797,Clarence,Liu,S,M,2011-10-21,clarence.liu@hostinger.com,Moscow,46645
19798,AW00019798,Bianca,Ma,M,F,2011-10-21,bianca.ma@cappo.com,Shanghai,43649
19799,AW00019799,Austin,Taylor,S,M,2011-10-21,austin.taylor@mouse.com,Berlin,25265
19800,AW00019800,Lauren,White,S,F,2011-10-21,lauren.white@nappa.com,Shanghai,20457
19801,AW00019801,John,Lee,S,M,2011-10-21,john.lee@mouse.com,Berlin,30406
19802,AW00019802,Sara,James,S,F,2011-10-21,sara.james@towels.com,Istanbul,19811
19803,AW00019803,Jermaine,Mehta,S,M,2011-10-21,jermaine.mehta@winds.com,Bangkok,20872
19804,AW00019804,Cameron,Foster,S,M,2011-10-21,cameron.foster@winds.com,Rome,52070
19805,AW00019805,Mariah,Butler,S,F,2011-10-21,mariah.butler@mouse.com,Tokyo,13314
19806,AW00019806,Nancy,Perez,S,F,2011-10-21,nancy.perez@winds.com,Singapore,34300
19807,AW00019807,Shannon,Zhao,M,F,2011-10-21,shannon.zhao@papers.com,Mumbai,26578
19808,AW00019808,Brooke,Kelly,M,F,2011-10-21,brooke.kelly@winds.com,Bangkok,21507
19809,AW00019809,Eric,Sharma,M,M,2011-10-22,eric.sharma@fountains.com,Moscow,43274
19810,AW00019810,Oscar,Long,S,M,2011-10-22,oscar.long@circles.com,Mumbai,55040
19811,AW00019811,Evan,Allen,M,M,2011-10-22,evan.allen@mouse.com,Madrid,55768
19812,AW00019812,Sydney,Morgan,S,F,2011-10-22,sydney.morgan@papers.com,Singapore,16503
19813,AW00019813,Rebecca,Perez,M,F,2011-10-22,rebecca.perez@nappa.com,Istanbul,13404
19814,AW00019814,Blake,Washington,M,M,2011-10-22,blake.washington@papers.com,Shanghai,30409
19815,AW00019815,Christian,Thompson,M,M,2011-10-22,christian.thompson@fountains.com,Moscow,51147
19816,AW00019816,Lucas,Brown,M,M,2011-10-23,lucas.brown@towels.com,Tokyo,41076
19817,AW00019817,Morgan,Flores,S,F,2011-10-23,morgan.flores@mouse.com,Bangkok,16851
19818,AW00019818,Brianna,Anderson,M,F,2011-10-23,brianna.anderson@hostinger.com,Tokyo,56777
19819,AW00019819,Andrew,Brown,M,M,2011-10-23,andrew.brown@hostinger.com,Jakarta,52354
19820,AW00019820,Alexandra,Coleman,M,F,2011-10-23,alexandra.coleman@mouse.com,Rome,55596
19821,AW00019821,Tabitha,Vazquez,M,F,2011-10-23,tabitha.vazquez@hostinger.com,Seoul,24385
19822,AW00019822,Carlos,Adams,M,M,2011-10-23,carlos.adams@hostinger.com,Berlin,44471
19823,AW00019823,Abigail,Foster,M,F,2011-10-23,abigail.foster@winds.com,Shanghai,31144
19824,AW00019824,Jordan,Perry,S,M,2011-10-23,jordan.perry@winds.com,Jakarta,12838
19825,AW00019825,Gilbert,Ferrier,M,M,2011-10-23,gilbert.ferrier@circles.com,Mumbai,19876
19826,AW00019826,Clarence,Zhao,S,M,2011-10-23,clarence.zhao@nappa.com,Moscow,56481
19827,AW00019827,Justin,Smith,M,M,2011-10-23,justin.smith@hostinger.com,Paris,30820
19828,AW00019828,Madison,Wilson,M,F,2011-10-24,madison.wilson@nappa.com,Shanghai,31204
19829,AW00019829,Lucas,Mitchell,S,M,2011-10-24,lucas.mitchell@winds.com,Seoul,18314
19830,AW00019830,Gabrielle,Long,S,F,2011-10-24,gabrielle.long@hostinger.com,Singapore,39215
19831,AW00019831,Charles,Green,M,M,2011-10-24,charles.green@hostinger.com,Singapore,43887
19832,AW00019832,Sheila,Hernandez,M,F,2011-10-24,sheila.hernandez@circles.com,Delhi,50514
19833,AW00019833,Michelle,Kelly,M,F,2011-10-24,michelle.kelly@circles.com,Rome,58552
19834,AW00019834,Johnny,Sharma,M,M,2011-10-24,johnny.sharma@mouse.com,Berlin,19129
19835,AW00019835,Jordan,Allen,M,F,2011-10-25,jordan.allen@towels.com,Singapore,56765
19836,AW00019836,Kevin,Jai,M,M,2011-10-25,kevin.jai@sticks.com,Seoul,57405
19837,AW00019837,Philip,Jimenez,M,M,2011-10-25,philip.jimenez@nappa.com,Madrid,41651
19838,AW00019838,Jared,Ramirez,M,M,2011-10-25,jared.ramirez@mouse.com,Madrid,27902
19839,AW00019839,Carly,Yuan,M,F,2011-10-25,carly.yuan@cappo.com,London,42061
19840,AW00019840,Jessica,James,M,F,2011-10-25,jessica.james@nappa.com,Seoul,32404
19841,AW00019841,Alexandria,Jenkins,M,F,2011-10-25,alexandria.jenkins@cappo.com,Istanbul,43621
19842,AW00019842,Katherine,Phillips,M,F,2011-10-25,katherine.phillips@sticks.com,Berlin,33172
19843,AW00019843,Connor,Kumar,S,M,2011-10-25,connor.kumar@towels.com,Shanghai,53502
19844,AW00019844,Emma,Murphy,M,F,2011-10-26,emma.murphy@fountains.com,Paris,15320
19845,AW00019845,Fernando,Hernandez,M,M,2011-10-26,fernando.hernandez@cappo.com,Seoul,33367
19846,AW00019846,Seth,Patterson,M,M,2011-10-26,seth.patterson@cappo.com,Istanbul,55867
19847,AW00019847,Brendan,Anand,S,M,2011-10-26,brendan.anand@sticks.com,Singapore,54226
19848,AW00019848,Bryant,Malhotra,M,M,2011-10-26,bryant.malhotra@mouse.com,London,52167
19849,AW00019849,Jorge,Wu,M,M,2011-10-27,jorge.wu@fountains.com,Berlin,42652
19850,AW00019850,Jeremiah,Hill,M,M,2011-10-27,jeremiah.hill@sticks.com,Berlin,18775
19851,AW00019851,Louis,Pal,S,M,2011-10-27,louis.pal@papers.com,Tokyo,28492
19852,AW00019852,Eric,Carter,S,M,2011-10-27,eric.carter@sticks.com,Bangkok,37909
19853,AW00019853,Ricky,Ramos,M,M,2011-10-27,ricky.ramos@cappo.com,Delhi,53657
19854,AW00019854,Katherine,Hall,S,F,2011-10-27,katherine.hall@cappo.com,Paris,22870
19855,AW00019855,John,Smith,M,M,2011-10-27,john.smith@towels.com,London,46096
19856,AW00019856,Tammy,Madan,M,F,2011-10-27,tammy.madan@cappo.com,London,42966
19857,AW00019857,Megan,Rogers,S,F,2011-10-28,megan.rogers@mouse.com,Delhi,53246
19858,AW00019858,Jenna,Collins,M,F,2011-10-28,jenna.collins@sticks.com,London,31871
19859,AW00019859,Lisa,Zhao,M,F,2011-10-28,lisa.zhao@hostinger.com,Rome,34985
19860,AW00019860,Sara,Young,S,F,2011-10-28,sara.young@fountains.com,London,53339
19861,AW00019861,Caroline,Perry,M,F,2011-10-28,caroline.perry@circles.com,Seoul,53087
19862,AW00019862,Emily,Harris,M,F,2011-10-28,emily.harris@fountains.com,Berlin,57500
19863,AW00019863,Paige,Powell,M,F,2011-10-28,paige.powell@towels.com,Moscow,19956
19864,AW00019864,Isaiah,Brooks,M,M,2011-10-28,isaiah.brooks@circles.com,London,16662
19865,AW00019865,Hailey,Butler,M,F,2011-10-28,hailey.butler@circles.com,Rome,33037
19866,AW00019866,Martin,Patel,M,M,2011-10-29,martin.patel@fountains.com,Shanghai,26915
19867,AW00019867,Juan,Sanchez,M,M,2011-10-29,juan.sanchez@papers.com,Shanghai,20640
19868,AW00019868,Kyle,Jenkins,S,M,2011-10-29,kyle.jenkins@winds.com,Paris,23513
19869,AW00019869,Carol,Brooks,M,F,2011-10-29,carol.brooks@winds.com,Berlin,40589
19870,AW00019870,James,Martin,M,M,2011-10-29,james.martin@nappa.com,Delhi,38237
19871,AW00019871,Bryce,Rivera,S,M,2011-10-29,bryce.rivera@towels.com,Bangkok,13731
19872,AW00019872,Faith,Foster,M,F,2011-10-29,faith.foster@nappa.com,Mumbai,35737
19873,AW00019873,Dylan,Thomas,S,M,2011-10-29,dylan.thomas@winds.com,Jakarta,52391
19874,AW00019874,Sara,Rogers,M,F,2011-10-29,sara.rogers@towels.com,Delhi,48862
19875,AW00019875,Patrick,James,M,M,2011-10-30,patrick.james@sticks.com,Bangkok,50522
19876,AW00019876,Nathan,Edwards,M,M,2011-10-30,nathan.edwards@hostinger.com,Delhi,46873
19877,AW00019877,Steve,Zheng,M,M,2011-10-30,steve.zheng@mouse.com,Istanbul,26132
19878,AW00019878,Morgan,Jackson,M,F,2011-10-30,morgan.jackson@sticks.com,Shanghai,49527
19879,AW00019879,Ian,Green,M,M,2011-10-30,ian.green@fountains.com,Rome,29546
19880,AW00019880,Emma,Bennett,M,F,2011-10-30,emma.bennett@cappo.com,London,18610
19881,AW00019881,Aidan,Long,M,M,2011-10-30,aidan.long@mouse.com,Singapore,47727
19882,AW00019882,Richard,Phillips,S,M,2011-10-30,richard.phillips@sticks.com,Mumbai,24307
19883,AW00019883,Kevin,Young,M,M,2011-10-30,kevin.young@winds.com,Singapore,44258
19884,AW00019884,James,Simmons,M,M,2011-10-30,james.simmons@papers.com,Seoul,53247
19885,AW00019885,Isaac,Turner,S,M,2011-10-30,isaac.turner@fountains.com,Seoul,20980
19886,AW00019886,Marcus,Butler,M,M,2011-10-30,marcus.butler@papers.com,Jakarta,40204
19887,AW00019887,Olivia,Walker,M,F,2011-10-31,olivia.walker@sticks.com,Singapore,41915
19888,AW00019888,Carson,Washington,S,M,2011-10-31,carson.washington@towels.com,Paris,56259
19889,AW00019889,Catherine,Sanders,S,F,2011-10-31,catherine.sanders@papers.com,Delhi,31543
19890,AW00019890,Lee,Alvarez,S,M,2011-10-31,lee.alvarez@mouse.com,Delhi,47464
19891,AW00019891,Jennifer,Morgan,M,F,2011-10-31,jennifer.morgan@fountains.com,Moscow,36428
19892,AW00019892,Richard,Campbell,M,M,2011-10-31,richard.campbell@winds.com,Istanbul,43540
19893,AW00019893,Evan,Baker,S,M,2011-10-31,evan.baker@papers.com,Jakarta,27127
19894,AW00019894,Elijah,Sharma,S,M,2011-11-01,elijah.sharma@mouse.com,Singapore,50705
19895,AW00019895,Ricky,Jimenez,M,M,2011-11-01,ricky.jimenez@fountains.com,Madrid,43174
19896,AW00019896,Kaitlyn,Thomas,M,F,2011-11-01,kaitlyn.thomas@sticks.com,Paris,48962
19897,AW00019897,Gabriella,Nelson,S,F,2011-11-01,gabriella.nelson@papers.com,Moscow,28498
19898,AW00019898,Desiree,Serrano,S,F,2011-11-01,desiree.serrano@circles.com,Mumbai,25408
19899,AW00019899,Marcus,Richardson,M,M,2011-11-01,marcus.richardson@towels.com,Seoul,18210
19900,AW00019900,Zoe,Richardson,M,F,2011-11-01,zoe.richardson@fountains.com,Delhi,38970
19901,AW00019901,Ronald,Sara,M,M,2011-11-01,ronald.sara@nappa.com,Singapore,11181
19902,AW00019902,Johnny,Pal,M,M,2011-11-02,johnny.pal@towels.com,Istanbul,49045
19903,AW00019903,Marcus,Nelson,S,M,2011-11-02,marcus.nelson@circles.com,Delhi,17474
19904,AW00019904,Jasmine,Gray,M,F,2011-11-02,jasmine.gray@hostinger.com,Delhi,53195
19905,AW00019905,Chelsea,Fernandez,S,F,2011-11-02,chelsea.fernandez@sticks.com,London,44932
19906,AW00019906,Armando,Muñoz,M,M,2011-11-02,armando.muñoz@mouse.com,Seoul,32827
19907,AW00019907,Bruce,Diaz,M,M,2011-11-02,bruce.diaz@winds.com,Rome,18580
19908,AW00019908,Pamela,Prasad,S,F,2011-11-03,pamela.prasad@towels.com,Istanbul,14484
19909,AW00019909,Geoffrey,Chandra,M,M,2011-11-03,geoffrey.chandra@cappo.com,Bangkok,13804
19910,AW00019910,Orlando,Rubio,M,M,2011-11-03,orlando.rubio@winds.com,London,34982
19911,AW00019911,Valerie,Chen,S,F,2011-11-03,valerie.chen@winds.com,Tokyo,53871
19912,AW00019912,Tara,Xie,M,F,2011-11-03,tara.xie@nappa.com,Rome,43402
19913,AW00019913,Jennifer,Perez,M,F,2011-11-03,jennifer.perez@sticks.com,Singapore,24782
19914,AW00019914,Willie,Ma,M,M,2011-11-03,willie.ma@towels.com,Jakarta,41475
19915,AW00019915,Claudia,McDonald,M,F,2011-11-03,claudia.mcdonald@winds.com,London,15723
19916,AW00019916,Katie,Xie,M,F,2011-11-03,katie.xie@towels.com,Delhi,12192
19917,AW00019917,Jenny,Chander,M,F,2011-11-03,jenny.chander@circles.com,Singapore,28104
19918,AW00019918,Joy,Alonso,M,F,2011-11-03,joy.alonso@circles.com,Madrid,11298
19919,AW00019919,Rebekah,Johnsen,M,F,2011-11-04,rebekah.johnsen@fountains.com,Madrid,32570
19920,AW00019920,Meredith,Sanchez,S,F,2011-11-04,meredith.sanchez@papers.com,Mumbai,32178
19921,AW00019921,Cara,Cai,S,F,2011-11-04,cara.cai@hostinger.com,Delhi,19000
19922,AW00019922,Nancy,Gonzalez,S,F,2011-11-04,nancy.gonzalez@cappo.com,Mumbai,44871
19923,AW00019923,Joe,Prasad,M,M,2011-11-04,joe.prasad@nappa.com,Jakarta,38991
19924,AW00019924,Douglas,Perez,M,M,2011-11-04,douglas.perez@cappo.com,Shanghai,54603
19925,AW00019925,Madison,Jenkins,M,F,2011-11-04,madison.jenkins@hostinger.com,Shanghai,57389
19926,AW00019926,Alexandria,Diaz,M,F,2011-11-05,alexandria.diaz@papers.com,Mumbai,37624
19927,AW00019927,Ruben,Fernandez,M,M,2011-11-05,ruben.fernandez@towels.com,Tokyo,22752
19928,AW00019928,Jaime,Sanz,M,F,2011-11-05,jaime.sanz@sticks.com,Seoul,21583
19929,AW00019929,Dale,Chander,M,M,2011-11-05,dale.chander@papers.com,Moscow,56383
19930,AW00019930,Tony,Tang,M,M,2011-11-05,tony.tang@sticks.com,Madrid,12922
19931,AW00019931,Darryl,Xu,M,M,2011-11-05,darryl.xu@winds.com,Singapore,22473
19932,AW00019932,Javier,Sanz,S,M,2011-11-05,javier.sanz@nappa.com,Berlin,55643
19933,AW00019933,Nichole,Deng,M,F,2011-11-05,nichole.deng@towels.com,London,11400
19934,AW00019934,Neil,Blanco,M,M,2011-11-06,neil.blanco@hostinger.com,Moscow,21906
19935,AW00019935,Clinton,Navarro,M,M,2011-11-06,clinton.navarro@winds.com,Madrid,26138
19936,AW00019936,Corey,Luo,M,M,2011-11-06,corey.luo@hostinger.com,Berlin,49683
19937,AW00019937,Jimmy,Gomez,S,M,2011-11-06,jimmy.gomez@fountains.com,Bangkok,27694
19938,AW00019938,Chelsea,Patel,M,F,2011-11-06,chelsea.patel@cappo.com,Tokyo,10403
19939,AW00019939,Alvin,Wang,M,M,2011-11-06,alvin.wang@nappa.com,Singapore,32892
19940,AW00019940,Rosa,Ye,M,F,2011-11-06,rosa.ye@hostinger.com,Tokyo,44369
19941,AW00019941,Cedric,Liang,S,M,2011-11-06,cedric.liang@fountains.com,Bangkok,24653
19942,AW00019942,Armando,Navarro,S,M,2011-11-06,armando.navarro@cappo.com,London,48248
19943,AW00019943,Walter,Carlson,M,M,2011-11-06,walter.carlson@mouse.com,Moscow,24580
19944,AW00019944,Jonathon,Suarez,M,M,2011-11-06,jonathon.suarez@nappa.com,Jakarta,41995
19945,AW00019945,Phillip,Garcia,M,M,2011-11-06,phillip.garcia@fountains.com,Delhi,45815
19946,AW00019946,Tamara,Raje,S,F,2011-11-06,tamara.raje@fountains.com,Shanghai,12051
19947,AW00019947,Darryl,Liu,S,M,2011-11-07,darryl.liu@hostinger.com,Jakarta,42907
19948,AW00019948,Lacey,Hu,S,F,2011-11-07,lacey.hu@sticks.com,Rome,24163
19949,AW00019949,Niñia,Anand,M,F,2011-11-07,niñia.anand@sticks.com,Paris,53621
19950,AW00019950,Ronnie,Lu,M,M,2011-11-07,ronnie.lu@cappo.com,Rome,41356
19951,AW00019951,Roy,Moreno,S,M,2011-11-07,roy.moreno@sticks.com,Singapore,15986
19952,AW00019952,Adrienne,Martin,S,F,2011-11-07,adrienne.martin@mouse.com,Delhi,58050
19953,AW00019953,Darrell,Lal,S,M,2011-11-07,darrell.lal@nappa.com,Istanbul,43395
19954,AW00019954,Jose,Carlson,M,M,2011-11-07,jose.carlson@hostinger.com,London,33328
19955,AW00019955,Jake,Gao,S,M,2011-11-07,jake.gao@hostinger.com,Moscow,23618
19956,AW00019956,Susan,She,M,F,2011-11-07,susan.she@circles.com,Seoul,43482
19957,AW00019957,Arthur,Mehta,S,M,2011-11-07,arthur.mehta@winds.com,Singapore,14694
19958,AW00019958,Erika,Romero,M,F,2011-11-07,erika.romero@fountains.com,Berlin,52459
19959,AW00019959,Tabitha,Moreno,S,F,2011-11-08,tabitha.moreno@circles.com,Mumbai,48012
19960,AW00019960,Phil,Spencer,M,M,2011-11-08,phil.spencer@hostinger.com,London,34702
19961,AW00019961,Kristin,She,M,F,2011-11-08,kristin.she@towels.com,Berlin,33480
19962,AW00019962,Dominic,Prasad,M,M,2011-11-08,dominic.prasad@papers.com,Madrid,54447
19963,AW00019963,Geoffrey,Fernandez,M,M,2011-11-08,geoffrey.fernandez@papers.com,Tokyo,52618
19964,AW00019964,Gloria,Alonso,S,F,2011-11-08,gloria.alonso@circles.com,Madrid,47611
19965,AW00019965,Jay,Lopez,M,M,2011-11-08,jay.lopez@circles.com,Seoul,12920
19966,AW00019966,Abby,Sanchez,M,F,2011-11-08,abby.sanchez@mouse.com,Madrid,54776
19967,AW00019967,Devon,Deng,S,M,2011-11-08,devon.deng@fountains.com,Mumbai,59805
19968,AW00019968,Katrina,Chande,M,F,2011-11-09,katrina.chande@winds.com,Seoul,51511
19969,AW00019969,Jake,Guo,S,M,2011-11-09,jake.guo@cappo.com,Istanbul,41576
19970,AW00019970,Tanya,Jimenez,S,F,2011-11-09,tanya.jimenez@sticks.com,Shanghai,14532
19971,AW00019971,Jeffery,Lu,S,M,2011-11-09,jeffery.lu@fountains.com,Madrid,51371
19972,AW00019972,Lindsay,Chander,M,F,2011-11-09,lindsay.chander@fountains.com,Mumbai,15694
19973,AW00019973,Colin,Zhu,M,M,2011-11-09,colin.zhu@hostinger.com,Tokyo,47102
19974,AW00019974,George,Fernandez,M,M,2011-11-10,george.fernandez@sticks.com,Mumbai,47468
19975,AW00019975,Brittney,Zhang,S,F,2011-11-10,brittney.zhang@cappo.com,Delhi,55659
19976,AW00019976,Tamara,Sun,M,F,2011-11-10,tamara.sun@sticks.com,Delhi,39923
19977,AW00019977,Kristine,Gill,S,F,2011-11-10,kristine.gill@winds.com,Bangkok,48462
19978,AW00019978,Marshall,Yuan,M,M,2011-11-10,marshall.yuan@hostinger.com,Istanbul,15534
19979,AW00019979,Janet,Browning,M,F,2011-11-10,janet.browning@nappa.com,Istanbul,54064
19980,AW00019980,Alexandra,Carter,M,F,2011-11-10,alexandra.carter@sticks.com,Rome,34177
19981,AW00019981,Kelly,Russell,M,F,2011-11-10,kelly.russell@hostinger.com,Singapore,52197
19982,AW00019982,Charles,Cox,S,M,2011-11-10,charles.cox@fountains.com,Jakarta,21292
19983,AW00019983,Michael,Martinez,M,M,2011-11-10,michael.martinez@fountains.com,Paris,58779
19984,AW00019984,Sara,Morris,M,F,2011-11-11,sara.morris@hostinger.com,London,41985
19985,AW00019985,Tamara,Ma,S,F,2011-11-11,tamara.ma@hostinger.com,Delhi,19311
19986,AW00019986,Jamie,Huang,S,F,2011-11-11,jamie.huang@hostinger.com,Seoul,12826
19987,AW00019987,Taylor,Moore,S,F,2011-11-11,taylor.moore@towels.com,Rome,54479
19988,AW00019988,Jordan,Long,M,M,2011-11-12,jordan.long@sticks.com,Madrid,31946
19989,AW00019989,Ethan,Thompson,M,M,2011-11-12,ethan.thompson@hostinger.com,Moscow,20687
19990,AW00019990,Peter,Rai,M,M,2011-11-12,peter.rai@fountains.com,Mumbai,18776
19991,AW00019991,Jacob,Thomas,M,M,2011-11-12,jacob.thomas@sticks.com,Jakarta,53920
19992,AW00019992,Stephanie,Hill,M,F,2011-11-12,stephanie.hill@cappo.com,Istanbul,10806
19993,AW00019993,Nathan,Russell,M,M,2011-11-12,nathan.russell@circles.com,Mumbai,15036
19994,AW00019994,Madeline,King,S,F,2011-11-12,madeline.king@towels.com,Delhi,13130
19995,AW00019995,Jordyn,Gonzales,M,F,2011-11-12,jordyn.gonzales@cappo.com,London,49358
19996,AW00019996,Grant,She,S,M,2011-11-13,grant.she@towels.com,London,57111
19997,AW00019997,Beth,Gill,M,F,2011-11-13,beth.gill@nappa.com,Istanbul,24259
19998,AW00019998,Laura,Liu,S,F,2011-11-13,laura.liu@hostinger.com,Delhi,36419
19999,AW00019999,Danielle,Brooks,S,F,2011-11-13,danielle.brooks@sticks.com,Delhi,38870
20000,AW00020000,Elijah,Diaz,M,M,2011-11-13,elijah.diaz@mouse.com,Berlin,22153
20001,AW00020001,Jordan,Hill,S,F,2011-11-14,jordan.hill@winds.com,Bangkok,12305
20002,AW00020002,Elizabeth,White,M,F,2011-11-14,elizabeth.white@hostinger.com,Paris,20455
20003,AW00020003,Dalton,Gonzalez,S,M,2011-11-14,dalton.gonzalez@sticks.com,Shanghai,12674
20004,AW00020004,Kaitlin,Perez,M,F,2011-11-14,kaitlin.perez@circles.com,Mumbai,54229
20005,AW00020005,Kevin,Zhang,S,M,2011-11-14,kevin.zhang@circles.com,Berlin,33866
20006,AW00020006,Grace,Morris,S,F,2011-11-14,grace.morris@papers.com,Berlin,27690
20007,AW00020007,Ashley,Alexander,S,F,2011-11-14,ashley.alexander@sticks.com,Istanbul,19992
20008,AW00020008,Jack,Foster,M,M,2011-11-14,jack.foster@cappo.com,Tokyo,12669
20009,AW00020009,Noah,Walker,S,M,2011-11-14,noah.walker@circles.com,Rome,20465
20010,AW00020010,Jackson,Carter,M,M,2011-11-14,jackson.carter@circles.com,Madrid,46571
20011,AW00020011,Eduardo,Sanders,M,M,2011-11-15,eduardo.sanders@fountains.com,Berlin,39296
20012,AW00020012,Jessica,Robinson,M,F,2011-11-15,jessica.robinson@winds.com,Berlin,40551
20013,AW00020013,Jocelyn,Hughes,S,F,2011-11-15,jocelyn.hughes@sticks.com,Seoul,41425
20014,AW00020014,Anne,Blanco,M,F,2011-11-15,anne.blanco@nappa.com,Bangkok,56217
20015,AW00020015,Jenna,King,M,F,2011-11-15,jenna.king@sticks.com,Singapore,24611
20016,AW00020016,Katherine,Kelly,S,F,2011-11-16,katherine.kelly@mouse.com,Shanghai,23076
20017,AW00020017,Anna,Sanders,S,F,2011-11-16,anna.sanders@papers.com,Moscow,39919
20018,AW00020018,Lauren,Gray,M,F,2011-11-16,lauren.gray@hostinger.com,Istanbul,30940
20019,AW00020019,Brittany,Diaz,M,F,2011-11-16,brittany.diaz@mouse.com,Jakarta,11628
20020,AW00020020,Jacqueline,Foster,S,F,2011-11-16,jacqueline.foster@cappo.com,Shanghai,28784
20021,AW00020021,Alexander,Jones,M,M,2011-11-16,alexander.jones@winds.com,Berlin,10114
20022,AW00020022,Arthur,Perry,M,F,2011-11-16,arthur.perry@winds.com,Seoul,19380
20023,AW00020023,Edward,Hughes,S,M,2011-11-16,edward.hughes@sticks.com,Madrid,13665
20024,AW00020024,Fernando,Miller,S,M,2011-11-16,fernando.miller@sticks.com,Bangkok,33749
20025,AW00020025,Bryce,Bell,S,M,2011-11-16,bryce.bell@nappa.com,Bangkok,55869
20026,AW00020026,Jasmine,Richardson,S,F,2011-11-16,jasmine.richardson@papers.com,Delhi,22799
20027,AW00020027,Danielle,Murphy,M,F,2011-11-16,danielle.murphy@fountains.com,Mumbai,16431
20028,AW00020028,Angela,Flores,S,F,2011-11-16,angela.flores@mouse.com,Tokyo,49634
20029,AW00020029,Jan,Evans,M,F,2011-11-17,jan.evans@circles.com,Paris,43983
20030,AW00020030,Alexander,Harris,M,M,2011-11-17,alexander.harris@cappo.com,Jakarta,38202
20031,AW00020031,Devin,James,S,M,2011-11-17,devin.james@circles.com,Bangkok,57797
20032,AW00020032,Marcus,Walker,S,M,2011-11-17,marcus.walker@cappo.com,Seoul,34700
20033,AW00020033,Carlos,Turner,M,M,2011-11-17,carlos.turner@mouse.com,Paris,56171
20034,AW00020034,Wyatt,Turner,S,M,2011-11-17,wyatt.turner@papers.com,Paris,17885
20035,AW00020035,Cesar,Fernandez,M,M,2011-11-17,cesar.fernandez@winds.com,Bangkok,22372
20036,AW00020036,Kate,Tang,M,F,2011-11-18,kate.tang@sticks.com,Shanghai,17547
20037,AW00020037,Alyssa,Sanchez,S,F,2011-11-18,alyssa.sanchez@mouse.com,Moscow,51148
20038,AW00020038,Taylor,Price,S,F,2011-11-18,taylor.price@papers.com,Tokyo,41564
20039,AW00020039,Stephanie,Evans,S,F,2011-11-19,stephanie.evans@papers.com,Delhi,23360
20040,AW00020040,Victoria,Rivera,S,F,2011-11-19,victoria.rivera@towels.com,Bangkok,27627
20041,AW00020041,Joe,Alvarez,S,M,2011-11-19,joe.alvarez@papers.com,Delhi,44798
20042,AW00020042,Brad,Deng,M,M,2011-11-19,brad.deng@circles.com,Shanghai,10576
20043,AW00020043,Brent,Zheng,S,M,2011-11-19,brent.zheng@papers.com,Delhi,12704
20044,AW00020044,Jillian,Rana,S,F,2011-11-19,jillian.rana@mouse.com,Tokyo,20369
20045,AW00020045,Andres,Shen,M,M,2011-11-19,andres.shen@nappa.com,Istanbul,35214
20046,AW00020046,Peter,She,M,M,2011-11-19,peter.she@mouse.com,Istanbul,30626
20047,AW00020047,Ronnie,Huang,M,M,2011-11-19,ronnie.huang@towels.com,Moscow,20653
20048,AW00020048,Virginia,Srini,S,F,2011-11-19,virginia.srini@sticks.com,Singapore,38852
20049,AW00020049,Colleen,Chavez,S,F,2011-11-19,colleen.chavez@circles.com,Jakarta,40725
20050,AW00020050,Adriana,Prasad,S,F,2011-11-19,adriana.prasad@hostinger.com,Tokyo,25911
20051,AW00020051,Linda,Dominguez,S,F,2011-11-19,linda.dominguez@fountains.com,Delhi,48494
20052,AW00020052,Theodore,Ruiz,S,M,2011-11-20,theodore.ruiz@fountains.com,Madrid,19437
20053,AW00020053,Jessie,Yang,S,M,2011-11-20,jessie.yang@circles.com,Singapore,18651
20054,AW00020054,Clarence,Nara,S,M,2011-11-20,clarence.nara@mouse.com,Rome,50624
20055,AW00020055,Ruben,Ruiz,S,M,2011-11-20,ruben.ruiz@nappa.com,Madrid,28167
20056,AW00020056,Johnny,She,S,M,2011-11-20,johnny.she@nappa.com,Shanghai,33330
20057,AW00020057,Ramon,Zhou,S,M,2011-11-20,ramon.zhou@hostinger.com,London,42030
20058,AW00020058,Roger,Liu,S,M,2011-11-20,roger.liu@winds.com,Tokyo,54631
20059,AW00020059,Madison,Washington,M,F,2011-11-20,madison.washington@winds.com,Singapore,28662
20060,AW00020060,Kayla,Jackson,S,F,2011-11-20,kayla.jackson@mouse.com,Singapore,57527
20061,AW00020061,Sharon,Nath,S,F,2011-11-20,sharon.nath@winds.com,Seoul,57129
20062,AW00020062,Russell,Carson,S,M,2011-11-21,russell.carson@fountains.com,London,32867
20063,AW00020063,Kristy,Ortega,S,F,2011-11-21,kristy.ortega@sticks.com,Delhi,39420
20064,AW00020064,Whitney,Prasad,S,F,2011-11-21,whitney.prasad@nappa.com,Shanghai,31017
20065,AW00020065,Grant,Lal,M,M,2011-11-21,grant.lal@sticks.com,Tokyo,23400
20066,AW00020066,Marcus,White,S,M,2011-11-21,marcus.white@sticks.com,Mumbai,57019
20067,AW00020067,Destiny,Thompson,S,F,2011-11-21,destiny.thompson@circles.com,Paris,23174
20068,AW00020068,Alexandria,Peterson,S,F,2011-11-22,alexandria.peterson@winds.com,Moscow,18222
20069,AW00020069,Jessica,Smith,S,F,2011-11-22,jessica.smith@nappa.com,Madrid,34578
20070,AW00020070,Richard,Morris,M,M,2011-11-22,richard.morris@mouse.com,Bangkok,10802
20071,AW00020071,Sean,Campbell,M,M,2011-11-22,sean.campbell@circles.com,London,18287
20072,AW00020072,Kaitlyn,Martinez,M,F,2011-11-22,kaitlyn.martinez@hostinger.com,Mumbai,41514
20073,AW00020073,Melissa,Cooper,M,F,2011-11-22,melissa.cooper@sticks.com,Mumbai,13569
20074,AW00020074,Preston,Madan,S,M,2011-11-22,preston.madan@winds.com,London,52607
20075,AW00020075,Aaron,Allen,S,M,2011-11-22,aaron.allen@sticks.com,Singapore,42203
20076,AW00020076,Beth,Vazquez,S,F,2011-11-22,beth.vazquez@towels.com,Jakarta,42578
20077,AW00020077,Aidan,Coleman,M,M,2011-11-22,aidan.coleman@towels.com,Seoul,33465
20078,AW00020078,Jose,Lee,M,M,2011-11-23,jose.lee@fountains.com,Shanghai,19812
20079,AW00020079,Alexandra,Taylor,M,F,2011-11-23,alexandra.taylor@fountains.com,Singapore,58200
20080,AW00020080,Maria,Stewart,M,F,2011-11-23,maria.stewart@papers.com,Seoul,47244
20081,AW00020081,Jerry,Xie,M,M,2011-11-23,jerry.xie@sticks.com,London,57485
20082,AW00020082,Caroline,Henderson,S,F,2011-11-23,caroline.henderson@cappo.com,Delhi,31297
20083,AW00020083,Terry,Kumar,M,M,2011-11-23,terry.kumar@sticks.com,Rome,15332
20084,AW00020084,Alex,Stewart,M,M,2011-11-23,alex.stewart@sticks.com,Seoul,37236
20085,AW00020085,Jessica,Moore,M,F,2011-11-23,jessica.moore@sticks.com,London,25553
20086,AW00020086,Jeremiah,Hayes,M,M,2011-11-23,jeremiah.hayes@circles.com,Moscow,16417
20087,AW00020087,Seth,Gray,M,M,2011-11-23,seth.gray@sticks.com,Moscow,25301
20088,AW00020088,Jose,Lewis,M,M,2011-11-23,jose.lewis@fountains.com,Madrid,18270
20089,AW00020089,Luis,Powell,M,M,2011-11-23,luis.powell@fountains.com,Jakarta,29656
20090,AW00020090,Blake,Edwards,M,M,2011-11-24,blake.edwards@winds.com,Bangkok,26581
20091,AW00020091,Andrea,Parker,M,F,2011-11-24,andrea.parker@mouse.com,Berlin,26664
20092,AW00020092,Ethan,Sharma,M,M,2011-11-24,ethan.sharma@hostinger.com,Berlin,49887
20093,AW00020093,Megan,Clark,M,F,2011-11-24,megan.clark@hostinger.com,Bangkok,20481
20094,AW00020094,Lindsey,Chande,M,F,2011-11-24,lindsey.chande@winds.com,Seoul,32802
20095,AW00020095,Ana,Flores,M,F,2011-11-24,ana.flores@hostinger.com,Mumbai,52189
20096,AW00020096,Jonathan,Lal,M,M,2011-11-24,jonathan.lal@nappa.com,Rome,14676
20097,AW00020097,Brittany,Griffin,M,F,2011-11-24,brittany.griffin@hostinger.com,Bangkok,16013
20098,AW00020098,Alexis,Lewis,M,F,2011-11-25,alexis.lewis@sticks.com,Paris,12894
20099,AW00020099,Devon,Xie,M,M,2011-11-25,devon.xie@hostinger.com,Singapore,24674
20100,AW00020100,Jesse,Watson,S,M,2011-11-25,jesse.watson@papers.com,Tokyo,48577
20101,AW00020101,Devin,Hayes,M,M,2011-11-25,devin.hayes@cappo.com,Madrid,26324
20102,AW00020102,Arianna,Jenkins,M,F,2011-11-25,arianna.jenkins@hostinger.com,Rome,59496
20103,AW00020103,William,Robinson,M,M,2011-11-25,william.robinson@nappa.com,Rome,47265
20104,AW00020104,Louis,Xu,M,M,2011-11-25,louis.xu@mouse.com,Madrid,49020
20105,AW00020105,Alexis,Taylor,M,F,2011-11-26,alexis.taylor@towels.com,Delhi,26560
20106,AW00020106,Amber,Hall,M,F,2011-11-26,amber.hall@winds.com,Istanbul,57997
20107,AW00020107,Danielle,Morris,M,F,2011-11-26,danielle.morris@papers.com,Rome,48208
20108,AW00020108,Glenn,Gao,M,M,2011-11-26,glenn.gao@towels.com,Madrid,27725
20109,AW00020109,Katelyn,Stewart,S,F,2011-11-26,katelyn.stewart@circles.com,Paris,37136
20110,AW00020110,Austin,Perry,M,M,2011-11-26,austin.perry@winds.com,Seoul,14149
20111,AW00020111,Brittney,Zhu,M,F,2011-11-26,brittney.zhu@winds.com,Berlin,46657
20112,AW00020112,Shelby,James,S,F,2011-11-26,shelby.james@sticks.com,Delhi,18157
20113,AW00020113,Christina,Murphy,M,F,2011-11-26,christina.murphy@papers.com,Mumbai,16207
20114,AW00020114,Joseph,Thompson,M,M,2011-11-26,joseph.thompson@towels.com,Moscow,28102
20115,AW00020115,Megan,Jones,M,F,2011-11-26,megan.jones@nappa.com,Tokyo,13436
20116,AW00020116,Hannah,Bryant,M,F,2011-11-27,hannah.bryant@circles.com,Rome,51701
20117,AW00020117,Brandon,Jenkins,M,M,2011-11-27,brandon.jenkins@hostinger.com,Singapore,53997
20118,AW00020118,Jacqueline,Henderson,M,F,2011-11-27,jacqueline.henderson@towels.com,Jakarta,32871
20119,AW00020119,Carlos,Hernandez,M,M,2011-11-27,carlos.hernandez@towels.com,Tokyo,25873
20120,AW00020120,Fernando,Hughes,S,M,2011-11-27,fernando.hughes@cappo.com,Delhi,55428
20121,AW00020121,Dylan,Butler,M,M,2011-11-27,dylan.butler@sticks.com,Madrid,30155
20122,AW00020122,Jeremy,Bailey,M,M,2011-11-27,jeremy.bailey@circles.com,Moscow,32191
20123,AW00020123,Aaron,Gonzalez,M,M,2011-11-27,aaron.gonzalez@fountains.com,Istanbul,43322
20124,AW00020124,Natalie,Coleman,M,F,2011-11-27,natalie.coleman@nappa.com,Seoul,53424
20125,AW00020125,Natalie,Clark,M,F,2011-11-27,natalie.clark@mouse.com,Madrid,51347
20126,AW00020126,Seth,Carter,M,M,2011-11-27,seth.carter@towels.com,Tokyo,37831
20127,AW00020127,Carlos,Sanders,M,M,2011-11-28,carlos.sanders@sticks.com,Mumbai,39200
20128,AW00020128,Ian,Miller,M,M,2011-11-28,ian.miller@mouse.com,Seoul,19288
20129,AW00020129,Nicole,Stewart,S,F,2011-11-28,nicole.stewart@hostinger.com,Jakarta,34461
20130,AW00020130,Jordan,Nelson,M,M,2011-11-28,jordan.nelson@sticks.com,Delhi,11404
20131,AW00020131,Carolyn,Gutierrez,M,F,2011-11-29,carolyn.gutierrez@fountains.com,Berlin,10061
20132,AW00020132,Jenny,Shen,M,F,2011-11-29,jenny.shen@papers.com,Shanghai,10564
20133,AW00020133,Jorge,Li,M,M,2011-11-29,jorge.li@papers.com,Seoul,32772
20134,AW00020134,Franklin,Zhao,M,M,2011-11-29,franklin.zhao@winds.com,Moscow,26124
20135,AW00020135,Grace,Price,M,F,2011-11-29,grace.price@towels.com,London,41690
20136,AW00020136,Bonnie,Kennedy,M,F,2011-11-29,bonnie.kennedy@fountains.com,Jakarta,31765
20137,AW00020137,Jarrod,Fernandez,M,M,2011-11-29,jarrod.fernandez@sticks.com,Jakarta,13865
20138,AW00020138,Kendra,Moreno,M,F,2011-11-30,kendra.moreno@hostinger.com,Rome,10057
20139,AW00020139,Connor,Wright,M,M,2011-11-30,connor.wright@circles.com,Berlin,32498
20140,AW00020140,Joe,Navarro,M,M,2011-11-30,joe.navarro@circles.com,Bangkok,24724
20141,AW00020141,Angelica,Flores,M,F,2011-11-30,angelica.flores@circles.com,Jakarta,25933
20142,AW00020142,Lydia,Lopez,M,F,2011-11-30,lydia.lopez@cappo.com,Rome,17285
20143,AW00020143,Jimmy,Suarez,M,M,2011-11-30,jimmy.suarez@mouse.com,Bangkok,59245
20144,AW00020144,Roger,Lin,M,M,2011-11-30,roger.lin@towels.com,Moscow,35667
20145,AW00020145,Fernando,Lee,M,M,2011-11-30,fernando.lee@hostinger.com,Berlin,28769
20146,AW00020146,Mackenzie,Hall,M,F,2011-11-30,mackenzie.hall@nappa.com,Singapore,56934
20147,AW00020147,Tabitha,Ramos,M,F,2011-11-30,tabitha.ramos@towels.com,Rome,15200
20148,AW00020148,Terry,Nath,M,M,2011-12-01,terry.nath@winds.com,London,35130
20149,AW00020149,Heidi,Arun,M,F,2011-12-01,heidi.arun@fountains.com,Istanbul,25075
20150,AW00020150,Gary,Rubio,M,M,2011-12-01,gary.rubio@winds.com,Jakarta,11272
20151,AW00020151,Jamie,Guo,M,F,2011-12-01,jamie.guo@sticks.com,Paris,50361
20152,AW00020152,Rafael,She,M,M,2011-12-01,rafael.she@hostinger.com,Delhi,26524
20153,AW00020153,Diane,Sanz,M,F,2011-12-01,diane.sanz@winds.com,Seoul,16811
20154,AW00020154,Raul,Luo,S,M,2011-12-02,raul.luo@cappo.com,Rome,36072
20155,AW00020155,Jay,Fernandez,M,M,2011-12-02,jay.fernandez@cappo.com,London,40454
20156,AW00020156,Jay,Madan,S,M,2011-12-02,jay.madan@fountains.com,Delhi,27197
20157,AW00020157,Riley,Reed,M,F,2011-12-02,riley.reed@winds.com,Seoul,15512
20158,AW00020158,Rodney,Blanco,S,M,2011-12-02,rodney.blanco@mouse.com,Seoul,22318
20159,AW00020159,Ernest,Zhu,M,M,2011-12-02,ernest.zhu@circles.com,Berlin,19378
20160,AW00020160,George,Garcia,S,M,2011-12-02,george.garcia@winds.com,Istanbul,21471
20161,AW00020161,Albert,Sanz,S,M,2011-12-03,albert.sanz@hostinger.com,Seoul,17444
20162,AW00020162,Kelsey,Nath,M,F,2011-12-03,kelsey.nath@mouse.com,Istanbul,56116
20163,AW00020163,Krystal,Zhang,M,F,2011-12-03,krystal.zhang@fountains.com,Paris,23915
20164,AW00020164,Carol Ann,Rockne,M,M,2011-12-03,carol ann.rockne@winds.com,Seoul,25808
20165,AW00020165,Kristina,Mehta,M,F,2011-12-03,kristina.mehta@circles.com,Mumbai,38659
20166,AW00020166,Monique,Gutierrez,S,F,2011-12-03,monique.gutierrez@fountains.com,London,17581
20167,AW00020167,Joe,Serrano,S,M,2011-12-03,joe.serrano@papers.com,Moscow,58752
20168,AW00020168,Jessie,Serrano,M,F,2011-12-03,jessie.serrano@fountains.com,Istanbul,12021
20169,AW00020169,Garrett,Gray,S,M,2011-12-03,garrett.gray@hostinger.com,Madrid,52814
20170,AW00020170,Jerome,Martin,M,M,2011-12-03,jerome.martin@nappa.com,Mumbai,56874
20171,AW00020171,Bailey,King,M,F,2011-12-03,bailey.king@sticks.com,Madrid,36607
20172,AW00020172,Kelli,Gao,S,F,2011-12-03,kelli.gao@winds.com,Moscow,48525
20173,AW00020173,Dennis,Zhao,M,M,2011-12-03,dennis.zhao@towels.com,Bangkok,47862
20174,AW00020174,Douglas,Gonzalez,M,M,2011-12-03,douglas.gonzalez@towels.com,Rome,52832
20175,AW00020175,Alisha,Lu,S,F,2011-12-04,alisha.lu@circles.com,Delhi,57483
20176,AW00020176,Antonio,Alexander,S,M,2011-12-04,antonio.alexander@nappa.com,Rome,26237
20177,AW00020177,Kelvin,Li,S,M,2011-12-04,kelvin.li@towels.com,Berlin,14266
20178,AW00020178,Deborah,Anand,S,F,2011-12-04,deborah.anand@winds.com,Mumbai,54616
20179,AW00020179,Denise,Patel,S,F,2011-12-04,denise.patel@papers.com,Seoul,32424
20180,AW00020180,Amanda,Sanders,M,F,2011-12-04,amanda.sanders@nappa.com,Moscow,52195
20181,AW00020181,Catherine,Brooks,M,F,2011-12-04,catherine.brooks@circles.com,Shanghai,24519
20182,AW00020182,Isabelle,Price,M,F,2011-12-04,isabelle.price@fountains.com,Singapore,37720
20183,AW00020183,Sophia,Allen,M,F,2011-12-05,sophia.allen@winds.com,London,25135
20184,AW00020184,Jessica,Richardson,M,F,2011-12-05,jessica.richardson@sticks.com,Paris,47751
20185,AW00020185,Xavier,Cooper,S,M,2011-12-05,xavier.cooper@papers.com,Tokyo,15062
20186,AW00020186,Connor,Li,M,M,2011-12-05,connor.li@mouse.com,Jakarta,46609
20187,AW00020187,Robert,King,M,M,2011-12-05,robert.king@fountains.com,London,26398
20188,AW00020188,Kimberly,Watson,M,F,2011-12-05,kimberly.watson@fountains.com,Mumbai,15314
20189,AW00020189,Grace,Hall,S,F,2011-12-05,grace.hall@cappo.com,Bangkok,21882
20190,AW00020190,Angela,Reed,S,F,2011-12-05,angela.reed@sticks.com,Berlin,45992
20191,AW00020191,Chad,Rai,S,M,2011-12-05,chad.rai@papers.com,Bangkok,19425
20192,AW00020192,Amber,Campbell,S,F,2011-12-05,amber.campbell@hostinger.com,Madrid,18972
20193,AW00020193,Alyssa,Gray,S,F,2011-12-05,alyssa.gray@fountains.com,Delhi,36653
20194,AW00020194,Connor,Campbell,M,M,2011-12-05,connor.campbell@cappo.com,Moscow,29552
20195,AW00020195,Blake,Wilson,M,M,2011-12-05,blake.wilson@circles.com,London,50034
20196,AW00020196,Cameron,Perry,M,M,2011-12-05,cameron.perry@sticks.com,Bangkok,34074
20197,AW00020197,Olivia,Johnson,M,F,2011-12-05,olivia.johnson@fountains.com,Singapore,49348
20198,AW00020198,Sierra,Evans,S,F,2011-12-06,sierra.evans@nappa.com,Delhi,30884
20199,AW00020199,Hailey,Cook,M,F,2011-12-06,hailey.cook@winds.com,Mumbai,14070
20200,AW00020200,Noah,Gonzales,M,M,2011-12-06,noah.gonzales@papers.com,Moscow,33257
20201,AW00020201,Chloe,Harris,M,F,2011-12-06,chloe.harris@fountains.com,Moscow,55376
20202,AW00020202,Alexandra,Jones,M,F,2011-12-06,alexandra.jones@nappa.com,Seoul,36829
20203,AW00020203,Roy,Blanco,M,M,2011-12-06,roy.blanco@papers.com,Moscow,44862
20204,AW00020204,Renee,Carlson,M,F,2011-12-06,renee.carlson@papers.com,Seoul,30998
20205,AW00020205,Bryce,Cox,S,M,2011-12-06,bryce.cox@mouse.com,Paris,14286
20206,AW00020206,Olivia,Murphy,M,F,2011-12-06,olivia.murphy@circles.com,Istanbul,51959
20207,AW00020207,Angel,Bailey,M,M,2011-12-06,angel.bailey@fountains.com,Istanbul,17988
20208,AW00020208,Austin,Hayes,M,M,2011-12-06,austin.hayes@cappo.com,Mumbai,42186
20209,AW00020209,Andrea,Turner,M,F,2011-12-06,andrea.turner@circles.com,Bangkok,24313
20210,AW00020210,Stephanie,Powell,M,F,2011-12-06,stephanie.powell@mouse.com,Moscow,40749
20211,AW00020211,Scott,Rodgers,M,M,2011-12-07,scott.rodgers@nappa.com,London,35330
20212,AW00020212,Krista,Alonso,M,F,2011-12-07,krista.alonso@mouse.com,Singapore,37448
20213,AW00020213,Gina,Dominguez,S,F,2011-12-07,gina.dominguez@cappo.com,Bangkok,49700
20214,AW00020214,Trisha,Liu,S,F,2011-12-07,trisha.liu@sticks.com,Jakarta,34385
20215,AW00020215,Ioannis,Xylaras,S,F,2011-12-07,ioannis.xylaras@sticks.com,Singapore,21641
20216,AW00020216,Shawn,Chander,M,M,2011-12-07,shawn.chander@circles.com,Delhi,12902
20217,AW00020217,Valerie,Wang,M,F,2011-12-07,valerie.wang@mouse.com,Shanghai,58249
20218,AW00020218,Drew,Xie,M,M,2011-12-07,drew.xie@circles.com,Mumbai,15783
20219,AW00020219,Colleen,Harrison,M,F,2011-12-07,colleen.harrison@cappo.com,Seoul,43511
20220,AW00020220,Wendy,Carlson,S,F,2011-12-07,wendy.carlson@towels.com,Shanghai,12408
20221,AW00020221,Kaylee,Sanders,M,F,2011-12-07,kaylee.sanders@towels.com,Mumbai,28874
20222,AW00020222,Melissa,Morgan,M,F,2011-12-08,melissa.morgan@cappo.com,Istanbul,37536
20223,AW00020223,Terrance,Malhotra,M,M,2011-12-08,terrance.malhotra@cappo.com,Bangkok,53998
20224,AW00020224,Lawrence,Gill,M,M,2011-12-08,lawrence.gill@sticks.com,London,31244
20225,AW00020225,Sharon,Rai,S,F,2011-12-08,sharon.rai@circles.com,London,53813
20226,AW00020226,Valerie,She,M,F,2011-12-08,valerie.she@circles.com,Seoul,58215
20227,AW00020227,Louis,Zhang,M,M,2011-12-08,louis.zhang@mouse.com,Delhi,46771
20228,AW00020228,Raymond,Arthur,M,M,2011-12-08,raymond.arthur@circles.com,Tokyo,54340
20229,AW00020229,Austin,Walker,M,M,2011-12-09,austin.walker@sticks.com,Moscow,33963
20230,AW00020230,Gary,Munoz,M,M,2011-12-09,gary.munoz@circles.com,Berlin,22661
20231,AW00020231,Kelvin,Zhou,S,M,2011-12-09,kelvin.zhou@towels.com,London,54133
20232,AW00020232,Franklin,Chande,M,M,2011-12-09,franklin.chande@papers.com,Singapore,20550
20233,AW00020233,Jenny,Raje,S,F,2011-12-09,jenny.raje@cappo.com,London,10205
20234,AW00020234,Gerald,Mehta,S,M,2011-12-09,gerald.mehta@hostinger.com,Moscow,49957
20235,AW00020235,Kenneth,Deng,S,M,2011-12-09,kenneth.deng@towels.com,Seoul,34902
20236,AW00020236,Cesar,Chandra,S,M,2011-12-09,cesar.chandra@mouse.com,Seoul,28336
20237,AW00020237,Hunter,Yang,M,M,2011-12-09,hunter.yang@hostinger.com,Shanghai,25669
20238,AW00020238,Anna,Watson,S,F,2011-12-09,anna.watson@hostinger.com,Paris,39200
20239,AW00020239,Jill,Ortega,M,F,2011-12-10,jill.ortega@hostinger.com,Singapore,11804
20240,AW00020240,Beth,Rubio,M,F,2011-12-10,beth.rubio@hostinger.com,Tokyo,11336
20241,AW00020241,Cesar,Mehta,M,M,2011-12-10,cesar.mehta@papers.com,Bangkok,56430
20242,AW00020242,Christopher,Thomas,M,M,2011-12-10,christopher.thomas@hostinger.com,Madrid,11782
20243,AW00020243,Tamara,Ye,S,F,2011-12-10,tamara.ye@fountains.com,Jakarta,46568
20244,AW00020244,Dawn,Raji,S,F,2011-12-10,dawn.raji@mouse.com,Singapore,47551
20245,AW00020245,Darren,Malhotra,S,M,2011-12-10,darren.malhotra@mouse.com,Delhi,53919
20246,AW00020246,Mindy,Xu,M,F,2011-12-10,mindy.xu@sticks.com,Singapore,24014
20247,AW00020247,Kristina,Lopez,S,F,2011-12-10,kristina.lopez@hostinger.com,Jakarta,43810
